-1281.97,-74.8649,9722.63
-1302.24,-70.0323,9719.08
-1292.51,-7.53001,9707.15
-1351.34,59.9309,9701.95
-1418.23,148.294,9712.07
-1387.64,206.305,9712.56
-1292.92,176.857,9705.06
-1221.83,93.7885,9703.91
-1182.57,47.1467,9692.91
-1172.2,29.7605,9650.54
-1207.43,42.908,9641.36
-1268.66,93.209,9706.08
-1352.54,118.13,9781.96
-1448.95,143.199,9773.32
-1500.05,109.464,9697.51
-1399.6,-11.8322,9660.7
-1225.28,-140.414,9717.05
-1120.27,-189.472,9794.98
-1090.32,-165.597,9785.48
-1095.6,-105.694,9710.8
-1193.43,-66.6647,9626.37
-1228.29,37.8856,9630.14
-1151.32,95.574,9675.66
-1107.32,26.9436,9740.47
-1124.64,-47.1308,9773.85
-1201.83,-55.5589,9754.17
-1269.54,-38.1908,9732.64
-1296.75,-50.747,9770.89
-1346.81,-84.8157,9842.4
-1417.14,-109.743,9836.99
-1417.68,-75.7377,9783.33
-1412.48,-42.6608,9754.47
-1448.09,-64.663,9700.11
-1502.33,-75.9405,9682.99
-1546.56,-94.8787,9720.07
-1560.95,-109.395,9770.69
-1534.3,-83.9859,9783.21
-1494.24,-42.9607,9768.65
-1463.78,-51.6259,9768.06
-1359.83,-66.3456,9729.25
-1239.51,-55.3468,9707.9
-1141.16,-20.9594,9726.76
-1057.01,-4.905,9726.46
-1017.96,-4.90647,9696.47
-979.526,-0.849374,9669.28
-943.02,47.6538,9669.16
-972.813,135.297,9697.47
-1093.86,201.866,9740.72
-1225.86,189.409,9782.72
-1276.98,114.853,9807.68
-1281.3,101.431,9795.83
-1260.31,103.72,9749.33
-1216.62,130.447,9752.33
-1227.57,141.906,9750.98
-1255.48,152.84,9787.49
-1307.66,114.431,9822.21
-1330.39,45.917,9832
-1261.26,-8.36728,9826.44
-1145.03,-58.8412,9796.13
-1076.14,-90.9171,9721.93
-963.391,-73.4412,9629.29
-948.139,-97.7301,9701.69
-955.702,-155.093,9743.62
-970.553,-188.055,9771.93
-991.537,-241,9825.84
-981.313,-278.448,9853.23
-942.69,-269.309,9829.22
-940.579,-228.954,9807.95
-1025.97,-189.968,9819.83
-1144.97,-174.373,9780.78
-1231.49,-164.981,9877.18
-1300.65,-117.387,9960.23
-1443.6,-79.0723,10001.4
-1573.67,-71.3059,10022.9
-1693.87,-122.977,10009
-1781.26,-148.034,10028
-1798.08,-102.869,10026.1
-1748.56,-57.0235,9960.45
-1684.57,-65.2464,9908.46
-1633.82,-31.368,9831.08
-1582.04,-104.547,9768.47
-1514.38,-210.03,9802.74
-1392.92,-399.681,9787.39
-1272.66,-615.479,9756.92
-1124.46,-674.286,9722.77
-1044.3,-634.642,9751.39
-1052.45,-555.396,9862.11
-1084.75,-481.486,10047.3
-1166.27,-349.041,10356.7
-1445.1,196.543,10837.9
-1751.02,329.888,11188.3
-1852.16,52.8653,11001.4
-1753.49,-111.227,10834
-1650.54,20.5373,10724.9
-1616.93,143.97,10699.1
-1666.79,262.528,10720.3
-1719.92,412.632,10701.7
-1783.46,504.696,10609.5
-1923.12,517.009,10537.7
-1938.1,648.651,10606.1
-2078.27,723.738,10639.1
-2057.44,786.187,10638.5
-2043.08,833.001,10653.4
-2061.18,830.125,10804.9
-2160.56,864.183,10969.3
-2265.11,885.756,10956
-2314.6,858.419,10861.6
-2403.71,1087.25,10744
-2565.64,1540.07,10539.6
-2434.47,875.575,10672.4
-2256.68,655.405,11063
-2297.97,603.934,11253.6
-2371.87,785.359,11136.2
-2465.61,1097.7,10852
-2440.59,1290.58,10754.8
-2270.96,1369.12,10821.2
-2061.93,1394.26,10887.5
-1955.14,1386.4,10898.2
-1984.78,1389.77,10889.7
-2002.85,1461.57,10841.3
-1948.63,1410.53,10811.9
-1871.83,1379.87,10711.5
-1835.63,1407.31,10642.3
-1750.18,1407.75,10484.1
-1686.72,1367.18,10304
-1634.23,1341.8,10191.9
-1564.86,1362.6,10151.3
-1477.52,1388.25,10124.5
-1404.52,1378.05,10083.8
-1402.66,1393.91,10059
-1308.04,1383.98,9985.34
-1229.91,1455.15,9922.06
-1166.67,1587.44,9828.3
-1127.5,1542.34,9792.57
-985.773,1583.74,9703.73
-917.623,1706.38,9662.81
-974.626,1774.32,9625.4
-1023.82,1760.13,9530.83
-1001.43,1721.6,9459.52
-993.803,1614.6,9338.31
-1079.9,1516.77,9385.57
-1035.27,1482.82,9317.32
-989.668,1532.69,9236.53
-1107.8,1392.43,9199.44
-1133.61,1278.59,9206.67
-1065.33,1205.38,9145.63
-1032.7,1129.27,9074
-1042.11,1067.92,9083.49
-1022.88,1042.25,9113.75
-1083.76,1030.99,9141.16
-1072.92,1097.04,9145.85
-1020.67,962.906,9079.87
-1085.89,879.327,9065.5
-1066.63,826.576,9021.18
-1036.35,817.078,8994.28
-1023.66,838.776,9017.07
-1025.3,802.398,9057.62
-1046.66,721.942,9060.34
-1071.4,704.785,9018.12
-1034.49,627.911,8992.84
-1012.76,629.659,9004.58
-1154.23,537.329,9135.27
-1204.7,552.385,9212.99
-1271.63,453.625,9216.66
-1313.16,368.155,9232.35
-1374.23,278.621,9255.12
-1386.48,211.777,9283.38
-1346.46,186.268,9345.06
-1403.27,129.84,9380.48
-1468.22,83.6594,9211.6
-1406.84,93.8511,9150.64
-1313.49,-71.7095,9193.01
-1291.45,-144.285,9108.53
-1227.32,-213.073,9099
-1064.93,-272.638,9067.05
-946.02,-399.777,8973.26
-835.786,-515.836,8950.4
-670.159,-573.775,8985.85
-602.435,-687.435,8929.33
-719.751,-796.24,9014.9
-644.734,-931.859,9003.99
-581.653,-990.164,9222.35
-527.994,-1039.17,9329.52
-522.94,-1027.32,9326.49
-609.751,-1026.92,9373.78
-672.7,-1094.41,9464.92
-685.192,-1200.38,9523.91
-731.744,-1266.54,9537.4
-827.932,-1257.3,9561.97
-844.849,-1221.26,9618.36
-747.885,-1162.11,9597.38
-677.033,-1294.71,9501.61
-677.291,-1231.09,9450.23
-618.69,-1262.77,9403.21
-604.282,-1292.27,9319.82
-635.553,-1320.57,9207.88
-635.694,-1405.67,9059.44
-629.239,-1491.59,8929.49
-701.373,-1488.56,8940.56
-727.141,-1555.66,9053.26
-769.778,-1696.07,9031.62
-825.648,-1602.49,9098.48
-908.114,-1657.9,9110.98
-786.549,-1817.33,9079.31
-721.505,-1835.17,9129.98
-732.512,-1786.76,9119.36
-744.916,-1761.45,9152.58
-716.484,-1765.5,9280.74
-696.474,-1805.06,9288.56
-864.494,-1837.72,9345.44
-933.756,-1786.07,9375.84
-947.652,-1781.57,9483.79
-1165.99,-1739.63,9572.67
-1135.35,-1794.85,9664.94
-1249.79,-1736,9678.63
-1350.37,-1760.78,9632.56
-1352.53,-1843.57,9655.8
-1366.14,-1844.61,9704.37
-1406.63,-1833.32,9581.78
-1457.25,-1769.15,9449.94
-1329.65,-1681.36,9502.6
-1279.69,-1706.13,9578.52
-1284.31,-1825.61,9473.93
-1256.09,-1992.8,9409.67
-1134.12,-2092.02,9463.88
-1162.92,-2088.62,9516.74
-1221.82,-2099.59,9515.22
-1184.98,-2172.96,9523.13
-1239.04,-2210.59,9557.84
-1210.96,-2252.96,9506.35
-1265.13,-2264.07,9457.84
-1282.89,-2096.22,9464.45
-1301.53,-2126.04,9377.83
-1238.9,-2005.55,9346.23
-1289.47,-1991.37,9299.43
-1355.87,-2010.53,9312.18
-1394.29,-1973.04,9362.42
-1415.54,-1935.67,9379.96
-1412.77,-1953.62,9408.75
-1551.69,-1970.64,9471.43
-1557.14,-1893.08,9329.31
-1671.17,-2012.6,9356.05
-1712.32,-2045.52,9469.74
-1716.67,-2203.34,9507.51
-1661.21,-2271.65,9462.56
-1603.1,-2338.58,9410.49
-1527.77,-2384.37,9377.94
-1429.33,-2355.84,9358.69
-1332.42,-2364.22,9340.22
-1121.92,-2380.52,9252.06
-1176.26,-2259.89,9187.73
-996.279,-2216.2,9082.57
-1103.13,-2170.78,9168.76
-1159.37,-2138.25,9146.52
-1151.59,-2110.76,9196.73
-1131.55,-2056.21,9262.32
-1192.98,-2035.84,9253.14
-1312.73,-1999.89,9271.87
-1337.66,-1843.79,9427.25
-1298.49,-1865.6,9488.79
-1378.56,-1859.79,9546.2
-1445.23,-1875.08,9658.61
-1385.79,-1905.78,9571.34
-1488.67,-1950.95,9590.52
-1500.39,-2000.54,9658.39
-1413.89,-2026.46,9689.69
-1413.78,-2025.02,9691.04
-1487.29,-2044.61,9695.05
-1445.82,-2108.94,9698.99
-1431.79,-2109.95,9702.4
-1409.27,-2098.12,9588.42
-1328.84,-2163.02,9596.73
-1248.26,-2126.08,9488.99
-1280.76,-2068.53,9471.9
-1233.52,-2026.3,9445.06
-1182.96,-2046.78,9402.33
-1122.71,-2086.28,9336.47
-1063.46,-2113.4,9277.21
-1109.81,-2168.34,9287.52
-1069.79,-2199.25,9258.73
-1067.98,-2254.47,9181.86
-1103.38,-2159.37,9153.76
-1057.56,-2146.62,9149.91
-944.523,-2088.58,9154.81
-1057.23,-2047.84,9201.19
-1237.04,-2014.07,9283.07
-1321.01,-1962.62,9330.96
-1337.01,-1902.35,9354.35
-1379.25,-1844.78,9451.92
-1535.78,-1780.56,9556.68
-1756.22,-1791.99,9519.46
-1727.14,-1852.53,9602.51
-1856.09,-1836.85,9676.07
-1928.94,-1833.54,9725.97
-1999.37,-1833.92,9812.15
-1993.36,-1845.74,9882.17
-1925.58,-1816.59,9906.34
-1868.34,-1733.38,9939.57
-1796.35,-1682.89,10007.1
-1655.35,-1674.4,9991.48
-1467.98,-1640.4,9969.23
-1399.39,-1672.98,9957.4
-1201.86,-1638.53,9876.98
-987.623,-1675.83,9828.56
-853.444,-1776.57,9811.94
-786.333,-1871.62,9824.05
-708.075,-1914.09,9831.94
-573.153,-1937.66,9777.89
-425.295,-1996.65,9665.35
-361.203,-2034.95,9618.89
-446.384,-2083.75,9609.78
-386.631,-1973.32,9579.81
-583.452,-1980.85,9575.59
-786.322,-1842.91,9608.99
-875.953,-1589.55,9661.71
-972.18,-1404.38,9756.08
-1163.56,-1302.83,9893.33
-1390.38,-1226.52,9994.21
-1535.77,-1199.96,9974.68
-1562.61,-1192.68,9916.93
-1577.35,-1274.48,9954.47
-1691.33,-1240.02,9975.01
-1802.35,-1145.03,10019.8
-1927.01,-1148.13,10060.2
-1970.43,-1156.88,10068.9
-1934.12,-1150.49,10078.8
-1876.05,-1208.51,10063
-1821.78,-1322.09,10006.8
-1752.74,-1357.7,9963.16
-1673.13,-1311.69,9908.9
-1580.93,-1238.94,9819.75
-1500.84,-1105.21,9828.28
-1370.44,-918.263,9744.13
-1243.88,-732.286,9672.53
-1098.72,-544.695,9618.9
-1017.66,-396.441,9583.33
-992.338,-284.374,9566.43
-984.411,-165.208,9612.3
-1014.53,-31.2573,9747.55
-1032.27,56.8432,9824.99
-1149.69,-14.1304,9847.53
-1246.07,-31.2372,9942.22
-1379.56,-201.305,10007.6
-1462.17,-495.359,10038.3
-1517.7,-748.861,10038.4
-1532.85,-945.539,10045.8
-1544.49,-1121.04,10055
-1578.46,-1275.39,10015.5
-1562.29,-1416.95,9910.11
-1438.31,-1617.4,9806.14
-1403.98,-1736.22,9735.04
-1340.59,-1862.63,9639.39
-1205.75,-1896.71,9617.97
-1112.91,-1846.68,9576.6
-1002.02,-1715.1,9526.75
-908.463,-1509.19,9421.35
-867.906,-1235.55,9251.52
-890.492,-862.847,9083.16
-959.363,-386.156,8981.37
-983.237,39.9982,8939.68
-1059.8,414.077,9002.4
-1226.65,640.978,9050.52
-1366.73,707.846,8990.55
-1409.16,675.187,9027.27
-1373.05,523.857,9063.03
-1362.12,290.985,9139.01
-1392.5,55.364,9244.65
-1401.33,-133.743,9329.27
-1395.51,-272.584,9424.2
-1496.63,-347.189,9553.41
-1619.8,-398.004,9577.02
-1493.34,-471.473,9527.61
-1400.84,-492.922,9515.02
-1310.95,-485.916,9537.53
-1114.52,-552.301,9567.67
-881.002,-643.734,9560.31
-702.512,-648.725,9527.1
-547.978,-537.116,9478.54
-356.193,-371.371,9386.72
-249.45,-169.992,9300.76
-248.462,107.338,9352.75
-324.516,440.532,9472.16
-437.201,683.112,9460.49
-522.781,843.581,9452.67
-607.486,980.173,9506.51
-671.931,1096.53,9569.6
-751.505,1133.55,9659.79
-878.84,1071.2,9795.25
-982.762,975.377,9891.94
-978.357,896.324,9902.23
-1015.05,846.872,9897.63
-1098.7,789.045,9895.59
-1123.34,695.703,9962.51
-1054.18,662.731,10047.8
-1020.95,600.528,10075.8
-982.764,555.761,10033.1
-856.544,556.807,9971.63
-649.847,558.621,9920.18
-417.178,519.405,9841.7
-143.566,446.218,9729.87
49.5135,399.511,9703.77
217.802,346.312,9675.8
355.701,202.092,9530.74
390.372,130.833,9383.04
306.991,199.125,9321.94
118.89,414.319,9326.89
-99.9528,725.946,9342.78
-282.143,1044.25,9354.1
-431.213,1293.43,9387.21
-572.878,1465.43,9447.58
-732.485,1572.34,9464.38
-840.748,1602.79,9525.05
-886.273,1677.25,9579.3
-925.94,1696.93,9631.93
-964.273,1677.49,9683.6
-1029.05,1661.47,9757.25
-1107.32,1652.91,9810.11
-1170.56,1629,9789.39
-1218.48,1568.34,9736.97
-1248.31,1451.64,9740.16
-1309,1337.69,9663.84
-1311.02,1170.56,9606.78
-1314.07,1000.04,9597.01
-1277.66,859.702,9523.18
-1121.54,777.404,9462.11
-922.322,743.739,9440.29
-756.414,778.045,9408.73
-612.41,877.338,9315.57
-455.434,1012.85,9191.55
-329.176,1245.52,9157.96
-326.94,1465.88,9225.85
-352.802,1728.49,9358.66
-392.746,2044.34,9530.92
-508.606,2284.52,9657.62
-695.835,2415.11,9709.82
-845.21,2420.81,9679.85
-883.33,2323.67,9635.46
-827.052,2169.4,9631.55
-739.544,2010.05,9634.53
-676.276,1912.9,9611.19
-657.943,1870.5,9540.84
-715.633,1792.84,9469.8
-722.702,1735.85,9361.17
-721.149,1670.42,9268.42
-737.606,1588.28,9227.52
-779.169,1510.45,9262.53
-794.421,1501.74,9293.71
-775.706,1558.75,9277.68
-761.858,1599.31,9273.47
-661.069,1651.77,9250.6
-551.353,1724.32,9337
-541.594,1842.59,9320.45
-571.321,2010.92,9188.96
-613.885,2115.87,9092.23
-681.367,2227.21,9109.62
-745.649,2363.53,9203.33
-833.096,2464.61,9310.73
-991.183,2513.26,9380.14
-1174.72,2571.32,9387.84
-1250.12,2619,9377.56
-1268.45,2512.7,9338.58
-1283.13,2340.7,9391.95
-1315.06,2254.83,9453.87
-1328.69,2172.64,9421.86
-1252.27,2088.66,9360.54
-1125.83,2068.69,9328.7
-1043.06,2090.51,9331
-1010.24,2119.48,9358.89
-930.197,2180.75,9419.84
-776.68,2218.36,9495.7
-654.989,2215.34,9520.89
-552.5,2271.15,9613.25
-363.978,2369.88,9602.6
-227.971,2344.81,9683.25
-118.637,2371.52,9749.54
-73.5277,2390.77,9825.26
-121.953,2361.01,9897.84
-193.928,2323.98,9955.95
-196.713,2295.65,10047.9
-199.529,2269.24,10099.3
-267.075,2135.83,10052.5
-415.699,2033.95,9962.48
-501.638,1997.61,9911.45
-587.463,1923.96,9881.02
-701.18,1883.05,9914.69
-771.665,1883.6,9932.77
-832.108,1904.84,9975.35
-927.909,1929.13,10043.9
-1027.03,1946.86,10023.5
-1182.97,1975.68,10036.7
-1243.69,2040.56,10011.5
-1431.31,1988.79,10150.1
-1467.3,1931.34,10181.7
-1610.58,1936.83,10286.6
-1740.26,1920.98,10387
-1854.31,1894.1,10435.5
-1985.64,1885.44,10507
-2080.46,1882.18,10630.1
-2065.13,1847.96,10705.5
-2007.61,1761.26,10708
-1956.89,1639.01,10653.7
-1765.22,1623.98,10600.9
-1611.53,1629.83,10546.9
-1604.97,1604.26,10498.9
-1514.23,1574.06,10448
-1275.09,1632.92,10369.1
-1046.63,1691.87,10317.4
-909.576,1672.67,10313.5
-760.956,1664.21,10307.3
-643.135,1642.39,10365.3
-650.433,1676.83,10353.3
-615.707,1675.4,10289.8
-655.629,1687.09,10209.1
-647.432,1627.21,10189.9
-602.37,1610.46,10153.7
-586.695,1601.65,10173
-609.426,1595.58,10151.6
-618.329,1633.24,10059
-598.469,1703.48,10060.8
-624.597,1772.58,10028.2
-579.649,1827.78,10043.5
-653.984,1844.65,10172.6
-814.477,1807.38,10193.4
-835.353,1792.27,10229.7
-796.036,1759.86,10169.4
-768.467,1726.31,10121.9
-787.187,1701.99,10113.5
-842.951,1716.38,10075.3
-884.392,1771.63,10010.3
-875.175,1709.13,9949.92
-836.299,1733.49,9959.92
-818.353,1734.81,9895.6
-798.394,1846.42,9741.39
-813.849,1844.92,9716.12
-765.207,1900.07,9697.26
-723.981,1976.96,9715.62
-697.27,2052.38,9716.16
-650.066,2098.67,9660.54
-607.63,2082.19,9640.42
-536.008,2201,9599.46
-429.157,2246.54,9526.57
-435.865,2242.71,9519.48
-383.332,2164.91,9482.71
-385.702,2228.48,9433.83
-415.476,2243.48,9379.65
-460.524,2288.64,9369.8
-468.103,2334.51,9358.24
-458.88,2357.2,9329.54
-487.506,2451.13,9350.38
-390.716,2430.62,9326.23
-499.181,2406.5,9276.88
-699.281,2411.71,9267.17
-827.322,2358.47,9323.76
-883.819,2357.22,9227.35
-942.657,2320.42,9219.65
-983.928,2359.38,9248.93
-1007.24,2392.86,9197.84
-1068.9,2356.32,9128.41
-1179.96,2378.22,9143.72
-1227.58,2344.03,9111.76
-1239.35,2401.82,9224.19
-1315.02,2376.35,9196.14
-1399.94,2254.9,9238.98
-1356.7,2302.54,9229.64
-1330.25,2291.65,9322.36
-1341.9,2236.64,9383.97
-1387.87,2184.66,9385.86
-1484.43,2096.88,9385.06
-1590.09,1969.41,9351.67
-1602.9,1911.06,9329.7
-1675.36,1919.25,9252.07
-1647.77,1851.15,9344.26
-1664.56,1911.99,9229.86
-1721.41,1869.45,9236.28
-1675.22,1887.16,9150.92
-1610.48,1913.52,9080.93
-1647.41,1898.05,9093.3
-1739,1882.24,9111.78
-1773.25,1910.25,9098.64
-1846,1991.16,9093.5
-1898.88,2019.65,9217.18
-2000.7,1958.15,9167.81
-2000.29,1971.64,9268.27
-2049.06,1908.94,9261.96
-2148.11,1906.19,9297.4
-2210.38,1952.41,9333.84
-2289.14,1925.3,9401.15
-2379.1,1857.69,9503.58
-2350.75,1878.43,9533.25
-2349.69,1827.21,9580.79
-2379.45,1970.97,9496.49
-2311.44,1994,9273.34
-2299.54,2031,9311.58
-2248.31,1929.5,9290.91
-2255.42,1956.72,9306.8
-2288.73,1987.46,9246.47
-2266.69,2050.78,9184.16
-2213.52,2181.67,9202.25
-2202.25,2235.35,9141.93
-2148.09,2373.77,9005.9
-2171.12,2324.92,9074.63
-1991.78,2487.19,9111.64
-1928.99,2549.5,9051.65
-2019.99,2689.06,9035.19
-2060.07,2880.53,9143.48
-2127.83,3025.3,9271.33
-2264.41,3146.11,9315.61
-2356.21,3202.48,9341.8
-2425.76,3107.56,9466.55
-2780.59,3135.24,9554.19
-2804.15,3095.84,9469.88
-2975.16,3042.7,9541.16
-3019.51,2970.7,9565.71
-3020.24,3023.33,9536.57
-3037.48,3080.41,9502.45
-3141.59,3017.55,9518.61
-3203.19,2977.76,9509.35
-3176.94,3038.39,9399.61
-3222.6,3061.55,9287.51
-3247.05,3156.94,9299.08
-3324.98,3061.03,9090.39
-3231.2,3084.72,9046.26
-3307.05,3179.42,8939.25
-3330.92,3196.52,8845.83
-3294.76,3234.75,8792.73
-3332.66,3297.52,8807.23
-3469.77,3330.49,8872.13
-3637.17,3288.54,8905.79
-3827.53,3191.49,8898.46
-4072.97,3154.35,9048.33
-4111.42,3119.15,9154.04
-4192.42,2957.49,9223.35
-4299.1,2894.53,9188.81
-4373.9,2851.05,9205.14
-4312.88,2804.5,9234.76
-4236.59,2818.63,9223.22
-4176.26,2795.4,9158.57
-4040.81,2731.36,9022.9
-3838.56,2780.58,8847.74
-3730.54,2758.31,8823.37
-3592.4,2863.27,8686.35
-3463.2,2728.83,8712
-3155.76,2706.21,8660.67
-2798.12,2702.96,8671.07
-2607.13,2727.9,8713.49
-2523.34,2728.63,8815.73
-2477.01,2688.53,8968.53
-2485.49,2628.84,9123.36
-2564.32,2547.4,9255.42
-2685.69,2430.58,9359.17
-2737.57,2298.62,9473.47
-2798.22,2025.47,9567.01
-2890.07,1905.03,9731.56
-2912.37,1800.17,9737.69
-2927.01,1727.66,9717.59
-2967.27,1707.92,9667.31
-2937.87,1702.24,9453.9
-2801,1690.79,9207.78
-2667.1,1687.11,9175.11
-2561.36,1627.13,8970.4
-2514.62,1611.87,8707.35
-2484.79,1764.25,8609.09
-2430.81,1930.89,8504.07
-2430.79,1992.71,8519.99
-2498.3,2024.35,8627.5
-2598.68,1984.56,8698.5
-2708.8,1845.62,8749.49
-2820.18,1651,8866.23
-2917.42,1467.8,9013.8
-2987.36,1329.03,9109.84
-3026.07,1042.96,9377.31
-3111.57,982.304,9538.13
-3148.57,800.369,9644.04
-3244.82,646.909,9603.47
-3214.73,603.154,9667.15
-3076.72,583.373,9656.61
-2892.35,697.778,9534.65
-2716.07,920.988,9402.65
-2589.37,1013.7,9234.54
-2431.02,1230.77,9067.26
-2346.77,1416.81,8964.09
-2327.5,1505.48,8818.38
-2355.75,1504.31,8843.44
-2529.91,1434.51,8981.75
-2744.69,1315.49,9124.01
-3045.45,1097.46,9303.55
-3322.24,794.402,9467.9
-3429.69,538.294,9546.78
-3411.2,430.528,9623
-3307.99,342.526,9812.53
-3045.82,216.613,9970.59
-2872.78,148.174,9982.03
-2659.38,-18.1778,10038.3
-2386.42,-79.4607,10033.4
-2157.24,-79.9181,9976.87
-1971.97,-53.2549,9920.75
-1760.93,-39.4865,9825.64
-1537.14,-5.53127,9687.31
-1393.55,138.955,9587.63
-1311.81,317.233,9476.05
-1366.94,458.158,9424.15
-1460.96,637.439,9323.28
-1526.09,717.21,9314.12
-1709.53,781.511,9291.46
-1976.88,828.594,9342.69
-2278.73,835.407,9493.63
-2545.96,737.889,9676.24
-2787.91,519.957,9845.32
-3043.6,274.252,9994.94
-3143.5,85.9777,10042.1
-3178.02,-102.368,10156
-3059.13,-364.716,10358.7
-2901.97,-567.259,10512.9
-2654.06,-678.59,10562.7
-2423.31,-900.031,10603.4
-2201.17,-1100.64,10588
-1964.86,-1223.61,10490.6
-1722.47,-1276.08,10370.7
-1481.72,-1177.05,10283.5
-1247.86,-978.182,10210.9
-985.898,-788.662,10157.6
-851.099,-745.552,10033.1
-782.019,-557.12,9839.09
-719.923,-418.452,9684.69
-695.122,-291.516,9601.56
-705.455,-142.824,9620.75
-809.845,-26.6072,9713.12
-1057.45,-5.59979,9805.29
-1374.81,-63.0835,9868.59
-1641.65,-140.661,9960.4
-1900.44,-236.406,10075.5
-1971,-367.54,10205.3
-2078.3,-532.279,10262.7
-2141.77,-705.152,10302.9
-2174.74,-849.902,10315.1
-2193.91,-978.671,10289.7
-2181.71,-1127.34,10204.9
-2121.98,-1239.88,10095.6
-2016.3,-1201.48,10036.8
-1850.83,-1073.27,9961.3
-1719.76,-961.308,9753.18
-1614.73,-801.42,9576.7
-1450.94,-669.945,9429.71
-1395.23,-571.796,9325.11
-1358.07,-453.972,9254.58
-1259.02,-262.592,9219.18
-1211.17,-43.8306,9257.28
-1263.61,94.5541,9370.5
-1279.17,132.398,9467.51
-1294.63,191.423,9465.98
-1310.51,147.309,9514.56
-1306.78,53.4867,9551.86
-1210.6,-90.5808,9647.79
-1097.57,-275.258,9734.05
-1043.13,-404.397,9819.53
-985.313,-490.22,9922.05
-913.9,-589.708,10012.4
-874.488,-722.935,10070.2
-842.078,-838.074,10112.2
-731.294,-840.117,10118.3
-670.284,-780.78,10133.7
-531.235,-741.751,10077
-445.311,-749.197,10056.3
-388.868,-726.763,10148.1
-372.717,-656.321,10162.2
-427.833,-578.714,10071.5
-487.72,-542.474,10008.5
-507.866,-560.654,10037.2
-554.328,-587.241,10067.1
-630.575,-538.263,10059.4
-694.527,-458.873,10081
-795.728,-422.138,10170.2
-876.515,-476.362,10242.8
-886.481,-566.044,10296.8
-853.815,-641.812,10392.7
-809.461,-713.378,10497.9
-788.808,-769.142,10563.7
-793.503,-803.358,10587.2
-784.241,-841.372,10597.2
-750.555,-843.856,10603.1
-665.552,-702.359,10561.1
-613.501,-715.815,10608.8
-627.023,-720.271,10624.2
-602.476,-587.53,10536.3
-520.824,-519.174,10469.2
-430.205,-520.54,10431.6
-375.028,-492.869,10362.8
-343.969,-412.252,10275.7
-297.621,-346.562,10235.6
-246.933,-328.327,10183.8
-185.727,-352.301,10137.4
-124.015,-362.567,10185.2
-172.556,-429.043,10216.7
-212.679,-469.306,10183.4
-194.051,-489.201,10132.9
-134.811,-499.282,10112
-69.604,-509.87,10105.1
1.61527,-528.908,10088.2
88.6459,-543.638,10092.2
137.002,-523.724,10147.4
158.993,-539.819,10119.5
141.116,-475.306,10081.5
33.0546,-385.029,10081.4
-56.4274,-372.691,10021.6
-63.7038,-386.906,9970.48
-53.897,-366.235,9940.86
-91.4271,-322.712,9909.5
-157.032,-308.719,9870.79
-203.205,-324.633,9829.49
-263.965,-286.582,9753.99
-350.399,-184.775,9634.83
-431.992,-160.929,9714.38
-544.801,-123.661,9749.25
-610.866,-144.175,9724.7
-666.07,-174.773,9730.77
-698.625,-173.799,9707.68
-713.42,-165.989,9663.68
-714.98,-146.353,9655.83
-695.372,-69.3719,9672.57
-705.433,-16.5712,9706.11
-678.249,-4.36222,9754.4
-650.834,41.0667,9754.3
-571.658,23.7581,9739.6
-531.391,3.96078,9751.67
-531.925,66.476,9741.04
-528.24,102.687,9721.58
-533.09,84.2695,9747.1
-548.512,48.8905,9807.19
-528.216,-18.9248,9812.34
-511.709,-81.8031,9737.62
-504.426,-57.8298,9719.04
-578.763,-72.8906,9769.22
-618.059,-104.783,9780.84
-604.359,-214.841,9786.25
-647.426,-324.634,9791.63
-694.321,-387.75,9802.15
-703.72,-428.322,9830.12
-701.517,-461.02,9847.1
-721.052,-464.896,9829.15
-795.058,-475.12,9887.24
-907.422,-482.338,9972.41
-948.345,-459.956,9925.35
-967.611,-403.594,9908.88
-995.771,-392.144,9925.55
-1068.29,-402.429,9884.17
-1132.66,-375.239,9812.46
-1182.47,-321.404,9774.09
-1249.64,-296.815,9774.99
-1295.59,-299.221,9765.08
-1232.29,-251.03,9713.04
-1275.84,-231.282,9653.8
-1391.35,-241.463,9693.36
-1393.08,-192.874,9644.51
-1444.1,-218.56,9654.75
-1499.55,-229.723,9716.61
-1547.76,-268.597,9781.5
-1610.31,-315.254,9831.04
-1704.74,-288.367,9872.75
-1797.35,-200.583,9882.86
-1785.73,-158.449,9807.83
-1752.28,-135.023,9857.59
-1757.12,-89.9254,9869.59
-1787.74,-73.263,9879.01
-1814.9,0.796688,9959.15
-1816.81,20.4072,10004.9
-1830.65,6.10172,9996.31
-1803.75,49.84,9998.38
-1726.62,147.455,10007.6
-1678.53,212.05,9960.38
-1561.83,252.604,9936.78
-1442.92,92.3365,9816.7
-1415.61,101.029,9807.69
-1442.82,109.495,9832.98
-1417.31,55.4939,9746.72
-1415.71,30.0418,9670.67
-1413.57,2.37006,9639.95
-1370.75,-60.2709,9616.47
-1356.97,-84.8103,9615.19
-1467.15,-14.2247,9690.35
-1601.78,0.0398712,9780.8
-1759.81,58.5787,9914.69
-1903.96,102.584,9888.32
-2053.31,190.347,9910.12
-2132.6,321.846,9905.02
-2191.11,310.84,9875.68
-2222.98,282.675,9802.31
-2174.51,269.245,9732.97
-2083.07,205.174,9744.25
-2061.75,134.206,9791.51
-2058.42,113.556,9698.02
-1977.15,156.55,9654.55
-1925.27,180.712,9570.93
-1885.83,150.7,9524.56
-1790.19,97.0095,9433.75
-1741.46,68.3504,9452.7
-1668.96,131.19,9441.17
-1546.85,220.335,9399.79
-1482.68,259.468,9434.71
-1534.91,279.251,9487.53
-1548.85,283.636,9456.51
-1608.93,352.355,9442.73
-1581.74,408.957,9606.7
-1574.48,387.414,9562.48
-1631,401.67,9593.83
-1713.88,403.319,9582.97
-1756.42,405.13,9610.56
-1735.84,419.961,9666.97
-1669.62,423.85,9696.11
-1623.44,424.279,9742.16
-1718.75,487.759,9771.83
-1739.96,354.863,9800.47
-1724.26,337.556,9880.12
-1694.56,342.255,9796.57
-1616.47,355.561,9758.65
-1495.45,296.026,9629.72
-1417.47,273.225,9532.45
-1352.92,303.435,9492.35
-1265.98,310.738,9427.67
-1203.58,282.066,9356.33
-1119.32,244.227,9326.56
-1215.93,290.294,9287.51
-1245.05,326.008,9215.18
-1197.54,353.622,9183.43
-1208.02,436.698,9172.61
-1210.42,478.507,9145.57
-1330.7,524.966,9207.4
-1542.2,569.474,9282.08
-1702.29,610.978,9284.51
-1812.96,688.997,9338.36
-1981.46,655.592,9488.1
-2100.6,544.505,9575.59
-2227.4,506,9521.55
-2393.53,445.225,9617.47
-2431.36,430.168,9701.03
-2492.27,374.933,9658.04
-2538.07,388.989,9627.59
-2531.12,459.275,9672
-2493.98,552.575,9703.76
-2418.28,692.211,9692.57
-2284.63,642.498,9756.78
-2210.34,526.686,9675.28
-2079.87,567.851,9610.17
-2076.73,584.889,9607.69
-2039.62,573.571,9643.14
-1953.58,610.154,9616.75
-1982.31,568.682,9559.41
-2028.67,471.746,9490.71
-1960.01,429.775,9420.71
-1907.06,401.604,9388
-1948.03,311.465,9382.45
-2023.29,384.494,9511.32
-1973.97,383.889,9479.16
-1967.84,386.764,9412.07
-2020.78,328.685,9395.01
-2089.84,395.745,9394.71
-2134.55,474.431,9448.47
-2129.31,494.039,9451.38
-2123.96,507.221,9410.31
-2187.42,533.483,9513.49
-2222.09,542.426,9606.35
-2203.99,478.292,9668.86
-2333.47,633.727,9717.12
-2430.74,513.214,9779.3
-2407.03,497.676,9914.22
-2366.74,520.589,9877.54
-2319.7,432.262,9870.12
-2239.66,354.631,9883
-2167.56,393.126,9833.53
-2168.99,420.392,9851.73
-2176.45,466.652,9841.52
-2076.78,543.327,9807.78
-2224.72,554.012,9873.87
-2319.63,581.579,9789.37
-2281.78,575.608,9741.44
-2312.48,558.697,9741.6
-2404.46,583.847,9680.64
-2492.39,630.33,9647.54
-2520.59,665.159,9699.09
-2507.51,707.302,9695.6
-2664.08,737.65,9700.34
-2776.8,699.272,9777.59
-2673.9,776.62,9769.28
-2628.18,724.178,9688.24
-2749.74,795.664,9825.45
-2742.84,790.169,9892.67
-2727.32,785.455,9873.74
-2762.85,806.912,9870.15
-2765.94,782.885,9895.59
-2761.13,761.178,9893.26
-2835.64,866.701,9860.14
-2769.96,866.701,9866.64
-2667.19,869.598,9964.25
-2602.83,970.561,9851.51
-2682.04,990.336,9810.02
-2664.9,1018.47,9783.29
-2601.52,1038.15,9768.98
-2574.9,1120.25,9732.07
-2588.03,1205.26,9701.84
-2637.35,1129,9777.15
-2698.5,1190.38,9829.79
-2714.33,1208.29,9765.58
-2708.18,1236.57,9716.79
-2804.33,1230.58,9718.64
-2758.72,1205.28,9719.13
-2816.16,1272.97,9699.24
-2849.03,1309.97,9676.77
-2842.29,1286.29,9601.73
-2857.45,1329.68,9458.17
-2820.79,1456.53,9364.23
-2788.57,1447.67,9397.78
-2745.51,1575.91,9266.98
-2660.73,1537.34,9278.62
-2679.76,1635.72,9224.76
-2651,1706.17,9119.29
-2622.61,1800.87,9093.58
-2662.72,1870.35,9145.96
-2716.75,1922.49,9135.73
-2726.91,1985.36,9086.08
-2742.65,2027.15,9163.05
-2766.17,2070.58,9187.96
-2604.97,2080.09,9219.07
-2783.7,2099.6,9130.85
-2672.53,2134.72,9242.46
-2535.28,2158.67,9225.75
-2484.37,2171.81,9181
-2423.98,2189.26,9229.95
-2367.69,2226.07,9233.49
-2326.05,2233.76,9109.9
-2211.63,2178.44,9045.01
-2142.1,2226.77,9064.14
-2135.96,2321.28,8978.97
-1994.15,2377.33,9042.97
-2005.37,2409.14,9059.71
-1981.08,2447.53,9124.63
-1895.61,2456.88,9191.57
-1853.81,2436.67,9219.39
-1833.81,2443.76,9213.3
-1805.3,2473.65,9196.12
-1819.76,2459.47,9195.26
-1782.66,2451.17,9255.62
-1849.29,2323.27,9286.91
-1726.59,2442.75,9294.51
-1792.43,2417,9289.49
-1804.54,2335.4,9338.15
-1738.83,2322.47,9364.55
-1732.46,2326.38,9363.82
-1738.94,2307.14,9422
-1693.08,2270.18,9500.87
-1690.6,2194.4,9443.53
-1692.32,2073.01,9356.09
-1567.35,2018.48,9423.58
-1613.37,1993.89,9440.01
-1624.84,1881.88,9542.3
-1656.06,1959.35,9689.43
-1700.01,1926.72,9706.11
-1762.65,1845.21,9712.46
-1792.19,1821.51,9743.97
-1759.96,1796.89,9769.39
-1711.2,1719.83,9843.06
-1638.15,1731.3,9911.41
-1575.74,1771.59,9831.31
-1620.86,1751.77,9933.2
-1573.12,1729.96,9940.68
-1466.82,1696.41,9926.32
-1437.98,1700.96,9910.37
-1382.42,1707.37,9963.77
-1314.8,1697.44,10002.4
-1301.99,1684.5,9983.41
-1287.11,1667.28,9986.61
-1283.41,1638.2,9874.15
-1301.69,1554.77,9868.49
-1282.1,1561.67,9827.57
-1278.41,1564.56,9798.05
-1322.67,1607.05,9792.9
-1383.46,1638.78,9755
-1355.56,1616.29,9763.28
-1312.41,1618.27,9786.11
-1336.3,1674.44,9760.61
-1363.67,1684.82,9748.12
-1420.9,1681.96,9783.74
-1380.3,1761.65,9801.22
-1363.22,1718.79,9764.72
-1335.7,1732.08,9796.44
-1376.61,1786.6,9803.81
-1344.57,1764.5,9791.27
-1278.88,1746.62,9767.61
-1275.97,1755.95,9788.97
-1310.49,1766.83,9832.67
-1266.76,1797.52,9775.39
-1163.63,1802.41,9667.01
-1194.98,1883.08,9748.41
-1253.43,2029.22,9815.37
-1228.19,2048.7,9761.2
-1231.44,2020.07,9748.17
-1284.81,2048.04,9727.86
-1335.43,2047.42,9678.02
-1358.78,2041.71,9654.47
-1357.5,2109.24,9672.14
-1343.07,2211.5,9671.92
-1371.51,2305.73,9676.69
-1396.1,2377.1,9690.24
-1421.78,2411.09,9665.57
-1416.43,2472.25,9657.34
-1367.01,2560.5,9715.97
-1310.17,2554.34,9707.48
-1186.63,2575.37,9656.2
-1042.22,2653.88,9619.65
-904.324,2708.96,9580.62
-695.124,2734.75,9505.29
-499.976,2778.42,9446.18
-389.924,2803.43,9364.05
-207.282,2932.08,9318.71
-78.9004,3032.9,9240.42
-44.5298,3059.2,9079.53
-65.5219,3112.65,9026.93
-91.5443,3165.62,9025.7
-187.489,3178.15,9004.37
-416.633,3155.45,8991.29
-739.759,3113.35,9045.62
-1126.32,3059.27,9208.01
-1382.88,2955.87,9434.31
-1575.36,2806.5,9541.01
-1770.91,2656.2,9643.84
-1974.62,2516.35,9847.89
-2107.96,2477.85,10019.2
-2132.54,2407.28,10108.9
-2091.64,2271.12,10130.5
-2001.96,2169.77,10132.9
-1814.86,2131.84,10155.2
-1564.34,2072.45,10132.4
-1327.09,2056.5,10056.5
-1117.79,2103.42,10014.2
-917.806,2108.9,9979.38
-683.825,2077.37,9893.11
-545.535,2058.13,9851.97
-479.456,2056.04,9878.66
-414.383,2040.59,9901.03
-354.692,2001.68,9868.81
-346.348,1961.59,9830.46
-356.793,1921.48,9852
-393.801,1897.85,9887.21
-483.893,1817.88,9963.96
-708.665,1739.02,10085.1
-1094.86,1662.18,10148.5
-1453.59,1525.88,10067.4
-1710.6,1412.56,9972.42
-1912.35,1380.93,9970.8
-2068.07,1356.49,10010.4
-2131.66,1272.72,9998.43
-2171.9,1280.41,9989.6
-2123.54,1332.43,9990.3
-1995.59,1409.79,10021.8
-1840.34,1446.51,10084.9
-1613.72,1395.95,10063.9
-1411.89,1351.71,9994.6
-1245.8,1324.65,9956.43
-1079.76,1255.96,9923.33
-917.445,1170.85,9821.36
-818.355,1146.72,9693.28
-830.362,1054.56,9711.64
-930.121,832.097,9814.32
-1217.31,611.252,9859.95
-1550.25,412.975,9901.66
-1838.82,204.623,9869.44
-2120.12,5.27111,9839.88
-2397.36,-199.61,9873.15
-2617.65,-345.181,9926.32
-2745.19,-351.804,9961.81
-2812.89,-252.022,10012
-2863.74,-146.658,10044.4
-2821.05,-11.2847,9995.75
-2668.9,121.139,9912.81
-2423.6,214.619,9812.72
-2198.26,308.23,9828.41
-2000.79,377.312,9869.26
-1798.4,378.032,9865.19
-1607.82,344.629,9799.25
-1447.33,331.264,9690.16
-1302.5,306.927,9555.75
-1204.89,195.385,9370.53
-1102.58,102.719,9125.47
-1058.08,125.533,9027.45
-995.608,205.982,9004.57
-894.027,295.119,8976.13
-889.059,381.82,8955.96
-945.304,406.28,8898.76
-995.673,338.523,8815.02
-1039.72,236.418,8738.54
-1083.69,166.991,8675.33
-1069.4,63.5094,8685.07
-1076.93,-101.052,8745.03
-1282.17,-255.528,8857.03
-1532.34,-353.386,8987.55
-1762.44,-434.475,9154.7
-2005.56,-496.408,9299.7
-2206.68,-591.302,9384.44
-2326.17,-721.795,9428.03
-2360.02,-833.437,9464.4
-2320.09,-910.83,9491.89
-2272.19,-1021,9477.9
-2221.64,-1109.32,9377.74
-2127.14,-1162.36,9400.9
-2077.64,-1233.01,9350.37
-2026.45,-1297.64,9272.7
-1931.11,-1333.47,9197.24
-1888.86,-1376.55,9099.24
-1957.07,-1429.13,9063.47
-2084.79,-1471.72,9171.25
-2196.68,-1524.96,9337.74
-2307.8,-1626.17,9419.84
-2606.16,-1733.62,9398.19
-2805.74,-1795.32,9409.59
-3006.95,-1875.75,9572.45
-3199.63,-2102.56,9682.78
-3302.64,-2283.34,9796.21
-3299.31,-2333.25,9909.81
-3226.23,-2348.84,10017.9
-3115.98,-2389.25,10104.3
-2963.31,-2384.38,10117.2
-2744.08,-2357.12,10046.5
-2467.35,-2325.1,9888.25
-2249.56,-2243.75,9744.53
-2056.37,-2191.84,9688.08
-1917.16,-2127.68,9558.44
-1836.43,-2056.63,9439.35
-1749,-1984.22,9363.9
-1699.2,-1934.23,9283.96
-1681.99,-1892.8,9216.15
-1573.68,-1818.07,9219.7
-1459.64,-1764.75,9174.3
-1436.52,-1714.39,9208.13
-1428.14,-1691.2,9258.3
-1460.58,-1692.46,9237.79
-1471.12,-1714.32,9352.13
-1451.89,-1732.23,9477.78
-1475.35,-1758.73,9580.15
-1586.97,-1796.62,9697.27
-1726.58,-1829.87,9814.97
-1832.46,-1855.03,9876.89
-2019.06,-1891.36,9926.34
-2200.22,-1918.65,9968.02
-2158.32,-1933.03,9951.77
-2124.04,-1974.69,9886.85
-2183.71,-1983.89,9776.48
-2208.75,-2030.1,9726.17
-2135.76,-2078.34,9682.89
-2025.13,-2140.52,9555.99
-1934.83,-2238.54,9425.59
-1864.82,-2302.94,9427
-1867.37,-2274.92,9371.43
-1881.84,-2270.59,9223.35
-1785.23,-2166.7,9063.44
-1710.84,-1983.36,9092.16
-1621.06,-1861.93,9198.14
-1519.75,-1774.53,9307.39
-1474.37,-1771.82,9384.61
-1468.6,-1803.95,9462.02
-1432,-1771.75,9546.47
-1367.28,-1703.72,9592.12
-1374.16,-1726.04,9636.46
-1550.54,-1797.11,9683.29
-1644.18,-1773.5,9688.93
-1789.79,-1909.95,9751.75
-1834.9,-1879.14,9834.8
-1855.89,-1861.43,9861.42
-1913.15,-1924.72,9830.06
-1913.85,-1964.7,9804.59
-1832.44,-1951.94,9803.39
-1808.28,-1998.97,9767.89
-1834.36,-2070.27,9699.74
-1871.09,-2012.27,9715.7
-1864.53,-2076.3,9699.38
-1870.67,-2205.48,9625.32
-1890.93,-2186.58,9645.29
-1835.12,-2111.81,9668.04
-1844.61,-2012.58,9728.7
-1834.22,-1898.8,9777.36
-1714.92,-1829.47,9787.43
-1648.9,-1827.97,9818.61
-1609.81,-1764.38,9743.42
-1473.34,-1756.8,9758.19
-1395.55,-1637.2,9805.26
-1259.8,-1637.75,9815.91
-1218.12,-1591.51,9821.81
-1141.1,-1633.16,9786.45
-1056.45,-1720.73,9747.3
-1031.56,-1773.85,9696.81
-1029.59,-1799.14,9636.85
-971.99,-1844.99,9612.41
-911.541,-1899.72,9553.8
-858.815,-1922.12,9433.53
-928.652,-1834.25,9435.15
-913.097,-1817.66,9348.18
-904.431,-1889.34,9282.75
-1007.42,-1876.18,9289.68
-1113.94,-1776.6,9361.51
-1206.05,-1713.66,9399.74
-1295.91,-1731.57,9451.45
-1331.72,-1764.93,9627.01
-1420.66,-1821.07,9614.91
-1542.29,-1760.01,9608.7
-1541.9,-1737.5,9613.76
-1570.08,-1688.85,9618.16
-1537.59,-1675.28,9661.88
-1481.8,-1619.65,9636.29
-1402.42,-1590.67,9514.07
-1395.46,-1538.81,9416.83
-1422.28,-1423.11,9391.89
-1326.02,-1346.59,9335.04
-1338.7,-1274.37,9269.69
-1309.27,-1143.02,9175.92
-1310.54,-1182.06,9180.32
-1252.23,-1211.5,9150.42
-1098.7,-1353.63,9112.1
-949.452,-1459.5,9165.41
-943.216,-1595.25,9247.72
-1046.04,-1716.02,9357.88
-1135.75,-1806.06,9521.4
-1196.53,-1951.57,9643.87
-1290.02,-1932.4,9618.25
-1273.37,-1970.95,9623.03
-1234.96,-2057.23,9498.37
-1274.54,-2011.11,9470.24
-1278.68,-2041.07,9475.65
-1259.09,-2067.68,9467.55
-1278.76,-2103.26,9482.02
-1362.56,-2110.44,9421.93
-1420.14,-2128.12,9291.24
-1387.19,-2198.76,9277.75
-1456.11,-1978.62,9286.57
-1422.06,-1862.93,9272.06
-1496.6,-1751.7,9239.01
-1553.62,-1674.57,9327.52
-1652.38,-1678.57,9395.08
-1711.62,-1691.72,9435.49
-1698.7,-1783.52,9462.08
-1626.49,-1874.49,9482.29
-1602.7,-1892.25,9530.55
-1710.63,-1926.82,9606.82
-1728.26,-1928.38,9580.52
-1612.9,-1916.27,9665.91
-1580.7,-1802.07,9647.61
-1546.85,-1855.11,9658.63
-1483.87,-1831.04,9621.48
-1427.49,-1876.86,9563.97
-1449.91,-1926.52,9565.05
-1519.71,-1945.2,9612.4
-1537.02,-1926.58,9613.44
-1465.92,-1858.68,9555.96
-1383.8,-1936.09,9593.58
-1429.58,-2109.11,9632.65
-1618.73,-2265.51,9480.17
-1538.16,-2339.59,9647.48
-1480.38,-2342.24,9646.9
-1493.73,-2448.89,9631.17
-1568.64,-2514.09,9678.58
-1620.83,-2515.93,9673.32
-1636.48,-2576.41,9576.63
-1675.08,-2648.29,9520.42
-1616.58,-2540.71,9491.04
-1590.09,-2674.92,9405.55
-1653.85,-2633.82,9447.25
-1745.22,-2678.42,9433.19
-1763.39,-2607.44,9478.53
-1805.22,-2594.5,9454.15
-1877.13,-2655.24,9416.31
-1947.06,-2723.64,9380.25
-1985.84,-2745.34,9320.04
-1991.25,-2740.88,9288.65
-2022.87,-2845.99,9314.18
-2001.69,-2898.46,9242.76
-2009.6,-2989.54,9315.29
-1980.66,-2874.09,9342.72
-1987.03,-2786.16,9533.26
-2019.98,-2738.27,9555.92
-2096.37,-2773.83,9583.24
-2221.91,-2827.55,9647.35
-2369.4,-2887.49,9663.91
-2466.98,-3032.5,9735.77
-2417.26,-3094.28,9847.14
-2382.1,-3163.78,9796.55
-2535.02,-3236.79,9578.34
-2546.25,-3215.74,9575.05
-2502.04,-3214.57,9556.71
-2411.07,-3264.05,9470.44
-2381.6,-3254.28,9387.19
-2406.07,-3148.59,9403.41
-2345.57,-3057.41,9409.77
-2159.61,-3059.12,9292.76
-2055.77,-2997.61,9439.27
-2037.35,-2871.94,9370.51
-2006.02,-2977.13,9423.35
-2008.6,-2964.57,9386.67
-1962.66,-3161.73,9374.92
-1999.74,-3167.46,9331.88
-2026.78,-3216.06,9327.73
-2005.21,-3428.52,9326.84
-1918.46,-3574.23,9254.26
-1750,-3586.18,9155.16
-1733.64,-3815.97,9064.28
-1663.7,-3880.79,8881.98
-1559.32,-3893.88,8744.38
-1603.23,-3828.3,8684.61
-1705.21,-3690.96,8619.02
-1768.83,-3412.92,8582.41
-1795.41,-3094.22,8652.18
-1875.81,-2735.01,8769.72
-2028.06,-2354.06,8842.52
-2126.95,-2124.85,8910.96
-2104.03,-2078.76,9047.73
-2172.17,-2033.22,9022.7
-2206.44,-2165.65,9084.65
-2074.66,-2294.01,9234.33
-1983.15,-2461.91,9348.18
-2015.49,-2638.86,9439.05
-2027.52,-2739.94,9556.21
-1961.45,-2769.81,9685.35
-1889.08,-2821.01,9738.7
-1841.51,-2956.92,9657.62
-1750.22,-3154.83,9536.46
-1613.19,-3474.67,9518.13
-1474.44,-3752.34,9374.14
-1421.06,-3910.65,9161.89
-1360.14,-3864.89,8989.96
-1291.32,-3664.22,8902.39
-1244.38,-3301.14,8915.87
-1272.5,-2723.05,8981.03
-1363.97,-2023.59,9027.95
-1413.88,-1420.72,9043.59
-1358.2,-927.571,9076.46
-1216.29,-591.206,9172.25
-1291.88,-254.752,9315.59
-1338.06,-144.175,9460.81
-1318.85,-268.398,9595.99
-1366.88,-377.112,9710.75
-1447.67,-468.792,9823.13
-1523.3,-613.802,9947.8
-1582.38,-771.927,10091.2
-1596.34,-904.322,10228.7
-1591.79,-1168.97,10278.7
-1593.8,-1346.28,10337.2
-1556.1,-1605.34,10304.3
-1440.97,-1880.18,10184.4
-1212.24,-2107.75,10088.1
-1017.25,-2318.66,9916.07
-862.481,-2444.82,9764.03
-719.398,-2417.13,9670.49
-626.259,-2222.06,9589.58
-630.898,-1880.38,9530.23
-674.012,-1410.86,9522.18
-743.479,-745.852,9449.6
-877.315,-147.041,9450.65
-904.121,405.598,9440.54
-894.18,807.675,9456.88
-900.264,1066.2,9458.86
-902.478,1159.12,9463.45
-914.354,1126.93,9447.5
-954.567,1025.84,9429.02
-1000.54,862.56,9471.33
-1047.21,665.545,9458.31
-996.264,427.217,9369.19
-964.866,172.769,9390.62
-945.025,-9.16123,9334.04
-906.429,-174.449,9373.07
-801.018,-321.057,9405.84
-688.339,-447.518,9362.75
-593.956,-522.659,9292.35
-511.497,-552.008,9241.26
-466.085,-573.052,9205.6
-471.193,-483.905,9264.22
-532.561,-108.058,9409.68
-575.079,364.14,9457.91
-624.581,843.718,9436.4
-693.188,1256.64,9443.26
-676.129,1609.11,9447.44
-667.816,1860.16,9392.86
-704.864,1969.79,9320.49
-717.226,1936.58,9241.46
-683.655,1815.45,9126.09
-693.683,1708.58,9144.92
-814.963,1550.44,9209.75
-907.017,1414.44,9149.02
-975.256,1358.6,9053.9
-963.984,1307.27,8936.25
-856.682,1182,8766.32
-675.667,1039.22,8663.25
-503.589,881.608,8657.61
-383.276,691.555,8656.87
-274.863,501.331,8614.69
-183.214,295.507,8621.11
-114.543,236.883,8693.37
-68.4344,345.353,8795.87
-101.96,591.589,8936.14
-177.168,980.778,9053.04
-323.46,1400.07,9196.03
-463.972,1807.54,9312.19
-566.251,2196,9409.27
-635.188,2561.62,9487.43
-692.87,2854.93,9488.79
-870.499,2931.28,9495.99
-1072.03,2849.89,9517.76
-1114.36,2752.36,9549.22
-1148.48,2580.61,9535.63
-1206.76,2415.03,9546.14
-1264.65,2230.65,9499.39
-1301.67,2052.95,9471
-1282.33,1932.68,9456.05
-1201.84,1827.92,9400.53
-1101.49,1658.88,9367.65
-983.494,1532.64,9450.8
-846.292,1423.94,9483.98
-682.042,1442.59,9431.01
-544.081,1534.49,9495.04
-459.795,1622.18,9591.5
-393.221,1691.39,9678.52
-283.915,1780.8,9705.7
-151.839,1912.7,9712.94
-51.5207,2065.53,9730.27
33.868,2202.18,9715.76
162.415,2306.12,9706.33
167.594,2341.48,9647.54
76.8204,2333.83,9638.49
-120.551,2352.32,9683.45
-278.097,2333.08,9710.05
-406.651,2251.09,9702.43
-538.424,2156.68,9657.45
-635.607,2056.36,9580.09
-652.515,1937.84,9495.3
-609.049,1847.13,9434.2
-540.663,1838.53,9391.28
-456.213,1837.36,9345.58
-322.999,1836.94,9320.97
-261.337,1851.87,9313.24
-213.55,1883.01,9326.85
-176.484,1928.93,9344.43
-172.558,1987.2,9367.48
-179.631,2092.22,9449.26
-179.191,2224.66,9583.68
-188.052,2302.84,9676.8
-176.325,2365.46,9727.26
-144.082,2476.16,9779.21
-234.109,2677.4,9790.77
-432.026,2897.74,9849.06
-614.441,3065.84,9887.82
-718.528,3144.22,9874.75
-765.099,3160.49,9823.33
-812.269,3108.36,9783.89
-907.79,2972.02,9779.44
-1053.57,2809.75,9780.99
-1196.28,2735.16,9779.44
-1313.19,2758.7,9806.84
-1381.68,2743.01,9856.47
-1379.03,2683.94,9880
-1337.43,2653.15,9866.57
-1288.07,2637.1,9872.05
-1299.61,2650.13,9934.08
-1385.65,2707.45,10033.8
-1465.64,2795.88,10109.9
-1454.3,2891.28,10131.3
-1407.4,3001.07,10154.8
-1468.25,3158.95,10141.5
-1484.37,3294.55,10146.7
-1465.85,3355,10169.6
-1487.82,3369.63,10184.1
-1544.53,3335.44,10191.6
-1570.37,3316.22,10192.1
-1535.93,3325.69,10154.8
-1474.67,3298.24,10087.9
-1407.23,3216.72,10066.5
-1272.18,3223.82,10111.7
-1142.41,3290.5,10112.2
-1130.13,3341.68,10090.9
-1001.78,3324.45,10116.3
-846.137,3247.57,10144.2
-795.322,3236.51,10197.5
-837.782,3223.13,10274
-883.105,3147.71,10330.9
-918.592,3051.14,10347.8
-993.966,2964.11,10348.6
-1028.79,2824.6,10323.4
-1057.09,2774.57,10256.3
-1120.86,2742.27,10246.8
-1164,2699.38,10220.9
-1243.78,2707.19,10266.9
-1318.49,2717.03,10321.7
-1419.04,2653.1,10307
-1581.64,2545.02,10259.6
-1745.94,2448.29,10221.2
-1819.67,2360.44,10153.8
-1867.55,2310.4,10081.7
-1899.46,2268.84,10022.8
-1884.69,2168.05,9899.11
-1833.39,2134.83,9797.06
-1726.15,2110.86,9766.79
-1619.82,2107.28,9764.09
-1549.97,2093.04,9730.42
-1487.97,2095,9664.24
-1406.09,2112.32,9576.89
-1336.77,2080.38,9492.7
-1316.32,2058.93,9517.2
-1277.14,2065.58,9459.82
-1203.68,2078.93,9413.84
-1214.4,2075.23,9418.92
-1233.65,2090.21,9399.79
-1276.8,2085.08,9383.39
-1307.18,2073.6,9373.64
-1298.96,2101.49,9381.19
-1328.2,2145.15,9421.45
-1453.37,2136.75,9472.37
-1477.49,2133.73,9475.94
-1406.86,2131.88,9473.96
-1407.98,2075.93,9499.43
-1441.28,1992.22,9451.17
-1522.67,1907.46,9418.62
-1576.69,1851.55,9424.56
-1606.92,1803.96,9406.02
-1604.12,1800.07,9367.32
-1565.72,1845.85,9359.54
-1500.24,1857.47,9375.68
-1339.2,1830.84,9362.44
-1276.42,1855.67,9339.18
-1177.56,1826.61,9307.68
-1147.36,1801.2,9264.53
-1083.7,1766.67,9233.25
-1070.87,1766.69,9243.27
-1102.24,1770.86,9228.65
-1142.72,1740.41,9194.49
-1141.35,1729.4,9151.2
-1103.92,1804.69,9086.46
-1216.35,1852.55,9146.58
-1271.51,1964.69,9232.96
-1239.89,1957.38,9205.06
-1220.03,2020.92,9257.72
-1256.83,2044.72,9266.15
-1283.23,2043.36,9256.47
-1301.24,2050.8,9277.15
-1377.55,2053.51,9340.33
-1511,2022.17,9388.07
-1625.09,1962.42,9384.29
-1737.75,1892.85,9452.79
-1764.32,1771.26,9475.04
-1776.44,1719.37,9501.24
-1866.53,1751.34,9524.52
-1936.66,1763.11,9621.45
-2021.65,1716.59,9645.33
-2038.34,1605.06,9639.32
-2056.7,1498.1,9628.6
-2110.84,1443.96,9602.25
-2094.75,1418.05,9613.51
-2147.3,1442.51,9688.88
-2124.97,1462.71,9642.08
-2180.69,1417.31,9584.89
-2247.88,1459.61,9538.29
-2194.69,1483.1,9553.54
-2156.78,1488.02,9538.26
-2157.11,1519.08,9469.26
-2149.23,1542.5,9386.46
-2119.36,1540.08,9352.01
-2106.66,1567.03,9386.08
-2148.14,1598.38,9416.24
-2224.01,1674.69,9500.3
-2342.33,1618.37,9460.23
-2426.68,1675.56,9505.23
-2487.17,1693.47,9535.58
-2551.13,1691.27,9516.66
-2596.41,1671.2,9475.66
-2602.1,1672.73,9490.28
-2588.4,1775.6,9566.1
-2605.37,1968.25,9600.34
-2687.83,2048.29,9561.95
-2820.23,2011.05,9580.97
-2853.93,2130.95,9569.73
-2940.47,2081.52,9557.58
-3011.93,2126.98,9598.8
-3072.85,2189.73,9588.61
-3090.36,2287.05,9561.06
-3067.93,2422.98,9529.75
-3034.78,2540.38,9492.03
-2983.22,2589.06,9465.69
-2900.05,2573.43,9385.76
-2965.62,2604.64,9358.33
-2936.48,2662.74,9212.47
-2879.45,2795.17,9070.13
-2931.94,2898.69,9022.58
-3068.82,3005.13,8971.17
-3227.38,3104.9,8977.16
-3375.98,3225.82,8935.69
-3515.77,3319.08,8819.12
-3658.1,3322.47,8821.88
-3804.39,3474.34,8844.99
-3870.18,3541.32,8880.39
-4117.55,3344.06,8919.29
-4314.36,3256.06,8919.3
-4363.1,3188.85,9002.04
-4297.59,3015.77,9104.83
-4236.38,2803.89,9200.19
-4131.1,2646.19,9288.03
-3941.21,2556.96,9366.04
-3796.06,2490.05,9425.33
-3713.92,2411.75,9453.58
-3534.45,2509.14,9457.1
-3380.61,2567.59,9389.63
-3309.77,2609.67,9349.75
-3235.88,2663.49,9312.25
-3175.41,2712.99,9187.89
-3115.41,2740.28,9092.44
-3022.29,2813.94,9063.82
-2955.87,2935.5,9037.61
-2989.98,3020.84,8967.18
-2969.9,3156.39,8828.13
-3057.12,3132.44,8878.1
-3350.16,3193.06,8998.39
-3632.19,3079.06,9071.5
-3867.36,2963.81,9145.6
-4142.73,2686.53,9165.6
-4343.26,2440.34,9224.19
-4469.49,2222.02,9364.75
-4588.36,2028.13,9537.61
-4642.73,1981.3,9660.88
-4571.38,1746.82,9648.41
-4410.66,1754.29,9740.02
-4289.83,1908.21,9648.81
-4222.34,1957.79,9599.39
-3965.81,1842.83,9363.12
-3746.89,1816.74,9302.28
-3532.28,1756.04,9269.06
-3403.01,1719.8,9143.68
-3383.26,1809.79,8964.07
-3256.96,1911.85,8780.01
-3042.82,2082.53,8750.34
-2891.27,2182.7,8595.28
-2781.15,2412.88,8525.17
-2815.21,2489.17,8565.6
-2877.05,2519.61,8637.54
-2988.65,2486.54,8723.33
-3084.07,2386.56,8800.03
-3192.56,2189.47,8900.56
-3330.58,1940.02,9096.86
-3438.31,1702.17,9344.53
-3609.08,1313.38,9423.76
-3652.41,1074.65,9656.04
-3905.94,752.865,9750.68
-3950.76,571.538,9834.37
-3849.75,430.516,9916.54
-3774.76,259.553,9993
-3655.09,150.268,10028.7
-3476.59,183.684,9999.4
-3286.51,293.429,9863.71
-3082.14,381.647,9611.89
-2928.15,561.134,9394.11
-2858.7,833.086,9165.08
-2634.05,1096.43,9086.87
-2425.83,1256.77,8879.09
-2403.27,1477.53,8765.54
-2405.68,1691.4,8693.19
-2474.74,1733.44,8707.41
-2591.77,1580.48,8843.74
-2799.87,1319.56,9045.5
-3172.01,984.847,9196.93
-3343.16,540.178,9233.84
-3558.66,42.7551,9457.93
-3423.18,-136.932,9653.43
-3369.12,-263.495,9747.67
-3202.57,-457.351,9813.93
-2953.92,-569.561,9814.95
-2803.71,-634.249,9679.85
-2649.67,-687.679,9599.75
-2372.47,-726.077,9563.3
-2132.84,-714.633,9325.73
-2002.21,-511.151,9290.29
-1890.06,-329.409,9179.24
-1784.82,-134.458,9086.73
-1726.68,197.852,8907.17
-1722.34,476.495,8830.93
-1704.23,634.3,8870.96
-1807.01,725.828,8919.41
-2058.53,677.208,8992.33
-2308.44,506.861,9089.76
-2493.13,405.031,9160.89
-2810.39,247.047,9410.22
-3052.09,-179.826,9610.35
-3185.72,-493.419,9728.58
-3312.33,-833.98,9897.07
-3396.95,-1188.29,9974.52
-3389.44,-1445.86,10007.1
-3219.6,-1661.65,10018
-2968.48,-1741.02,9997.83
-2711,-1649.14,9930.67
-2434.12,-1529.98,9826.21
-2272,-1270.63,9741.25
-2064.43,-1066.4,9661.23
-1829.03,-911.224,9565.94
-1676.09,-636.399,9497.4
-1544.31,-391.592,9410.46
-1480.03,-107.382,9365.43
-1391.72,130.475,9301.39
-1307.67,229.333,9261.66
-1309.34,202.13,9286.59
-1386.5,83.2096,9314.76
-1565.1,-191.813,9421.96
-1793.33,-535.902,9578.19
-1808.35,-865.286,9635.59
-1828.57,-1150.94,9788.8
-1928.89,-1303.23,10021.5
-1915.56,-1444.45,10230.9
-1816.23,-1561.24,10272.3
-1627.29,-1627.51,10228.9
-1414.57,-1624.72,10203.2
-1280.64,-1549.76,10158.4
-953.09,-1510.26,10195
-815.509,-1361.98,10142.1
-780.04,-1211.15,10047.1
-572.154,-1083.59,9883.83
-494.839,-983.651,9725.78
-401.15,-1005.86,9738.97
-429.63,-1147.59,9707.99
-511.966,-1272.37,9592.78
-574.357,-1310.96,9551.53
-742.7,-1364.26,9589.87
-832.167,-1491.7,9554.17
-953.95,-1629.88,9578.44
-1076.13,-1785.8,9650.38
-1179.34,-1856.9,9768.07
-1244.16,-1907.93,9826.38
-1242.83,-1938.74,9866.23
-1165.94,-1996.48,9876.07
-1046.1,-2003.54,9814.66
-901.379,-1929.28,9764.97
-738.396,-1868.25,9820.2
-651.145,-1738.69,9742.5
-624.803,-1684.28,9625.03
-558.432,-1609.83,9548.23
-560.378,-1462.64,9553.85
-471.732,-1360.96,9551.33
-373.918,-1253.23,9570.08
-338.522,-1158.23,9576.36
-283.934,-1152.01,9557.29
-261.218,-1214.82,9546.1
-403.731,-1242.3,9568.67
-372.067,-1266.89,9612.91
-407.762,-1227.31,9657.47
-327.068,-1225.41,9704.12
-277.656,-1276.75,9789.75
-225.272,-1325.72,9872.9
-159.553,-1248.15,9923.75
-121.189,-1264.36,9987.53
-75.8281,-1363.99,10041.5
-37.5506,-1370.86,10075
-85.0248,-1302.6,10130
-92.7796,-1255.76,10135.8
-118.256,-1173.27,10270.2
-102.781,-1174.95,10312.2
-125.113,-1155.76,10295.8
-123.214,-1187.37,10193.9
-159.21,-1243.72,10143.8
-174.663,-1290.54,10139.8
-141.67,-1298.21,10150.3
-95.6425,-1266.41,10147.2
-54.3203,-1273.62,10103.4
-11.6899,-1422.16,10075.7
-44.8933,-1339.26,10062.2
-64.9207,-1319.89,10117.8
-58.4271,-1250.31,10187.1
-114.956,-1252.27,10246.8
-130.394,-1210.28,10268.3
-138.186,-1142.72,10300
-160.869,-1073.12,10341.2
-157.35,-1002.15,10370
-124.947,-944.638,10413.9
-151.748,-872.571,10469.5
-204.433,-793.927,10369.1
-218.78,-738.949,10397
-226.059,-776.505,10394.8
-187.992,-727.393,10335.5
-218.851,-684.586,10258.7
-300.261,-689.809,10245.8
-386.495,-677.983,10268.6
-458.837,-576.237,10251.4
-508.857,-450.593,10188.3
-551.279,-499.84,10101.6
-587.344,-502.823,10020.4
-541.149,-479.778,10070.8
-438.038,-468.317,10080.1
-416.529,-489.998,10045.1
-420.645,-487.901,10020.7
-501.717,-381.916,10046.1
-612.073,-244.831,10112.1
-622.478,-168.551,10182.8
-552.731,-133.342,10229.4
-623.296,-173.171,10235.2
-715.273,-346.961,10206.8
-773.773,-464.945,10256.4
-744.593,-499.57,10303.1
-791.268,-555.501,10230.2
-878.364,-592.168,10188.1
-876.358,-675.762,10195.3
-805.999,-815.209,10225.8
-767.013,-925.119,10219.7
-776.383,-972.735,10125.4
-809.578,-1075.59,10078.3
-794.096,-1221.82,10138.6
-863.973,-1143.61,10057.2
-913.434,-1015.83,10047
-897.256,-904.207,10052.5
-865.414,-809.485,10011.5
-809.521,-729.604,9990.89
-744.585,-692.945,9967.41
-708.298,-710.058,9900.59
-704.117,-756.048,9839.46
-707.114,-833.52,9767.76
-692.991,-876.74,9728.13
-736.64,-911.071,9735.34
-723.842,-911.815,9682.4
-632.996,-908.835,9665.03
-653.464,-910.54,9654.06
-706.776,-926.782,9671.97
-721.707,-924.221,9721.68
-739.761,-834.868,9771.84
-803.829,-647.166,9814.04
-899.266,-473.432,9881.84
-973.133,-307.927,9958.5
-998.542,-373.801,9990.14
-1052.86,-457.948,9975.99
-1151.35,-454.144,9988.33
-1252.12,-403.702,10010.2
-1350.72,-376.988,10020.8
-1417.19,-365.059,10022.9
-1404.8,-359.223,9979.44
-1336.73,-411.747,9854.1
-1331.66,-514.421,9781.59
-1360.65,-602.965,9835.75
-1357.07,-680.1,9772.92
-1420.8,-673.784,9705
-1455.33,-754.005,9663.92
-1473.69,-855.385,9641.27
-1468.28,-892.191,9623.99
-1446.56,-914.169,9639.7
-1431.4,-972.705,9689.2
-1431.27,-1004.63,9711.83
-1438.4,-981.164,9699.67
-1410.85,-911.722,9747.62
-1418.24,-841.036,9735.33
-1372.78,-818.068,9688.42
-1353.12,-830.63,9694.03
-1439.05,-796.317,9722.81
-1553.86,-675.145,9741.92
-1637.83,-554.839,9733.3
-1688.07,-487.059,9705.24
-1693.43,-396.591,9677.99
-1648.22,-286.116,9643.95
-1646.16,-216.653,9649.4
-1699.1,-210.188,9638.96
-1738.26,-209.411,9560.42
-1790.28,-164.083,9458.64
-1878.15,-156.995,9429.73
-1940.14,-225.886,9428.04
-1958.07,-293.327,9400.94
-1940.27,-276.202,9374.16
-1877.04,-208.113,9384.95
-1818.46,-191.416,9380.13
-1815.48,-200.731,9360.18
-1732.13,-124.242,9322.55
-1713.56,-111.635,9349.29
-1756.71,-93.8063,9377
-1811.65,-68.0277,9373.9
-1923.08,-45.9484,9417.91
-2062.29,18.8297,9501.89
-2120.03,114.334,9535.07
-2085.72,154.14,9483.55
-2139.37,194.618,9419.71
-2230.59,207.678,9428.67
-2330.72,242.161,9468.38
-2459.88,281.765,9490.35
-2540.17,310.039,9542.4
-2612,342.495,9581.81
-2722.1,442.965,9562.6
-2815.09,624.513,9521.4
-2852.55,807.059,9529.53
-2888.02,879.668,9585.37
-2910.31,821.207,9587.46
-2931.94,768.984,9455.79
-2902.58,775.874,9398.2
-2905.8,772.854,9433.26
-2942.38,749.721,9423.45
-3009.4,752.499,9422.01
-3004.69,754.082,9399.76
-2927.54,766.941,9378.99
-2863.4,771.348,9392.13
-2844.21,692.486,9392.04
-2834.61,605.798,9350.06
-2806.9,581.898,9288.79
-2823.72,650.437,9251.22
-2791.7,703.348,9225.93
-2766.13,746.666,9241.35
-2760.51,791.651,9261.54
-2776.59,899.397,9367.53
-2838.28,1039.82,9519.54
-2929.69,1148.55,9605.79
-2978.61,1242.55,9644.57
-2972.18,1352.68,9748.96
-2940.97,1349.02,9786.69
-2952.41,1258.51,9822.03
-2998.24,1211.37,9873.79
-3002.61,1185.43,9901.81
-2972.78,1143.99,9971.14
-2939.55,1132.56,9959.91
-2894.32,1133.41,9872.01
-2803.83,1096.39,9816.57
-2673.49,1034.91,9806
-2576.75,987.892,9780.82
-2569.97,1002.68,9692.55
-2440.14,939.619,9638.47
-2319.26,971.794,9654.83
-2193.31,874.768,9596.92
-2122.62,785.838,9500.18
-2075.77,705.672,9422.25
-2038.21,662.978,9374.11
-2040.39,711.716,9364.61
-2082.63,787.948,9407.36
-2098.97,770.721,9428.97
-2100.67,868.36,9374.37
-2120.1,983.358,9370.87
-2148.01,1075.66,9391.97
-2170.87,1132.95,9452.08
-2175.15,1250.74,9527.88
-2222.43,1393.88,9579.7
-2263.37,1517.2,9628.43
-2256.15,1616.99,9646.94
-2246.95,1688.41,9588.17
-2149.15,1711.97,9620.35
-2022.86,1684.36,9572.85
-1931.23,1644.28,9479.28
-1853.65,1619.23,9503.87
-1818.95,1590.81,9587.21
-1728.13,1519.76,9560.79
-1586.12,1459.03,9532.64
-1520.32,1423.83,9545.84
-1536.95,1375.95,9533.74
-1491.68,1296.76,9493.08
-1432.33,1206.16,9479.5
-1307.32,1133.69,9497.78
-1245.76,1146.68,9510.75
-1319.06,1171.12,9473.59
-1371.34,1158.11,9480.39
-1437.52,1187.53,9481.98
-1514.85,1225.78,9491.35
-1557.18,1251.26,9520.19
-1553.15,1262.29,9507.92
-1583.56,1259.63,9419.17
-1755.56,1313.58,9398.27
-1882.07,1285.1,9382.16
-1873.25,1337.57,9376.34
-1948.32,1405.29,9384.66
-2066.71,1410.79,9381.24
-2116.67,1491.88,9428.89
-2111.48,1516.38,9521.28
-2089.13,1434.74,9525.17
-2083.53,1347.7,9467.31
-2115.06,1326.65,9518.71
-2121.75,1349.98,9486.11
-2117.43,1210.45,9426.44
-2120.03,1231.41,9384.1
-2059.33,1311.4,9397.3
-1976.86,1282.13,9350.06
-1960.37,1206.65,9372.31
-1969.2,1201.12,9360.11
-1944.06,1245.37,9280.52
-1892.98,1292.39,9255.65
-1872.97,1373.29,9332.8
-1918.92,1455.42,9352.37
-2007.13,1547.44,9421.25
-2034.37,1571.11,9368.44
-2118.98,1683.33,9305.5
-2206.63,1688.01,9308.48
-2343.1,1767.31,9332.18
-2402.72,1761.86,9375.17
-2431.47,1718.67,9413.5
-2519.78,1775.27,9443.7
-2588.5,1856.8,9510.35
-2606.96,1961.74,9574.57
-2565.57,2002.06,9506.31
-2653.54,2002.23,9378.11
-2569.57,1886.83,9471.22
-2616.71,1893.02,9444.29
-2661.54,1870.71,9386.38
-2644.67,1914.46,9359.84
-2631.34,1972.44,9333.27
-2653.14,1960.45,9301.95
-2626.6,1966.16,9275.83
-2521.52,1949.08,9150.3
-2690.27,1923.7,9263.44
-2523.56,1981.15,9225.73
-2640.35,1903.66,9322.78
-2698.65,1889.84,9265.76
-2702.14,1910.2,9273.5
-2720.14,1963.86,9324.88
-2722.84,1984.29,9390.34
-2676.75,1931.39,9428.51
-2662.1,1876.56,9373.39
-2736.57,1853.91,9404.82
-2577.55,1917,9490.39
-2586.37,1865.62,9471.9
-2680.36,1864.91,9373.37
-2623.03,1839.6,9347.05
-2654.63,1839.04,9417.53
-2596.9,1823.15,9424.59
-2520.77,1777.14,9371.9
-2519.06,1783.83,9371.65
-2414.86,1881.94,9390.71
-2358.48,1887.86,9299.05
-2223.55,1855.85,9298.39
-2249.5,1825.29,9367.24
-2222.54,1902.36,9336.42
-2206.81,1820.76,9352.42
-2175.9,1843.93,9419.04
-2160.73,1935.22,9438.7
-2098.82,1965.95,9414.83
-2027.14,1935.67,9430.86
-2038.28,1930.96,9473.44
-1847.07,1968.24,9412.5
-1893.15,1949.97,9486.46
-1916.53,1957.24,9498.45
-1901.56,1987.8,9478.04
-1896.49,1902.7,9558.96
-1926.73,1812.78,9504.48
-1901.59,1861.39,9510.3
-1899.57,1943.79,9517.49
-1939.15,1931.59,9481.31
-1863.93,1902.81,9591.54
-1796.36,1895.83,9545.13
-1744.11,1807.21,9632.29
-1662.59,1856.27,9574.75
-1674.97,1851.16,9612.78
-1581.16,1752.25,9607.88
-1469.32,1838.3,9692.04
-1436.91,1890.72,9793.84
-1404.94,1810.35,9783.53
-1333.28,1757.06,9723.55
-1324.44,1783.16,9764.5
-1312.38,1712.84,9765.38
-1273.8,1700.6,9739.58
-1285.87,1803.15,9734.4
-1211.8,1792,9647.62
-1227.73,1801.37,9706.45
-1151.63,1721.04,9791.69
-1201.34,1708.52,9818.54
-1305.83,1776.78,9813.28
-1288.64,1766.31,9811.57
-1270.37,1661.35,9799.22
-1264.29,1656.6,9798.93
-1166.66,1621.88,9877.86
-1248.12,1581.02,9863.89
-1208.68,1498.21,9932.22
-1188.25,1538.57,10024.4
-1213,1410.56,10067.2
-1245.5,1367.68,10069.1
-1255.41,1390.18,10053.9
-1222.67,1326.43,10053
-1160.9,1309.08,10089.2
-1166.09,1321.95,10084.3
-1155.05,1380.38,9919.63
-1231.65,1464.97,9892
-1123.39,1404.49,9892.4
-1123.54,1329.15,9802.46
-1182.09,1401.69,9802.78
-1159.8,1473.59,9818.31
-1135.73,1460.19,9813.88
-1181.89,1421.94,9830.81
-1180.29,1408.32,9845.59
-1148.74,1433.52,9830.52
-1163.11,1509.13,9804.22
-1025.59,1478.22,9738.37
-1080.51,1560.06,9783.47
-1009.9,1621.63,9818.11
-1004.64,1613.65,9746.25
-1053.12,1570.85,9650.51
-1054.01,1608.6,9623.04
-1018.72,1704.54,9656.94
-1045.11,1715.91,9674.88
-1106.66,1763.87,9622.01
-1010.88,1815.19,9555.94
-1017.62,1897.79,9616.41
-1038.77,1968.35,9634.71
-1043.48,1949.51,9579.08
-1049.11,1998.64,9561.15
-1095.49,2034.18,9575.88
-1098.27,2059.07,9570.01
-1061.01,2114.53,9547.7
-1086.25,2162.19,9570.36
-986.469,2270.59,9635.31
-1056.69,2170.85,9525.57
-1075.32,2348.39,9602.61
-1062.27,2379.7,9672.53
-985.099,2372.03,9610.13
-990.965,2359.35,9564.59
-1021.11,2372.11,9507.22
-1036.95,2433.58,9496.89
-1041.34,2493.22,9528.34
-1038.89,2496.32,9469.19
-1146.72,2556.07,9483.96
-1241.9,2538.62,9487.65
-1230.26,2548.6,9558.64
-1259.66,2609.18,9551.13
-1346.68,2735.96,9592.78
-1401.8,2691.86,9670.35
-1482.11,2632.77,9691.96
-1543.3,2638.63,9670.11
-1505.08,2683.17,9661.44
-1419.58,2787.55,9649.57
-1348.9,2837.26,9606.16
-1214.15,2817.89,9511.68
-1190.35,2894.65,9422.87
-1046.26,2900.3,9443.39
-949.999,2980.49,9323.47
-838.567,2983.26,9217.56
-712.501,3003.31,9136.33
-564.402,3086.12,9075.66
-436.542,3112.72,9072.18
-435.559,3021.04,9091.27
-525.452,2993.28,9003.34
-573.834,3050.93,8946.83
-534.803,3016.01,9067.47
-769.647,2916.25,9084.38
-1051.77,2769.15,9115.92
-1408.13,2570.75,9263.45
-1712.25,2394,9412.67
-1946.49,2302.85,9495.68
-2122.01,2264.91,9547.4
-2156.88,2215.38,9610.81
-2097.78,2224.28,9711.58
-1927.37,2347.53,9735.49
-1745.52,2476.17,9706.51
-1560.81,2481.79,9682.76
-1306.2,2553.04,9549.99
-1042.52,2586.68,9516.19
-799.262,2600.98,9524.56
-560.238,2673.55,9479.76
-305.969,2765.74,9400.55
-57.1404,2763.21,9321.81
126.383,2732.57,9181.12
249.259,2766.43,9039.37
385.83,2754.04,9103.33
409.213,2718.82,9146.96
298.508,2663.3,9223.62
139.774,2572.6,9324.39
-26.3341,2439.79,9428.27
-256.302,2260.17,9510.92
-573.812,2054.55,9605.61
-911.165,1875.73,9770.83
-1249.43,1752.03,9927.83
-1499.17,1626.43,9988.78
-1662.03,1514.82,10000.1
-1778.54,1527.74,9996.7
-1920.2,1517.8,10038.9
-1978.98,1469.06,10037.2
-1884.09,1505.82,9965.84
-1740.29,1588.92,9898.86
-1641.48,1627.57,9815.23
-1514.63,1677.08,9629.02
-1307.55,1782.56,9534.78
-1148.55,1867.14,9530.91
-1011.62,1855.87,9454.18
-902.028,1902.59,9322.21
-853.462,1858.61,9296.37
-855.972,1814.85,9342.69
-883.322,1808.35,9388.33
-906.345,1770.84,9393.65
-940.951,1682.07,9409.21
-1059.68,1612.38,9531.59
-1315.09,1522.19,9740.71
-1681.7,1328.95,9895.18
-1909.62,1087.2,9927.06
-2295.58,806.275,9940.13
-2513.51,586.517,10017.3
-2575.23,441.759,10070.5
-2594.44,349.888,10066.3
-2605.74,326.842,10042.7
-2577.63,373.14,10036.9
-2499.61,441.178,10043.9
-2379.97,534.881,10030.5
-2163.42,680.983,9860.51
-1921.03,710.122,9723.24
-1716.7,767.078,9600.65
-1538.38,819.388,9569.87
-1290.42,839.657,9529.44
-1045.17,846.699,9475.43
-902.871,825.968,9427.64
-874.188,769.058,9401.04
-871.578,686.641,9400.33
-800.101,516.975,9365.71
-875.5,373.054,9315.67
-962.77,287.375,9347.84
-1194.53,195.642,9489.72
-1377.41,38.6189,9576.42
-1553.01,-124.653,9596.55
-1722.72,-257.435,9626.27
-1789.22,-364.536,9679.58
-1752.83,-433.784,9715.67
-1751.6,-456.206,9718.77
-1769.95,-509.625,9692.39
-1762.06,-433.763,9587.29
-1700.07,-326.929,9540.8
-1655.67,-249.957,9505
-1478.8,-222.943,9432.31
-1247.26,-211.483,9366
-1074.16,-205.875,9269.56
-968.553,-240.44,9150.04
-868.097,-316.566,9065.19
-753.722,-376.104,9030.03
-685.055,-408.176,9000.2
-661.915,-462.245,9006.66
-702.583,-529.717,9085.28
-880.085,-583.639,9158.07
-1045.72,-669.084,9279.91
-1199.84,-777.384,9391.08
-1405.2,-895.424,9458.78
-1636.15,-943.178,9516.27
-1826.23,-897.069,9584.71
-1956.83,-871.61,9629.8
-2019.13,-936.265,9650.76
-2080.2,-978.433,9723.37
-2090.11,-961.36,9791.67
-2085.94,-923.862,9799.45
-1995.11,-937.082,9817.43
-1899.69,-942.037,9782.97
-1809.17,-929.759,9698.79
-1678.99,-893.077,9608.51
-1512.6,-858.431,9519.42
-1348.76,-885.095,9407.98
-1148.31,-945.543,9312.48
-1055.61,-1074.63,9290.84
-1006.58,-1151.44,9193.56
-982.194,-1245.14,9164.53
-940.021,-1335.78,9198.93
-993.387,-1392.01,9248.61
-1121.44,-1444.92,9285.64
-1315.53,-1491.75,9355.56
-1541.61,-1508.43,9481.21
-1675.11,-1491.37,9599.08
-1688.63,-1424.84,9672.61
-1842.38,-1380.49,9730.99
-2030.4,-1410.48,9766.55
-2163.46,-1343.16,9786.3
-2213.1,-1297.78,9827.78
-2151.87,-1268.56,9803.04
-2076.27,-1223.73,9733.63
-2054.39,-1198.88,9684.59
-2038.54,-1225.75,9649.04
-1957.47,-1269.3,9598.19
-1868.3,-1322.69,9625.21
-1802.71,-1432.03,9576.86
-1678.44,-1623.16,9506.21
-1602.36,-1782.51,9504.81
-1576.02,-1831.88,9523.96
-1597.66,-1907.53,9542.96
-1694.42,-1988.41,9612.37
-1825.31,-1986.89,9739.7
-1950.83,-1914.15,9848.17
-2080.98,-1863.19,9892.01
-2155.21,-1819.27,9978.99
-2175.53,-1709.92,10031.9
-2206.32,-1625.79,10083.1
-2209.04,-1573.1,10100.6
-2176.98,-1527.32,10150.5
-2084.32,-1501.4,10168.5
-1994.55,-1493.58,10177.8
-1935.5,-1478.47,10147.1
-1868.22,-1443.77,10061
-1741.83,-1429.51,9989.2
-1538.2,-1497.43,9918.36
-1367.75,-1545.13,9861.66
-1197.94,-1644.92,9784.25
-990.427,-1774.45,9778.21
-808.562,-1840.26,9778.24
-659.317,-1907.2,9756.83
-530.751,-2022.76,9768.39
-425.132,-2133.63,9799.83
-408.759,-2166.29,9794.67
-511.921,-2135.02,9761.99
-548.268,-2119.89,9761.18
-582.248,-2125.04,9768.25
-706.305,-2020.13,9747.98
-718.894,-1962.42,9769.7
-726.698,-1999.72,9773.89
-748.852,-2040.73,9754.19
-782.201,-2066.53,9696.95
-828.807,-2097.98,9635.59
-914.293,-2142.75,9601.35
-1065.1,-2196.46,9577.68
-1245.56,-2254.75,9570.69
-1382,-2206.05,9591.52
-1378.59,-2194.79,9539.45
-1329.09,-2321.05,9520.96
-1366.98,-2438,9529.7
-1458.48,-2518.15,9468.82
-1520.15,-2625.16,9445.59
-1590.52,-2728.33,9517.13
-1708.14,-2741.21,9626.23
-1803.26,-2664.94,9704.51
-1859.63,-2581.92,9714.48
-1848.3,-2476.88,9751.83
-1760.63,-2351.95,9790.87
-1790.92,-2301.8,9754.37
-1836.72,-2284.47,9671.1
-1807.37,-2254.73,9644.23
-1780.79,-2192.91,9634.89
-1797.54,-2141.51,9569.63
-1800.13,-2106.99,9496.75
-1770.87,-2033.48,9522.43
-1818.32,-1956.51,9565.99
-1813.46,-1897.67,9585.8
-1666.41,-1860.75,9541.52
-1581.54,-1779.35,9488.6
-1453.96,-1694.56,9446.25
-1382.56,-1632.78,9436.13
-1339.52,-1608.9,9426.58
-1300.23,-1640.07,9393.21
-1262.43,-1700.39,9347
-1217.99,-1726.76,9324.71
-1216.57,-1747.98,9365.98
-1178.3,-1952.25,9415.5
-1217.43,-2158.66,9466.73
-1298.86,-2102.22,9601.82
-1426.6,-2097.12,9594.83
-1390.22,-2049.74,9613.99
-1367.92,-1924.38,9645.42
-1439.26,-1806.83,9693.07
-1479.28,-1766.88,9740.5
-1446.08,-1774.02,9715.45
-1477.97,-1777.04,9734.59
-1484.28,-1717.23,9721.37
-1473.53,-1815.29,9669.33
-1461.73,-1873.84,9610.67
-1474.68,-1951.37,9614.61
-1468.38,-2022.13,9602.82
-1471.95,-2077.52,9563.09
-1471.76,-2121.16,9522.42
-1454.07,-2171.12,9490.98
-1458.56,-2219.35,9457.16
-1467.78,-2181.98,9408.59
-1466.28,-2204.64,9275.05
-1339.82,-2185.26,9227.08
-1301.67,-2157.61,9251.79
-1320.98,-2194.87,9256.4
-1266.28,-2091.59,9346.57
-1247.62,-1978.14,9435.17
-1270,-1912.98,9468.97
-1298.69,-1893.32,9480.21
-1399.18,-1977.35,9510.62
-1490.31,-2032.44,9606.07
-1440.25,-2013.58,9538.98
-1311.7,-1887.79,9618.74
-1287.14,-1824.55,9698.33
-1325.51,-1774.35,9690.1
-1279.36,-1721.17,9712.46
-1200.45,-1728.6,9722.21
-1148.89,-1720.95,9704.72
-1112.55,-1674.58,9666.02
-1091.03,-1730.48,9597.55
-1122.12,-1824.76,9625.29
-1028.08,-1768.86,9708.94
-982.45,-1732.44,9763.48
-898.766,-1799.09,9679.27
-869.911,-1871.37,9680.74
-876.173,-1876.97,9638.6
-964.041,-1959.5,9533.77
-1047.91,-2019.91,9476.73
-1065.88,-1939.47,9496.23
-1097.98,-1843.43,9522.89
-1106.02,-1728.4,9625.42
-1179.35,-1676.98,9607.23
-1235.89,-1690.43,9664.96
-1435.02,-1717.81,9680
-1405.03,-1762.45,9726.07
-1368.88,-1813.39,9717.61
-1435.69,-1882.11,9708.21
-1547.14,-1945.91,9723.45
-1609.91,-1984.64,9728.55
-1617.78,-2025.17,9662.12
-1658.02,-2085.23,9432.67
-1607.12,-2134.7,9374.54
-1507.59,-2274.76,9409.82
-1459.33,-2400.73,9386.84
-1344.66,-2365.53,9274.41
-1243.06,-2272.05,9167.46
-1218.62,-2155.08,9139.11
-1261.12,-2014.23,9189.85
-1312.4,-1867.83,9252.22
-1294.77,-1761.76,9270.15
-1169.63,-1758.25,9288.14
-1293.54,-1848.9,9254.72
-1417.03,-1952.28,9386.53
-1548.95,-2006.42,9542.43
-1608.13,-2013.4,9636.87
-1731.86,-1982.01,9764.44
-1828.38,-2029.55,9878.99
-1841.01,-2081.22,9942.04
-1781.15,-2099.75,9973.14
-1668.65,-2211.72,9962.41
-1645.45,-2280.89,9865.13
-1700.77,-2414.02,9890.61
-1542,-2474.78,9807.42
-1432.48,-2448.41,9692.54
-1348.21,-2422.38,9619.6
-1359.37,-2411.22,9470.5
-1298.75,-2381.72,9350.66
-1205.06,-2372.98,9299.34
-1183.28,-2420.41,9256
-1185.6,-2437.88,9210.31
-1272.85,-2323.38,9188.45
-1167.13,-2330.76,9211.1
-1204.06,-2388.39,9325.82
-1275.41,-2451.99,9352.46
-1393.33,-2488.29,9356.36
-1477.29,-2450.41,9439.91
-1566.83,-2342.19,9562.95
-1643.38,-2209.5,9651.79
-1647.6,-2172.46,9723.7
-1634.21,-2279.02,9834.65
-1735.69,-2265.27,9895.27
-1712,-2251.5,9795.74
-1689.6,-2435.67,9752.12
-1685.84,-2500.04,9769.99
-1673.02,-2513.04,9802.25
-1616.01,-2492.49,9742.9
-1569.56,-2579.5,9709.18
-1576.64,-2693.96,9682.66
-1617.06,-2714.1,9581.66
-1609.45,-2706.12,9462.57
-1471.27,-2657.24,9367.21
-1491.29,-2538.03,9347.97
-1485.7,-2441.14,9455.2
-1584.17,-2435.1,9542.03
-1693.42,-2387.2,9468.82
-1761.42,-2274.9,9495.02
-1853.19,-2206.14,9601.16
-1926.28,-2196.31,9674.26
-1937.96,-2178.69,9745.33
-1939.03,-2173.67,9888.06
-1874.37,-2301.71,9953.26
-1915.88,-2396.31,10021.2
-1828.01,-2530.63,9934.63
-1687.66,-2770.83,10095.6
-1618.32,-2935.47,10017.6
-1595.32,-3094.59,9837.08
-1561.37,-3252.18,9751.86
-1555.11,-3325.48,9638.18
-1614.78,-3290.97,9454.2
-1673.63,-3214.91,9430.06
-1661.67,-3082.63,9449.85
-1569.64,-2885.87,9447.9
-1490.42,-2711.21,9245.08
-1416.22,-2535.11,9242.43
-1281.22,-2287.62,9163.68
-1174.32,-2183.7,9121.39
-1168.74,-2107.89,9108.31
-1166.01,-1984.42,9134.1
-1117.1,-1863.1,9185.67
-1153.92,-1787.11,9219.07
-1273.45,-1813.39,9354.95
-1261.72,-1832.38,9348.94
-1295.16,-2074.93,9430.17
-1368.46,-2303.84,9393.18
-1437.23,-2430.26,9316.06
-1526,-2499.19,9264.71
-1524.93,-2543.39,9241.24
-1498.41,-2519.07,9248.54
-1532.53,-2427.16,9290.97
-1533.34,-2353.91,9306.75
-1463.15,-2279.84,9198.16
-1266.72,-2107.36,9289.9
-1167.09,-2049.81,9093.23
-985.195,-1770.93,9054.58
-1018.51,-1579.69,9072.33
-1006.21,-1286.6,9099.25
-1008.53,-1015.44,9139.12
-1053.08,-906.409,9124.04
-1053.76,-903.856,9062.02
-1000.68,-903.258,9077.29
-962.627,-976.419,9125
-1037.49,-1201.98,9248.62
-1175.12,-1282.82,9361.6
-1321.36,-1254.59,9459.13
-1334.7,-1395.89,9571.33
-1330.04,-1477.93,9676.52
-1437.59,-1523.41,9737.49
-1412.88,-1590.93,9764.91
-1170.42,-1704.38,9748.04
-1026.87,-1875.02,9625.85
-891.093,-1993.49,9442.28
-827.385,-2199.85,9438.16
-680.606,-2132.69,9322.29
-465.462,-2097.25,9149.12
-340.539,-1858.93,9063.68
-328.891,-1674.71,9029.69
-364.134,-1456.27,8971.82
-402.618,-1157.36,8911.8
-455.642,-807.566,8888.08
-540.653,-370.183,8910.07
-641.985,76.1363,9052.33
-809.942,443.488,9040.51
-1029.94,737.935,9046
-1064.09,890.667,9097.51
-1101.22,1033.06,9178.57
-1221.04,1005.76,9376.59
-1364.5,926.739,9540.67
-1481.9,766.782,9610.54
-1537.33,484.566,9643.93
-1499.52,243.5,9650.39
-1439.8,45.43,9615.99
-1388.63,-228.168,9574.12
-1231.96,-451.659,9423.85
-1023.44,-666.569,9202.5
-795.042,-891.077,9001.33
-620.624,-1136.92,8787.22
-442.589,-1373.23,8574.28
-236.766,-1564.12,8425.22
-66.7302,-1656.82,8409.39
-7.26538,-1579.84,8530.6
-67.4588,-1319.83,8659.89
-116.804,-982.276,8665.07
-141.528,-521.057,8686.95
-278.971,-141.999,8809.42
-378.614,274.239,8924.99
-478.473,649.382,9009.2
-650.192,872.176,9105.46
-900.633,976.783,9260.08
-1170.48,995.202,9423.96
-1371.28,916.332,9517.9
-1449.87,929.05,9631.73
-1663.1,844.001,9693.62
-1715.76,648.524,9630.64
-1718.83,619.588,9558.88
-1525.03,511.503,9486.01
-1310.71,429.78,9467.2
-1127.99,395.664,9504.79
-935.992,342.891,9472.31
-731.384,222.512,9348.42
-561.322,74.9892,9300.34
-422.544,15.662,9338.89
-328.505,70.09,9378.93
-306.916,318.162,9387.92
-250.968,534.786,9480
-223.467,797.568,9531.04
-183.581,1033.28,9587.46
-180.227,1228.81,9676.38
-248.952,1387.02,9812.68
-372.78,1515.79,9960.24
-515.676,1623.03,10048.4
-636.162,1653.93,10102.9
-738.399,1550.82,10125.4
-876.418,1406.48,10170.4
-991.703,1275.22,10138.3
-995.604,1079.46,10114.6
-1005.66,908.708,10112
-995.299,796.983,10090.5
-937.213,699.313,10059.6
-907.27,611.872,10032.8
-983.63,566.937,9970.9
-1076.56,470.252,9859.64
-1057.41,434.953,9733.32
-932.249,421.804,9711.59
-864.452,352.674,9703.94
-784.614,377.01,9596.04
-747.374,571.897,9522.38
-755.201,893.249,9595.48
-774.323,1248.56,9744.88
-836.8,1589.23,9888.54
-998.447,1914.34,10055.2
-1155.68,2169.25,10184.3
-1315.47,2210.68,10152.1
-1523.61,2203.04,10130.5
-1489.39,2204.76,10195.5
-1469.33,2135.51,10271.8
-1521.39,2036.69,10292.5
-1551.99,1895.53,10256.2
-1507.4,1739.17,10221.3
-1423.21,1611.78,10216.8
-1349.11,1505.5,10208.8
-1294.35,1402.44,10192.3
-1291.08,1299.29,10185.1
-1276.6,1263.92,10221.5
-1289.14,1245.73,10160.4
-1270.45,1274.76,10133.7
-1099.09,1306.47,10057.8
-904.505,1354.48,9939.59
-756.371,1448.48,9860.82
-611.073,1517.54,9846.62
-495.717,1470.99,9810.73
-541.88,1452.17,9679.79
-646.203,1475.47,9617.6
-736.225,1451.81,9663.88
-771.708,1479.63,9692.29
-826.638,1547.07,9753.1
-949.649,1589.63,9840.93
-1060.94,1610.46,9896.89
-1114.29,1647.27,9891.17
-1133.77,1733.29,9854.6
-1133.4,1861.46,9826.8
-1081.63,1964.57,9799.72
-980.386,2069.04,9857.74
-872.743,2102.44,9766.97
-719.765,2135.65,9657.71
-584.292,2163.27,9639.43
-492.358,2141.71,9627.82
-374.685,2158.67,9648.14
-265.106,2209.21,9724.94
-242.892,2216.78,9806.61
-271.777,2185.03,9846.9
-258.803,2173.51,9908.47
-330.878,2159,9965.09
-464.411,2088.4,9998.06
-581.738,2050.88,10044.9
-669.53,2097.84,10065.6
-720.935,2159.81,10071.4
-775.735,2242.01,10091.6
-881.27,2306.97,10115.4
-1030.37,2305.42,10110.3
-1161.97,2260.82,10088.3
-1247.41,2208.36,10116.8
-1330.43,2137.17,10144.2
-1531.21,2090.08,10133.2
-1638.87,2057.96,10138.4
-1677.99,2046.9,10132.2
-1718.53,2027.98,10092.6
-1736.81,2041.12,10017.2
-1717.13,2097.57,9963.83
-1692.83,2135.36,9984.71
-1696.53,2112.72,10035.8
-1715.53,2122.81,10016.4
-1730.09,2178.36,10015.5
-1692.33,2204.9,10082.3
-1614.36,2167.57,10118.2
-1562.32,2217.17,10101.1
-1554.06,2244.51,10078.9
-1516.43,2235.75,10093.8
-1440.06,2219.49,10135.1
-1365.93,2149.26,10178.5
-1314.55,1982.66,10208.9
-1318.93,1881.09,10180
-1346.37,1860.82,10156.6
-1310.07,1832.43,10136.8
-1276.9,1887.71,10129.4
-1289.37,1917.53,10116.1
-1351.44,1916.08,10116.5
-1444.17,1927.57,10136.2
-1539.14,1926.56,10113.6
-1630.1,1893.15,10039.2
-1697.23,1864.52,9990.06
-1653.82,1820.84,9940.9
-1701.84,1896.21,9879.75
-1778.58,1938.82,9893.87
-1796.19,1891.98,9930.83
-1862.93,1813.92,9952.48
-1891.46,1750.37,9920.96
-1876.43,1734.45,9863.79
-1894.25,1715.61,9822.93
-1939.01,1654.62,9809.27
-1920.41,1599.32,9794.27
-1895.43,1574.39,9735.85
-1885.05,1578.79,9655.74
-1913.72,1561.87,9708.15
-1938.65,1502.43,9774.21
-1977.74,1423.32,9791.78
-2043.7,1357.88,9776.96
-2061.51,1303.55,9772.3
-2107.52,1287.68,9811.89
-2220.09,1346.98,9870.71
-2265.67,1422.7,9908.47
-2276.38,1346.81,9986.23
-2306,1240.04,10027.2
-2362.4,1146.01,9952.8
-2385.44,1147.91,9913.34
-2438.75,1103.06,9893.55
-2468.54,1096.01,9888.11
-2399.88,1126.3,9846.14
-2297.36,1139.35,9789.94
-2260.12,1125.52,9738.19
-2263.91,1148.32,9670.19
-2230.32,1254.84,9678.45
-2192.95,1268.59,9672.31
-2117.63,1192.14,9594.29
-2142.8,1188.46,9530.89
-2152.1,1210.69,9532.65
-2158.07,1205.72,9581.69
-2174.43,1202.7,9638.53
-2234.32,1179.53,9637.51
-2304.51,1108.79,9603.9
-2323.46,1049.1,9627.17
-2401.83,1056.76,9625.55
-2367.76,1045.9,9677.53
-2430.78,1062.61,9680.39
-2543.02,1080.19,9751.15
-2627.34,1097.94,9767.88
-2680.33,1142.7,9744.3
-2735.32,1185.57,9719.53
-2766.46,1217.87,9719.53
-2771.8,1275.9,9705.83
-2792.26,1374,9639.45
-2738.5,1441.2,9630.22
-2610.35,1455.67,9616.15
-2649.17,1565.16,9550.29
-2579.23,1591.75,9510.11
-2532.84,1590.53,9418.88
-2486.59,1570.24,9322.75
-2461.72,1555.91,9291
-2433.9,1611.44,9256.94
-2371.66,1721.48,9202.66
-2335.34,1784.63,9226.96
-2401.46,1828.64,9222.33
-2332.13,1922.4,9123.26
-2436.8,2031.53,9101.6
-2399.71,2099.23,9156.96
-2448.36,2180.57,9220.04
-2570.21,2280.11,9311.11
-2729.74,2376.27,9408.71
-2885.55,2391.4,9472.51
-2986.27,2318.6,9494.16
-3062.02,2251.77,9507.44
-3273.34,2183.88,9552.06
-3331.18,2139.47,9653.02
-3355.07,2181.97,9541.85
-3442.27,2193.49,9518.48
-3377.52,2156.96,9495.36
-3419.71,2102.5,9432.97
-3395.8,2168.69,9278.76
-3305.4,2241.85,9146.4
-3245.04,2208.72,9111.32
-3147.84,2219.99,9051.77
-3133.22,2304.72,8949.94
-3173.78,2200.66,8985.01
-3280.18,2316.87,9017.79
-3177.19,2393.05,8951.07
-3114.5,2456.04,8844.67
-3196.81,2461.16,8812.8
-3258.84,2544.14,8910.72
-3293.11,2611.06,8994.2
-3397.59,2570.43,9002.57
-3573.89,2552.95,9081.25
-3804.39,2496.82,9177.85
-3668.89,2500.18,9217.48
-3522.02,2346.68,9343.47
-3508.39,2249.84,9331.9
-3468.22,2162.12,9384.23
-3332.42,2091.82,9353.39
-3161.22,1994.88,9283.03
-2996.2,1933.42,9196.58
-2836.08,1970.99,9074.2
-2681.62,2017.19,8962.46
-2519.23,1967.2,8897.38
-2326.29,2001.9,8787.44
-2381.62,2039.67,8776.92
-2351.31,2094.31,8694.75
-2251.41,2084.77,8691.39
-2359.54,2048.95,8665.45
-2491,2038.81,8596.95
-2600.84,2020.89,8578.71
-2797.81,1936.05,8645.97
-3040.76,1786.46,8729.13
-3287.42,1607.92,8838.79
-3678.46,1452.33,8936.58
-3854.44,1327.61,8853.43
-3963.57,1287.35,8836.07
-3914.47,1237.62,9024.4
-3892.81,1125.2,9178.08
-3907.08,948.678,9291.23
-3770.43,792.027,9386.12
-3476.98,686.364,9460.02
-3262.76,606.284,9556.04
-3093.8,665.284,9661.39
-2895,589.676,9604.37
-2906.45,623.338,9538.28
-2764.53,554.544,9476.8
-2654.72,502.153,9373.46
-2439.38,469.415,9314.68
-2309.49,478.081,9291.33
-2335.96,486.297,9296.73
-2358.6,490.483,9288.8
-2329.91,531.123,9232.09
-2492.52,473.454,9304.04
-2614.7,416.301,9410.14
-2851.7,348.089,9514.17
-3021.91,107.424,9535.69
-3163.2,6.61569,9667.06
-3216.72,11.0148,9656.97
-3148.04,13.8866,9629.78
-3023.06,-17.0894,9715.88
-2868.69,-29.6955,9831.7
-2635.89,-6.49045,9849.92
-2434.08,-53.556,9825
-2422.93,-7.48635,9884.68
-2348.78,-79.2063,9834.17
-2179.59,-46.1499,9620.7
-1981.92,-37.454,9454.63
-1820.6,-10.5288,9368.83
-1727.51,4.0911,9257.53
-1675.79,-18.3885,9138.78
-1639.34,-72.0282,9074.63
-1660.14,-154.618,9053.68
-1797.12,-264.27,9117.67
-1889.24,-427.019,9098.48
-2060.34,-400.964,9224.87
-2180.24,-378.717,9335.31
-2425.16,-297.535,9453.37
-2544.56,-383.358,9534.5
-2587.73,-544.216,9592.98
-2629.48,-660.853,9662.53
-2649.78,-771.967,9741.64
-2637.42,-936.295,9800.82
-2584.47,-1038.13,9851.29
-2316.74,-986.851,9993.26
-2108.1,-1094.19,9958.15
-1735.78,-1105.62,9851.21
-1388.07,-1059.62,9798.72
-1174.65,-1082.53,9774.08
-970.477,-1110.61,9665.66
-750.017,-1096.66,9539.09
-573.766,-1060.58,9477.32
-435.616,-1056.95,9419.36
-350.826,-1155.26,9376.23
-359.979,-859.083,9279.38
-388.706,-774.6,9402.33
-493.136,-740.134,9353.07
-640.357,-668.136,9429.15
-820.278,-693.197,9497.67
-1084.74,-854.995,9550.85
-1393.63,-1063.76,9656.39
-1667.69,-1218.91,9827.11
-1894.01,-1328.48,9993.27
-2065.44,-1487.95,10077.4
-2159.56,-1621.93,10148.2
-2227.3,-1746.6,10172.6
-2149.6,-1743.74,10179.8
-2036.09,-1804.35,10236
-1819.48,-1814.06,10196.2
-1602.69,-1781.19,10104.6
-1399.61,-1772.77,10046.3
-1197.37,-1753.81,9960.76
-1070.19,-1640.53,9770.07
-950.146,-1527.7,9674.56
-609.797,-1434.96,9633.32
-568.317,-1404.59,9521.35
-477.349,-1265.58,9455.79
-531.948,-1269.08,9412.74
-575.606,-1234.04,9461.18
-692.321,-1161.69,9511.58
-795.278,-1081.79,9525.27
-809.334,-1030.17,9518.41
-847.655,-1052.66,9530.14
-796.556,-1053.4,9717.57
-946.753,-1155.9,9890.3
-1013.53,-1218.74,9963.1
-1049.34,-1330.75,9860.88
-981.957,-1456.3,9857.5
-863.448,-1561.47,9924.38
-749.04,-1585.03,9934.05
-637.378,-1573.64,9904.35
-508.651,-1534.5,9904.93
-373.743,-1435.89,9886.81
-248.885,-1505.25,9786.23
-96.0862,-1535.48,9795.48
-130.075,-1596.68,9742.28
-146.893,-1530.04,9659.28
-98.6548,-1516.11,9698.29
-96.3373,-1453.76,9679.7
-118.254,-1360.11,9638.92
-107.505,-1361.73,9614.04
-67.9235,-1453.71,9609.72
-55.6068,-1480.67,9655.51
-106.607,-1466.76,9699.77
-140.848,-1489.74,9743.73
-273.821,-1518.6,9674.68
-332.267,-1542.91,9788.24
-345.466,-1563.82,9863.44
-365.684,-1544.78,9958.5
-324.679,-1554.5,9979.36
-286.781,-1639.03,9960.97
-312.991,-1730.97,9992.57
-302.481,-1747.03,10033.9
-229.996,-1749.09,10059.7
-149.682,-1648.1,10037.6
-172.098,-1720.49,10050.5
69.1037,-1631.92,9937.79
214.292,-1603.68,9871.24
289.783,-1552.04,9773.25
328.931,-1526.98,9811.06
370.822,-1537.24,9922.06
378.827,-1564.57,9933.83
303.452,-1587.94,9896.88
343.327,-1461.51,9899.96
434.773,-1519.5,9888.58
506.117,-1619.67,9943.77
523.932,-1591.57,10012.5
447,-1491.46,10024.8
396.309,-1500.8,10100.9
384.611,-1543.75,10209.5
362.973,-1559.13,10233.5
320.395,-1575.1,10196.3
320.391,-1611.35,10248.7
420.437,-1659.4,10331.2
396.304,-1567.2,10236
389.917,-1562.49,10249.7
368.395,-1560.74,10232.4
332.649,-1510.69,10238.2
320.359,-1482.01,10198.1
326.927,-1485.47,10115.6
368.606,-1453.68,10044.1
397.192,-1394.16,9999.32
338.014,-1393.33,9946.94
318.883,-1374.8,9891.84
187.049,-1299.99,9882.79
149.664,-1262.98,9841.35
178.031,-1340.26,9776.8
182.434,-1374.78,9697.31
131.095,-1355.69,9654.52
76.5639,-1301.17,9690.29
4.4031,-1233.53,9748.78
-100.495,-1176.79,9793.12
-180.496,-1145.23,9853.61
-241.555,-1114.89,9856.51
-322.766,-977.651,9837.1
-292.651,-982.539,9944.87
-308.648,-925.127,10013.3
-362.563,-923.09,10044.7
-373.231,-934.487,9993.91
-352.142,-942.873,9898.32
-340.731,-978.634,9818.94
-363.846,-1050.17,9761.84
-400.642,-1087.52,9695.12
-366.178,-1017.7,9643.65
-324.27,-1095.27,9627.54
-282.896,-1166.43,9680.06
-317.217,-1088.55,9673.7
-303.629,-981.531,9653.94
-215.613,-978.598,9621.42
-118.678,-1063.86,9637.12
-70.3368,-1143.3,9664.39
-98.8186,-1175.99,9676.1
-192.236,-1197.76,9733.02
-248.275,-1209.03,9791.75
-213.204,-1172.14,9925.66
-147.654,-1032.47,9975.69
-169.745,-994.476,9940.4
-260.984,-1072.82,9970.67
-348.072,-1101.76,9995.06
-390.349,-1083.49,9976.17
-406.708,-1059.08,9967.41
-460.59,-1083.64,10006.7
-584.076,-1185.94,10056.4
-690.23,-1213.07,10092.4
-696.532,-1203.38,10066.4
-694.765,-1266,10069
-688.019,-1317.78,10096
-690.29,-1407.55,10099
-684.481,-1494.12,10135.8
-678.856,-1556.46,10087.3
-663.102,-1602.81,9973.53
-642.078,-1625.74,9919.12
-621.301,-1615.45,9917.56
-509.154,-1638.78,9864.37
-386.782,-1716.32,9869.1
-272.211,-1702.44,9855.99
-213.331,-1673.41,9868.24
-190.536,-1604.04,9849.58
-95.4127,-1515.05,9781.48
31.4668,-1436.2,9727.98
151.174,-1384.38,9708.32
190.548,-1357.15,9700.36
64.5929,-1339.62,9719.15
-69.2584,-1321,9807.2
-113.54,-1315.6,9916.72
-217.529,-1250.06,9888.42
-282.202,-1150.66,9898.86
-326.282,-1174,9931.5
-295.839,-1256.51,9967.1
-272.746,-1269.18,9975.51
-281.072,-1231.63,9944.67
-276.774,-1213.11,9917.18
-258.36,-1205.73,9943.9
-258.293,-1241.47,9969.5
-267.004,-1338.04,9938.04
-300.864,-1402.83,9892.69
-237.728,-1441.56,9864.76
-183.371,-1477.2,9849.47
-155.706,-1527.33,9795.8
-140.744,-1559.41,9751.58
-125.905,-1569.31,9705.17
-111.431,-1554.95,9646.24
-109.058,-1481.5,9638.24
-135.336,-1358.27,9665.96
-195.175,-1271.85,9692.3
-172.689,-1215.87,9685.2
-191.776,-1165.01,9695.55
-231.24,-1102.82,9742.42
-285.525,-1085.09,9831.62
-374.874,-1075.44,9899.24
-446.439,-1017.28,9887.66
-465.912,-929.489,9844.76
-476.83,-892.676,9867.32
-459.121,-917.73,9907.54
-449.923,-857.498,9928.32
-503.896,-850.624,9924.51
-492.538,-851.724,9887.64
-465.049,-850.857,9897.01
-479.566,-854.124,9888.7
-457.655,-854.763,9846.8
-419.238,-860.25,9814.21
-450.753,-870.704,9810.13
-517.269,-865.161,9795.27
-483.426,-839.537,9744.86
-458.462,-753.379,9672.74
-535.423,-709.709,9613.66
-605.839,-707.275,9608.51
-633.764,-657.458,9591.47
-620.886,-592.582,9565.52
-583.614,-556.092,9510.45
-567.182,-528.665,9476.95
-578.221,-474.073,9508.83
-563.484,-400.482,9533.39
-525.568,-332.876,9460.03
-546.488,-280.667,9427.59
-555.17,-208.089,9453.09
-597.156,-160.88,9481.5
-577.583,-202.989,9503.59
-515.753,-240.302,9493.56
-498.461,-271.381,9539.8
-546.421,-342.601,9647.26
-589.769,-443.717,9731.8
-595.24,-514.011,9765.52
-674.713,-555.309,9815.67
-732.44,-566.36,9847.71
-833.587,-580.751,9864.46
-967.439,-628.636,9893.82
-1091.81,-632.021,9896.33
-1136.9,-618.949,9933.67
-1169.1,-593.576,9966.03
-1232.04,-566.847,9951.71
-1280.9,-554.77,9926.18
-1272.32,-561.245,9910.18
-1251.71,-589.838,9797.36
-1191.34,-573.638,9801.89
-1226.2,-461.182,9839.63
-1193.73,-427.879,9855.75
-1166.26,-426.284,9859.58
-1173,-445.69,9826.35
-1151.84,-466.199,9826.25
-1140.91,-415.819,9833.15
-1196.28,-316.117,9802.69
-1259.17,-302.067,9792.35
-1282.41,-339.578,9820.55
-1360.66,-239.791,9827.59
-1393.83,-151.53,9893.75
-1361.37,-160.82,9987.46
-1384.33,-110.19,10024.3
-1455.94,-59.1444,10012.8
-1515.62,-105.755,9979.35
-1526.44,-125.399,9939.96
-1502.22,-50.6355,9924.17
-1475.9,-34.0362,9926.16
-1443.77,-27.3093,9815.21
-1360.13,24.7684,9683.62
-1213.89,190.855,9677.53
-1160.01,297.006,9678.67
-1112.04,331.388,9608.1
-1030.27,371.088,9577.02
-962.648,386.943,9634.94
-912.254,407.485,9679.77
-888.924,464.105,9648.58
-922.328,515.788,9629.9
-910.996,585.725,9657.28
-957.441,633.937,9659.59
-1097.77,582.189,9742.07
-1204.52,544.132,9866.48
-1292.42,500.654,9961.62
-1366.06,524.385,9993.64
-1491.51,488.416,9989.01
-1581.88,464.231,9970.15
-1541.57,512.608,9915.8
-1454.48,508.294,9849.06
-1416.72,571.94,9921.96
-1402.47,610.962,9906.29
-1310.3,736.349,9864.76
-1196.81,889.885,9814.88
-1031.04,912.485,9710.14
-896.486,891.525,9636.69
-799.068,930.944,9569.37
-716.557,972.98,9470.78
-664.812,951.291,9378.85
-685.171,936.383,9369.16
-761.264,960.28,9453.23
-752.939,878.077,9583.29
-745.282,952.494,9554.24
-859.184,881.081,9540.78
-923.331,886.692,9576.42
-1055.66,907.905,9569.24
-1137.53,864.172,9570.35
-1174.48,861.881,9623.12
-1267.07,944.557,9706.96
-1377.14,979.515,9782.46
-1420.43,1020.69,9797.99
-1447.48,993.221,9730.67
-1327.39,1017.69,9760.85
-1210.88,984.859,9846.08
-1141.07,1052.81,9908.01
-1064.74,1105.06,9927.46
-980.429,1100.22,9896.14
-962.008,1080.03,9875.44
-1016.79,1047.66,9939.64
-1067.79,963.316,10065.4
-1157.52,879.209,10135.5
-1255.47,752.818,10150.4
-1272.82,765.649,10107.4
-1325.18,666.272,10140.1
-1323.44,604.068,10211.2
-1336.31,572.129,10146.6
-1392.55,585.1,10075
-1391.93,631.094,10013
-1246.77,708.024,9907.64
-1031.97,830.755,9829.51
-898.836,921.57,9774.68
-804.7,972.383,9695.84
-755.825,991.17,9682.7
-718.933,1020.35,9554.32
-695.111,958.328,9461.31
-559.17,1001.55,9489.31
-426.036,1038.57,9528.91
-420.648,1057.06,9562.55
-464.345,1074.26,9625.98
-457.335,1012.11,9677.23
-600.682,1012.14,9719.05
-562.691,921.837,9772.3
-702.416,801.545,9846.49
-764.284,629.218,9930.31
-897.566,574.122,9968.49
-1080.44,498.568,10087.3
-1213.13,399.18,10161.5
-1300.22,318.461,10158.1
-1323.39,269.788,10155.6
-1240.09,249.613,10146.1
-1261.83,244.364,10065.5
-1168.18,276.42,9974.1
-972.924,408.123,9994.71
-942.298,523.577,10025
-913.276,595.035,9883.99
-750.506,659.43,9805.73
-587.396,641.882,9783.91
-494.871,578.466,9710.15
-376.106,554.428,9636.2
-195.056,555.834,9642.75
-143.84,559.309,9505.51
-38.9021,556.009,9614.88
-63.6702,582.273,9613.21
-70.7453,537.076,9624.5
-146.646,534.482,9607.9
-155.525,496.315,9599.97
-182.252,483.294,9656.44
-304.493,469.08,9726.31
-425.602,434.225,9768.33
-411.991,428.586,9806.91
-344.986,335.364,9768.25
-318.184,467.725,9836.79
-343.796,344.305,9808.72
-398.099,290.873,9883.32
-337.898,278.692,9844.54
-279.574,290.97,9785.57
-299.923,331.73,9754.18
-388.847,307.046,9755.71
-431.412,185.273,9799.75
-343.008,126.237,9846.65
-299.749,230.997,9771.93
-296.881,203.856,9821.54
-337.359,201.387,9716.09
-373.057,179.458,9705.31
-262.033,277.417,9636.24
-278.647,247.945,9695.66
-327.036,293.042,9741.11
-321.266,395.022,9728.2
-334.718,394.336,9728.51
-371.337,363.574,9707.95
-259.652,362.064,9642.65
-217.095,428.082,9684.96
-161.555,476.433,9653.46
-94.3122,538.903,9611.81
-103.386,545.005,9597.95
-125.675,541.255,9559.63
-87.0449,527.055,9527.5
-28.3682,520.263,9538.31
29.5495,539.714,9528.44
125.485,568.344,9459.55
135.839,602.784,9522.53
110.461,603.339,9391.75
101.62,599.066,9462.87
54.8612,590.94,9437.04
-33.6937,609.047,9415.07
-6.59365,692.375,9572.99
0.0227541,751.714,9655.86
-26.029,744.072,9641.03
-40.3037,723.13,9658.83
-78.8039,771.013,9705.54
1.71547,905.522,9874.65
-22.8846,794.099,9766.72
42.0984,750.051,9670.28
116.596,877.576,9720.32
269.891,938.03,9759.12
277.953,872.325,9790.02
248.836,856.096,9753.08
310.792,902.454,9715.24
392.301,914.086,9732.32
370.881,891.649,9709.87
312.53,857.025,9649.55
165.834,947.807,9717.82
122.976,843.352,9761.03
11.5365,890.356,9720.44
41.3899,901.022,9683.2
51.6411,832.873,9667.09
77.431,780.137,9670.56
95.2478,840.026,9676.36
60.2149,916.962,9664.08
71.3696,873.336,9653.28
206.911,943.503,9710.54
260.776,998.254,9710.26
167.39,1085.81,9761.93
146.603,1080.67,9765.57
143.558,1038.45,9822.5
105.737,1104.9,9862.61
82.6723,1141.12,9864.04
143.4,1136.84,9821.3
238.348,1222.28,9822.46
262.942,1370.6,9930.5
282.144,1372.23,9883.07
148.332,1361.58,9928.69
127.226,1349.91,10002.4
302.02,1468.51,10107.5
282.007,1410.62,10153.8
160.871,1407.84,10130
127.817,1365.74,10142.7
138.555,1291.02,10152.5
113.402,1268.12,10106.2
127.664,1281.92,10082.1
158.779,1419.29,10063.2
155.638,1416.59,10049.6
85.8695,1281.59,9964.35
132.009,1276.54,9876.03
78.7367,1421.08,9888.16
23.8,1471.19,9898.93
31.5332,1462.07,9889.18
83.4524,1476.98,9849.38
142.728,1523.86,9795.1
198.843,1561.66,9798.57
235.989,1511.32,9881.31
173.703,1513.63,9969.39
140.634,1438.65,9949.96
62.4454,1423.79,9985.64
33.2877,1419.58,10037.7
-54.2256,1405.87,10133.5
-211.014,1391.63,10168.9
-362.504,1360.38,10136.8
-428.366,1286.85,10114.5
-418.445,1202.96,10096.3
-468.836,1190.07,9999.46
-507.453,1120.84,9911.17
-470.295,1197.89,9780.54
-393.604,1269.05,9830.06
-328.371,1329.01,9758.92
-235.624,1388.33,9664.73
-223.886,1442.63,9591
-187.171,1465.72,9525.88
-45.1709,1456.76,9486.12
40.9454,1484.27,9499.95
101.109,1620.36,9507.71
227.959,1646.97,9431.11
204.692,1710.08,9466.55
131.441,1769.37,9498.86
90.9651,1809.37,9534.78
121.073,1767.81,9617.74
70.825,1738.09,9616.66
0.10473,1760.7,9578.39
-41.6906,1758.45,9598.28
-195.301,1665.86,9610.74
-333.607,1553.76,9603.77
-329.801,1555.69,9517.77
-193.442,1552.55,9544.37
-73.5381,1616.48,9496.16
-5.44921,1699.8,9451.05
8.00385,1752.16,9422.79
27.7015,1821.25,9400.61
65.863,1867.1,9376.51
129.588,1895.45,9357.56
217.405,1964.73,9361.7
190.594,1862.31,9394.99
192.7,1778.91,9405.37
126.526,1732.33,9546.86
-106.543,1623.98,9653.06
-235.558,1578.1,9745.14
-420.007,1475.8,9761.15
-580.929,1345.55,9821.14
-645.039,1249.11,9941.28
-662.272,1172.23,10073.3
-717.783,1074.04,10200.5
-861.998,995.145,10186.5
-926.703,971.579,10141.7
-862.715,961.46,10068.1
-758.596,962.654,10005.9
-688.747,932.284,9900.64
-645.695,865.875,9828.09
-615,842.922,9717.39
-535.005,902.928,9617.29
-424.58,1000.35,9570.2
-380.844,1064.74,9495.88
-315.862,1089.71,9467.56
-216.426,1191.36,9388.12
-148.582,1200.32,9253.92
-83.4185,1207.22,9214.19
-70.327,1272.05,9244.44
-140.405,1298.36,9271.09
-185.242,1254.84,9263.99
-188.403,1235.64,9230.26
-207.171,1294.94,9221.41
-239.581,1366.53,9299.34
-268.466,1426.03,9432.13
-350.256,1372.01,9508.53
-427.136,1242.64,9497.9
-431.961,1070.85,9492.04
-372.752,890.322,9400.11
-319.588,757.97,9304.59
-345.614,682.844,9240.67
-340.137,630.597,9185.56
-235.394,570.462,9090.26
-171.992,511.414,8955.26
-188.765,492.933,8893.83
-160.751,553.663,8844.55
-236.795,615.175,8811.54
-315.013,623.203,8825.98
-357.975,564.462,8837.39
-436.369,493.855,8831.16
-594.028,436.851,8847.8
-811.569,358.686,8914.87
-1033.36,181.49,9011.51
-1229.7,-98.6078,9105.16
-1443.36,-298.216,9207.05
-1716.24,-423.729,9289.68
-1907.35,-602.73,9437.49
-1994.96,-738.43,9688.04
-2133.33,-884.005,9859.78
-2246.56,-1044.12,9927.11
-2296.38,-1207.32,9962.35
-2267.81,-1345.15,9944.41
-2180.53,-1418.73,9843.18
-2092.51,-1420.48,9737.17
-2018.97,-1417.68,9678.65
-1943.46,-1454.97,9587.09
-1919.57,-1477.71,9553.86
-1807.55,-1449.79,9491.78
-1728.72,-1442.36,9395.69
-1619.91,-1416.54,9351.16
-1510.65,-1346.84,9308.53
-1458.57,-1298.29,9267.27
-1448.13,-1328.42,9270.87
-1392.47,-1383.53,9311.61
-1247.99,-1386.61,9377.23
-1155.35,-1472.17,9437.25
-1021.73,-1644.1,9428.67
-912.391,-1690.22,9427.07
-907.472,-1734.02,9478.45
-914.702,-1831.06,9567.34
-972.794,-1959.25,9637.13
-1089.33,-2081.5,9687.13
-1175.08,-2154.36,9730.64
-1186.64,-2174.45,9750.39
-1247.33,-2260.74,9769.39
-1281.54,-2364.14,9767.44
-1298.22,-2348.46,9788.57
-1459.35,-2317.81,9846.23
-1591.16,-2346.05,9916.79
-1599.4,-2374.23,9919.3
-1591.37,-2386.71,9826.98
-1610.46,-2470.42,9727.42
-1606.8,-2628.72,9684.81
-1562.49,-2733.67,9651.13
-1510.89,-2801.07,9608.04
-1533.76,-2860.49,9597.6
-1533.19,-2903.3,9628.13
-1466.43,-2969.23,9641.38
-1420.21,-2998.98,9652.08
-1399.26,-2991.94,9687.07
-1370.88,-2977.21,9760.77
-1326.91,-2968.39,9843.33
-1264.22,-2937.25,9899.61
-1177.08,-2844.6,9928.38
-1111.92,-2712.14,9926.97
-1057.25,-2606.07,9848.49
-1017.36,-2548.99,9829.03
-973.121,-2467.62,9886.16
-911.909,-2383.66,9918.62
-884.861,-2300.53,9921.92
-827.057,-2255.01,9884.04
-773.249,-2276.13,9843.58
-809.456,-2318.79,9858.28
-898.978,-2320.56,9921.93
-926.668,-2349.14,9963.92
-917.636,-2365.95,9965.84
-879.06,-2402.07,9893.76
-895.967,-2385.81,9870.7
-892.625,-2388.01,9846.39
-848.346,-2348.42,9840.61
-788.045,-2291.41,9820.47
-726.381,-2301.1,9782.89
-666.633,-2357.79,9753.66
-622.535,-2338.79,9730.23
-607.58,-2265.6,9691.28
-621.61,-2237.39,9673.46
-613.945,-2222.97,9617.69
-599.279,-2160.62,9608.25
-611.64,-2124.7,9633.89
-679.05,-2143.43,9691.45
-785.976,-2173.69,9750.47
-883.508,-2199.19,9790.3
-947.212,-2227.51,9841.69
-984.964,-2245.76,9931.62
-980.365,-2245.48,9966.78
-1021.56,-2242.94,9896.86
-1070.05,-2259.06,9849.35
-1022.21,-2173.59,9888.89
-972.382,-2059.41,9874.33
-969.994,-2033.11,9901.36
-981.618,-2026.75,9950.37
-1006.99,-1990.64,9941.99
-1062.92,-1937.43,9877.74
-1096.7,-1876.64,9836.28
-1007.13,-1832.56,9816.49
-836.59,-1786.7,9768.97
-712.806,-1768.29,9646.42
-577.851,-1751.54,9566.04
-587.467,-1710.5,9541.75
-593.87,-1685.9,9513.24
-525.898,-1642.07,9471.85
-460.426,-1621.28,9442.85
-442.669,-1685.89,9434.89
-395.012,-1771.92,9418.3
-308.857,-1760.6,9362.92
-341.575,-1808.19,9352.4
-366.559,-1891.83,9373.08
-323.96,-1900.33,9349.69
-310.158,-1910.3,9374.88
-316.136,-1985.63,9413.27
-361.659,-2013.23,9431.49
-453.695,-1962.39,9447.04
-567.49,-1913.19,9478.95
-667.637,-1906.07,9509.96
-728.551,-1888.73,9536.7
-778.947,-1778,9592.81
-855.34,-1800.01,9559.44
-894.266,-1786.35,9571.69
-849.719,-1763.75,9654.37
-828.388,-1735.28,9672.33
-831.784,-1693.57,9644.02
-817.646,-1668.68,9643.95
-770.6,-1664.22,9681.83
-708.11,-1655.38,9703.07
-655.832,-1715.17,9677.85
-606.648,-1799.34,9634.63
-593.737,-1839.85,9717.25
-641.6,-1864.73,9640.79
-582.881,-1964.15,9624.5
-562.222,-2010.96,9688.05
-587.031,-2033.05,9748.94
-572.48,-2065.32,9788.26
-542.446,-2088.63,9822.71
-579.543,-2085,9825.8
-545.071,-2059.56,9793.45
-513.711,-2101.71,9847.38
-543.541,-2235.39,9838.11
-535.402,-2261.09,9832.54
-585.955,-2237.49,9868.26
-611.775,-2231.17,9983.02
-643.566,-2141.39,9988.68
-710.413,-2004.55,9911.1
-778.468,-1961.21,9877.97
-791.986,-2010.98,9865.89
-743.425,-2002.05,9896.74
-873.397,-2001.42,10000.8
-866.651,-1951.22,10097.2
-901.861,-1929.08,10012.7
-836.223,-1836.81,9987.92
-769.844,-1782.69,9966.45
-739.122,-1737.9,9920.63
-716.839,-1683.06,9900.23
-697.469,-1656.53,9897.38
-690.942,-1673.24,9839.23
-645.117,-1692.25,9787.77
-666.624,-1674.14,9742.25
-828.109,-1647.21,9668.14
-891.483,-1576.72,9675.83
-935.588,-1512.68,9630.9
-950.614,-1442.22,9571.18
-917.859,-1394.93,9490.84
-892.379,-1393.84,9404.45
-866.641,-1422.45,9347.75
-779.059,-1459.63,9321.73
-784.86,-1525.77,9302.75
-828.082,-1586.47,9324.69
-809.523,-1701.01,9335.24
-813.472,-1740.19,9383.12
-841.868,-1760.93,9488.26
-881.641,-1915.57,9569.05
-912.875,-2047.88,9639.58
-923.639,-2063.21,9741.56
-945.198,-2065.84,9855.98
-1020.62,-2127.11,9918.9
-1089.72,-2095.57,9916.08
-1013.61,-2082.96,9850.9
-1096.29,-2036.85,9925.59
-1027.07,-2022.91,9903.4
-886.586,-1892.91,9912.02
-778.347,-1801.18,9799.14
-740.277,-1754.14,9698.31
-734.36,-1686.86,9667.74
-719.188,-1605.02,9638.62
-712.662,-1570.08,9601.87
-739.62,-1557.7,9587.39
-631.65,-1484.74,9546.59
-712.978,-1409.28,9531.99
-685.922,-1508.64,9565.13
-600.175,-1561.99,9596.46
-569.646,-1581.95,9623.46
-535.797,-1627.91,9626.71
-454.216,-1643.36,9627.04
-391.301,-1603.98,9652.32
-411.387,-1603.82,9686.52
-428.346,-1625.95,9706.83
-389.763,-1640.6,9698.34
-459.238,-1638.47,9696.7
-335.062,-1742.12,9679.68
-344.15,-1689.05,9632.06
-396.929,-1654.82,9568.04
-414.632,-1625.93,9558.84
-437.305,-1543.09,9512.57
-511.71,-1502.02,9387.12
-594.326,-1580.54,9319.28
-631.066,-1514.28,9296.36
-691.887,-1469.58,9481.39
-702.274,-1411.24,9428.73
-880.68,-1409.93,9339.48
-843.745,-1430.44,9320.78
-954.961,-1510.94,9390.56
-1018.89,-1573.61,9477.02
-953.905,-1604.57,9539.51
-875.586,-1651.49,9526.17
-781.279,-1703.68,9439.31
-705.23,-1708.99,9531.41
-813.326,-1744.58,9600.22
-722.497,-1835.52,9605
-723.446,-1794.5,9784.02
-736.748,-1831.33,9893.33
-771.464,-1977.02,9924.24
-716.661,-2041.9,9921.86
-657.744,-2053.31,9940.62
-633.711,-2090.74,9973.86
-555.19,-2067.33,9968.05
-620.712,-1833.3,8964.33
