0,1282.84,18661.9
381.418,128.284,19469
84.7595,0,19054.7
1654.28,992.567,17079.9
726.998,1222.09,17721.1
-70.2487,322.418,18682.5
532.59,-119.265,18457.5
962.101,282.753,18252.5
949.726,304.038,18472.5
1098.82,996.923,18169.6
0,-1019.01,19377.4
430.536,-101.901,19769.1
-1431.22,-443.235,20414.7
-572.587,-166.213,20213.9
246.745,-204.776,19343.5
321.862,-170.646,18903.1
139.489,-191.349,18445.5
-13.3754,-626.344,18691
-73.2472,-910.541,20744.5
-128.556,-640.196,19596.5
405.519,-405.519,18599.5
-559.94,-490.921,19772.5
-272.626,-100.082,18905.8
-650.771,-71.1446,18164.7
-246.268,341.84,18375.5
184.781,184.526,19000.7
357.76,291.636,19220.4
542.243,780.693,19193.8
294.354,-271.17,19532.3
-292.01,-1081.91,19321.9
225.307,0,18684.3
-366.96,0,20511.3
-1206.29,-1063.03,19479.2
-85.0411,-295.924,18424.5
150.457,31.1714,19502.2
-512.45,-792.293,19015
-414.129,-1625.77,17734.7
252.647,-1238.51,18685.4
-72.5612,123.793,20301.1
74.3564,642.857,19636.7
743.564,-230.518,17895.7
191.507,-986.048,19214.8
36.3514,-1703.52,21755.9
606.453,846.345,20503.7
508.525,679.977,18134.3
219.256,-102.36,18257.9
98.9149,0,18660
127.693,-15.8194,17178.1
340.513,-74.4903,16422.3
54.0642,-43.472,16652
540.642,1019.01,18740.1
54.0642,12.5697,20297.7
375.069,1097.72,20159.9
140.651,167.062,18162.5
-121.804,-567.316,17692.1
-101.503,-566.427,18673.4
191.349,428.207,19648.2
334.861,812.633,20021
95.6746,-1064.66,19915.2
467.665,-80.5728,19300.2
371.292,849.665,20120.2
1997.85,738.54,20025.4
435.716,-211.905,18979.3
-295.551,-133.929,19148.4
-168.886,-149.72,17928.3
0,-423.976,17586.3
13.5005,-732.749,19505.2
509.884,-425.474,20612.8
1296.69,526.791,18580.4
0,-353.952,18599.6
0,174.584,18003.6
98.0003,878.53,17877.2
108.738,321.79,18158.7
-89.3345,48.9151,18415.1
256.645,326.328,18962.9
750.313,418.398,20162.1
565.123,-20.062,21204.1
163.879,-127.617,20603.7
87.6078,390.479,18853.2
-1745.65,-871.321,19542
140.833,-478.373,18712.4
415.785,-47.8373,20442
-874.613,-642.586,18929.3
178.382,-240.97,18555.7
-44.7374,441.665,17654
310.365,1263.06,17871.3
369.805,896.08,18547.9
-622.735,-109.758,18489.2
-136.333,688.317,19189.8
-685.486,701.796,20078.1
-719.894,236.853,17695.1
-1337.59,23.6853,20669.7
-374.529,910.104,21342.2
-850.275,341.289,20346.9
-85.7785,-290.917,20299.4
-108.795,-242.431,20147.7
-408.858,44.7752,20037
178.148,602.975,20610.6
-163.852,1398.98,20331.6
-833.007,38.408,18434.6
-956.746,384.08,19517.3
-933.752,130.387,19580.7
-186.239,1551.23,21145.3
0,921.26,20003.8
-1017.48,198.407,20321
-1743.81,-223.977,20067.6
-1711.84,-300.123,19316.4
-1744.51,837.419,19339.5
-1739.72,2320.22,18977.9
-251.646,-236.923,19585.3
147.227,294.454,20974.8
-48.6037,-736.637,20275
-1964.72,1093.04,20841
-2228.86,1358.43,21034.5
-632.013,1730.41,20627.9
174.335,2431.8,20219.6
-467.533,1814.24,19175.2
-954.219,722.817,17994.5
-557.749,1459.13,18775.6
-574.537,467.849,20117.6
0,358.449,20365.2
-103.658,1327.45,19465.3
-1570.45,1035.8,19796.7
-814.367,1427.61,20278.5
-133.764,825.248,19656.5
-1442.32,141.602,19591.7
-1878.61,431.974,19726.6
-541.398,903.788,19637.3
-726.353,871.313,19862.6
36.8012,2167.06,17303.4
-870.345,201.603,19221.3
-87.0345,524.124,19574.1
392.939,2035.73,18787.8
-269.265,557.888,18589.2
379.177,2116.36,17985.9
532.771,2503.86,18321.4
213.429,911.307,19107.4
411.178,203.833,19213
272.625,-53.1228,19315.1
312.288,0.134051,19314.1
12.788,2391.87,18694.9
431.815,3098.88,19553.1
309.417,1828.37,18651.4
863.001,1343.3,18467.1
358.083,1402.81,18591.9
-74.3822,831.164,18178.2
-181.097,882.221,17642.9
-475.754,1357.39,17963
-346.426,0,18763
347.096,-42.9946,18417.4
0,-429.946,20570
318.04,686.132,19503.4
461.914,1097.42,19771.8
911.406,540.713,18635.3
1520.7,698.675,18452.8
506.774,1284.46,17679.1
-1050.57,951.209,17353.5
-790.015,665.793,17936.5
985.073,2142.18,17145.1
1842.59,1650.28,18144.3
39.076,0,19095.8
434.443,133.136,17972.5
-166.059,-324.959,18196.6
-98.1501,-546.732,17953.9
-851.75,-805.831,18601.3
-814.762,-19.3533,19212.8
-337.604,1270.98,18231.3
-323.661,1512.13,17388.7
133.926,640.496,18483.3
-76.5488,-65.1928,16138
-1187.08,-230.335,19303.3
-426.261,-453.569,16722.3
-739.664,-478.373,17829.7
-1695.15,-1231.51,17508.5
-503.489,-897.305,17531.3
267.761,-229.662,18197.2
0,-191.349,18179.2
39.829,-765.397,17406.4
206.667,-1329.88,16914.4
561.59,-947.685,15649.9
1095.35,-1296.52,17221.4
458.368,-1770.09,19025.3
358.676,-83.3852,17942.5
1063.21,-758.723,18439.7
23.632,-806.018,18684.9
-436.39,-335.597,18232.6
0,-145.17,18101.9
298.74,-194.516,19172.1
892.315,-359.071,20457
367.224,-599.431,18961.9
-633.116,-1697.74,17484.1
-63.3116,-169.774,18189.6
244.464,-1041.87,17749.4
730.641,-421.456,17371.7
-131.023,-839.696,17409.2
130.333,-771.986,16819.5
765.597,-600.01,16864.5
510.929,-985.002,17751.6
1204.44,-422.03,17799.1
1706.21,-576.9,19683.9
433.505,-870.804,17397.1
690.443,-949.87,17882.7
1188.01,-399.501,16385.9
711.738,-48.5098,18149.8
522.682,-791.559,18875.4
283.112,-1433.68,18517.2
-223.409,-1608.32,18436.6
-142.32,-1237.66,18140.1
731.797,-278.432,17512.4
309.331,-1167.9,19673.3
0,-1452.26,18331.9
-388.397,-145.226,18860.4
508.011,-1148.1,17052.2
222.87,-430.536,17373.6
661.66,-486.435,18653.1
551.384,-1711.11,19447.1
-525.585,-2535.14,19339
-944.392,-2567.79,18727.4
-106.341,-2438.25,18325.9
-147.79,-582.086,18636
353.355,-905.087,19061.6
-311.781,-1215.28,19127.6
486.687,-518.713,18188.4
228.839,-770.509,17758
710.556,-1209.87,18149.8
219.985,-1299.12,18318.9
-436.628,-1727.53,18224.9
0,-1913.23,18713.9
155.046,-628.278,19579.2
685.662,-990.7,19176.7
-120.46,-2113.1,18735.7
-12.046,-919.464,19678.5
48.8443,-1973.17,18311.9
-82.0592,-1718.97,18074.5
-57.3576,-1355.2,18253.1
319.303,-1298.79,17724.3
166.889,-1462.02,17922.3
-1087.33,-1738.68,18988.5
-2154.56,-1890.75,18215.9
-1214.87,-1840.08,16785.3
-255.828,-2202.6,19424
-1483.17,-518.519,19264.9
-1058.81,-953.666,19218.4
-374.612,-1573.19,18339.5
409.712,-2215.45,17699.5
103.678,-1733.91,17941.4
-341.883,-797.83,18002.5
0,-678.642,17780.6
13.6996,-1107.07,18873.6
64.165,-1747.14,20015.4
25.1671,-2096.05,17479.5
2.51671,-1724.47,18108.3
741.179,-2213.8,17831.8
277.942,-1301.32,16840.1
496.294,-1698.73,16529.1
569.353,-2243.66,18002.4
18.7518,-1955.42,18183.7
-294.311,-1388,16751.1
0,-1029.49,17740.3
20.9616,-1196.3,17865.9
209.616,-1913.49,19371.5
1040.62,-1981.43,20064.9
609.29,-773.956,19692.9
143.512,-632.75,19856.4
-709.626,-990.592,18442.4
-734.869,-1380.67,18445.4
-882.224,-1521.23,19186
-1121.28,-1259.51,19424.5
396.546,-871.154,20665.3
348.34,-994.008,19150.8
186.306,-1329.36,16637.3
18.6306,-202.606,20759.2
-75.5615,-2160.55,18428.5
248.325,-1670.65,18338.9
707.929,-769.92,18746.9
458.198,-767.574,18152.4
-13.5703,-1238.31,17769.5
-82.2999,-2128.66,18443.4
-47.382,-3008.77,18875.5
442.629,-715.437,18690.2
-467.758,-2849.01,18993.2
-192.849,-1771.27,17065.5
55.2099,-1183.37,18000.5
138.573,-540.179,18193.3
60.3979,-1724.54,17634.1
381.48,-2101.28,18257
625.122,-1123.82,19012.5
292.856,-889.442,18035.2
244.823,-1334.64,16985.8
1101.71,264.134,18807.4
0,-1833.12,17759.1
1528.16,-1419.5,18456
339.591,-1743.02,19459.8
0,-1570.42,19301.9
0,-801.722,18779.9
-791.143,-697.644,19648.6
-1658.27,-1057.4,19943.3
-1240.57,-955.369,18906.5
0,-678.281,19331.9
12.9245,-834.251,19360.9
129.245,-232.752,19367.7
-0.541029,797.4,17907
78.1391,-1105.03,18474.2
887.791,-1071.64,19661.1
106.878,-1005.52,20284.8
-105.155,-1136.44,20164.2
256.86,-862.604,19196.8
-150.765,-1018.64,18668.2
-431.821,-2326.15,19855.8
18.8067,-1846.96,19413.5
1528.19,-770.615,18762.7
195.558,-2187,17030.5
292.417,-3231.13,16878.3
106.095,-1542.03,17939.2
81.5151,-905.777,18014.7
67.9292,-1231.33,18806.9
0,-1369.57,19689.2
-258.792,-1378.45,19671.1
-690.111,-1458.47,19906.2
-122.585,-788.985,18771.5
-1225.85,-886.991,18716.4
-263.487,-554.46,19813.2
-31.3115,14.9251,19058.1
-719.403,-110.6,20460.1
-1863.12,-1304.2,20466.3
-1922.1,-1725.1,19331.9
-1110.9,-1344.35,18679.5
-705.679,-1129.24,18998.8
-912.597,-1048.35,19237.1
-1152.69,-1510.77,17562.8
-1295.78,-571.265,17839.1
244.753,-169.536,18631
-408.061,-1036,16704.1
-380.385,-656.519,19512.8
247.78,-32.1116,21882.4
90.1956,-124.029,20337.1
-620.006,-275.23,18012.1
-644.638,144.556,19056.3
79.2184,359.075,21229.8
356.483,-114.201,18181.2
0,46.2711,18656.6
-308.734,4.62711,19087.1
-68.6077,-155.724,18752.2
-244.753,-1062.98,18501.9
-100.302,-574.048,18766
32.964,-542.824,19431.5
-391.813,-1304.41,19300.6
-763.9,-1586.27,18972.3
-399.955,-1278.28,20088
-956.711,-478.373,19602.4
-956.397,-478.373,20091.5
-896.434,-183.885,19426.9
-870.844,-553.349,19038.1
-946.24,-793.199,18624.7
-105.208,-417.907,18612
511.466,-509.236,16955.4
326.735,-1267.05,16104.2
313.811,-820.143,17546.9
836.83,1075.23,17945.4
57.0792,-697.537,18497.6
570.792,92.419,17838.4
131.41,9.2419,17476.2
396.714,0,18409.9
-218.065,0,17985.9
-756.155,-275.038,18608.8
-847.923,-680.218,17049.6
-612.927,-79.4578,16834.4
-622.407,756.527,19583.3
-1121.68,-303.631,19139.5
-643.217,-777.099,18959.9
-91.5307,-295.312,18519.3
-261.118,-29.5312,18656
-344.24,0,18470.6
413.035,-74.2972,18808.6
297.787,-42.4555,18783.9
733.732,534.127,17994.7
1144.87,537.735,17774.3
561.439,-180.63,18681.4
358.997,-87.5952,19252.7
669.722,-278.037,19265.6
2391.87,1161.42,19408
988.771,594.714,18572.2
853.147,564.065,17851.9
374.334,1670.65,19080.5
36.3688,584.755,20392.3
625.131,566.915,19352.5
780.571,1234.57,17777.3
0,608.206,17445.4
0,300.195,17595.5
116.186,136.658,20517.6
1161.86,1526.21,20684.1
1086.48,1052.21,18750.1
351.333,940.868,18027
678.042,1154.73,18387
387.175,1505.15,18231
341.603,1393.52,18173.3
317.204,923.411,18818.2
-93.021,446.716,19776.2
-233.847,191.349,19868.6
-1182.64,861.072,17904
956.746,0,19476.2
526.211,400.626,17877.4
625.904,-146.14,19733.1
533.697,809.556,19158.7
318.548,565.17,18671.8
1003.05,671.293,17819.6
1613.78,753.378,18152.8
867.202,97.4858,19172.5
-82.746,282.03,17617.1
518.656,345.407,18450.9
136.408,2461.02,20160.8
455.056,2188.95,18343.8
-100.819,1480.38,18101.7
-398.605,1408.67,17828.2
276.905,692.238,18511.1
385.047,1942.78,19061.3
583.579,2793.39,19867.9
769.386,1004.58,20330.9
-747.25,30.1473,18656.6
-340.094,231.104,18640.5
0,954.411,18496.3
-964.409,629.315,18847.2
388.43,802.709,16975.6
226.029,3549.97,16049.9
69.5924,2456.02,17041.3
-322.351,267.939,18791
-398.517,-20.937,19772
456.428,426.822,18984.9
1315.08,500.284,17121.1
1674.7,2208.88,17371.2
181.729,2162.04,18063.3
-335.782,1230.44,19196.8
-654.458,1496.37,18277.2
746.903,2988.49,19448
966.132,2092.59,18773.5
346.62,1999.39,18772.3
-378.721,2653.92,19142.9
-933.878,3158.54,18912.2
-493.293,4568.97,19736.7
1054.02,1958.14,18452.9
204.39,1504.71,19200.1
302.33,2569.64,18162.5
62.6425,2023.32,20222.8
1265.97,2942.12,19399.8
723.409,1943.55,19096.7
0,1294.32,19387.3
-151.582,2041.03,18470.5
-262.447,1878.45,17599.8
31.169,526.775,19329.6
106.405,2314.33,19839.7
0,454.101,17424.2
512.999,558.409,18057
-597.514,1946.67,16114.3
-831.336,792.455,18183
-212.2,722.406,18024.8
91.9846,1947.84,17271
0,2960.29,17364.5
0,2555.32,17778.7
0,1480.46,19191.4
0,3315.28,20761.6
0,3284.76,17949.6
107.702,3664.79,18585.9
23.9338,4159.78,18317
0,3488.61,16734.5
-248.346,3068.62,18080.8
-206.955,2711.55,19749
-339.764,2000.66,19029.4
-578.025,1544.31,17598
142.614,1981.9,18306.1
443.019,2269.16,19530.1
0,2391.87,18656.6
430.536,1621.59,20635.5
841.34,1475.03,19459.3
864.502,2031.91,19462.4
770.214,2781.96,19315.3
602.519,2864.55,19065.7
873.288,2164.83,19445.5
1049.46,1381.37,19303.6
212.432,1681.06,17590.8
673.948,3718.23,18385.8
0,1617.41,21003.1
198.223,2380.49,18360.5
398.381,1697.89,18567
600.53,1355.36,17933.9
402.331,1090.36,17984.2
474.665,1195.93,18206.2
434.5,1452.92,18940.6
0,2340.42,19490.7
95.6746,4018.6,18407.2
303.028,2475.16,19501.7
-1275.07,477.493,18497.4
-127.507,3651.01,20748.1
335.83,800.724,20936.9
-460.174,1674.31,19721.3
149.972,1441.64,18953.4
404.077,404.077,18614.7
185.065,1110.39,19263.7
-69.2967,2442.48,20621.2
-1099.7,1952.2,20755.1
-340.006,2861.8,20136.2
-1092.78,684.671,20640.3
-1327.55,1408.97,19432.1
-1353.45,111.299,19681
-1010.37,1133.39,19926.5
-130.65,1943.08,19045.5
178.912,1629.63,19317.7
191.349,1289.7,19785.9
775.968,1848.53,19886.2
1176.28,2311.09,20933.1
70.4195,705.788,18371.4
704.195,1069.66,20736.4
77.6849,132.394,20579.4
85.4853,592.746,19336.5
181.051,2079.73,18248.5
672.754,2010.54,18159.2
1160.04,1985.88,18466.3
1137.91,3058.12,19269.9
111.428,3096.51,19932.9
-1217.72,907.128,19465.5
217.652,1024.93,20460.6
388.589,179.569,18746.3
417.851,69.5006,19940
951.99,1439.88,19042.1
325.413,535.658,19533.7
0,238.786,19917.3
35.6758,294.123,20396.7
110.884,488.563,19997.3
119.127,996.489,18402
76.3846,1464.86,17853.9
377.06,2885.77,19027.1
333.29,3893.64,20781.8
932.396,541.345,20084.7
-343.937,879.886,21524.9
524.007,1409.15,20606.4
547.385,1927.6,18992.7
826.763,1803.96,17994.1
860.677,2113.94,17656.9
195.383,2584.45,17767.6
260.248,1175.51,18108.8
-1160.42,617.213,17661.4
130.594,304.72,16134.6
267.168,3180.71,17171.6
682.491,2856.87,17931.4
234.758,1601.47,17680.9
470.361,1860.26,17255
459.375,1946.49,17394.2
80.8894,2320.46,17647.3
504.46,3371.58,17823.4
1484.86,2844.07,18667.7
674.165,1678.84,19647.7
457.968,1079.18,19490.9
396.71,2499.47,20064
-79.8951,2535.88,19941
-487.911,1180.37,18786.9
-244.976,2503.2,18692
-865.555,2451.42,18174.5
-964.908,1436.91,17787.3
193.584,1986.05,18723.3
172.022,2513.81,19106.8
95.1303,3444.84,17316.2
951.303,1432.4,17697.1
-1067.12,1764.99,17211.1
-51.7858,2012.32,17621.5
286.596,2524.06,18820.3
-930.921,2187.6,19432.9
-1901.24,2077.98,19606.6
-1593.01,1394.31,19159.3
-749.191,289.386,18228.8
-291.836,1137.55,17859.3
70.8899,1653.7,17703.6
-49.0027,73.504,17221.4
-315.544,1418.85,18943.6
-447.346,2222.78,18950.2
-1369.11,2234.19,18083.8
-1826.55,947.473,19687.8
-937.725,559.877,19779.1
0,1151.9,18397.3
0,1646.07,17866.5
-287.024,1776.49,17629.2
-1314.69,118.759,19045.3
-230.845,1187.59,17112.4
-23.0845,992.186,19945.5
-210.875,3388.45,17922.9
69.4144,3988.9,17106.6
-2198.64,3883.12,18282.2
-2292.66,3374.93,18950.1
-1087.63,2335.72,18352.2
-1084.87,1686.15,17818.7
-349.998,1842.03,18400.3
-1588.56,349.552,19661.4
-135.673,2391.87,17628.5
-808.039,2504.61,19097
-1170.16,650.869,17099
-1712.05,1020.41,17731.8
-1310.27,2531.49,19592.1
-799.406,2858.7,20068
-988.464,1929.85,18964
-1368.36,1049.21,18860.8
-1245.57,560.723,20983.6
-1284.5,209.25,20554
-447.521,2092.5,16622.7
-401.542,1500.86,17813.3
-844.684,2120.89,18651.5
-956.746,2696.87,17791.2
-2022.07,2202.29,17409.6
-2168.2,1905.44,17322.1
-1871.97,1787.01,17481.6
-1591.65,2262.28,18599.7
-381.715,3924.63,19888.7
-1739.95,2419.58,18372.8
-222.344,2580.52,15863.8
-1476.99,619.101,18446.8
-1374.79,2186.9,17906.6
-1006.55,2301.91,19957.6
-349.848,2997.78,19030.6
-705.448,3854.8,19118
-1188.63,3603.32,20317.8
-725.536,3093.02,19585
-721.042,3908.18,18090.2
-1762,4054.17,17194
-398.518,2444.85,20384.2
-466.13,4328.19,16685.2
55.7482,4044.32,17899.9
-626.871,2597.22,18551.5
-2418.7,2821.11,17508.5
-3463.52,2234.99,17641.9
-3521.47,1016.09,18872
-2687.88,2122.71,18992.6
-1247.93,4719.24,18041.3
-2942.36,3370.69,17501.8
-3179.25,3981.49,15307.9
-2147.19,3498.42,18838.7
-3212.63,3324.77,18431.8
-2063.24,2659.56,19525.8
-2387.08,2718.39,19180.1
-2374.22,3143.86,18728.1
-1865.05,3048.69,19613.8
-2805.29,2368.45,19670.4
-3628.98,2558.92,17563.7
-239.187,5104.89,18731.2
-2391.87,1813.19,16919.2
-1109.87,2745.3,17017.1
-2804.56,705.412,16892.1
-2000.49,1808.96,15789.7
-1140.76,2487.99,17039.7
-1067.69,2070.03,17818.3
-1004.16,2162.68,17835.1
-490.108,2733.47,18046.4
-598.419,2182.62,17359.3
-2772.02,1506.75,17878.2
-791.369,841.593,17584.7
-1094.85,635.958,19465
-1373.81,1220.23,18426.8
-430.536,3265.73,19307.1
-962.912,2593.84,18343.4
-2416.75,1065.46,19252.1
-2362.54,400.941,20000.2
-746.864,1008.47,18394.5
-264.498,2629.57,18019.1
-1212,1500.76,15758.8
-517.727,-219.51,18138.8
-1638.78,2080.47,18469.6
-352.668,3429.34,18626.5
-94.1846,2350.85,18703.6
-492.427,1870.37,19181.7
-1276.58,1924.89,18878.3
-1296.52,2092.96,18007.8
-900.723,1675.25,17611.5
-1544.01,137.757,17962.7
-572.86,477.338,19303.3
-1655.88,1182.77,18425.3
-1572.15,233.227,18489.2
-1153.52,25.5444,18639.6
-1863.74,271.901,18745.2
-717.033,155.372,20019.8
-30.9653,615.219,20316.9
-1211.21,1379.8,19308.3
-2537.66,1122.69,18585.1
-2264.64,0,18588.2
-913.883,169.969,18543.2
-427.61,1699.69,17221.4
-998.307,1367.1,18712.8
-218.521,1040.69,19460.2
-1243.56,1058.43,18783.5
-1437.44,747.031,18811
-1637.55,404.86,18507.6
-1236.9,161.944,18982.8
-902.863,543.863,20213.8
-2766.05,1523.44,19239.1
-1900.2,-66.9428,18373.6
-2873.18,-669.428,19040.1
-2157.46,-214.942,19260
-479.454,-32.8888,19568.8
-23.9499,50.4289,19090.8
287.024,28.8165,18473.5
-415.742,62.6317,19497.1
-785.914,68.5858,20092.8
55.4415,-71.851,19028.6
21.8085,5.35014,18516.1
-567.16,965.32,17153.2
0,2170.48,19923.4
-160.574,1615.7,20505.4
-1183.78,-32.397,18999.8
-873.479,319.547,19422.2
-947.14,256.143,19069.1
-578.358,102.513,18731.2
-969.385,-60.7498,18968.4
-2453.86,-321.59,19234.1
-2345.57,331.821,19315.6
-1655.14,1536.86,18866.6
-1893.06,436.664,20757.3
-1977.55,-254.671,19529.4
-3133.97,-1099.02,19663.5
-1279.54,-975.452,20653.2
-831.961,-509.971,20308.8
-692.316,-304.415,19794
-143.574,-417.665,19998.4
204.282,-743.702,19996.1
594.1,-976.799,19186.7
279.611,-350.724,19050.2
575.487,-1286.62,18288.1
95.2724,-2231.04,20291.6
8.38306,-694.863,19259
-142.586,-469.926,18792.8
-81.4776,-782.292,18884
0,-47.4306,19090.1
-41.4558,763.963,18145.4
-72.5476,403.884,17153.8
-161.691,-373.768,18695.5
-803.275,-1141.44,19278.5
-756.637,-378.319,17599.8
323.27,-460.467,19834.6
-99.5259,483.3,19989.5
-1128.67,40.1069,20458.2
-1205.63,-272.487,20523.8
-1235.53,-177.359,19593.1
-1294.16,-513.298,18807.7
-721.921,-1058.32,18923.2
-42.4392,-443.334,19141.3
-206.437,853.789,19414.2
-154.609,647.528,17622.5
-15.4609,-20.3737,18841.8
-811.229,-131.206,17639.1
-1176.39,-551.406,18062.5
-1142.84,-578.051,18189.6
169.006,-244.943,18339.9
659.197,-6.90788,18324.4
-514.641,163.332,17886.4
-403.808,435.553,18217.1
409.315,-53.2928,19476.9
0,-532.928,19613.3
-1145.06,-1198.35,19515.6
-123.968,-637.155,19087.2
48.9334,-143.512,20146.6
-175.673,0,18304
-146.394,0,18189.4
143.321,-429.964,18814.1
400.495,-752.437,17810.8
455.408,-95.6746,18452.6
336.1,-523.03,18906.7
829.528,-924.942,19134.9
-55.6983,-161.82,21426.3
415.256,-15.4057,18198.6
759.287,0,18799.2
338.292,-484.233,19180.6
905.766,91.8395,19844.5
1241.11,537.312,20424.2
405.893,-39.3867,20363.5
530.571,208.808,20417.2
895.458,208.816,17983.4
1406.82,-37.7365,20588.9
140.682,1361.12,19101.7
0,-345.806,17181.7
0,-691.535,18545.3
382.809,-1755.1,19782.1
319.008,-2150.39,20192
-65.6883,-1584.08,19638
-278.69,-1023.14,18738.4
-397.904,-382.699,19200.6
175.443,-98.047,19934.6
11.8617,-980.47,16778.6
109.666,-420.103,19655.3
406.805,-621.659,19334.9
-802.54,-836.19,19718.3
320.47,-359.946,18906.5
832.828,0,18958.7
595.227,-117.143,19041.1
689.073,125.771,18568.4
-123.508,927.364,19629.7
643.415,111.528,18883.9
-1269.33,-923.589,18211.3
1117.08,162.933,18659.6
1424.54,-125.567,19450.6
430.536,-68.3619,18280.6
268.07,0,18560.9
1032.93,0,20134.6
1080.07,-108.624,20608.6
428.25,-281.649,19755
826.435,-307.295,19435.4
988.248,-337.43,18637.9
1271.76,-532.827,17493.7
978.347,-1051.27,18109.7
406.586,-1091.52,18943.6
287.141,-394.689,18206.7
685.075,-326.186,18585.1
951.364,-418.655,18341.2
965.609,-215.362,17901.5
855.144,202.068,18651.8
548.774,532.263,19565.1
511.061,-29.6299,20553.2
805.248,0,19059.2
511.061,-264.557,17970.5
1095.55,-589.714,18643.4
-468.751,-199.096,18029.3
-443.642,0,17960.1
383.894,-562.635,19006.2
813.071,-675.162,19307.2
936.652,72.1786,17950.8
669.016,187.826,16752.4
112.88,-20.9273,17042.8
1338.07,0,19322.2
133.807,0,18908.3
131.188,0,18577.4
126.635,-631.003,19023.7
204.323,-296.544,18127.1
376.436,53.3573,18022.9
807.841,249.208,19069.1
957.742,634.036,19370.4
148.962,525.859,18662.4
17.4052,-128.546,18790.2
0,-1198.44,19731.6
904.899,-550.38,19194.6
469.636,-95.6746,20054.7
100.705,0,17996
331.816,-107.856,19543
424.038,-237.405,19408.1
835.572,-644.223,18589.5
912.049,-1298.39,19781.3
-539.2,-1103.17,19079
458.405,777.407,18905.8
0,-279.274,16564.7
1051.71,-251.405,20136.7
519.297,-146.777,20465.6
107.094,-362.374,20850.7
0,-186.26,19603.1
-136.876,-69.1324,18725.7
-665.518,-333.592,18798.8
-750.628,-58.8416,18996.6
678.46,1183.16,19020.4
1534,671.769,17378.5
0,-952.322,17851.9
0,-337.876,19170.9
-747.704,-356.541,18005.6
-280.389,-113.483,19343.5
357.371,211.041,20153.9
424.037,202.408,18972.3
-556.409,-25.6654,17812
-1238.79,-233.628,18288.2
-147.215,-435.57,19357.1
-603.239,-364.334,20172.4
592.289,0,18246.5
658.491,1047.24,19831.5
70.1277,421.845,19305
-923.682,8.19616,19489
-959.759,-647.542,19421.3
-247.602,-880.567,19435.4
50.3354,-62.2832,19790.4
-737.242,526.211,19792.4
-1546.63,-344.757,19104.9
-170.735,150.383,19145.2
0,-203.524,20091.7
0,-20.3524,18519.1
397.939,-183.729,17293
448.163,-68.8985,19591.5
170.82,-192.072,19660.6
478.373,154.303,18307.7
121.005,75.2069,18097.6
-369.399,-98.0141,18173.5
1056.79,1579.81,16915
-443.774,2063.71,17868.5
-1182.12,1209.74,20542.4
-1238.95,-391.631,17895.3
-249.053,651.485,19239.3
-1236.94,235.773,17819.8
-1171.7,-29.2864,17256.4
296.996,281.523,17875.5
821.271,18.2838,18534.3
-269.148,-155.479,18731.3
-649.759,1416.43,18289.3
215.032,1483.07,17459.5
-908.25,-462.208,18920
339.711,174.038,18262.3
95.6746,-322.849,18191.3
66.5766,598.854,18985.1
-456.103,257.157,18265.1
-1193.25,194.313,17648.1
-1757.58,-107.695,17048.5
-1337.7,-500.76,16760.6
195.64,993.122,18467.8
-256.625,-139.159,18407
269.163,0,19075
-244.36,-90.4253,20080.4
691.889,718.854,19333.1
-291.249,-50.5024,20483.9
-327.608,267.534,20076.3
-334.478,713.427,18461.8
-401.374,933.234,17954.1
-110.371,1173.63,18841.7
-294.323,875.481,19206.8
-56.1951,1025.16,18645
-561.951,0,18947.6
-345.289,212.164,17889.1
-136.624,1171.12,18217.5
-27.1428,1134.39,18795.9
-1296.68,407.372,18930.8
-1859.12,122.001,17993.4
-1492.4,146.401,18094.4
-976.73,-57.2846,18819.6
315.004,-152.759,17328
1448.81,-79.1323,18515.6
312.95,-791.323,18455.3
-1209.3,249.369,17118.4
-400.612,73.0004,18360.8
-49.6446,0,18002.4
-502.828,0,18148.5
-417.691,956.746,18741.3
-563.692,1158.45,18125
-1203.06,516.409,16971.7
-577.609,1464.43,18046.1
-282.246,653.544,20260.9
-2822.46,430.59,19278.5
-1636.48,-230.912,17583.7
-2155.28,909.743,16991.8
-2418.46,363.985,18254.8
-1321.13,699.411,18716.4
-280.428,1061.22,18967.5
-574.048,1123.68,18912.6
-902.85,1368.78,18751.9
122.49,1039.08,19511.8
-835.802,-86.5176,18624
-1662.05,1208.19,18648.4
-1422.99,120.819,17829.5
-1044.68,-612.054,17784.2
-670.339,728.766,18733.1
-615.177,844.698,19134.9
-1174.22,669.64,19247.6
-1075.83,1528.76,19527
-450.028,2074.51,19203.8
-1014.5,844.716,18222.9
-467.892,365.291,19465.4
179.145,-99.7428,17799.6
-1233.22,-854.855,18164.6
-1143.57,377.366,18071.5
-677.24,35.5869,17942
-947.368,-100.761,18239
-655.965,1109.86,18269.7
-364.563,1816.71,18894.6
-776.566,1279.07,19561.6
-1019.67,1106.02,18267.4
-2281.62,-38.0613,18332.5
-2236.17,1512.97,18256
-223.617,151.297,19685.7
589.591,1019.89,17921.9
-100.916,382.457,19335.1
-612.529,0,19252.6
-357.102,226.653,18889.5
-153.926,807.55,19778.4
-638.267,1101.3,19823.1
-983.721,530.023,17863
-33.5735,410.803,18798.9
-335.735,-55.9558,18880.4
-2714.8,-293.62,18150.4
-2116.72,-193.221,19185.2
-2375.14,199.407,19233.7
-1329.75,596.31,19291.2
-257.695,396.894,18317.4
-1162.28,209.563,17806.3
-2242.27,456.571,19087.1
-873.349,426.723,19622.6
-1207.51,399.276,17701
-35.462,106.386,17292.4
62.1681,470.639,18848.7
-275.787,828.197,18294
-1113.48,272.241,17691.6
-478.841,334.978,17625.1
65.0622,82.7933,19092.7
-71.9454,338.422,20382.1
-824.865,1353.88,20176.2
-2305.5,1105.59,19757.1
-1718.35,740.562,18494.6
-909.024,-430.651,17811.2
-3118.62,-43.0651,19447.1
-1820.92,-321.678,19095.1
-430.536,-120.629,18866.3
0,752.408,18974.9
-192.436,1487.53,18148
-544.097,1804.92,18119
-740.032,1590.06,19366.2
-1139.73,720.02,18653.9
-2967.47,379.578,17254.8
-1424.18,21.8847,21979.6
-142.418,1623.42,18988.9
-352.965,2010,17861.4
-341.371,1770.43,18546
-1694.65,731.628,18378.8
-1926.38,812.613,17002.1
-1582.69,1475.72,17025.8
-1480.93,1527.72,18436.2
-546.594,1788.12,17783.6
-2607.82,1917.09,16588.3
-1481.52,1481.52,17198.2
-1708.27,1364.76,18080.2
-1496.34,1996.39,17986.1
-612.751,1651.84,19110.7
-142.057,1160.85,19377.3
-337.154,1271.31,18220.7
-1201.3,1199.7,18326
-1917.48,822.451,19936.8
-1186.74,1001.8,19390
4.10671,278.912,17744.9
-1306.85,1606.15,18742.1
-1286.18,2743.83,17056.9
-781.562,2028.44,17424.5
-1381.98,1935.62,18432
-1535.25,2804.6,18426.6
-1142.1,2896.73,18761.6
-723.009,2212.14,19416.1
-368.371,2306.19,19744.8
259.324,3645.89,20124.4
958.928,4725.9,19399.2
-2080.31,3223.99,18302.8
-2145.81,2505.67,18283.2
-877.445,1155.41,18804.9
-357.879,568.538,19156.3
-151.594,2413.19,18628.6
-929.283,2929.55,18561.5
-1267.15,2918.76,18418.4
-340.994,3538.69,18015.1
0,2257.18,18754
-32.7466,2319.95,18745.3
-327.466,2870.24,20022.6
-32.7466,2009.17,17589.5
0,2966.17,19154.5
0,1824.13,18893.8
0,1152.58,19731.3
0,2653.28,19628.5
-77.4658,3411.54,19037
-318.608,2129.16,18702.4
-483.88,1800.6,17206.2
-114.317,1474.05,18176.9
-1333.7,2014.91,17975.3
-405.753,1976.35,21140.9
-60.5296,2179.91,19477.2
-1004.58,813.812,20317.7
-574.048,1804.57,20412.6
-947.777,2640.02,19622.3
-1384.25,2675.76,20102.4
-289.048,2841.05,21296.9
-84.3975,2126.23,19969.5
-2024.96,1470.56,16968.1
714.794,1677.07,18431.2
295.507,1907.37,18032
320.129,1692.68,19084.5
-568.343,601.655,19804.7
-1347.16,924.999,19720.4
-31.9635,1875.19,18710.8
895.57,1623.93,18280.4
-53.4351,1082.56,18854.4
89.2641,2537.38,19371.6
393.313,3425.31,21425.5
-83.7495,675.685,19670.1
-1936.95,686.853,19223.8
-517.003,717.875,18562.5
-720.257,243.655,19500.2
-1196.06,875.962,19812.7
117.314,1845.86,19079
568.577,1868.94,18716.1
-1036.77,986.415,19249
-1011.77,247.95,19536.8
-32.0981,93.3187,19393.4
-320.981,0,18813.9
-32.0981,2583.22,18887.2
-19.6579,2689.64,19450
651.07,810.268,19594.6
376.252,1591.77,19109.8
126.511,3020.39,19325.6
151.813,3378.36,19324.7
10.7185,2689.32,18699
-0.584647,1386.1,19024.7
-167.566,2117.1,18650.3
-363.13,956.746,19250.2
916.604,2417.7,19160.8
-426.415,2046.8,19074.5
-594.569,2775.33,19445.9
-650.737,2732.02,19774
-721.033,1228.45,19276.1
-559.534,907.426,19326.1
-522.386,2431.48,20382.6
-921.577,2939.5,20078.3
-861.072,3345.1,18108.2
0,2391.87,17553.6
560.316,3683.47,20698.9
-15.7408,2296.19,17931.4
247.121,784.917,18275.5
171.266,887.343,18794.2
-267.501,2341.66,18393.2
130.376,2945.9,18161.2
789.909,2718.28,19072.1
95.6746,3464.63,20433.3
481.468,2101.34,19858.7
509.317,1720.72,17761.7
744.289,3353.54,18195.3
-521.641,3182.54,18161.4
131.363,3707.01,17326.5
651.69,3204.59,17052.8
739.453,2349.57,17158.3
838.214,2542.15,17599.5
686.22,3078.09,17932.4
43.993,2627.21,17659.7
23.3584,3300.78,18774.2
233.584,2870.24,17978.2
23.3584,2851,18588.7
369.666,2826.87,19752.5
-55.3235,2185.86,19467.1
-110.828,3015.77,19866.5
-1505.58,3141.71,19137.2
-2213.43,3264.95,18037.1
-1256.68,3370.4,18726.3
-1357.41,1322.83,19876.3
483.709,2642.44,18947.6
531.728,4837.09,20091.7
-133.78,1401.41,17545.3
337.326,2477.16,18748.9
635.741,3293.14,17791.2
702.365,3690.87,17682.8
424.05,2061.14,18305.7
104.19,1231.67,19162.5
538.669,2502.98,19845.4
1746.34,1933.71,19495.8
1865.66,1087.69,19230.1
1435.12,2774.74,18561.1
574.048,277.474,19640.6
137.049,1613.54,19684.1
297.977,2290.03,18917.3
-261.991,2713.53,19649.2
-176.931,2464.99,19278.4
395.258,1759.82,19328.7
493.04,1719.14,20107.8
455.274,2245.13,18224.4
0,1312.49,19199.8
0,2359.16,19783.7
-111.084,2596.96,18074.8
-24.6853,1710.32,18690
560.816,2127.06,19614.5
3.39389,1149.98,19420.7
773.457,902.902,19028.9
1625.4,2042.99,19231.7
368.933,2176.86,18670.8
-805.35,447.177,16499.3
-1.66638,0,16798.1
658.176,0,17967.9
-7.33186,1181.88,18413.2
-1001.13,1247.52,18728.4
-369.328,369.328,18821.7
0,689.891,18903.6
-675.347,574.909,19197.5
-800.728,0,19797.8
-62.7659,-231.232,20193.2
-782.911,-760.598,19969.9
-2709.96,-673.542,20232.1
-1435.12,-256.421,19322.4
-3446.94,-1624.53,20840.6
-2505.05,-835.641,19153.5
-1057.01,212.776,17996.7
-959.818,40.689,17596.6
-405.241,-184.863,18778.1
249.014,-557.702,19115
-194.658,-909.46,17921.2
-466.569,0,18335.1
236.331,217.759,18341
0,2177.59,18285.3
-1290.3,-1069.91,19050
-198.751,716.759,19636.4
214.908,739.92,19657.8
103.951,207.903,17407.9
392.691,1524.36,16490.3
636.308,2159.39,17887.2
-23.8664,460.791,18665.2
-816.597,-311.953,17599.6
87.0653,-78.2468,17923.7
87.1394,-782.468,18178.2
47.1967,-78.2468,18608.7
915.836,-278.78,18656.6
-663.274,229.241,17319.3
-1046.61,33.0079,17763.1
-849.768,-621.271,18070.4
-1817.51,-813.388,18676.7
-2744.16,-825.317,19494.7
-2046.53,-1409.74,17962.4
-3134.26,-1252.91,17741.3
-1644.62,-755.094,16533.6
-238.804,-112.68,16477.4
-16.5204,-1179.49,16499.4
462.073,-439.21,17911.1
130.222,-353.934,18465.4
-1062.27,178.932,17591.3
-949.553,335.095,17213.8
493.461,-280.302,18194.9
167.072,119.952,18788.5
-1610.83,-1178.47,18344.3
-4594.55,-1771.61,16837.7
-955.36,-177.161,20837.5
-2517.5,-1234.53,19811.2
-1883.29,-1272.75,18588.5
-1720.65,-1500.93,18482.7
-1659.12,-1095.88,18707.3
-1564.55,-800.74,19332.3
-1641.61,-1270.85,20169.4
-1472.26,-1258.41,19985.5
-2428.81,-1554.69,19573
-901.998,-1407.75,20433.2
-90.1998,-2431.87,18330.7
-758.653,-812.593,19844.5
-284.495,-1496.78,18100.4
0,-1981.38,18907.3
-220.764,-1397.26,19583.2
-531.323,-735.112,19570.6
-466.212,-665.112,19312.2
-92.7768,-1038.41,17422.3
-701.539,-2121.5,18676.2
-2840.43,-1906.04,16765.4
55.5331,-960.716,17224.4
458.16,-816.227,17421.7
-522.801,-1691.84,18518
-318.65,-921.682,18457.2
51.7507,-430.349,19228.4
-132.229,-614.616,19873.7
-231.401,-417.003,19589
-363.114,-563.323,20433.4
-1592.41,-1697.75,19769
416.026,-1485,18594.2
-285.065,-1014.59,18655.3
-807.015,-1906.86,20571.2
-2128.22,-2120.72,19847.3
-1154.24,-1494.91,19424.6
-194.607,-1144.56,18994.6
-607.105,-1383.44,18416.4
-941.704,-1442.75,17692.3
-383.148,-795.848,17235.5
-541.648,-503.532,20456.9
-2675.89,-3665.03,16013.1
-875.023,-2569.26,18492.4
-134.985,-1604.82,19611
-416.828,-418.245,19338.6
41.6921,-7.14433,19105
136.622,-771.819,19159.4
-115.934,-1520.65,18974.3
-197.669,-1720.96,18573.7
-504.636,-2057.5,18827.2
0.264264,-1309.79,19905.3
-1009.06,-687.625,19239.6
-535.151,-1653.58,19572.2
-96.499,-352.181,19590
0,-351.764,18017.8
267.789,-1344.3,18993.4
-681.442,-2032.14,19788.1
-1648.26,-2218.1,18399.2
-1071.68,-1758.45,17767.4
-231.684,-676.979,20342.4
14.447,-1412.71,21124.3
144.47,-884.512,19134.9
14.447,-1753.1,19517.8
-694.253,-823.764,18997.6
-429.568,-1396.82,18660.2
-907.485,-2913.31,20245.9
-812.11,-2936.85,20144.3
-345.836,-1498.56,18535.6
-0.514185,-576.319,18301.8
851.654,-850.297,19319.7
64.3223,-984.347,19869.1
495.964,-1527.28,18160.6
-672.835,-833.192,20245.2
86.8149,-1570,19874.7
7.83336,-1164.14,19939
209.743,-1193.52,20210.7
215.226,-1332.87,19650.1
-977.6,-1341.17,19268.9
-1374.27,-1098.59,18744.4
898.25,-157.541,17010.1
-30.0722,337.461,19080.8
-338.636,-817.01,18403.9
763.698,-974.528,17371.4
177.236,-1583.56,18732.2
27.6472,-2445.66,19963.5
-150.21,-1470.73,19202.7
11.9282,-814.298,18074.4
27.8685,-1105.47,17662
-391.601,-1521.03,18182.7
-428.493,-1921.83,19627.1
-396.111,-861.072,19934.9
344.246,0,19210.9
683.475,-1304.59,18069.4
-902.332,-2968.8,19099.5
-366.916,-2344.03,18244.8
14.5978,-1090.91,18420
-279.288,-889.274,18660.6
-964.045,-1001.22,18112.9
-1100.57,-634.982,18020.6
-172.665,-1144.46,18786.1
-727.932,-3045.23,17820.1
490.617,-633.75,17221.4
49.0617,-538.651,18230.7
0,-443.744,18807.4
332.76,-794.419,18410.2
764.196,-955.546,19044.1
1066.91,-827.727,18433.3
885.496,-1053.02,17814.6
649.556,-1371.74,18882.5
649.411,-945.982,19327.1
-1072.79,-1382.45,18894.7
353.25,-2767.23,17979.4
35.325,-1220.78,19880.4
67.5326,-1560.48,18808.5
-610.447,-1244.13,17334.4
-156.024,-1155.05,18647.3
646.31,-1570.43,19020
568.297,-1789.92,19178.3
287.024,-1560.37,19666.3
998.896,-1501.94,17464
1154.68,-1547.86,18089.2
1039.37,-956.746,19184.9
103.937,-1111.4,17330
0,-1886.54,17736.2
-669.722,-1053.22,18888.6
-956.746,-625.471,18735.7
-478.373,-747.353,18933.5
0,-751.4,19279.7
0,-841.284,18697.7
-44.1826,-1386.49,17727.9
-198.822,-1291.05,16166.6
0,-2311.61,18258.4
0,-797.223,15419.5
0,-2670.54,17912.5
0,-1094.45,17491.4
28.7214,-1409.97,18208.5
23.9345,-1967.83,19743.8
0,-1257.12,19682.3
150.424,-948.112,18960.3
401.13,-1544.83,19917.9
0,-431.476,19345.4
0,-1194.75,19618
0,-1806.55,17065.6
-99.2132,-3436.49,17433.6
-706.927,-3580.59,19404.7
-382.699,-1897.08,19131.9
-259.566,-1140.13,17913.9
-414.484,-1155.43,18142.2
80.1924,-1245.97,18534.1
694.536,-2262.64,17043.7
0,-1555.22,17933.1
0,-1435.12,18305.2
0,-2198.91,18385.4
-765.397,-1604.39,18603.6
-287.024,-1999.22,20283.2
-494.361,-2357.14,19401.3
-639.66,-2173.95,17902.2
74.9633,-1913.49,18110.4
-9.91304,-1769.98,19124.4
-2016.35,-1591.63,19300.2
-1701.17,-2198.06,19599.4
-586.512,-2021.63,18702.4
-2721.4,-3411.99,19013.5
-1687.43,-3339.8,18387.1
-1567.64,-1989.52,18099.9
-661.002,-2439.75,17839
-804.74,-1793.94,17221.5
-1513.48,-878.576,17352.1
-958.635,-1400.35,18826.2
39.0903,-1512.74,19856
-80.7056,-2717.23,18882.9
-2566.12,-2914.63,20132.8
-256.612,-2444.14,18179.2
279.314,-1312.69,17962.7
-1495.74,-2322.04,18023.5
-2008.28,-2190.88,18570
-1444.45,-1880.38,19566.1
-1021.82,-1406.54,19591.2
-826.256,-1073.57,18688.1
-672.518,-2145.13,18724.9
-1137.31,-931.415,18525.5
0,-1109.92,18159.3
-160.449,-1913.36,17906.2
-698.604,-2543.04,19061.4
-276.268,-3147.47,18718.2
85.097,-3399.06,18319.4
-4.45694,-2522.45,17817.3
-1963.59,-1549.39,17694.3
-3250.34,-1995.48,18531.2
-97.2194,-2892.76,19383.4
-437.487,-1733.7,19015.6
0,-4386.18,18045.7
839.545,-3366.26,16141.4
-84.4155,-2069.66,18155.2
304.273,-1607.77,17797
337.833,-2381.35,18080.7
-322.235,-3967.53,18867
-1192.84,-3568.37,19016.9
-1620.34,-1820.86,18022.5
-964.825,-2279.91,16504.3
289.978,-556.816,17047
-1068.61,-925.84,16488.4
-1395.53,-2245.26,17581.6
12.0618,-2223.33,19231.3
403.088,-1438.48,19384.5
-20.623,-1789.68,19102
-802.539,-1811.95,18100.3
-776.037,-1647.21,18222.3
-185.049,-1795.44,19014.4
-437.752,-1202.49,17730.6
259.824,-997.402,19041.8
91.2156,-273.647,17495.1
-1728.67,-2641.87,19276.3
-890.111,-3280.34,18155.5
316.538,-3678.25,17409.2
288.865,-2958.55,18167.3
13.2951,-2351.98,18272.4
-142.591,-1895.7,18431.5
-709.1,-1148.76,19154.3
-1091.21,-810.317,18826.9
194.783,-435.845,20183.9
-745.053,1027.31,19401.6
-142.969,102.731,19851.5
15.5604,1061.56,17992.1
11.5404,286.824,19273.6
299.155,304.3,19504.1
249.296,70.348,18669.6
41.0643,-351.617,18496.3
135.241,-279.541,18935.5
41.0643,-619.296,18919.5
-585.731,-1012.13,19203
-99.8265,-1485.03,19892
95.653,-1281.66,18946.5
272.344,-1132.25,20261.9
-911.258,-1772.37,19824.1
-574.048,-2028.54,20433.5
0,-2148.13,21020.6
382.699,-1947.38,20812.9
669.722,-1643.84,20778.8
27.5724,-1923.61,21193.1
-7.73144,-988.074,20677.7
-1318.07,-29.2621,18656.6
227.325,-2.92621,18728
79.8071,847.396,17825
254.571,732.925,19055.5
1029.91,-5.85243,20038.4
923.179,-202.568,19794.4
223.37,267.528,18706
-227.306,695.481,18569.4
-606.151,582.708,19762.6
0,35.439,17648.9
0,1409.29,20527
-179.98,642.041,17732
1206.01,445.1,19508.7
-198.842,125.153,20299
991.391,829.521,20189.1
1382.53,691.267,19897.3
920.73,-251.007,19106.1
1477.97,-439.263,17817.8
831.243,-248.4,17016.9
-593.998,-1165.64,17120.9
932.666,-478.373,20521.9
201.842,1457.15,20026.1
1156.31,1665.93,19684.8
1330.78,972.283,20657.6
804.858,1169.66,19636
440.04,749.494,19651.6
506.48,617.185,20338.4
552.706,1896.05,19555.2
235.092,2669.5,18600.6
6.53826,2310.13,18070.3
65.3826,891.364,20721.5
769.51,950.208,18129.1
535.121,1339.44,18242.2
388.033,766.207,17473
156.936,1333.14,18307.6
440.998,1713.22,18073.7
680.391,1297.23,16729.4
148.73,669.722,16933.5
62.0271,-33.1544,17985.1
2049.43,-186.363,15932.2
956.746,-371.688,15256.3
95.6746,-182.907,17753.6
0,-847.899,19064.5
404.362,-375.318,18591.1
540.385,-0.695431,18764.1
257.767,2486.77,18931.4
100.771,3146.64,18706.9
305.366,1443.29,19209.4
453.627,3318.77,20410.4
500.509,2303.56,19405.4
73.8033,4562.32,17847.4
1134.85,1645.59,19867.2
250.548,1877.93,19010.7
0,1385.21,19012.8
162.12,1880.89,18253.9
305.128,2152.68,18509.1
389.218,2117.17,19448
4.14768,2446.35,19315.5
-841.67,2015.55,18566.6
-63.6659,92.7386,18318.5
-1152.36,282.756,19323.4
315.3,393.368,18241
-171.472,1229.23,19813
-181.925,1394.25,18166.7
-46.7115,36.8698,18045.6
79.3826,-590.067,19083.7
95.2591,441.677,18891.7
379.232,1635.63,17501.8
1391.53,1966.81,17347.9
1870.02,2937.46,19520.7
1588.96,3597.58,18522.3
1077.24,1450.42,19992
555.719,2655.77,19135.6
440.169,2605.89,18952.4
260.937,2566.92,19765.8
-288.495,2196.3,19532
-163.376,2916.71,19072.3
898.804,3504.66,19569.9
1339.44,1079.44,19227.1
901.617,2337.8,17333.7
405.449,1372.89,17148.5
462.908,1615.56,17214.1
295.569,2986.67,18491.1
1378.35,2287.28,18677.7
2124.88,901.364,18191.6
1528.93,814.664,18838.2
1164.4,2289.19,19899.5
1492.86,3262.84,19892.8
953.931,2398.46,19446.8
1225.89,2781.13,19366.1
-657.127,1555.99,17987.8
750.378,926.709,18634.7
648.548,3829.35,18835.5
175.198,4048.57,19722.4
133.841,3070.33,20042.9
369.796,3584.82,19702.8
955.564,4220.25,19026.9
1142.22,3783.53,18555.9
32.8857,3525.18,18544.5
60.4652,1368.41,17891.4
604.652,2644.42,19008.6
-1056.77,2335.33,18670.2
-206.261,3495.66,19773.7
334.232,4119.28,18187.4
181.987,4098.52,17940.2
-237.813,2833.76,18842.8
-233.681,2293.16,19346.4
-184.164,3826,19551.8
-714.76,4966.31,20029.1
205.563,4109.61,19404.9
1264.36,6304.23,17529
594.345,2701.88,18543.8
-2036.88,1815.53,20032
-1411.15,2213.21,19233.7
-347.615,2996.1,19527.4
-326.046,2989.89,19961.9
-391.255,2801.18,19891.5
0.0628672,3452.82,20113
-256.202,3943.66,20060.7
-1127.52,2654.6,18218.2
261.428,4043.93,19958.2
-386.555,1851.4,17925.7
-1133.55,1923.19,17806.1
-1170.21,1405.37,20148.5
-445.441,2859.78,19650.3
0,3674.24,18670.5
-106.006,3539.96,18617.3
-609.974,2971.99,18409
-1106.14,1738.33,18353.3
67.7389,4449.23,19183.1
-481.959,1438.71,19616.9
-286.52,1600.75,21124.4
-52.9609,1605.27,19202.7
59.3266,1031.64,18960.3
149.899,1982.01,19113.1
-658.102,2095.13,19525.1
-905.72,2105.02,19246.3
0,3251.91,17948.7
-197.465,3602.55,17541
-1017.51,3797.49,18892
-1289.21,1913.49,21011.1
-531.954,2829.57,19066
-1229.56,3251.66,21344.4
54.6454,2559.89,20058.5
-109.267,1844.23,17967.9
-320.648,2551.26,18605.7
0,3927.4,19326.3
-54.9381,3542.61,18034.7
-124.745,1146,17486.7
97.9061,977.22,16919.9
0,1435.12,19491
165.025,2726.73,18126.5
36.6723,3950.86,17358.6
0,2374.99,18325.1
293.284,3082.63,18422.8
-783.155,1972.98,18037.1
-680.865,1225.17,17993.3
1323.77,3480.8,18378.2
1010.82,3721.94,19006.5
277.722,2574.73,19219.6
180.027,1553.44,19911.6
18.0027,1253.96,19128.5
0,1068.85,18733.5
334.861,1838.31,17957.8
-131.643,2174.34,17073.2
-269.16,3128.75,17612
188.509,3019.43,17647.5
329.892,1798.54,16785.9
-107.349,2240.97,17708.1
-403.378,632.842,17213.8
796.924,2548.41,19772
371.792,3268.59,18476
-1190.95,807.189,20230.2
-136.087,1404.37,17815.5
355.976,1511.72,17744.7
-341.184,2673.37,17871.6
-574.048,3772.12,17789.6
175.061,2814.89,18535.4
367.562,1426.87,18425.6
-454.713,259.1,18873.1
-80.1007,2591,17779.9
-8.01007,1578.67,17193.4
1086.11,2899.36,17709.5
407.291,1591.21,18285.8
330.825,1211.88,17698.4
200.446,717.56,17629.8
-1198.41,1299.47,17854.1
-2152.01,2401.75,18223.1
-654.132,823.323,19451.7
-378.123,2244.67,17947.6
120.13,717.918,19135.6
-868.614,71.7918,19516.6
-1039.24,2374.34,18532.5
-743.453,2564.68,20499.4
-908.837,2769.61,20145.2
-424.86,1593.27,19784.3
154.934,608.9,19555.2
-430.536,892.207,18411.7
-1256.34,328.576,18372.1
-752.517,1518.28,18579.6
-2654.14,396.841,19018
-2798.19,1753.42,19098
-845.776,2200.01,17493.3
-106.101,1563.96,16617.2
0,761.956,16898.7
0,658.615,18195.6
-647.45,620.708,18449.4
-1563.57,373.526,17802.9
-1264.42,1157.3,18692.1
-515.57,2902.71,18466.5
79.0061,3194.94,20890.4
-71.8679,1153.98,20091.8
-1651.07,1333.54,18440.6
-1099.13,1953.07,17318.2
-1500.08,1805,17856.6
-2011.65,793.778,18084.1
-2381.15,554.034,18840.2
-2202.53,1943.42,20593.2
-323.954,3449.02,20288.4
0,3674.59,18177.6
0,2089.9,19252.5
-1157.29,2289.32,18464.7
-1537.48,1607.61,18603.5
-1484.7,2889.7,18174.7
-472.379,3825.59,17439.8
-632.836,4155.21,16935.3
-1435.12,3960.33,18743.1
-1234.71,2879.67,20786.1
-849.112,1822.19,18683
-1082.62,3233.98,18568.6
-231.588,3194.22,17777
-1125.9,4687.74,15376.1
-1490.24,2695.72,17324.5
-1136.57,2990.9,17820.2
-1668.77,2923.55,18786.8
-1071.78,2302.61,18877.4
-574.048,2649.52,17490.1
-1726.57,4361.71,16988.9
-2333.4,5897.55,18438
-2213.57,5503.66,17549.3
-3771.8,4250.18,18215
-3147.51,3763.33,18612.4
-3418.14,3008.61,16136.6
-3800.65,3169.58,18356.8
-2794.43,2835.65,19111.3
-2500.42,2840.84,18512
-2789.97,2720.11,17829
-2683.33,1990.05,17389.7
-3057.05,1846.11,18110.3
-3156.74,1771.45,19613.8
-3343.57,971.86,20096.7
-2917.57,598.276,18700.4
-2457.14,1350.64,18786.3
-2066.83,1908.72,18839.3
-1638.6,946.686,18490
-2186.84,1604.8,18287.1
-2358.42,2952.31,17849.2
-1388.04,2957.59,17488.4
-1318.27,2945.25,18190.4
-1890.07,2335.74,17917.6
-1133.73,4632.03,18580.7
-2833.42,3287.83,19992.9
-3265.27,1381.04,17624.8
-4031.14,1287.09,17596.1
-2913.38,2328.15,17751
-2919.83,2703.22,17725
-3788.85,2318,18123.4
-4049.94,2579.2,18522.2
-4740.24,3037.12,17868.5
-3848.27,109.417,16493.1
-3492.75,0,16360.8
-2064.46,2435.07,17700.1
-1911.95,1306.52,16709.2
-2058.84,2485.7,17055
-2860.63,2401.48,18411.1
-2622.07,1444.11,19328.7
-1645.69,1201.5,18371.1
-1027.09,1272.82,16949.4
-398.086,560.843,18140.3
-327.593,280.395,19710.2
-1222.69,1435.12,16618.7
-445.631,2080,18828.8
-71.8584,2720.7,17136.3
-669.722,3537.78,18111.9
-1243.77,2391.87,18992.7
-1161.9,2357.6,18226.1
-1102.25,2821.6,17650
-1527.24,2035.95,18330.5
-1889.39,1455.08,18937.5
-2317.61,156.638,19843.7
-1923.99,1154.39,17887
-2427.7,-381.294,19076.3
-1663.24,-359.381,18402.7
-2274.97,788.793,19867.8
-2545.78,1047.82,19139.7
-2602.15,612.478,18656.6
-2383.41,191.25,18920.4
-1550.26,582.53,18367.8
-1177.32,1550.41,17704.8
-2749.99,21.3925,17315.2
-1667.8,349.019,18294.5
-166.78,490.66,19759.7
0,563.246,19213.2
-1054.33,1103.21,17195.5
-1993.61,906.401,17358.5
-1341.42,585.7,19008.3
-368.487,477.77,19202.6
-262.359,403.777,18033.2
-18.1616,120.358,17927.5
-448.817,-1183.22,16928.2
-3670.9,-278.208,16960.2
-1929.1,195.324,19269.2
-1112.51,49.5877,18733.1
-1608.6,-325.925,19271.9
-1329.23,-13.3193,19660.7
-683.276,417.573,18943.8
-628.582,-173.816,17795.5
-1050.04,-1529.06,17051.6
-1014.17,-1734.93,16991.7
0,-47.8373,18288.3
0,-478.373,17847.2
0,926.692,18689.1
0,137.493,17783.5
0,-29.6508,17998.8
-1723.97,-288.849,18542.7
-2233.48,-80.7969,18259.1
-1069.7,305.39,18188
-465.822,218.442,18495.9
-788.336,213.889,17542.7
-569.365,695.262,17041.9
-2282.76,-293.741,17003.2
-1686.3,-626.326,18060.7
-1715.53,-898.053,18804.3
-567.69,-644.819,18816.6
-1610.59,-1299.74,18526
-2118.11,-1983.46,19641.9
-1052.64,-2002.61,20247.9
-179.077,-1268.4,19908.1
-505.471,-260.759,21222.1
-2126.69,-1181.72,20166.2
0,-1562.28,18305.3
-437.784,-1447.84,18628.7
-1117.44,-372.316,19253
-974.544,-211.371,17991.6
-338.277,-201.123,17566.3
-273.196,-82.1806,18375.4
-289.298,382.699,19399.1
71.1875,257.924,18805
9.99322,-883.901,16921.6
-99.2851,914.385,19501.5
-992.851,-496.425,18620.4
26.2159,-426.145,19765
27.8891,-799.877,21052.3
-163.718,-377.724,18621.4
-443.604,-699.443,18687.1
-179.347,-1248.46,19434
194.276,-950.235,19032
73.0626,-842.634,18565
195.465,-1926.61,18772.1
1251.12,-551.391,19305.6
0,-1208.55,18707
648.919,-769.774,18449.4
144.204,-136.877,20912.9
669.722,-597.294,20246.2
294.878,-879.801,19071.3
88.2386,-1003.57,18979.4
130.444,-1539.76,18747.2
32.801,-1593.87,18170.8
415.636,-343.835,18557.9
11.5471,-850.424,17864.3
-1366.71,-1093.32,19203.1
-396.626,-1571.52,18795.1
-1176.05,-707.629,17566.9
-1419.64,-63.017,17316.8
-1018.97,-252.255,17819
-244.041,-668.063,19005.8
191.892,-682.318,19959.2
185.629,-743.601,20091.7
437.487,-1509.63,19868.1
591.963,-1656.39,19093
661.773,-294.973,20163.5
563.94,-1617.19,18740
821.601,-2567.4,18969.9
906.787,-1294.78,18814.8
803.682,-416.17,17786.2
483.15,-424.022,18094.6
145.73,-1670.67,18497.6
6.68759,-2613.98,17623.9
-29.037,-1061.13,17669.7
-84.245,-1022.42,18585.9
464.217,-485.451,17207.3
1529.55,-1675.08,19659.8
1139.45,-1171.32,18484.5
638.562,-1298.13,18151.3
110.207,-1019.07,18621.7
29.0555,-759.882,20270.2
116.009,-834.112,20435.5
36.2197,-1479.1,18632.9
383.61,-2191.55,18819.8
1359.24,-37.2528,19987.9
676.278,-899.076,20768
900.322,-146.663,16885.3
1271.4,-12.6124,18030.8
537.497,0,19777.3
538.121,-353.495,19403.1
1066.49,-697.861,20109.5
896.686,-1057.99,20414.3
529.012,-1563.2,18681.5
1316.53,-1640.26,18492.4
1389.71,-725.588,19324.9
1194.05,-478.373,18775.2
1411.01,-47.8373,16542.6
1435.12,-540.707,18105.1
430.536,-537.626,19050.6
1153.05,-191.349,20416.2
1173.31,-638.898,20106.9
659.695,-788.755,19534.4
802.701,100.879,19860
484.084,317.521,18904.7
1055.97,-359.733,19326.3
97.0684,-1143.91,21048.4
1700.44,-82.9773,21846.7
1523.81,6.98091,19504.9
430.536,-509.394,19384.3
287.024,232.481,19655.7
462.411,420.34,19639.4
237.158,-49.8664,19310.7
177.635,-317.347,19172.8
675.849,-776.616,19871.7
143.9,-371.828,20221.6
-1208.66,-402.888,20746.5
740.205,-70.1848,20647.5
687.585,-6.64355,20511.9
887.836,-510.298,19076.4
400.999,-1008.5,18942.2
-10.3424,-134.559,19178.9
26.9334,555.431,18969.7
317.329,0,19161
760.169,-63.1535,19919.5
529.32,-332.028,19506.6
902.844,-478.373,21472.9
90.2844,615.952,19503.3
261.606,147.509,19014.6
98.1023,-860.267,18888
340.137,-778.605,17936.4
500.153,-244.807,18699.7
260.047,-580.231,19272.7
205.782,-1140.79,18314.6
616.223,-309.426,18996.3
306.847,154.935,19385.1
32.3197,-989.066,19645.6
365.023,-1614.81,17445.8
401.587,-633.007,17452
220.572,-757.093,19189.4
-79.5627,-414.759,19926.7
-113.982,-70.5065,18422.7
0,-230.365,17279.7
74.854,-403.519,18016.9
57.0181,-397.896,18425.9
-687.133,-1202.27,18582.6
-454.655,-2356.29,20056.1
41.5118,-235.629,18279
-417.842,-929.51,18924.2
621.095,-914.051,19019.6
448.591,-289.396,20082.2
-1012.99,-345.718,19366.2
-578.805,-319.984,18146.8
1114.37,-169.357,18612.3
20.1205,-825.164,18692.8
43.4945,1019.98,18114.2
-470.475,0,19127
383.488,-1407.87,20111.5
275.594,-898.337,20026.1
-64.4281,-554.415,19458.7
-340.51,-213.233,19396.9
-89.8035,-830.929,19057.1
276.514,-1191.86,18769.6
438.712,-639.232,19680.3
613.921,-726.004,20922.2
0,-55.3777,19608.3
0,901.436,19502.7
-367.62,90.1436,19665.2
-1060.32,-943.62,18461.7
-191.68,-441.509,18697.5
100.173,-327.081,19329.7
-294.805,-424.123,18445.2
-767.587,-806.001,17932.2
-724.186,-1157.21,19056.1
-225.936,-860.95,19406.4
-1016.71,-2090.56,19249.6
0,-478.373,19182.3
-1872.04,-628.266,18999.3
-627.539,-128.984,19063.4
-79.3239,-147.644,19794.8
-855.599,-656.591,18661.4
-824.54,567.873,18634.5
-531.864,1047.01,19585
-831.374,-586.412,19506.1
-400.926,-424.509,19310.8
-206.14,786.676,19265.3
-201.508,0,16877.4
-837.45,-228.661,17819.4
-181.622,-206.176,17972
-119.984,-942.861,18789.6
-123.277,-546.522,17153.1
-45.5954,-643.868,17417.8
-190.37,-636.665,18866.3
-437.638,166.146,19011.6
-561.348,8.62958,19783.6
-1350.48,64.911,19663.5
-782.893,260.779,20309.3
-605.942,-404.458,18997.7
-117.256,390.609,18173.4
-276.971,-2.29132,17929.5
-681.251,-105.513,17645.1
-914.192,-390.242,19124.1
-677.87,-293.236,20188.1
-579.13,240.154,19292.7
-1060.93,-176.508,19317.4
-47.5789,0,19633.3
-426.734,0,19878.3
-1915.28,-473.741,18541.9
-2464.82,-623.171,17309.2
-897.586,-194.211,17198.8
-1434.25,-636.749,17988.8
-1475.25,-530.624,19195.2
-1016.1,0,19925
-1580.47,484.872,19959.8
-1690.86,1484.34,19274.3
-1513.11,896.265,16335.1
-1407.73,351.933,16968.6
-1620.9,1530.61,18706.8
-220.972,656.15,18548.2
-2248.04,121.439,18840
-2972.2,98.4827,18360.3
-3156.66,82.0689,18103.7
-3462.95,-143.443,18428.1
-2344.03,-288.332,19167.4
-198.889,-69.3284,19737.9
-994.652,135.71,17390.9
-996.526,0,18577
-703.575,0,17211.5
-991.742,276.419,17571.8
-991.299,764.036,16048.9
-1512.34,1238.43,16548.9
-2663.12,698.977,17153.7
-2704.28,807.023,18081.1
-1147.45,1964.11,19663.5
-655.721,1390.43,19545.6
-2676.94,197.143,19985.2
-937.255,937.255,19027.4
-1201.81,-647.303,18023
-169.906,3050.61,18430.2
-985.116,1205.73,18338.5
-2296.65,1070.37,19425.4
-1431.14,1600.43,20010.1
-335.494,1073.81,19482.2
-1563.58,697.183,19208.7
-2844.52,1022.21,19496.9
-1170.57,1114.08,18709.6
-877.413,1834.16,19187
-749.767,-147.597,19935.2
-1738.17,107.212,20278.9
-596.644,67.7887,20455.7
-403.852,-85.0977,19512.2
-712.151,-70.9147,19015.5
-402.971,47.7574,18826.9
86.8208,90.0663,18539
26.1237,321.802,18991.7
37.3446,1411.48,18531.1
-412.664,412.664,18375.3
-41.2664,482.625,17778.2
-853.222,1967.66,18423.7
-914.523,1521.13,17526.1
-1283.05,663.305,18788.8
-682.312,577.337,19816
124.523,1151.31,18362
-427.652,1151.78,16618.1
-1116.77,669.153,17451.2
38.3396,3151.54,18338
-680.286,2441.56,17699.8
-68.0286,2312.44,18303.4
27.5687,-112.797,19282
10.3383,44.7439,19969
-970.685,367.456,19547.3
-1089.57,754.617,19134.9
-305.382,686.313,19454.8
54.9734,825.022,19981.7
0,2200.06,19953.1
-69.3543,166.63,19329.2
-693.544,1666.3,18704.6
891.217,1767.58,19942.1
551.26,1864.11,18153.3
192.856,764.172,16951.5
159.689,2000.75,17564.1
101.56,2612.83,19301.6
0,1967.02,18975.5
30.283,1817.01,17629.7
208.485,1618.15,18966.6
494.501,616.938,16638.2
-802.866,421.502,17147.8
-1773.17,1057.88,19642.6
-391.555,246.195,20041.9
-166.723,249.125,18411.6
60.9149,1476.49,18982
-756.21,1447.56,19598.6
-1619.32,972.597,18857.4
-1201.42,1110.94,18779.2
-953.909,283.607,19670.4
-1700.46,115.221,17143.8
-864.156,1152.21,19134.9
123.406,1480.4,18494.6
46.627,346.3,20033.4
-189.566,1305.03,19430.4
-682.371,1175.7,19086.5
-1384.66,907.251,18485.1
-1456.45,280.635,18171.8
-1014.8,-65.0192,19254.7
-1048.84,1659.55,20107.4
-357.085,630.892,18364.7
-679.565,1296.53,19336.1
-1194.01,129.653,19795.4
-1247.1,151.229,18549.6
-1276.93,2167.35,18636.3
-1505.51,1682.02,18084.3
-824.542,607.391,18581.8
-1140.45,1398.48,20149.3
-2756.27,2334.66,20788.7
-2477.35,960.463,19624.6
-2180.69,503.189,17465.6
-1584.58,1405.13,20002.2
-2311.14,250.906,19148.1
-2391.87,1172.63,17638.3
-2057,1170.85,19073.4
-1852.16,1229.32,18275.4
-1692.46,1474.43,18252.9
-2054.5,1574.86,17342.3
-2101.67,1788.27,16005.4
-423.013,2248.67,19017.5
-121.481,1585.72,16513.8
-1214.81,774.188,16560.5
-2182.11,2605.4,16239
-1293.81,1498.38,17813.4
-707.81,1177.34,18446.2
-1685.03,1907.19,19032.9
-1280.93,2120.41,18018.4
-112.672,1910.01,16653.9
-452.567,2020.94,17457.8
-1442.71,1887.68,19310.5
-1790.52,1254.34,18836.8
108.601,1978.13,18504
-3863.82,1058.84,19071.7
-1922.3,191.339,19170.2
-1495.22,1460.54,18630.4
-1017.84,1775.06,17104.7
-325.699,1435.13,17884.7
0,2121.14,19648.6
-183.193,2838.71,19898.9
-645.912,1566.84,19794.4
-699.47,1309.64,18696.8
88.1713,1951.01,18052.5
-1264.39,2292.59,16855.6
-1680.11,775.903,18063.2
-523.938,1619.97,19082.4
-970.082,1482.76,18924.6
-808.401,1942.98,18412.7
0,2179.85,18315.3
-488.709,825.517,18653.5
-1303.22,70.329,18820.4
0,316.48,17854.4
0,0,17221.4
0,111.938,19767.3
-502.778,1435.59,19273.1
-1039.38,1143.99,18656.9
-1321.95,1017.37,19819.7
-1172.48,2939.77,19686
-1400.43,2946.8,18720.4
-1609.17,579.339,18387.6
-708.536,1558.96,17675.3
-1291.61,1963.04,18876.4
0,1141.4,19336.3
374.307,1405.75,20109.3
220.073,1136.37,18637.5
-814.218,1070.46,19064.7
-656.556,1989.88,20591.1
-815.191,1337.49,19767.4
-1237.55,325.651,18511.1
-737.241,1140.21,18566.1
175.946,2097.21,18054.3
791.758,1844.18,20109.1
0,1913.49,17347.2
-225.436,1763.2,18956.2
407.883,807.281,17607.3
382.286,420.379,18734.5
448.708,1659.95,19070.6
293.507,1403.78,18959.5
-48.8796,740.72,19219.3
-260.052,1235.85,19256.9
-348.793,836.079,18844
25.8097,1178.48,19184
12.3821,1913.49,19625.7
-53.0504,2007.55,18228.9
711.68,1510.04,19305.4
271.404,1529.11,18712.3
-574.048,1727.25,19213.5
-1404.77,908.808,18604.3
-864.45,494.449,18399.2
182.458,805.169,19998.9
-703.859,204.036,19733.5
-165.149,1644.64,17736.7
0,50.6725,18245.7
-225.956,1183.7,20181.9
535.871,1043.36,20714.8
-500.125,293.042,19967.6
-395.223,1386.66,19071.6
54.3203,1552.21,19908.3
-103.256,1089.09,20468
-212.693,1700.8,19559.4
157.644,2354.81,20093.7
107.705,3081.29,21339.7
440.464,189.545,17411
-851.877,247.892,16643.1
-556.187,1658.49,18517.8
200.951,1527.26,20021.2
1314.66,1959.81,19666.7
936.089,2319.89,18420.3
0,1779.48,17361.6
0,939.596,17346.5
-171.464,818.94,18860.2
-681.806,1548.87,20113
897.819,1677.78,18237.1
-362.651,2125.85,18677.8
-100.541,2084.39,18331.2
72.9928,2766.1,17925
893.712,4024.9,19145.1
532.693,3997.38,20192.8
76.9697,2666.18,19594.9
650.556,1371.88,18019
382.699,1265.15,17372.9
-23.9836,3556.42,19011.7
-239.836,3187.42,18419.3
-23.9836,1361.98,18123.6
0,1472.79,19071
720.477,3296.51,19524.1
612.003,2744.22,19813.6
500.516,1300.62,18873.8
861.617,1222.49,18108.8
807.273,1701.2,18422.3
-285.489,864.592,18192.8
-1274.6,191.342,18512.5
100.964,1637.05,17146.9
-473.688,2988.81,18989.4
147.088,3815.88,18892.2
-610.291,3050.04,17772.1
-403.294,1196.89,20098.6
248.689,1383.63,20936.9
298.427,2097.24,19772.7
57.7427,1348.79,18760.1
145.976,1579.59,17185.2
24.014,3182.23,18179.9
600.355,2045.03,18075.3
1128.67,2149.62,19605.4
237.474,1851.75,18929.2
0,1871.76,17463.4
720.308,2534.46,18966.1
547.967,2898.21,19439.1
-310.07,2874.02,18520.7
-289.303,3219.64,18263.8
506.062,3728.92,17670.3
703.492,2891.7,17343.4
1483.57,2773.33,18129.7
963.295,3698.55,18265.6
181.097,3250.88,17816
0,1957.42,18028.4
107.538,1972.24,16871.2
224.596,2695.5,17748.1
-220.721,2363.25,18393.5
-1052.94,1956.56,16825.7
-1016.04,2842.91,17111
26.4499,498.051,17581.2
0,3465.18,18029.4
-553.12,3115.1,19455.9
-1501.8,1532.54,17930.8
-1151.72,1357.34,17316.8
65.9274,1650.5,19664.2
384.939,3303.26,19749.8
33.3514,4008.31,19763.5
143.512,2036.58,21200.5
638.668,782.153,19072.8
1189.13,2702.18,18852.9
372.662,1888.4,19109.8
797.827,2836.56,19103.9
671.154,4176.48,18949.4
905.687,2397.78,17560.2
1185.36,1835.02,17472.6
1124.56,1859.14,19071.6
1100.8,1139.13,19094.4
1062.46,675.982,18217.4
15.6644,1180.12,19920.5
-1617.28,240.819,17708.8
0,623.529,20154.4
430.536,3215.34,19952.3
-31.8596,2996.85,20612.1
-896.852,977.74,17596.4
-485.158,1960.03,18735.8
-1091.79,2568.31,20351.4
-1920.77,1304.68,19604.3
-1068.6,213.903,18868.8
94.8213,672.599,19129.5
403.76,3140.6,17448.7
-229.355,2431.19,18446.9
103.355,1104.19,16683.8
385.461,1415.35,17049.4
-373.855,112.965,17524.5
-752.806,997.712,17717.6
-385.491,2578.55,18001.2
0,2563.13,18030.9
163.598,1162.54,17853.4
418.198,315.458,18704.1
-149.536,1545,20421.9
-682.516,1254.34,18154.8
-1039.07,235.183,20868.8
-231.921,-325.943,18410.1
-1217.67,400.335,19252.3
-1390.76,64.5907,18899.3
-906.814,-442.972,18279
-1410.96,47.4107,19205.6
-2598.67,594.534,20659.5
-2640.05,-125.875,20460.6
-2182.47,-422.927,18444.3
-411.986,1435.12,19480.5
-1683.08,2887.26,19162.2
-392.216,-110.086,19516
-10.2579,-269.927,18692.8
0,411.819,19074.8
70.4446,343.183,19827.3
97.4111,395.576,19143
263.659,1025.18,18703.6
812.748,887.8,20669.9
675.723,-15.0139,19679.1
-881.677,-150.139,18881.8
478.782,-377.343,17886.2
-586.752,1093.91,17872.9
-701.263,105.548,18763.6
202.55,-164.675,19258.4
375.451,-157.27,19836
-21.3631,-223.943,19457.2
-552.625,-44.3583,17673.4
-1319.64,-119.753,16796.3
146.716,-218.632,17890.1
-977.811,-325.937,19602.8
-195.473,1112.48,19993.9
-239.398,210.922,18506.5
-1664.82,-358.874,18184.9
-1478.72,665.33,17415.1
-668.627,570.763,17917.3
137.064,-363.173,19215.4
962.359,-434.934,19290.4
1011.32,-487.199,18752.3
703.701,-1029.91,19281.8
282.912,-1293.66,16298.1
370.373,-129.366,19594.4
197.514,-1208.84,17951.5
45.5608,-1070.18,18682.1
-314.181,-1370.65,18304.1
-338.17,-2006.23,17623.5
-91.6228,-1580.66,18399.5
-345.949,-393.786,19566.4
-1072.27,-207.048,19184.4
-817.114,-403.944,18634.3
-1432.67,-1793.29,18060.4
-1424.42,-620.315,19836.3
-1505.15,-1551.2,19692.1
-2131.97,-1693.44,18941.6
-965.284,-844.782,19033.6
204.269,-312.863,18898.4
423.814,-697.394,17208.5
679.831,-418.123,16039.7
1126.9,1345.99,18018.2
562.073,326.808,18666.6
757.543,-279.17,19314.5
83.8479,-888.989,17845.1
1.79858,-1144.89,19132.9
36.4131,-850.765,18695.4
221.673,-482.688,17874.7
-719.354,-389.074,18549.8
-740.265,-295.459,18673.4
566.693,-51.5145,17365.4
-78.7941,-399.579,17463.7
-354.573,-1845.5,18068.3
0,-473.985,19696.7
-1264.97,-1689.63,17495.6
373.739,-475.494,18213.9
245.566,-41.4574,18606.6
0,-360.82,18605.2
-21.5973,-300.683,17695.1
-25.9168,-75.357,17832.9
-182.512,-545.248,19403.5
-486.698,-1422.75,19247.1
-78.1566,-1663.57,17890.2
-781.566,-2216.69,16801.5
-304.061,-2669.34,16408.7
-50.2011,-1437.95,17690.1
147.688,-1339.84,17530.1
84.3932,-1660.71,18428.9
472.167,-1380.82,20092.9
-298.305,-1144.37,20792.5
-1972.55,-1521.09,20212.1
-1157.5,-1523.73,19394.4
287.454,-710.343,18522.1
-113.368,-516.163,19688.9
355.474,75.833,19684.6
-1449.28,-1980.83,19005.6
-1240.37,-1556.42,19315.2
-478.899,-1459.73,18148.5
-81.7845,-1551.63,18716.3
-628.21,-1846.68,19141.5
-1465.37,-2014.73,17463.9
-834.958,-1080.33,17410.7
533.838,-1382.54,18070.1
-1008.3,0,18229.7
-18.5619,-449.73,18962.1
623.676,-419.946,18768.6
227.023,-1146.25,18064.8
1037.97,-1197.18,17743.6
1582.54,-987.337,17968.2
990.018,-1081.55,18651.7
289.786,-1398.05,19448.6
500.11,-1572.16,19115.7
1433.77,-1052.43,16735.9
-471.535,-967.003,20549.5
713.106,-2377.48,18543.4
-330.786,-2626.54,19561
482.323,-1547.43,18790.5
334.007,-790.084,17590.8
369.779,-368.069,18459.7
704.361,-876.492,20652.7
28.6379,-2108.58,20840.2
-912.663,-2363.85,18123
-9.60917,-2131.88,17508.7
-96.0917,-1052.84,20594.1
-943.15,-2760.97,18517.8
-207.453,-1355.55,18958.9
-979.458,-1471.6,17793.1
-1109.77,-1549.96,18022.6
-440.77,-1941.11,18473.7
88.3091,-1985.01,19430.3
105.722,-1642.85,20238
-261.18,-2308.98,18735.4
-1033.78,-1779.71,19562.6
0,0,17955
0,-998.971,18172.7
0,-1160.64,18701.7
-702.288,-1129.85,17487.1
-401.308,-2164.74,18532.2
0,-2411.02,18915.8
0,-1712.84,18898.4
0,-990.347,19786.8
-26.018,-164.93,19753.4
-110.558,-401.706,20627.1
65.2311,-2065.71,18787
162.966,-1498.18,18473.1
505.053,-895.659,20508
450.068,-868.854,19673
430.688,-901.89,18244.5
228.569,-1034.25,18123.1
-191.959,-1469.45,18412.5
-569.433,-1584.93,18165.1
-622.68,-842.56,18350.1
-25.7506,-946.45,19348.1
-257.506,-1263.45,20447.6
579.764,-2104.05,18485.7
-630.838,-1409.09,17889.8
-1439.45,-1703.05,18110.1
-1444.38,-1701.69,20350.7
-1222.07,-1928.26,20055.1
-1103.68,-1744.52,18476.1
-740.328,-675.312,18479.8
0.906652,-88.6772,17994.3
41.2859,-37.206,18004.8
372.06,-372.06,20729.5
230.61,-511.47,17397.3
-350.658,-364.17,19241.9
-115.189,-1306.79,17043.3
268.196,-978.308,15978.5
293.477,-871.327,17372.9
-9.26408,-1332.62,18915.8
-79.1937,-1400.06,18340.9
321.323,-1150.27,17245.6
74.5125,-561.369,21236.6
253.571,-1308.33,19936.1
449.015,-1648.03,19871.2
369.302,-1425.18,19173.2
-512.258,-1394.5,17456.5
-826.451,-1336.31,17724.1
-682.609,-787.367,17878.2
-704.231,-1417.46,17813.1
-874.855,-2833.79,17852.9
-756.964,-2009.55,16951.3
-641.97,-1363.8,18517
-1766.23,-1766.23,17957.7
283.884,-1408.29,19047.2
-61.9532,-1021.06,17975.5
-57.8451,366.886,18054.2
-448.053,-367.43,18542.2
-108.58,-932.032,18790.4
448.053,-444.415,18562.1
-290.478,-610.51,18105.8
-1109.26,-1392.23,18268.4
1185.14,-457.526,19591.1
0,-1913.49,19923.9
497.358,-1119.24,20275.4
334.884,-1503.87,19529.2
84.1349,-1794.37,19874.6
64.4063,-1543.95,18608
53.6719,-1265.32,18734.1
26.3048,-1159.43,19868.6
54.7206,-1179.16,19884.3
-120.41,-1468.54,19291.6
-608.45,-1746.16,17069.1
376.405,-956.746,18570.3
304.745,-956.746,20533.5
-1030.33,282.004,21254.9
-408.633,-591.808,20068.8
-345.957,-1847.17,18823.6
-893.035,-2594.55,19342.8
-725.685,-2233.11,19707.9
2.54546,-1204.57,18770.5
-300.255,-1083.3,18688.5
-1360.83,-1641.28,18484.6
208.675,-1496.14,17638.8
310.881,-1722.27,18269.2
321.053,-1539.6,19274.4
96.2272,-1076.79,18281.6
98.7727,-1042.4,17740.8
-805.864,-1593.2,17715.3
-1065.81,-2453.26,18119.3
139.916,-2148.38,18710.2
421.335,-376.986,18173.5
188.083,-1759.66,16687.2
-289.384,-1495.36,19404.2
-28.9384,-833.234,18756.3
0,-305.851,17233.9
-214.238,-1062.3,19420.4
-650.325,-796.16,19575
-733.593,-755.817,18710.8
-352.408,-1028.46,19372
-277.286,-1051.29,20131.8
-1065.71,-1610.94,18678
-1393.39,-2061.22,18338.2
748.859,-2121.38,18012
505.422,-642.674,17412.8
1215.94,-842.521,18394.5
415.512,-954.379,19054.7
-740.355,-999.714,17816.7
-457.704,-1072.48,17213.7
188.487,-1460.24,17632.1
143.512,-2000.08,17324.1
382.699,-1784.58,16722
0,-907.496,18153
0,-3371.46,16473
-1022.41,-1718.49,18599.5
-227.203,-689.663,18664
5.97822,-478.373,19069
-722.033,-1203.82,19488.1
-892.051,-1059.36,19220
-578.572,-627.388,18537.4
-1269.8,-1506.17,18197.6
-2259.79,-2537.45,18341.4
192.842,-1249.74,18327.8
290.564,-1640.63,17614.8
174.367,-1384.36,18190.4
32.2913,-1778.49,18623.1
-283.517,-2284.76,18770.7
-727.448,-1860.87,18416.1
-594.871,-1626.82,18286.5
-148.406,-1660.21,18495.9
115.609,-1628,18376
197.482,-1987.9,17935.3
-498.643,-1868.42,18568.2
0,-1462.8,19134.9
-54.3088,-2729.49,18650.1
-50.4664,-1377.84,18644.5
-465.249,-1087.13,18321.7
-514.062,-2073.49,18911
-213.695,-1726.78,18999.6
-760.62,-1593.33,18244.5
-1331.08,-2292.01,18028.6
-87.8666,-1104.16,19394.8
-470.583,-1632.43,21593.1
-751.831,-1079.84,18806.9
0.463434,-1399.59,18354.5
-748.587,-2477.11,20340.4
-164.765,-2192.64,20866.5
187.089,-1462.82,20756.2
10.6515,-1522.74,19754.2
52.8196,-2138.93,17855.4
418.725,-2020.98,16784.7
430.776,-1195.69,17985.4
176.736,-2244.78,19149.9
-396.147,-3084.51,19349.2
-1676.41,-781.663,19522.9
-363.732,-1253.25,19958.2
-1074.96,-2439.7,19143
-614.265,-1148.1,17970.4
68.7202,-648.84,17575.6
-603.692,-1863.31,18768.7
-804.279,-2516.67,19925.4
1071.01,-1878.08,18817.6
84.3584,-1369.68,18454.7
227.463,-3395.5,17562.6
22.7463,-1631.16,21096.4
-765.397,-1299.5,18758
-139.121,-1314.47,17960.3
-299.04,-1875.33,18838.5
-319.63,-1646.41,19006.2
-313.174,-970.88,18578.8
-872.685,-1200.26,18676.3
-947.184,-2013.78,18463.6
-299.839,-1894.41,17189.5
669.202,-1722.66,18656.6
904.725,-1871.14,17411.5
854.563,-1622.64,18385.2
933.778,-975.913,18819.3
643.129,-543.623,18916.9
178.553,-481.911,18605.9
-521.045,-647.221,18948.7
-844.449,-915.499,18851.4
0,-1035.76,16786.1
-80.2552,-430.536,18794.5
-802.552,0,18101.1
-52.1363,-28.1189,17824.3
6.24864,-388.947,18276.9
24.4648,-143.512,19422.2
13.9799,-366.326,18631.6
232.302,-1241.37,16587.4
278.763,-1430.35,16758.3
182.621,-598.195,19123.4
735.992,-578.453,19629.1
1162.47,-2063.9,19066.4
419.593,-1913.49,18656.6
1496.48,-1052.42,18908.7
-189.53,-1335.71,19091.5
625.931,-1323.1,17124.4
467.551,-1658.93,18249.5
2.27446,-243.735,19119.2
531.621,1238.31,18571.7
1058.3,592.579,18586.4
300.839,-265.236,18927.2
-235.032,-80.5425,18492.5
40.4626,1873.03,15388.9
376.398,1295.64,16790.9
505.668,-478.875,18898.8
22.9261,-64.1198,19464.6
393.953,303.209,18941.8
392.899,153.712,18135.4
-157.448,0,17891.2
-275.534,0,18321.3
52.1943,139.155,18820.7
234.874,585.004,19493.6
0,-411.937,19591.2
155.151,-394.154,17923.9
417.177,-700.949,18161.7
355.525,-601.987,19332.4
-372.309,-1811.86,18293.6
244.568,-2249.95,16863.1
1313.1,-1337.91,15777.6
920.778,-970.301,15990.4
146.482,-1882.1,18577.3
707.771,-1849.82,18037.7
486.029,0,20068.7
385.078,-188.122,18085
924.438,2.07463,16586.4
318.625,16.4548,18159.7
169.809,0,18870.2
230.758,628.309,18669.1
231.314,1223.93,18526.7
300.272,1230.67,19213.6
221.065,1144.74,20616.2
-3.0223,255.378,19636.6
-30.223,30.223,19104.7
-960.672,-858.049,18924
-792.396,-377.161,17591.2
-24.8003,-69.6795,16656.3
57.9065,69.4916,16891.4
754.07,855.412,18457.2
1414.98,840.933,20200.6
1177.52,153.008,20379.5
1054.68,935.077,18762.3
288.327,-110.001,17729.3
549.484,-442.818,17699.8
786.301,557.352,16366.8
1173.36,133.696,16818.7
379.063,669.722,17644.4
845.752,1807.61,18357.3
854.893,1387.55,18419.8
562.817,1148.03,19148.1
766.415,2020.85,20428.1
289.392,1481.25,20554.1
195.395,1773.51,22191
534.373,2926.24,20458
483.973,2593.42,20707
95.6746,1659.38,19782.1
0,1303.21,19727.8
1119.46,498.671,19432.2
1469.67,-60.255,19874.5
345.01,-172.021,20101.6
-523.501,-419.311,19627.5
-204.202,-722.798,19862.5
-909.296,-322.502,18953.6
96.1544,-76.4438,21048.4
-323.421,-438.18,19062.3
-74.0082,-1035.19,19493.4
1286.11,-352.317,17617.1
1576.56,1337.99,18465.2
363.952,1114.99,19064.4
-22.2043,682.136,19312.6
454.858,1661.16,20383.1
-563.621,1440.15,19436
51.7687,967.873,17036.3
96.8879,962.812,19044.1
9.68879,2497.4,18819.5
-143.163,2052.68,18827.3
-131.744,2640.49,19854.5
-44.6041,2810.4,19023.4
239.187,1989.84,18253.1
287.024,1467.41,18626.1
29.9464,1123.1,18918.4
-194.909,79.8572,18581.9
-1236.45,1877.39,18657.6
0,1552.45,18430.9
-1973.26,-251.39,19339.5
-783.833,139.857,18965.8
-129.499,86.3327,18428.3
243.065,87.9188,18935.6
202.554,642.56,19274
307.517,1605.7,18606.8
921.064,2021.19,18836.3
1021.09,1496.49,20809
34.0597,1853.54,18784.9
340.597,0,17837.6
34.0597,0,17491.9
382.699,1987.61,19169
143.512,2692.08,19598.3
-112.452,1224.87,19320.3
44.3336,1538.39,18831.5
-35.36,2355.34,18273.4
-387.131,1931.41,17995.2
-265.785,2526.14,18532.2
-739.698,1565.97,19639.4
320.153,3190.39,18980.4
-448.219,1180.11,18159
493.879,2022.44,17526.2
1225.9,2672.4,17942
777.294,3799.47,18233.6
1255.8,3767.12,18876.1
1434,2385.87,19225.3
650.904,2735.58,18739.3
1131.32,5068.54,18603.5
80.9452,1346.81,19061.3
178.664,2334.25,19549.9
276.383,1267.49,20124
506.191,1813.06,19794.2
-781.661,630.156,19638.1
-49.5333,675.623,20187.3
532.662,1639.96,20209.3
427.306,2039.14,19129.7
635.964,1844.54,17983.9
382.699,2187.55,18183.6
39.8217,3035.06,19812.7
398.217,796.433,21606.9
-914.225,3093.39,20212.9
-112.632,3214.36,19568
-2381.42,2563.49,18958.3
-1661.18,2556.64,18119.7
-183.699,3038.53,18021.9
-239.119,2795.57,18490.1
-812.416,1806.02,18837.5
-776.912,1499.79,19114.7
43.9105,1870.41,18961.3
439.105,2791.7,18397.7
364.13,2161.42,19086.1
769.92,1350.27,17809.6
262.035,1447.8,17102.1
-28.9266,1172.72,18603.4
73.0229,1508.14,19848.5
430.718,2050.06,19523.5
686.422,1839.38,19063.5
364.363,1734.92,19778.3
23.8277,2371.66,20379.7
238.277,1435.12,19849.8
257.268,143.512,19403.5
383.932,799.158,19493.9
671.761,1394.16,19191.9
-40.2277,1317.11,19203.4
-120.404,2424.43,18698.7
104.257,2765.62,18446.9
-182.339,1311.22,18793.1
0,1669.81,18356.6
-78.1931,3522.03,18485.6
-781.931,2345.79,19484.6
-1739.74,1722.64,20166.8
10.3691,332.893,19357.3
217.975,1977.63,18249.6
200.264,2488.9,19755.2
130.875,1515.65,19834.4
-400.528,619.949,19368.5
-700.924,835.656,20122.7
-138.082,2202.57,19504.5
-621.371,3447.72,19819.9
0,1942.66,18572.5
0,816.134,18345.2
733.406,2402.39,18573.2
-2108.67,849.075,19075.4
-1362.11,1439.96,17893.5
66.307,2701.39,18363.1
89.1788,1820.93,19262.1
-692.041,236.586,18639.9
-2081.64,578.028,18797.7
-1004.58,218.72,18475.4
-1435.12,529.903,18583
-2112.47,1836.38,19757.1
-1138.08,2212.5,19382.7
-723.639,1559.58,18984.3
-1124.47,1031.57,18586.4
-1267.02,1398.06,19036.2
-1229.23,956.746,19462.3
-1221.24,176.121,19380.3
-703.091,1818.64,19674.2
-522.23,2213.25,18608.7
-458.147,1611.43,18178.2
-1080.93,2228.33,16025.5
-376.641,1127.03,18326.9
-703.241,1805.9,18434.8
-1330.95,1890.63,18764.5
-413.574,1415.08,19226.4
450.57,2001.64,18684.4
-212.384,2284.29,17973
-502.63,0,18796.2
-355.591,54.2156,19628.1
-3555.91,542.156,17564.3
-1695.71,102.727,19002.1
-2024.53,-306.608,19588.3
-445.818,284.386,19637.8
-1212.12,768.383,18106.6
-1212.61,448.221,17569.2
-792.077,0,18430.6
-1449.6,1104.23,19044
-1231.28,3212.92,19019.9
-2286,1339.34,18775.8
-1895.09,1320.13,19286.7
-1481.12,993.084,19150.1
-2118.77,1339.44,19818.6
-1424.61,1809.76,18869.1
-996.397,1171.36,18646.5
-630.313,1678.85,19782.1
-853.858,2518.33,20223
-1126.56,1802.29,19054.1
-113.015,997.421,17873.6
-1070.49,1620.91,16675.1
383.929,1340.68,16063.5
38.3929,2299.48,17966.7
-853.537,2973.77,16941.9
-2513.19,1604.43,18373.3
-2363.52,1606.37,19007.8
-2793.93,2410.03,18810
-2976.33,3359.02,18003.5
-1458.99,3482.58,17158.2
-884.912,1802.53,17896.5
-2140.35,1938.16,18990.9
-2539.66,1139.53,17295.3
-2743.51,2603.5,18089.9
-2237.48,2429.75,18370.5
-1477.62,2342.49,19572
-2492.61,2234.1,19362
-2157.34,2253.98,19004.3
-428,3345.99,18582.2
-533.338,4129.36,17813.2
-2608.29,1963.63,17884.1
-2386.53,350.689,17799.1
-2338.52,3506.89,17168.1
-1575.17,1493.15,17365.2
-560.196,1401.98,18533.7
-958.71,2821.09,18133.6
-948.743,2232.5,17070
-1348.6,1483.43,17846
-2213.83,1535.45,19373.7
-2368.22,1655.37,18698.5
-1803.89,1647.09,16502.7
-1922.56,977.814,17486.1
-1192.7,3725.86,18589.1
-2110.41,4005.46,17560
-2942.05,3136.3,18740.2
-1256.26,2767.72,17904.9
-2097.37,2183.56,16670.2
-2238.35,1486.12,16744.9
-1178.75,1341.94,17547.5
-1292.44,1640.49,17623.2
-1666.19,1916.66,17073.1
-652.219,2941.65,17438.5
-985.945,1493.52,17177.6
-98.5945,2918.07,18508.7
-986.29,2970.55,17642.1
-1491.82,2875.11,16819.3
-747.79,1387.11,16460.1
-162.642,1065.82,16489.4
-88.5034,1667.18,17296.1
-765.161,1242.31,18168.9
-2339.99,485.245,18212.9
-1538.93,939.014,19818.1
-1908.98,2843.19,17726.9
-2062.61,1247.03,18766.9
-1032.76,830.757,17610.7
-1697.6,1131.89,16342.2
-1961.89,2690.35,17519.7
-1859.28,1813.11,18889.7
-2325.91,374.105,19055.2
-2993.93,654.684,18404.8
-2453.62,0,17661.6
-897.397,4.72321,18590.7
-1889.88,47.2321,17723.4
-1718.27,-306.973,17345.7
-1291.44,-69.2658,17436.4
-1452.07,1095.21,17875
-1449.03,401.945,18426
-642.301,-186.576,18145
-286.643,-269.674,17926
-1076.15,-367.45,17861.3
-1700.07,278.612,16965.4
-1944.14,-35.0202,18442.7
-871.299,-350.202,19049.5
-970.627,-329.519,20123.5
-1694.5,382.514,18656.4
-2416.47,425.59,18125.4
-1063.29,-424.521,18422.2
-1039.1,-476.437,19030.2
-2075.39,-277.317,19420
-1839.94,-582.31,19015.8
-1033.4,-258.679,17756.5
83.0255,-66.3868,17005.4
1249.62,-663.868,19366
-334.739,393.315,20201.5
-1439.86,-566.695,18727.8
-693.278,-1063.76,17811.4
-662.951,-1017.98,17408.7
-649.601,-461.202,18439.7
-226.079,488.691,19305.7
-205.474,855.209,18588.1
-558.925,0,17966.2
-73.7619,-8.09393,18265.5
-242.818,-80.9393,18803.9
-24.2818,-178.525,18240.8
-1429.42,-37.8735,18604
-1641.62,-853.07,16865.6
-940.558,-1039.75,17976.2
-2054.21,-866.253,18616.5
-2055.01,-1184.84,18098.3
-253.341,-758.597,18667.3
-1347.83,948.963,19611.6
-918.797,-1326.54,19384.4
-200.094,-500.235,17399.7
-881.081,-800.534,20120.7
-578.876,-1180.87,20291.9
-740.787,-1087.14,19769.9
-847.849,-403.915,17694.7
-183.8,-81.9075,17321.1
504.819,-424.981,18347.8
266.939,-888.045,18807
-115.333,-656.5,18827.9
863.333,805.842,16894.4
119.155,-359.218,17580.7
1036.04,-487.344,17299.1
879.091,-710.794,18916.4
339.33,-898.652,19145.5
143.687,-248.608,19063.1
187.022,-275.17,19097.7
-164.202,-846.993,18860.1
-883.463,-1076.68,19371.6
-1150.82,-1551.66,21323.5
-916.377,-2140.46,20230.4
-553.05,-414.788,17710.9
-512.856,-1555.11,18521.5
-2090.34,-2719.44,19499.8
-766.506,-2243.48,19635.5
219.002,-827.489,20069.1
468.728,-902.532,19392
321.463,-1714.96,19000
-448.295,-1580.39,19615.8
-1023.05,-1003.33,18820.4
515.486,-64.1981,18362.6
-472.148,-641.981,19141.2
431.254,-64.1981,18131.1
-409.172,-598.798,17331.4
141.549,-568.458,17540.7
-146.875,-1428.7,18900.8
-539.052,-1284.02,18424
-44.9528,-572.324,17922.6
485.65,-473.55,18572.5
23.6728,-155.181,17541.8
-188.992,-641.382,18369.5
-51.2256,-882.664,20091.7
-343.994,-436.4,20503.7
554.133,-528.041,18856.4
203.197,-201.846,17936.2
60.368,-800.704,18283.2
-172.103,-1131.12,18538.7
45.1937,-958.112,19053.3
591.701,-676.077,20003.6
190.342,-95.1709,19736.9
732.291,-391.147,18889.2
282.69,-391.366,20983.1
28.269,-312.841,17911.3
52.6594,-1050.94,19812
354.609,-1070.84,19231
191.349,-1049.27,19068.3
567.535,-671.007,19559.1
725.228,-199.871,19391.5
220.228,-222.058,17568.8
572.422,-630.415,16000.3
999.713,-1190.89,20382.8
1386.41,-908.039,18705.3
278.238,-2115.63,18230.9
1412.46,-1402.06,19979.7
518.039,-1534.54,18022.1
369.818,-2312.21,18666.1
886.429,-2362.31,18902
238.146,-1769.47,18848.9
-797.564,-1568.36,19235.7
75.3301,-1719.87,17531.7
362.384,-1116.54,18844
233.983,-1424.71,20102.1
-778.764,-2603.33,18003.5
292.518,-973.594,17080.6
568.038,-1556.11,16740.9
857.574,-2292.69,18435.7
825.993,-2707.77,19230.1
443.928,-2682.28,18694.8
162.428,-1889.05,18567.3
202.654,-1061.13,18935
967.152,-1572.18,19477.5
1857.71,197.347,19557.5
2023.07,-410.801,18956.9
2704.48,-95.6746,18716.7
1406.06,-1324.1,19261.3
1209.33,-1367.51,19624.7
1546.54,-751.241,19019.3
1000.35,-503.163,18424
361.246,-515.484,18599
830.937,-415.469,18728.4
438.443,-215.912,18923.8
1435.12,-684.463,20091.7
2384.08,-411.091,17077.9
1646,-450.221,16437.9
1769.98,-55.7568,19475.5
1489.88,-252.579,19668.4
1825.41,14.1944,19163.4
1438.91,45.2846,18963.6
194.872,-1347.46,18348.1
764.238,-2357.57,18531.5
616.896,-220.782,18532.7
852.253,-560.819,17677.8
226.538,-197.394,17549.7
79.2845,-2207.89,16638.5
1401.71,-1247.9,19041
1373.89,-533.717,18677.5
725.165,-779.134,18293.7
478.373,-647.937,18648.3
534.604,-315.139,18583.2
628.321,-810.742,19244.4
509.432,116.551,18845.5
788.957,-167.79,18060.4
886.546,-1041.28,16227.4
336.522,-571.105,18895.4
169.148,-128.789,19384.6
414.241,-254.917,18781.1
323.888,-690.804,18550.3
416.579,-772.493,18463.4
444.211,-456.93,18031.6
-430.565,-432.339,17986.8
628.149,-707.272,19075.5
-659.467,-775.652,18540.4
328.403,-1691.15,20508.1
415.751,-248.781,21148.5
792.767,-381.227,18802.2
901.66,-473.308,18697.5
644.588,-1177.09,19667.5
282.846,-1362.49,20376.3
400.853,-1243.72,20416.5
1175.3,-2563.34,19250.4
1107.81,-430.536,19209.6
348.884,0,17649.5
53.8473,-861.072,18929.5
317.028,-191.349,18879.4
315.125,-137.042,18571.9
660.589,-78.3097,18916.8
1075.21,-65.7592,19384.2
1091.28,-444.545,19085.1
406.082,-730.508,18320
-491.874,-285.503,18576.4
321.913,-219.076,20167.5
883.623,-220.906,19245.4
95.6814,-22.0906,20007
-891.141,-1530.79,18221
-184.423,-1277.9,18016.6
85.9227,-596.138,18437.9
239.187,-1071.63,18889.3
787.04,-1666.07,19104.2
1018.54,-1518.01,19030.1
335.483,-1631.93,19143
-173.774,-1326.09,19822.2
386.953,-1435.12,19521.9
453.932,-1004.58,16621
192.61,-1157.42,16773.2
193.827,-1039.48,19645.2
1032,-1166.38,20014.1
1489.33,-1339.37,19304.1
1418.5,-860.129,19803.5
1548.61,117.029,20565.2
1714.4,641.304,19984.3
1356.16,748.35,19833.3
1696.33,-550.761,19134.9
1826.92,42.2098,19273.6
1516.38,-1126.48,19895.1
904.089,-784.556,19547.1
627.875,-846.594,19214.2
549.907,-541.245,17712.8
493.965,-356.159,16950.5
721.549,-1000.87,18030.2
1031.17,-1223.91,18452.9
0,-1032.18,19228.3
0,-1648.54,18549.8
-994.26,-1688.77,18695.4
171.415,-1094.38,19021.3
-141.921,-762.79,19451.8
291.213,-619.79,19381
380.324,-776.955,18705.6
192.634,-921.675,18225.7
473.435,-231.382,18548.4
516.308,564.467,19336.3
830.985,-1725.58,19897.6
1435.12,-34.3231,17699.8
276.886,-136.806,17202.6
-297.719,-795.036,18974.1
-122.759,-884.296,18422.8
287.024,-628.323,18248
253.888,-927.343,19792.8
319.249,-962.008,19176.3
814.837,-742.794,17492.6
956.746,-1181.78,20468.5
1006.11,685.544,20261.1
1450.41,-493.664,20524.2
838.48,-1089.53,19357.7
-108.161,-392.386,18005.5
118.631,-414.114,19392.9
375.021,-489.109,18596.2
281.848,-741.777,17165.2
344.398,-665.851,18076.7
880.661,-109.799,19788.3
1148.1,-224.217,19242.5
94.9263,-1056.81,19285.4
949.263,-478.373,15797.5
94.9263,-377.428,17254.2
176.465,-249.708,18468
-330.886,-945.017,18804.6
-628.941,-502.196,18826.7
-129.589,0,18600.5
437.892,-191.349,18279.9
101.983,-307.789,18089.5
-542.464,106.452,18522.2
403.57,154.162,20549.1
501.147,0,19909.5
50.1147,937.383,18705.5
384.75,782.697,16919.8
144.281,-515.475,17676.8
13.1517,-378.186,18138.7
837.955,-10.371,17773.7
1523.89,670.942,18731.6
839.11,1121.46,20123
-269.317,-478.373,18730
-198.856,-430.536,18508.7
-789.52,0,20175.3
-78.952,-135.204,19239
175.781,-236.962,19486.5
322.864,-77.5939,18651.8
146.827,-570.583,18781.8
52.7664,-475.486,19506.3
63.3197,427.905,19456.4
-146.623,655.234,18858.4
-390.996,-0.641608,19061.9
-12.1678,1072.48,19265
-121.678,-478.373,16986.4
-12.1678,-47.8373,20231.7
0,-666.429,18315.7
-52.6914,-855.041,18060.6
-30.1094,-365.234,18472
62.3541,-193.037,18666.8
74.8249,-496.833,19355.3
0,-498.11,20308.9
22.5224,11.2612,20191.4
109.012,34.6051,20174.8
76.6177,-160.702,18897.6
7.66177,-356.009,20663.4
0,-220.353,19769.5
-517.452,-1474.83,18908.7
-468.458,-811.726,19517.6
-288.474,0,19518.6
-375.799,270.445,18931.2
-315.871,329.767,19340.9
97.2001,-476.701,20376.7
-136.05,-478.627,20121.8
-1134.7,-556.182,16765.4
-113.47,484.867,18577.4
-378.46,120.108,18681
1123.71,147.616,18284.8
823.633,845.012,20185.5
165.82,633.884,20032.8
-255.662,328.93,17991
-505.523,575.627,17333.1
305.037,0,17813.5
71.6884,0,18812.1
716.884,0,20211.6
482.872,-411.183,18529.1
-1482.68,-317.668,17445.6
-590.269,538.76,18780.5
241.679,356.355,19592.8
477.517,0,20147.6
182.708,297.266,20549.1
-213.735,950.751,20161.9
213.09,1403.9,19279.6
368.575,1151.13,18566.3
-338.652,0,18597.3
380.401,893.611,19718.8
-11.818,477.401,17467
-29.756,104.558,17144.5
406.717,-57.2185,18099.2
64.0669,360.054,18963.1
-324.581,1114.03,19148.5
143.512,1162.3,19070.5
382.699,204.393,19348.2
111.61,203.439,19505.5
1116.1,1116.26,19453.8
594.037,111.626,18598.8
107.206,0,18951.9
-990.618,-302.276,20127.5
-496.975,-390.66,18762.8
424.121,-181.61,18516
115.639,648.428,18695.2
-567.375,2260.22,17856.7
-56.6377,2962.22,18344.7
-254.87,-115.852,17223.2
0,598.144,18358.2
1638.15,1354.94,19053.7
364.032,287.805,18565.7
0,0,17656.3
-412.115,0,18080.7
-108.504,839.284,18258.9
281.91,1007.14,19039.4
0,839.571,19526.6
155.114,2567.2,17318.8
725.943,1477.56,19423.5
279.282,0,19574.6
181.628,461.1,18748.4
217.578,-1079.59,18572.8
-125.383,161.728,18754.6
370.255,1122.45,19608.6
879.379,1209.17,20272.9
446.091,1631.01,20716.3
-223.925,1960.21,21116.5
0,997.9,20410.9
-55.9595,1103.53,18072
-559.595,437.762,19435
374.576,633.07,18916
971.873,1874.51,17582.8
617.222,653.834,17176.6
347.251,232.785,19170.6
444.942,1019.21,19351.5
577.706,990.266,18822.3
571.657,19.4968,20003.5
538.992,51.9916,20248.6
337.356,71.9106,19094.8
239.702,719.106,17942.6
648.886,891.206,20307.3
1232.5,1275.7,19695.7
-689.065,555.787,18507.8
-968.972,424.114,19130.4
-284.059,284.059,20538.5
107.281,107.281,20682.2
150.435,212.614,19329.9
121.853,156.299,18423.8
996.033,548.396,19361.1
0,1435.12,18953.6
-790.272,1505.92,18786.5
-175.616,692.425,19824.6
221.76,367.886,18790.5
572.305,443.843,18102.2
371.321,414.495,19130.8
-37.8087,581.874,20109.5
272.518,1059.86,19171.8
813.642,952.142,17800.1
-327.145,95.6746,19098.3
756.595,956.746,18768.7
240.645,260.66,19098.3
1513.59,77.0662,18792.6
817.034,453.797,18352.9
711.562,250.655,19628.9
1117.17,272.119,19515.5
249.495,-67.1823,18363.5
-927.398,-331.317,18693.7
247.21,953.872,19507.8
1142.24,0,18647.6
297.913,0,20272.1
94.5619,-365.765,19915.4
-1753,-434.759,19960.8
-429.423,232.629,18486
538.092,782.724,18940.3
699.297,355.555,19525.6
625.755,241.617,20032
334.861,567.421,20099.4
83.6443,-260.382,18083.1
439.92,108.209,18570.3
635.208,-799.912,19134.9
110.569,-79.9912,19996
348.18,-157.831,19416.2
1800.95,1280.26,17609.6
1448.51,1297.98,17670
1224.04,1207.21,18465.7
1536.95,1662.56,18896.5
1159.37,1306.36,18867.5
628.688,149.743,18224.5
741.301,673.842,18091.6
674.59,0,19558.2
957.857,1320.93,21300.6
319.319,293.541,18276.5
303.706,258.162,17966.4
674.73,452.156,17381.6
678.528,855.943,18240.1
669.722,722.497,20184.6
963.723,329.024,20350.8
879.676,1118.45,19109
490.512,1073.29,20152.1
599.76,-114.213,18292.4
1758.91,2048.42,20307.5
377.541,457.743,19414.2
669.722,383.993,18844.7
1044.82,219.425,18096.6
848.253,602.97,18254.6
567.606,723.564,19320.3
801.657,0,19590.3
1363.76,160.911,18495.7
965.464,744.437,18500
0,203.391,18656.6
430.536,38.6922,19517.6
95.6746,861.708,19230.6
313.297,321.611,19043
1064.15,0,17822.6
812.809,37.6035,18765
770.578,-11.5874,19702.8
1603.18,-99.2454,18449.7
1560.03,345.451,18101.1
2187.78,1770.48,17409.1
1189.11,2159.51,18260.2
525.607,287.47,16607.3
522.318,565.32,17719.3
161.978,1545.48,19489.1
844.723,478.373,19465
1633.81,1195.93,18873
1188.32,2187.49,18725
294.393,862.499,18768.1
850.12,251.388,18627.7
1862.42,690.901,17961.7
478.373,1372.81,18781.2
-174.889,1304.2,20224.9
715.902,259.316,19632.5
655.456,1038.15,18189.6
210.533,721.288,18700.7
-474.815,108.493,18557
-437.452,178.57,18106
506.342,206.373,18276.6
863.626,79.44,17795.4
601.851,1816.8,19622.8
127.866,2306.62,18348.7
1541.53,1151.02,17065.9
826.135,1874.81,18138.3
167.822,1310.66,17101.3
748.311,1017.29,17804.6
1108.91,293.433,18927.9
1131.5,212.527,18963.4
1119.5,1355.5,18983.1
453.257,1699.95,19825.3
314.547,1694.95,19523.2
22.9308,910.885,17860.3
1062.88,3381.36,18853.5
1145.5,1651.81,20010.5
286.846,591.395,19052.5
134.778,140.66,19179.9
616.562,977.327,20248.5
550.52,1806.7,20447.2
113.714,1307.54,19638.4
435.382,815.566,19205.7
101.531,1342.04,18696.2
9.71891,504.29,16759.3
862.044,1057.75,19422.7
1208.92,1543.02,18909.5
607.263,1397.38,19909.3
-388.169,2325.76,19565.4
-430.937,2286.95,19333.5
67.8639,1070.13,19446.4
312.135,357.623,18659.6
825.067,456.644,17773.8
1479.53,794.895,18648.4
872.094,1811.91,21048.4
722.42,498.796,19735.6
499.087,445.021,19055.2
134.223,380.218,18736
812.02,1203.37,18878.2
1195.71,888.619,18286.3
622.826,959.755,17759.8
358.072,2199.62,18593.6
1131.92,2066.49,19173.3
896.169,3246.19,17066.1
993.862,1876.38,20421.6
1259.9,1085.95,19899.7
1788.69,199.626,18486.9
989.839,669.722,18919.8
1085.95,2092.12,18050
909.926,2671.2,17967.6
733.593,1962.72,18482.6
1240.46,1821.63,17843.8
1277.34,3253.75,17604.3
1195.35,2606.14,19470.4
421.072,229.204,16800.4
340.635,22.9204,17977.4
724.892,1091.76,19036.4
314.619,2285.84,18907.8
38.6639,2747.16,19292.9
891.764,2291.67,18976.3
1544.9,1946.93,17776.4
830.873,1854.62,17885.6
280.812,895.722,19805.1
1391.67,363.142,19054.7
1280.15,2792.75,18333.2
1587.05,2862.49,19413.5
1413.93,868.113,18832
1255.21,2454.3,19503.1
503.739,1399.39,19961.4
-125.2,120.884,19819.2
-79.0345,-97.2662,18756.7
446.605,-355.191,18078.7
578.398,-89.5541,18779
-841.494,19.5992,16276.7
0,-97.6715,19515.6
0,725.048,19417.9
261.769,163.292,18947.5
21.0826,115.621,17497.5
720.743,98.1634,17996.2
1038.55,-54.274,18922.5
340.36,-263.453,19326.3
-246.943,223.602,19098.8
189.487,1653.45,18147.5
924.797,1518.84,19108.6
721.033,2523.61,18788.3
683.396,1520.96,17739.6
1169.2,1544.74,17952.4
722.371,473.562,18470
-205.877,176.821,18789.2
409.352,591.576,18414
888.449,1065.85,18581.7
94.8646,1531.34,19292.1
342.748,1884.3,18627.4
438.024,1401.09,18341.9
340.331,1094.79,19815.6
-409.829,109.479,18080
-98.636,197.176,18688.2
680.003,774.507,19741
557.523,344.007,17852.2
278.773,-46.9304,17190.3
538.727,497.531,17783.7
1174.08,1590.47,17858.7
1620.6,1919.43,18811.1
1183.06,0,18301.8
1431.43,0,16897.6
-717.929,0,18911.2
138.41,0,19623.5
139.054,-646.631,17643.8
77.2245,-232.648,17180.3
630.101,369.825,18047.5
775.929,880.983,18710.2
154.413,872.677,18641.8
-81.7017,-433.454,18451.2
-421.181,-457.646,19431.2
-535.238,-899.882,18421.3
-570.053,-606.517,19752.1
-431.191,-1064,20170.9
-878.267,-2257.25,20661.6
-227.58,-925.378,20392.2
407.665,16.4344,20195.1
130.258,-192.175,19423.4
-283.445,-88.9322,18142.1
-432.718,232.994,18422.8
-1862.99,1028.61,19069.8
-1155.34,-198.598,17420
-391.966,-572.722,18134.1
-626.252,-2450.74,18003.1
90.9445,-1845.43,19655.8
-993.242,-750.074,18015.2
-732.683,-485.091,16612.4
287.024,-473.224,17091.2
143.512,-436.629,17874.9
382.699,-1229.21,18652.5
47.8373,-2152.79,18709.9
478.373,-656.35,19190.5
47.8373,-65.635,18619.5
0,-901.378,18151.8
577.247,-188.107,18613.5
434.617,-593.146,18448.8
-98.2372,-1478.46,18807.8
-65.9667,-1338.03,18742.4
300.436,-979.072,17719.5
69.9923,-1808.83,18204.6
0,-1559.21,19998.2
0,-718.214,20330.6
117.771,-932.893,17495.7
1485.58,-2122.69,17320.4
728.38,-2096.72,18634.1
-236.816,-2102.52,19036.9
-283.586,-2230.32,19189.2
-462.487,-2070.35,19014
-678.457,-1609.09,18368.3
62.0283,-1385.41,18468.7
-1375.3,-2076.93,18957.6
-836.943,-1953.43,18955.6
-1076.49,-1355.23,19348.3
-218.922,-3305.75,19948.3
-110.733,-3263.54,18193.4
-63.6399,-2746.78,17501.7
154.853,-2003.67,18941.7
222.867,-2054.5,19699.3
64.8267,-2292.2,18572.9
34.1582,-1183.28,18140.1
269.29,-2893.83,18582.5
1155.78,-1875.07,19452.7
115.578,-350.382,17048.8
368.249,-859.389,20534.4
-354.375,-1155.67,19905.2
146.708,-1490.99,19310.6
424.099,-1795.91,19248.5
442.603,-1530.79,19124.5
895.451,-887.42,18997.9
469.537,-1020.7,18799.3
-1034.63,-2244.12,18942.1
0,-2633.22,18057.5
0,-2112.01,18355.9
-1056.3,-1497.72,18373.3
14.9127,-2469.94,18646.6
234.872,-2192.76,18967.7
-114.482,-1812.2,18889.8
-137.379,-2492.69,19049.1
112.728,-2577.84,19147.8
354.05,-921.332,18360.7
240.49,-1317.89,19273
0,-1271.69,17219.1
385.432,-512.601,17832.2
132.397,-944.54,18458.6
570.366,-789.628,18522.1
802.734,-1954.83,19659.8
122.799,-2696.61,18918.1
-699.366,-2325.07,18474.4
-592.98,-1720.1,19694.1
246.455,-1248.9,18889.6
694.666,-1584.93,19343.4
276.957,-2933.18,18996.4
54.6329,-1584.93,18771.4
68.8802,-1178.21,21044.3
-369.462,-1950.31,20142.1
239.853,-1894.16,19300.4
387.043,-1526.45,18615.7
177.575,-902.395,18837.6
-76.8848,-445.131,19517.9
-1088.95,-1316.69,18311.5
-248.601,-1594.83,18111.6
0,-1435.12,20220.4
0,-2709.19,18777.9
237.127,-2246.52,18411.6
234.068,-907.493,17752.8
-95.7392,-348.885,18570
383.4,-370.173,18999.4
1229.37,-555.261,18902.1
1320.59,-1096.74,19029.7
778.409,-1891.57,18956.6
202.068,-1701.61,19940.5
1435.12,-380.265,17994.1
1406.93,-1339.03,19872.5
568.268,-671.81,20759.8
75.1943,-813.234,19162.8
12.263,-1585.26,19362.8
520.997,-1942.01,19551
1401.43,-1379.05,18923.3
1412.48,-638.109,18446
58.3806,-832.614,17962.2
262.713,-1523.64,18098.2
0,-1590.96,19057
27.563,-1047.73,19264.9
-1622.03,-2639.71,18128.8
-610.559,-915.839,18447.1
-354.261,-1001.57,18958
402.009,-841.42,19587.9
874.668,-545.549,20030.6
210.006,-1123.79,19291.5
445.183,-838.347,17904.3
126.224,-1758.41,19016.2
-1549.55,-1856.28,19441.7
-154.955,-1338.12,18211.8
128.21,-765.085,18790.9
-56.7409,-860.589,18583.6
-59.897,-2150.35,19694.4
1175.67,-2660.87,20776.6
1648.89,-1901.57,20156.4
552,-1060.82,19386.5
274.498,-836.103,20120.5
-256.028,-1046.44,18587.8
1329.17,-141.262,20977.8
132.917,-2232.89,18125.7
710.909,-2880.49,17958.6
-140.668,-2365.96,18576.1
486.628,-2275.51,19345.1
868.646,-1450.12,18710.9
323.027,-934.57,18915.6
69.2681,-1383.75,19805.9
-29.0156,-1421.85,17628.6
-961.788,-3017.78,17404.9
0,-40.2515,19148.3
171.578,-950.886,19741.6
-288.367,-2180.11,18672.7
109.37,-1640.16,18460.4
132.46,-1560.95,19198.5
0,-1375.81,19324.7
0,-1432.01,19045.8
0,-1940.16,19142.4
115.726,-1657.89,19442
614.746,-1639.05,20701.3
939.784,-973.708,20980.6
93.9784,-738.901,19539
-1328.86,-684.861,17972.1
171.399,-1207.95,18981.1
403.662,-840.108,18977.7
-1178.46,-1306.95,18952.4
-1790.12,-1831.01,19126.5
-565.126,-1100.04,18584.7
276.696,-626.047,17884.2
574.62,-1045.77,17710.9
30.3793,-3257.47,20000.5
864.11,-1296.66,17804.7
786.203,-400.171,18437.4
-190.916,-1652.1,19070.5
-260.037,-1199.39,18334.7
-19.5612,-580.591,17808.5
328.725,-784.559,17978.2
674.388,-1006.31,18416.6
11.1712,-1555.99,19590.7
-1219.15,-3149.06,21143.4
-799.914,-1861.22,18708.8
491.252,-1759.14,18512.7
558.549,-1448.75,17642.2
161.852,-1681.72,18888.4
0,-1873.54,18419.9
180.389,-1674.31,17452.2
307,-1445.4,17619.9
0.380704,-1553.63,18285.6
-407.65,-1259.37,18628.1
69.6302,433.351,19393.2
74.1757,-2721.89,18656.6
539.244,-538.102,17630.9
-180.57,-1039.3,18410.1
-2.85687,-1310.24,16858.8
-474.755,-1094.26,17364.7
-447.618,-1818.51,18741.7
673.341,-2115.85,19310.7
1178.35,-1108.92,19261.8
95.6746,-1154.97,19046.1
554.833,-2212.11,19060.3
1242.97,-480.369,18274.3
985.369,-662.904,17571.6
455.066,-519.336,18279.2
255.93,-773.975,19115
439.944,-647.289,20129.2
611.723,-319.883,20031.5
383.859,-479.534,19342.9
711.815,-561.807,19830.4
1993.85,-374.56,20680.7
574.696,-3040.14,18289.1
1441.6,-596.345,19370.9
801.193,-286.131,18750.4
414.366,-318.691,17662.8
411.565,-124.565,17947.2
222.406,-1072.31,16418.8
184.817,-1177.28,16508.6
27.9741,-779.072,17785
-140.652,-813.547,17797.1
339.293,-479.505,17965.7
84.0565,-1415.3,18678.7
0,-956.746,18318.1
0,-1387.28,18019.3
857.633,-1531.94,18328.8
1300.39,-1136.57,18575.3
559.302,-1070.16,18480.4
-205.189,-948.663,18479.2
-246.226,-1593.04,18662.9
-490.486,-2843.05,19120.6
-1095.4,-2347.3,19702.8
956.526,-430.536,16934.1
