-15.7861,-26.3104,28.9177
-18.6181,-27.0348,31.1198
-21.3575,-27.2822,33.2233
-23.8807,-27.164,35.5812
-26.176,-26.3571,37.9401
-28.2323,-25.1778,40.3025
-30.0417,-23.6554,42.7129
-31.664,-21.6324,45.1567
-33.2178,-19.2881,47.5926
-34.648,-16.7972,49.8172
-35.1545,-14.0872,51.4027
-35.1577,-11.2817,53.0653
-36.207,-8.54878,54.4458
-37.5497,-6.16193,55.1952
-38.7476,-3.61755,55.1268
-39.8978,-0.974596,54.6458
-40.9937,1.65507,53.7396
-42.0856,4.31495,52.076
-43.2997,6.95033,49.6795
-44.2756,9.27515,46.9866
-46.1942,10.8373,44.8397
-47.7636,12.5126,42.0769
-48.8334,13.7046,39.7336
-50.0139,14.3183,37.2426
-51.3681,14.9267,34.8916
-52.4126,15.3543,32.8277
-53.0121,15.3777,31.2383
-53.5669,14.9169,29.9811
-54.2896,13.823,28.8492
-54.594,12.0708,28.6172
-54.6688,9.8517,28.0088
-54.9263,7.79074,27.8522
-55.3359,5.11323,27.1036
-55.4564,2.31142,26.3135
-57.0102,-0.469599,24.3036
-58.8155,-3.08772,22.1497
-60.5277,-5.28104,19.9394
-62.8925,-7.00554,16.9053
-65.5879,-8.50187,13.1559
-67.6619,-9.74798,8.87231
-70.072,-10.7005,4.5137
-72.2884,-11.0544,0.577833
-74.2125,-11.1033,-4.48299
-76.0499,-11.1056,-9.17467
-77.6921,-10.3498,-12.9519
-79.6626,-9.624,-16.3908
-81.3435,-8.69691,-19.3098
-82.0916,-7.21519,-21.1256
-82.6212,-6.04219,-22.0027
-83.4488,-5.25821,-22.4129
-84.2774,-4.82003,-22.5741
-85.173,-4.75708,-22.2468
-86.8248,-4.21881,-22.1623
-87.771,-3.99071,-22.168
-88.4832,-3.55375,-22.7872
-89.0482,-3.19553,-23.3334
-89.5717,-2.96507,-23.9392
-89.8236,-2.41013,-25.0087
-89.4501,-1.34034,-26.1239
-89.5222,-0.148587,-27.2395
-90.2588,1.50173,-28.1166
-89.5074,2.14893,-28.9594
-89.7843,3.33977,-30.7383
-89.7734,4.4782,-32.2118
-89.4836,5.58782,-33.3251
-89.2249,6.73954,-34.3634
-89.0301,7.73953,-35.7884
-88.7626,8.28356,-37.2132
-88.2769,8.2206,-37.7491
-87.4689,7.67731,-38.2515
-87.8377,7.57644,-38.7988
-87.5617,6.60047,-39.7747
-87.335,5.77795,-40.5918
-87.4025,5.18238,-41.2033
-87.2127,5.03527,-41.7403
-86.9372,5.29088,-41.9672
-86.6072,5.82,-42.0598
-86.1671,6.48542,-42.2164
-85.8428,7.16654,-42.4079
-85.6122,7.90043,-43.169
-85.249,8.7608,-43.713
-85.5401,10.3831,-44.3405
-85.344,11.912,-45.5245
-84.907,13.8472,-46.447
-84.3811,16.2545,-47.1747
-84.2483,18.6888,-48.143
-84.3752,21.0262,-49.2623
-84.6901,23.1375,-50.4851
-85.4806,24.7297,-52.1461
-86.0163,26.2832,-53.9003
-86.593,27.7989,-55.6351
-87.5475,29.7271,-57.4926
-88.05,31.1826,-59.4032
-88.5983,32.148,-61.1561
-89.0166,32.5441,-62.985
-89.4455,32.7859,-64.8494
-89.8478,33.0034,-66.5551
-89.9942,33.1223,-68.1599
-89.7486,33.056,-70.0896
-89.0993,32.4306,-72.6437
-88.7808,32.5517,-75.0835
-88.3101,32.2779,-77.0938
-87.7406,32.0314,-79.4578
-87.002,31.458,-81.6294
-86.0967,30.7855,-83.697
-85.2861,30.1578,-85.5498
-84.5477,29.2376,-87.4523
-83.7767,28.031,-89.5418
-83.0673,27.1785,-91.4431
-82.3722,26.6433,-93.186
-81.8967,25.8104,-94.907
-80.8127,25.0578,-96.3293
-79.7081,24.3629,-97.5227
-78.7724,23.8117,-98.707
-77.8403,23.2106,-100.16
-76.5568,22.6573,-101.549
-75.0941,22.2138,-102.768
-73.7358,22.0426,-103.956
-72.3287,22.3242,-105.011
-70.8112,22.5303,-105.698
-69.7559,22.179,-106.522
-68.3407,21.8932,-107.603
-67.3724,21.5266,-108.79
-66.6167,20.7985,-109.606
-66.0591,19.8574,-110.697
-65.4895,18.744,-112.109
-64.7096,17.5829,-113.69
-63.7864,16.3973,-115.177
-62.8169,15.0135,-116.382
-61.4728,13.5405,-117.84
-60.16,12.3707,-119.432
-59.2901,11.197,-120.399
-58.7668,10.3522,-121.381
-58.1875,9.73189,-122.477
-57.7238,8.99791,-123.415
-57.4208,8.32181,-124.162
-57.1857,7.90846,-124.683
-57.0412,7.84524,-124.933
-57.0621,8.12407,-125.084
-56.9876,8.52302,-125.493
-56.8096,9.41186,-125.827
-56.4213,10.6529,-125.613
-56.3636,11.8732,-125.644
-56.7998,13.3749,-125.983
-57.3853,15.1929,-126.129
-58.3822,17.2755,-126.084
-59.717,19.7967,-126.267
-60.961,22.7019,-127.001
-61.9823,25.598,-128.159
-62.9693,28.6045,-129.27
-63.68,31.7722,-130.012
-64.2657,34.8136,-130.705
-64.6599,37.6397,-131.545
-64.5841,40.5801,-132.421
-64.1024,43.4816,-133.403
-63.1525,45.8772,-134.356
-61.7917,47.7859,-134.934
-60.2762,49.7133,-135.296
-58.7632,51.8147,-136.174
-57.0486,53.3021,-137.577
-55.338,54.0197,-138.484
-54.1268,54.5511,-139.08
-52.8585,54.8145,-139.228
-51.7353,54.804,-139.218
-51.1578,54.5666,-139.076
-51.0663,54.0861,-138.928
-51.208,53.3163,-138.767
-51.501,52.3578,-138.529
-51.7814,51.4791,-138.193
-51.3689,50.8248,-137.582
-51.0757,50.2395,-136.666
-50.8814,49.3634,-135.627
-50.5688,48.3639,-135.072
-50.2977,47.6578,-134.238
-49.822,46.8268,-133.706
-49.2093,45.9363,-133.492
-48.6274,45.0681,-133.082
-48.0347,44.068,-132.248
-47.2835,42.7968,-131.436
-46.4977,41.3905,-131.09
-45.6365,40.187,-130.356
-44.7342,38.7042,-129.811
-44.2052,37.2775,-129.425
-43.7405,36.2887,-128.914
-43.0959,35.2378,-128.153
-42.5155,34.398,-127.257
-42.1734,34.1855,-126.337
-41.896,34.4286,-125.449
-41.3789,34.7019,-124.678
-40.5295,35.2906,-124.02
-39.4373,36.1787,-122.754
-38.278,36.7687,-121.811
-37.1534,37.7469,-120.528
-36.3208,38.6264,-119.508
-35.6395,39.4791,-118.861
-34.9175,40.4493,-118.392
-34.2935,41.5813,-117.843
-33.6611,42.8209,-117.104
-32.6539,44.1448,-116.406
-31.7218,45.7004,-116.212
-30.3481,47.5883,-115.666
-29.0775,48.8737,-115.678
-27.6102,50.651,-115.222
-26.1964,52.626,-115.223
-25.2145,54.5379,-114.921
-24.5319,56.4949,-114.109
-23.9816,58.6331,-113.325
-23.4433,60.818,-112.666
-22.7924,62.8935,-111.75
-22.1494,65.0808,-111.211
-21.4115,66.5395,-109.945
-20.4637,67.1836,-108.882
-19.0839,67.7749,-108.087
-17.4948,67.6872,-106.981
-16.1145,66.8766,-106.113
-15.1627,65.4003,-105.644
-14.1177,63.6442,-105.369
-12.8321,61.9253,-105.055
-11.7652,60.0841,-104.788
-10.266,57.9803,-104.986
-9.15161,56.4517,-104.822
-8.89594,55.349,-104.822
-9.22251,54.5831,-104.501
-9.76991,53.9436,-104.041
-10.4647,54.3018,-103.329
-11.3045,55.3689,-102.394
-12.1026,56.8978,-101.085
-12.8836,58.9747,-99.4987
-13.9445,61.4535,-97.9082
-15.0324,64.066,-95.7291
-15.6139,67.2771,-93.2748
-16.6905,69.8137,-90.2121
-16.7601,71.9509,-88.1133
-16.6899,73.4706,-85.9157
-16.3011,74.3435,-83.6176
-15.4746,74.848,-81.3553
-14.4885,74.6929,-79.2523
-13.4912,73.9422,-77.4524
-12.3135,73.3417,-76.003
-11.1784,72.6083,-74.614
-10.2716,72.385,-72.7865
-9.54069,72.1689,-71.4167
-8.36998,72.1747,-70.9464
-7.58763,71.9866,-69.8971
-6.58793,71.6162,-69.5574
-6.36757,71.3233,-69.4439
-6.57044,71.1478,-69.4092
-6.34955,70.9302,-69.4706
-6.17303,70.746,-69.0161
-6.1338,71.1054,-68.3874
-5.87078,71.9625,-67.9358
-5.17209,72.3166,-67.2831
-4.78739,72.6974,-67.0941
-4.03817,73.2906,-66.3982
-2.98283,73.5208,-65.5954
-1.16949,73.6787,-64.9414
0.994356,73.6383,-64.1222
3.34767,72.9887,-63.207
6.27813,71.7594,-62.5269
8.42124,70.1095,-61.1626
11.2854,68.893,-60.7154
12.3954,67.185,-59.8856
14.7141,65.916,-58.3748
15.9511,64.6674,-57.1658
16.9429,63.9568,-56.3082
17.8899,63.6608,-54.9439
18.4807,63.1156,-53.2805
19.0218,62.06,-52.1758
20.3737,60.7894,-51.6932
22.3594,59.1249,-51.2627
23.361,57.0682,-50.9029
25.8473,54.6702,-51.1567
27.3376,52.8777,-50.9887
28.4924,51.845,-50.7313
29.4952,50.2803,-49.9662
30.6294,48.8427,-49.7359
31.966,47.4399,-49.832
33.5052,45.4789,-49.5247
35.0664,43.5143,-49.0832
35.8557,42.2579,-48.4396
36.952,40.5559,-48.3889
37.3193,39.0076,-48.3079
37.5028,37.9838,-47.4694
37.5541,37.3606,-46.5751
37.0088,37.3394,-45.6734
36.1777,37.6591,-44.5952
35.2837,38.2491,-43.2379
34.1349,39.0068,-42.003
32.9043,39.758,-41.3485
32.7545,41.0464,-40.6097
33.4796,42.2055,-39.9817
34.5445,43.4153,-39.2814
35.1489,44.89,-39.0007
36.2088,46.3338,-38.796
37.3729,48.3373,-38.8548
38.6027,50.3542,-38.8282
40.5419,52.0843,-38.8947
43.3846,53.6774,-39.0743
46.5542,55.0285,-39.0195
50.068,55.899,-39.6163
52.9902,56.6686,-39.8356
55.0131,56.8602,-39.6733
55.421,57.2242,-39.1377
54.6905,58.7855,-38.6365
52.5337,60.9891,-37.2058
49.7893,64.1354,-34.4834
47.2701,67.6965,-30.8723
45.1074,71.0777,-27.1971
43.1575,74.5234,-23.9539
41.5379,77.4662,-20.6012
40.3447,79.674,-17.2258
39.8472,81.7106,-15.2381
40.0039,83.1125,-13.9934
40.1925,84.3946,-13.1369
40.6909,86.2263,-12.7236
42.0281,87.7741,-12.3997
44.3539,88.6042,-11.8605
47.2107,88.9074,-11.267
50.0427,88.5152,-11.0988
53.0108,86.9937,-11.5866
56.2078,85.0305,-12.4094
59.5896,82.808,-12.965
61.5814,80.5628,-13.5579
62.4083,78.6192,-13.8579
62.5113,77.3955,-13.842
62.2883,76.5236,-13.4024
61.8956,75.7052,-12.6501
61.4145,75.1279,-11.6852
61.0677,75.1796,-10.2075
60.9765,75.9808,-7.85328
60.1699,76.8764,-5.56088
59.304,78.1315,-3.14593
58.5651,79.8695,-1.06803
58.2804,81.4832,0.696842
58.4871,82.4932,2.42774
58.6502,83.3,4.11535
58.7401,84.0163,5.87236
59.2336,84.3516,7.55778
60.3277,84.1986,8.82913
61.6733,83.6176,10.1661
63.2678,82.3512,11.1136
65.1596,80.8968,12.4027
67.2508,78.8092,13.5282
68.3292,76.2542,14.568
68.9535,73.6795,15.9114
69.372,71.4934,17.4235
69.7094,69.4465,19.0122
70.2163,67.2249,20.5653
71.0181,65.0652,21.8097
71.8048,63.2491,22.8672
72.2599,62.1307,24.1392
72.0161,61.9222,25.1346
71.8167,62.529,26.6034
72.0623,64.2413,28.1825
72.4735,66.4561,29.6837
73.143,68.7321,31.4635
74.0967,71.0239,33.4478
74.9706,73.1745,35.1032
75.7463,74.6493,36.3019
77.6497,75.1298,37.7259
80.306,74.9516,39.1788
83.0006,74.172,40.1727
85.4223,72.3699,40.7633
87.5716,69.8004,41.1412
89.6909,66.969,41.8505
91.4831,64.1703,42.6604
92.4745,61.8344,43.652
92.5339,60.5321,45.3506
91.9123,60.6067,47.9288
90.7638,61.9239,50.9064
88.9445,64.1829,54.3549
85.7714,67.4671,58.3849
82.5813,71.5148,62.5609
80.1086,75.9156,67.0229
78.2265,79.9691,71.7704
76.7797,83.4735,76.2639
75.6794,86.5357,80.1781
75.3058,88.8921,83.4523
76.3822,89.8674,85.8658
78.8339,89.2875,87.0901
81.721,87.4096,87.5524
84.9653,84.1392,88.2109
88.1581,79.9113,88.8252
91.0083,75.1991,89.2851
93.17,70.131,89.5734
94.5518,65.0258,89.7211
95.2612,60.4428,90.0719
95.4643,56.8705,90.6807
95.1806,54.4215,91.3074
94.1389,52.9271,92.5965
92.2896,52.6449,94.6395
89.0733,53.4154,96.7481
85.3298,55.0039,99.3094
82.1528,57.2888,102.402
79.4834,59.6036,106.03
77.1974,61.7814,109.85
75.5575,63.6069,113.557
74.4523,64.7679,116.807
73.2868,65.1512,119.328
72.3182,64.7892,121.543
71.6556,63.9151,123.459
71.6685,63.419,124.547
71.7586,62.9445,125.291
71.5691,61.8332,126.047
71.2694,60.4676,126.71
70.7113,58.9148,126.788
69.8839,56.8872,126.415
68.914,54.2832,125.974
67.8074,51.3568,125.397
66.5982,48.2621,124.662
65.5937,45.3251,124.251
63.7933,42.8913,123.763
62.1777,40.8483,123.58
60.7932,39.5486,123.741
58.9207,38.4837,124.254
56.4552,37.5494,125.013
54.0627,36.8849,125.738
52.549,36.5079,126.621
51.9292,36.3974,128.108
51.2075,36.7598,129.516
50.8618,36.9621,131.242
50.3032,36.2024,132.562
49.8951,35.514,133.653
49.5618,33.9385,134.866
49.1245,32.0411,135.668
48.6898,30.3341,136.108
48.4413,28.7724,136.421
48.5159,27.3353,136.748
48.7334,26.2484,137.14
48.3782,25.1603,137.465
48.0285,23.5541,137.539
47.9252,22.4355,137.712
47.9033,21.5159,137.773
47.7647,20.7323,137.919
48.1456,20.0034,138.3
48.2899,19.2614,138.847
48.1731,18.2179,139.171
48.4733,16.4887,139.299
49.1189,13.9387,139.826
49.4411,10.7866,140.651
50.3218,7.13266,140.784
51.188,3.60787,140.911
52.3462,-0.607886,141.521
52.7738,-4.5026,142.342
52.7196,-7.47894,142.879
52.5923,-9.94189,143.224
52.3977,-11.7726,143.863
52.013,-12.5393,144.404
51.3705,-12.4769,144.225
50.2232,-12.236,145.006
49.567,-12.151,145.999
48.3431,-12.1438,146.417
47.5876,-12.4863,146.714
47.3381,-12.6889,147.256
47.0005,-12.6499,147.805
46.3083,-12.5258,148.419
45.5289,-11.8856,148.97
44.915,-10.5111,149.262
44.5251,-8.80824,149.235
44.6468,-6.43343,148.649
44.1704,-3.40838,148.087
43.8202,-0.771731,147.586
43.2166,1.87188,146.954
43.0756,3.96493,145.858
43.1808,5.21208,145.595
43.4001,6.18774,145.017
43.1427,6.49183,143.501
42.4793,5.77795,141.75
42.26,4.76821,140.27
41.8105,3.39154,138.8
41.1587,1.43616,137.886
40.9192,-0.339195,136.527
40.5076,-1.6341,135.339
40.1094,-2.35459,134.51
40.259,-2.34141,134.11
40.211,-1.87144,133.973
40.0698,-0.713975,133.675
39.9013,1.27414,133.256
39.1332,3.55715,133.171
38.9009,5.98436,133.073
38.6241,8.85235,133.512
37.6339,11.7197,133.623
37.0796,14.249,133.886
36.3745,16.9743,134.546
35.9689,18.8995,135.13
35.5962,20.4083,135.501
35.2345,21.5512,135.736
35.2276,22.2568,136.151
35.588,22.7655,136.923
35.8838,22.3123,137.366
36.2803,21.7861,137.816
35.8248,20.655,138.364
35.9703,19.1059,137.995
35.5455,17.5212,137.706
35.3988,16.1736,137.844
34.8865,15.253,137.724
33.9273,14.8822,137.375
33.0583,15.3579,137.256
32.1772,16.98,136.988
30.8771,19.3031,135.915
29.4575,21.459,136.569
28.2725,24.5086,136.55
27.7535,26.4009,135.975
27.2487,28.31,135.499
26.0851,29.7252,135.443
25.0847,30.2804,135.639
24.5128,29.9118,135.821
24.2641,28.8559,136.015
24.3752,27.5084,136.419
23.9331,25.9801,136.938
24.1352,24.3397,137.893
23.6165,22.8354,138.791
23.2026,21.578,138.909
22.4424,20.6162,138.897
21.3022,20.1742,139.424
20.0604,20.3564,140.444
18.4596,21.3088,141.564
16.2693,23.1532,142.451
13.9653,25.7925,143.004
11.8951,28.9086,143.321
9.07764,32.1316,143.422
6.59326,35.5215,143.301
4.59226,38.4318,143.195
3.08581,41.0297,142.54
2.03766,42.4158,141.441
0.94051,43.0236,140.05
-0.211951,42.8432,138.592
-0.931987,41.5516,137.172
-1.124,39.3855,135.634
-1.49244,36.406,133.866
-2.07164,32.6769,132.034
-2.81708,28.784,131.192
-3.90878,24.1127,129.63
-5.24031,20.3323,128.569
-6.5934,17.4603,128.013
-8.40349,15.5724,127.989
-10.4976,14.6034,128.22
-12.8188,14.4618,128.276
-15.8244,15.1593,128.13
-18.8578,16.42,128.156
-22.3558,18.2873,127.89
-26.0008,20.6948,127.133
-29.1075,23.5297,126.381
-31.7052,26.8688,125.464
-34.203,29.7008,124.202
-36.679,31.9052,122.654
-38.6612,33.4241,120.974
-39.975,33.8393,119.203
-41.0102,32.9559,117.334
-41.6766,31.2944,115.527
-42.3833,28.5921,113.409
-43.1367,24.9334,111.121
-43.2785,21.5387,108.765
-43.6707,18.4672,106.559
-44.3545,16.0431,104.51
-45.3677,14.7868,102.787
-46.7382,14.7767,101.36
-48.376,15.7403,100.241
-50.1556,17.5777,99.4964
-52.1087,20.4257,98.6715
-54.3323,23.7749,98.2793
-56.9049,27.6808,98.2677
-59.2908,31.6967,98.139
-61.6732,35.5453,97.8505
-64.0292,39.1709,97.5397
-66.0019,42.4314,97.3715
-67.6642,45.0592,97.2632
-69.0861,46.8205,96.883
-69.8465,47.6941,96.171
-69.8215,47.8286,95.7506
-69.7306,47.0311,94.9967
-69.3194,44.9508,93.6431
-68.391,42.179,92.1135
-67.6509,39.2835,90.358
-67.1073,36.4213,88.1642
-66.8506,33.8892,85.9035
-66.8375,32.0109,83.7264
-66.871,30.9553,81.4454
-66.934,30.7192,79.0675
-67.3813,31.1949,76.9515
-68.2338,31.9859,74.8763
-68.9038,32.9541,73.3468
-69.8037,34.0878,71.6413
-70.871,35.2475,69.603
-71.4969,35.8728,67.606
-71.8231,35.7688,65.9228
-72.2616,34.9993,64.8451
-72.7734,33.6761,64.2102
-72.9902,31.9958,63.3277
-73.0027,30.3503,62.0734
-72.5778,28.7116,61.1528
-71.7674,26.3322,59.7823
-71.1867,24.0697,57.9463
-70.9605,21.6342,55.5465
-70.6406,19.2103,52.7654
-70.5113,17.1154,49.937
-70.846,15.4708,46.9986
-71.5919,14.3426,43.7988
-72.6631,13.824,40.5254
-74.1591,13.72,37.3952
-76.3924,13.87,34.5253
-79.3584,14.3458,31.8205
-82.9011,15.0447,29.0586
-86.6366,15.9081,26.6323
-89.9579,16.915,24.5532
-92.9227,18.164,22.4095
-95.7817,19.4171,20.1244
-98.4134,20.3796,17.9995
-100.56,21.1281,16.1863
-102.513,21.8229,14.4293
-103.8,22.1651,12.676
-104.793,22.5163,11.2057
-105.563,22.5344,9.21725
-106.142,22.8972,6.88343
-106.288,23.093,4.7784
-106.348,23.3665,2.94112
-106.499,23.8407,1.16977
-106.638,24.2838,-0.446363
-106.775,24.7052,-1.90541
-106.997,25.5161,-4.06786
-107.09,26.3816,-5.83859
-107.977,27.0805,-7.4223
-108.359,27.6478,-8.83764
-108.885,28.0107,-10.0921
-109.202,28.3618,-11.357
-109.487,28.7302,-12.878
-109.91,29.1657,-14.2506
-110.372,29.6138,-15.2266
-110.625,29.891,-16.3299
-110.375,30.0887,-17.7089
-110.333,30.231,-18.8464
-110.498,30.7366,-19.7216
-110.31,30.9571,-20.5195
-109.927,31.1852,-21.4205
-109.598,31.54,-21.8557
-109.396,32.2621,-22.103
-109.269,33.0616,-22.3365
-109.2,33.7598,-22.6506
-109.287,34.5934,-23.3081
-109.611,35.1182,-24.0826
-109.76,35.6585,-25.0929
-110.405,36.5183,-26.2391
-110.761,37.5233,-28.414
-111.292,39.197,-30.8873
-112.025,41.1008,-33.384
-112.842,42.9275,-36.2285
-113.845,44.8716,-39.3637
-115.07,46.9146,-42.4133
-116.342,48.8856,-45.2633
-117.609,51.6257,-48.0629
-117.891,54.3068,-51.0895
-117.444,56.8121,-53.7342
-116.904,58.7792,-56.4052
-115.824,59.5196,-58.6108
-114.402,58.637,-60.8322
-113.226,56.7621,-63.2735
-112.38,54.0729,-65.6218
-111.793,50.5436,-67.6295
-111.61,46.7066,-69.3681
-111.621,43.1133,-70.818
-112.223,40.6356,-73.027
-112.61,38.136,-74.9283
-112.398,37.1221,-76.8434
-112.74,36.2856,-78.2886
-113.003,35.2246,-79.9841
-113.174,34.1635,-81.6584
-113.275,33.0546,-82.9801
-113.111,31.956,-84.1084
-112.719,31.2901,-85.4069
-112.488,30.8442,-87.0431
-112.025,30.1605,-88.5068
-111.877,29.4429,-90.0417
-110.783,29.1261,-91.2745
-110.502,28.6207,-92.3633
-109.185,28.2274,-93.8884
-107.993,28.2509,-95.2573
-106.977,28.374,-96.4001
-105.379,28.319,-97.6567
-103.861,28.152,-98.8919
-102.785,27.4153,-99.976
-101.374,26.5903,-100.819
-99.7291,26.7056,-101.805
-98.2147,25.9757,-102.938
-96.4752,25.8859,-104.096
-95.1196,25.3982,-105.148
-93.5283,24.1394,-106.293
-91.8666,22.6645,-107.415
-90.5129,21.2802,-108.269
-89.183,19.6117,-108.984
-88.249,17.7081,-109.803
-86.1087,15.9947,-110.14
-84.9436,13.8963,-110.965
-83.3445,11.5095,-110.957
-82.073,9.84919,-110.728
-80.8031,8.1162,-111.11
-79.5443,6.24967,-111.461
-78.4794,4.75684,-111.738
-77.5577,3.85315,-112.111
-76.5911,3.38181,-112.096
-75.709,3.61505,-111.868
-74.8414,4.87112,-111.603
-74.2981,6.93641,-111.535
-73.8671,9.40728,-111.27
-73.041,13.047,-110.859
-71.5856,17.3981,-110.849
-70.2339,22.5225,-110.617
-68.833,28.728,-110.419
-67.1897,35.7848,-110.528
-65.7623,43.0682,-110.258
-63.897,50.6122,-109.956
-62.5091,58.2334,-110.221
-60.6233,64.7672,-110.399
-59.0096,70.4546,-110.686
-56.9226,74.8971,-111.264
-54.8945,77.898,-112.656
-53.1976,79.1557,-114.082
-51.5696,78.4695,-114.828
-49.5997,75.8771,-115.442
-47.383,71.5601,-116.832
-45.6842,65.7067,-118.093
-43.9174,58.805,-118.043
-42.6682,51.561,-118.785
-41.2122,44.0861,-118.941
-40.5062,36.9517,-119.242
-39.6136,30.3971,-119.159
-38.8589,24.2275,-118.704
-38.504,18.9379,-117.925
-38.327,14.8444,-117.038
-38.3561,11.445,-116.379
-38.9259,8.92149,-115.54
-39.1975,7.66005,-115.052
-39.2448,7.297,-114.354
-39.9758,7.21647,-113.518
-40.7976,8.01186,-112.802
-41.6667,9.58629,-112.664
-42.5086,11.3089,-112.674
-43.5166,13.1964,-112.681
-44.4248,15.7226,-112.77
-44.5935,18.8451,-112.789
-44.6666,21.9427,-112.826
-44.6666,25.5888,-112.826
-44.4452,29.3235,-112.737
-43.8047,33.0058,-112.487
-43.2731,35.901,-112.508
-42.5639,38.2176,-112.87
-41.679,40.4326,-113.306
-40.5999,42.8346,-113.955
-39.6364,45.2719,-114.708
-39.2463,47.5169,-115.016
-38.7833,49.9966,-115.288
-38.1568,52.8961,-115.594
-38.2297,55.4394,-115.59
-38.5763,58.0108,-115.834
-39.2202,60.375,-116.082
-39.98,61.8915,-116.1
-41.0979,62.8259,-115.777
-42.1636,63.4098,-115.039
-42.7544,63.6489,-114.065
-43.1098,63.522,-113.163
-43.1524,62.7058,-112.135
-43.2533,61.2983,-110.955
-43.3861,58.9407,-109.703
-43.1741,56.4478,-108.7
-42.6825,53.8795,-107.829
-41.9702,51.3207,-107.442
-41.2701,48.8134,-107.12
-40.6171,46.3318,-106.798
-39.7561,43.779,-106.613
-38.6673,41.2218,-106.458
-38.0075,39.1746,-106.611
-37.1905,37.6899,-107.025
-36.3531,37.2852,-107.578
-35.594,37.5715,-107.639
-35.0674,38.0306,-107.801
-34.7773,38.9714,-107.89
-34.516,40.4673,-107.514
-34.3498,42.2419,-106.873
-34.3489,43.8514,-106.358
-34.2136,44.9023,-105.917
-33.7225,45.2083,-105.383
-33.5209,44.7164,-104.898
-33.3638,42.9403,-104.54
-32.7892,40.0422,-104.072
-31.5608,35.9631,-103.527
-29.6401,30.8764,-103.354
-27.7335,25.0849,-103.597
-26.3393,19.2479,-104.058
-25.1581,13.9487,-104.464
-23.6768,9.32024,-104.658
-22.3067,5.46959,-104.862
-21.6698,2.77379,-105.163
-21.3613,1.89519,-105.225
-21.1084,2.40605,-105.301
-21.0741,3.7156,-105.812
-21.1548,5.68385,-106.038
-21.2207,8.47916,-106.039
-21.4232,12.0456,-106.135
-21.8657,16.1413,-106.258
-22.3048,20.6553,-106.105
-22.5067,25.605,-105.721
-22.4199,30.8591,-104.796
-22.3712,36.2293,-103.524
-21.6035,41.641,-102.651
-20.1952,46.3931,-101.936
-18.8399,50.4774,-100.864
-17.2999,54.1415,-99.7448
-15.3963,57.3318,-98.8351
-13.5541,59.7668,-98.1172
-12.1293,61.2796,-97.6504
-10.561,61.8163,-97.4821
-8.78606,61.0884,-96.9909
-7.85315,59.8264,-96.5401
-6.28158,57.658,-96.5116
-4.79065,54.3898,-96.3235
-3.8402,50.5834,-96.3224
-3.31441,46.9032,-96.2647
-2.97963,43.4539,-95.867
-2.76724,40.106,-95.4085
-2.69931,36.9715,-95.2686
-2.72152,34.1857,-94.9353
-2.83304,31.9726,-94.4067
-2.81863,29.5814,-94.3012
-3.24117,27.3752,-94.6882
-3.42424,25.1828,-94.7728
-3.81742,22.4899,-94.1748
-4.36329,19.9311,-93.8088
-4.62793,18.0834,-94.0875
-4.34573,16.791,-94.6921
-3.66635,15.8439,-95.4339
-2.90181,15.8586,-96.3902
-1.95467,16.6598,-97.526
-1.49666,17.9927,-98.3097
-0.704963,19.7072,-98.6303
0.141318,21.6433,-99.0578
0.768306,23.5688,-99.7065
1.48918,25.4435,-100.052
2.48808,27.2437,-100.122
3.52258,28.8097,-100.209
4.40097,29.976,-100.15
5.39871,30.8826,-99.7998
5.75461,31.8627,-99.6457
5.43107,32.4513,-99.4157
5.13993,32.6885,-98.9242
5.14635,32.8174,-98.1238
5.61075,32.8755,-97.4555
6.05356,33.0869,-97.3632
6.28429,33.2225,-97.378
6.18094,33.068,-97.1428
5.53733,32.9342,-96.943
4.93595,33.0095,-96.2916
4.2513,33.282,-95.8654
3.76417,33.5723,-96.2157
4.13319,34.1054,-96.4167
4.83994,34.9065,-96.4359
5.39069,35.3778,-96.3067
5.72358,35.5993,-96.0342
5.86545,35.7604,-95.5764
5.99514,35.9306,-95.099
6.40209,36.0345,-94.7375
6.99065,35.692,-93.8644
7.97232,35.5269,-92.3552
8.64365,35.3852,-90.786
9.05409,34.9902,-89.238
9.39561,35.2243,-87.4201
9.60924,35.9538,-86.0512
9.51769,37.1629,-84.8476
9.12611,38.9885,-83.3039
8.81979,41.1915,-81.6789
8.90529,43.1521,-80.5884
8.88256,44.7276,-79.6703
8.99934,46.2632,-78.9138
8.93639,48.5855,-78.7448
8.99475,50.2338,-78.5544
9.06098,51.6545,-78.4477
9.46033,52.445,-78.2905
9.87226,52.9533,-77.9773
10.9671,53.4866,-77.7845
12.7056,53.8017,-77.9221
13.7883,53.5962,-77.9742
15.1478,53.2925,-77.3289
16.6307,53.5287,-76.9321
17.7837,52.9929,-76.5527
19.0221,52.1294,-75.8228
19.6051,51.3123,-75.1584
20.2138,49.978,-74.1182
20.6333,48.615,-72.3643
20.6952,47.3429,-70.4877
20.5169,46.3124,-68.8965
20.3074,45.7833,-67.1333
20.5964,44.5366,-65.333
20.6807,44.2547,-64.0607
21.2927,43.6842,-62.7959
21.9947,43.3978,-62.1151
22.8704,42.653,-60.914
24.249,42.0409,-60.3578
25.7969,41.6418,-60.3759
27.3629,41.2373,-60.4413
28.8742,40.7115,-60.412
30.0959,40.0966,-60.4215
31.2525,39.4359,-60.5216
32.3597,38.7729,-61.0011
33.4646,38.8036,-60.7513
34.2355,38.7606,-60.5735
34.2419,38.7061,-59.8188
34.0279,39.0857,-57.762
34.0499,39.4456,-56.0945
34.1699,39.8097,-53.9054
33.8773,40.5466,-50.4326
33.2054,41.6293,-47.4769
33.1715,43.0108,-44.0787
32.5031,44.3942,-40.8732
31.5951,45.8972,-37.6206
31.732,47.7908,-34.6399
31.8189,49.9753,-32.5589
32.4584,52.962,-30.569
33.4523,56.1159,-28.9175
34.8229,59.1859,-28.1374
36.4255,62.1084,-28.0621
37.6882,64.3799,-28.1868
38.9842,66.025,-28.684
39.6041,67.3388,-28.3631
40.382,68.3936,-27.5538
41.1673,68.3803,-27.4416
41.5566,68.371,-26.7131
41.4788,68.2552,-25.4071
41.3476,68.2168,-23.366
41.363,68.194,-21.1028
41.2026,68.0966,-18.9489
40.6392,68.2086,-16.4897
40.3614,68.5936,-14.0418
40.4719,68.444,-11.2843
40.5824,69.096,-7.82575
40.6245,69.3512,-4.48119
40.3568,69.4578,-1.1019
40.316,69.3768,2.21563
40.3381,69.0792,5.59456
40.6024,68.7026,8.46148
41.4761,68.1267,10.5585
42.8395,66.9765,12.6086
44.3806,65.532,14.6354
45.5552,64.4975,16.0715
47.2857,63.4475,17.9535
47.8853,63.0267,19.6833
47.8668,62.6755,21.5247
47.7567,62.433,23.3843
47.8343,62.371,25.6427
48.3822,62.58,28.2723
49.3732,63.0008,31.1964
50.4802,63.3184,34.7591
51.7635,63.2821,38.8881
52.3552,63.1945,43.0384
52.5549,62.6287,46.9038
53.0833,62.062,51.1002
53.2445,61.5379,55.5625
53.7832,60.9934,59.5812
54.5252,60.5445,63.6042
55.406,59.9182,67.6058
56.6897,58.9471,71.2441
58.2748,57.8666,74.5172
59.6434,56.5675,76.9779
61.237,55.9511,78.7753
62.4943,55.0473,80.1013
63.5331,54.0733,81.4715
64.8488,53.6035,83.1353
66.1999,53.4589,85.2981
67.5245,53.4329,87.7798
68.7933,53.5278,90.4415
69.9418,53.8435,93.2302
71.0373,54.2966,96.0682
72.2836,54.506,99.0613
73.3488,54.4546,102.613
74.3111,54.8085,106.709
75.5207,54.5229,110.368
76.4761,54.6357,113.687
77.1319,54.2583,116.564
77.1874,53.5742,119.303
77.1605,52.8225,121.869
77.5492,52.0777,124.201
77.9733,51.5083,126.566
78.2703,50.9048,128.869
78.099,50.6153,131.124
77.8492,50.3105,132.915
77.0487,50.0545,134.51
75.9502,49.8745,135.874
74.3669,49.766,136.914
72.9387,49.7052,137.679
71.7178,49.3139,138.438
70.3872,48.362,139.301
69.1947,46.9801,140.024
68.5776,44.9599,140.503
68.4448,42.8495,141.151
68.386,40.9921,141.61
67.8198,39.4132,142.29
67.0673,37.8821,143.224
66.5558,36.692,144.276
66.3088,35.9304,145.667
66.1134,35.2602,147.375
65.9858,34.3603,149.101
66.1989,33.407,150.604
66.6645,32.8244,151.769
66.8827,31.9944,152.863
66.7979,30.7592,153.566
66.4872,29.9266,153.673
65.6943,29.3809,153.516
64.6127,28.6698,153.083
63.3804,28.0783,152.295
62.2523,27.7243,151.221
61.5152,27.2449,150.007
61.1509,26.3255,148.716
60.7769,25.1648,147.391
60.501,23.9786,146.508
60.0574,22.8474,146.4
59.5951,21.7169,146.784
59.1881,20.8277,147.552
58.4996,20.2245,148.728
57.5785,20.0637,150.258
56.8569,20.5862,151.811
56.5185,21.6032,153.213
56.4202,22.6737,154.586
56.8762,24.1581,155.696
57.8558,26.007,156.298
58.2623,27.8524,156.399
58.3566,29.2741,156.084
58.1501,30.4881,155.469
57.7297,31.5628,154.385
57.0768,32.2836,152.805
56.0784,32.9594,150.773
54.7973,33.742,148.384
53.4607,34.076,145.837
51.9597,33.7811,143.396
49.9427,32.9598,141.152
47.6579,30.9378,138.872
45.1617,27.771,137.552
42.6258,24.0484,136.602
40.4031,19.4196,136.449
38.5851,14.3757,137.168
36.7828,9.31868,138.553
34.5597,4.65234,140.291
31.9993,0.976755,142.063
29.6456,-1.83475,143.742
27.5275,-3.84216,145.233
26.1954,-4.32366,147.253
26.2908,-3.28177,148.701
26.8341,-1.32847,149.718
27.2165,1.74395,150.186
27.6848,5.64281,150.044
28.0106,10.0787,149.394
27.7399,14.8382,148.374
27.0418,19.658,147.008
26.3508,24.5351,145.317
25.7254,29.4286,143.773
24.7083,33.7267,141.685
23.5827,37.3518,139.728
22.471,40.1261,137.937
21.3671,41.6877,136.202
20.1779,41.8281,134.035
19.0453,40.5751,131.808
18.1311,37.7961,130.151
17.5112,33.4492,128.894
17.4733,28.5078,127.615
17.3544,23.019,126.63
17.4363,17.08,125.444
17.7484,11.3215,124.419
18.0305,6.23244,123.76
18.4285,1.29036,122.521
19.2366,-3.14536,121.692
20.366,-6.41017,121.224
21.5852,-8.47624,120.521
22.9241,-9.7747,120.04
24.3015,-10.1079,119.852
24.4333,-9.63081,119.252
24.9048,-8.54607,118.437
24.8013,-7.00605,117.572
24.2525,-5.12068,116.692
24.015,-3.24686,115.694
23.7332,-1.38146,114.901
23.3828,0.10406,114.652
23.1257,1.19617,114.758
22.6993,2.48488,114.767
22.2173,3.51809,114.878
21.8539,3.72222,114.999
22.1042,3.54331,115.691
21.8754,3.40719,116.664
21.8552,2.97532,117.352
22.6222,2.64089,118.337
23.475,2.41558,119.266
24.3776,2.36394,119.962
25.4132,2.50533,120.803
25.9159,2.53611,122.067
26.0043,2.22845,123.382
26.5593,1.93596,123.878
27.3161,2.36818,124.682
27.3694,2.23142,125.007
27.3815,2.67066,124.972
27.4909,3.65007,124.789
27.2475,4.91944,124.733
26.6856,6.13665,124.453
25.8805,7.19353,123.944
24.7383,8.28758,123.849
24.0179,9.3695,123.733
22.6752,10.2757,123.474
21.6377,11.2582,122.95
20.3724,11.362,123.334
19.4063,11.9788,123.721
18.9005,12.5628,123.858
18.3213,12.7949,124.492
17.8583,12.8369,125.381
17.835,12.8551,125.743
18.1058,12.7713,125.695
19.1343,12.5539,125.814
20.0824,12.281,125.306
20.8116,11.6385,124.911
20.9224,10.7911,124.851
21.4239,9.99228,124.188
21.7225,9.14683,123.388
21.7228,8.3544,122.167
21.4487,7.77732,120.556
20.7059,7.49345,118.919
19.4843,7.32427,117.22
18.2928,6.8455,115.177
16.4229,6.89501,113.08
14.9846,6.83928,112.135
12.8646,6.10015,110.608
11.0449,5.69761,109.103
9.45578,5.0864,108.347
8.46474,4.2243,107.699
7.74763,3.43844,107.465
7.13995,2.86936,107.833
7.15128,2.36869,108.068
7.17175,1.98564,108.859
6.99932,2.59781,108.473
7.85828,3.33728,109.252
8.28656,4.45542,109.197
8.52942,5.73549,109.126
9.07803,7.48619,109.173
8.92941,9.35569,109.102
7.96281,11.5938,108.689
6.54752,14.3084,107.951
4.47779,16.7428,107.154
2.0859,18.846,106.527
-1.08599,21.4151,105.568
-3.95701,23.1497,104.393
-6.82301,24.5833,103.079
-9.61744,25.714,101.743
-12.1534,26.7394,100.642
-14.4759,27.3311,99.7333
-16.4819,27.4801,99.0059
-18.1396,27.2596,98.5704
-19.5595,26.5028,98.6468
-20.4488,25.4386,99.4887
-21.1215,23.7591,99.8277
-21.0406,22.0572,100.126
-20.3128,20.8298,100.015
-19.8191,18.9556,100.107
-19.2881,17.1949,100.285
-18.497,15.8024,100.458
-17.9304,14.8076,100.341
-17.9853,14.1797,99.7384
-18.3758,13.9257,98.8747
-18.9013,14.4474,97.9809
-19.2154,15.2066,96.8457
-20.2888,16.0387,95.9847
-20.5311,16.3774,94.1891
-22.2582,16.2839,93.0428
-23.7939,15.8659,91.9986
-25.3956,15.0508,90.3759
-27.1932,14.2805,88.2551
-28.9647,13.6011,86.3215
-30.7249,12.4147,85.0183
-31.7288,11.2292,83.8023
-33.6026,10.1087,81.857
-34.9407,8.15829,80.1221
-36.1111,5.83876,78.8419
-36.7854,4.15334,77.1109
-37.3284,2.48225,75.5723
-37.5216,1.18232,74.0716
-37.6164,0.547233,72.6335
-37.8224,0.533965,71.2786
-37.7949,1.19217,69.8086
-37.8097,2.50651,68.8133
-38.0927,4.37573,67.777
-38.9302,7.5376,67.1929
-40.7572,10.7331,66.0502
-42.9127,14.3858,64.4486
-45.0269,17.8606,63.0278
-47.0201,20.8582,61.7983
-48.8365,23.5697,60.5021
-50.4299,26.0931,58.9634
-51.9916,28.1504,57.1296
-53.9964,29.5617,55.0237
-56.3537,30.2431,52.6267
-58.1939,30.3354,51.0993
-59.6922,29.4119,50.0637
-61.0665,28.0288,49.5423
-61.7917,26.4644,49.6932
-62.0636,25.0607,49.9872
-62.3095,23.8499,49.9053
-62.5589,22.8785,49.4494
-62.6373,22.4448,49.0456
-62.8276,22.5945,49.0394
-62.8422,23.6775,48.9151
-62.7795,24.9814,48.6086
-63.3765,26.4247,48.0687
-64.055,28.257,47.3166
-64.8059,30.4479,46.294
-65.7753,33.0785,45.1717
-67.2667,36.0958,43.6246
-69.0631,39.0499,41.4853
-70.4694,41.375,39.2435
-71.6466,43.0672,37.0083
-72.6346,44.2672,34.7801
-73.5801,44.9718,32.2491
-74.6031,44.9225,29.5137
-75.5625,44.5548,26.8998
-76.2249,44.0808,24.4537
-76.5128,43.363,21.9946
-76.5882,42.4434,19.7376
-76.7487,41.4926,17.799
-77.2105,40.4656,15.8399
-77.9081,39.2059,13.8986
-78.4454,38.1277,12.1211
-79.114,37.26,10.4172
-79.5385,36.297,8.67577
-80.4189,35.6656,6.48754
-81.8485,35.5369,4.07885
-83.5079,35.7999,1.81878
-85.5559,36.3972,-0.391167
-87.9539,37.223,-2.95606
-90.0465,37.9324,-5.98326
-91.8332,38.2728,-9.07202
-93.5018,38.9184,-12.1336
-94.4342,39.5096,-15.0858
-95.3788,39.1833,-18.2199
-96.7654,38.494,-21.3816
-97.9513,37.8529,-24.4429
-98.7905,36.9267,-27.5832
-99.2943,35.7786,-30.6932
-99.3848,34.8336,-33.5818
-99.1961,34.179,-36.4012
-99.3212,33.6163,-39.3841
-99.8138,33.2672,-42.6206
-100.227,32.179,-46.2564
-100.89,31.0408,-49.8026
-101.786,30.3768,-53.0103
-102.586,29.686,-56.0214
-103.371,29.0664,-58.8674
-104.393,28.9307,-61.4205
-105.489,29.1231,-63.5656
-106.261,28.9774,-65.3824
-107.013,28.5424,-67.1095
-107.658,28.3368,-68.5946
-107.908,27.6344,-69.9331
-108.817,26.2383,-70.9425
-109.792,24.5771,-72.013
-110.371,22.8649,-72.8898
-110.781,20.8388,-73.3774
-111.299,18.8,-74.0102
-111.84,17.1202,-75.0086
-112.108,15.5118,-75.83
-111.984,13.7798,-76.7113
-111.707,12.4692,-77.7794
-111.431,11.2353,-78.7919
-111.023,10.2837,-79.259
-110.6,9.60918,-79.8421
-110.202,9.4679,-80.6179
-109.9,9.55352,-81.0091
-109.423,9.67679,-81.2531
-108.643,9.89879,-81.8133
-107.838,10.3216,-82.5032
-106.93,11.1786,-83.2585
-105.936,12.488,-83.4488
-104.743,13.6063,-83.7752
-103.588,14.4364,-83.6485
-102.411,15.391,-84.0171
-101.477,16.4338,-84.4565
-100.84,17.3986,-84.8234
-100.128,18.0386,-85.0211
-99.3801,18.5377,-85.2023
-99.0644,19.2405,-85.7148
-98.6586,19.4185,-86.2111
-98.3596,18.9961,-86.6107
-97.7132,18.9118,-86.7846
-96.9922,17.58,-87.2069
-96.8087,16.0481,-87.5358
-96.6201,14.6339,-87.6649
-96.0424,13.2735,-87.9534
-95.3826,12.1148,-88.4323
-94.8956,11.2748,-88.4817
-94.2307,10.6876,-87.8907
-93.164,10.5622,-88.0265
-92.0041,10.1669,-88.0628
-90.6628,10.3504,-87.6446
-89.8143,10.8278,-87.8467
-89.0166,11.801,-88.324
-88.1973,13.0718,-88.5923
-87.2134,14.363,-89.0977
-86.416,15.7385,-89.7098
-85.7522,17.3488,-90.068
-84.7347,19.0659,-90.4883
-84.2542,20.7253,-91.3034
-83.6833,22.6623,-92.5629
-83.4132,24.506,-93.6957
-82.8849,25.8567,-94.2428
-82.7436,26.6325,-94.9527
-82.937,26.6862,-95.5675
-83.4197,26.2332,-96.2457
-83.9084,25.0588,-96.9665
-84.0765,23.1413,-97.6052
-83.8309,21.1581,-98.4206
-83.2237,19.3358,-99.6495
-83.114,17.2648,-99.7677
-83.1097,15.2685,-99.9206
-83.1092,14.1456,-100.814
-82.668,13.3908,-101.568
-81.659,12.653,-102.343
-80.8706,12.5206,-102.906
-80.2238,12.7152,-103.323
-79.2154,12.9579,-103.779
-78.4111,13.7558,-104.323
-78.914,14.6315,-105.384
-78.7227,15.8867,-106.329
-79.4142,16.9957,-106.677
-80.8488,18.8202,-107.442
-81.251,20.2,-108.057
-80.7326,21.5644,-108.829
-81.5551,23.1513,-109.406
-82.9141,24.5429,-110.007
-83.3945,25.4627,-110.649
-84.0583,26.2185,-110.781
-84.7614,26.7718,-111.195
-85.7472,26.1725,-111.803
-86.3415,25.9414,-112.399
-86.4901,25.3633,-112.607
-86.1752,24.3981,-112.657
-85.9225,23.1021,-113.001
-85.7886,21.9896,-113.618
-85.6755,21.1944,-114.213
-85.5145,20.322,-114.766
-85.1597,19.4791,-115.399
-84.427,20.0227,-115.711
-83.6038,21.068,-116.465
-82.1836,22.0619,-116.982
-81.5428,23.0716,-117.676
-81.0896,24.2376,-117.885
-80.7597,25.3938,-118.007
-80.4388,26.335,-118.127
-80.005,26.9757,-118.567
-79.4876,27.4638,-119.113
-78.8487,28.0398,-119.225
-77.7307,28.71,-120.054
-77.1785,29.6328,-120.651
-76.64,30.9162,-120.864
-76.0795,32.4959,-121.64
-74.9849,33.3682,-122.075
-74.1929,34.1628,-122.688
-73.0126,34.5856,-122.837
-71.3501,34.6802,-122.484
-69.9245,34.7376,-122.203
-68.9467,34.6753,-122.254
-67.9174,34.6059,-122.716
-66.5098,34.1006,-122.183
-65.4395,34.2429,-122.159
-64.2371,33.7207,-121.708
-63.6523,32.7667,-121.696
-62.7845,31.7797,-121.583
-61.9941,30.4977,-121.484
-61.4814,28.8444,-121.598
-60.7792,27.0826,-121.83
-59.7538,25.4855,-122.089
-59.2438,24.2214,-122.413
-59.184,22.5426,-121.957
-58.8834,21.7383,-120.927
-58.5065,22.0974,-120.158
-58.05,22.8378,-119.423
-57.4284,23.931,-118.466
-56.6653,25.5051,-117.532
-55.3641,27.5789,-116.631
-53.5374,29.8841,-115.637
-51.8359,32.0557,-114.65
-50.0041,34.0986,-113.704
-48.0085,35.7672,-112.908
-46.2377,37.6396,-112.237
-44.5256,38.5308,-111.333
-43.0599,39.5534,-110.561
-41.3894,40.5498,-109.725
-39.9672,41.302,-108.662
-38.8276,42.0438,-107.81
-37.8997,42.704,-107.26
-37.3983,42.9426,-106.455
-36.72,43.4979,-105.679
-36.2956,43.6255,-104.806
-35.9266,44.0003,-104.059
-35.5754,44.778,-103.264
-35.2113,45.494,-102.76
-34.7945,46.1381,-102.068
-34.2409,46.8122,-101.18
-33.672,47.2597,-100.306
-33.205,47.3621,-99.4393
-32.6971,47.3438,-98.5001
-32.0092,46.9948,-97.8887
-31.4848,46.6913,-97.7744
-30.6519,45.8424,-96.9168
-29.7613,45.0721,-96.2367
-28.5498,43.9265,-95.8885
-27.0096,42.9167,-95.6023
-25.9619,42.2308,-95.4732
-25.486,41.677,-95.2586
-25.0106,41.2054,-94.9654
-24.4377,40.9802,-94.9387
-24.2493,40.9099,-94.3831
-24.1409,41.8038,-93.2645
-24.3843,42.8349,-91.8014
-24.7988,44.0053,-90.9012
-25.3209,45.204,-90.2113
-25.6672,46.4734,-89.5252
-26.0178,47.4378,-88.8264
-26.431,47.9318,-88.1524
-26.6837,48.0171,-87.5561
-26.67,47.6173,-87.0113
-26.5925,46.6056,-86.3479
-25.9467,45.3525,-86.2154
-24.6413,43.9424,-86.2505
-23.1892,42.2202,-86.6344
-22.0497,40.0914,-87.1626
-20.8614,38.0977,-87.5235
-19.5916,36.4676,-87.9164
-18.4619,35.1739,-88.3071
-17.4492,34.1629,-88.5058
-16.2848,33.4594,-88.5631
-15.1689,33.191,-88.4866
-14.8885,33.7125,-87.9917
-15.7181,34.7063,-87.4681
-16.0928,35.9231,-86.9159
-16.0219,37.338,-85.577
-16.012,38.9526,-83.8326
-15.8884,40.6345,-82.0595
-15.9358,42.0852,-80.361
-16.2743,43.15,-78.7014
-16.1388,43.8992,-77.0777
-15.2269,44.1896,-75.5718
-14.5282,43.7401,-74.422
-13.5777,42.5793,-73.7664
-12.6201,41.4731,-74.0505
-11.4364,40.6327,-74.6729
-9.7352,39.5883,-75.1335
-7.975,38.5698,-75.6675
-6.43781,37.8074,-76.4739
-5.17355,37.3891,-77.4801
-4.26765,37.4031,-78.5385
-3.52825,37.5847,-79.4227
-3.14782,37.5525,-79.9786
-2.87844,37.6272,-79.8031
-2.63974,38.1021,-79.4768
-2.87744,38.8193,-78.9898
-3.33239,39.967,-78.3656
-3.87857,41.5845,-77.3588
-4.58265,43.3318,-75.8613
-5.44016,44.8047,-74.0137
-6.32325,45.9149,-71.9783
-7.2292,46.7623,-69.8001
-7.94752,46.9931,-67.7791
-7.774,46.2063,-66.4565
-7.15371,44.5951,-65.3344
-6.39144,43.0353,-64.3532
-6.09413,41.1343,-63.8378
-5.89143,39.2758,-63.9609
-5.66298,38.0551,-64.6623
-5.45941,37.7865,-65.8482
-5.286,38.4531,-67.7133
-5.82475,39.7359,-70.5826
-6.00223,41.6049,-72.749
-6.2017,43.9386,-74.0731
-6.30499,45.7329,-74.693
-6.03774,46.9584,-74.6805
-5.63334,48.1679,-73.8819
-5.14806,49.0301,-71.8927
-4.44641,49.493,-68.8854
-3.45345,49.7435,-65.1663
-2.49251,49.4758,-60.6374
-2.29851,48.1617,-55.569
-2.6177,46.0461,-51.2574
-3.0424,43.4592,-47.7064
-2.85943,40.6315,-44.3071
-1.79479,37.8752,-41.3655
0.463889,35.595,-38.8824
2.88714,34.3295,-37.1112
4.82359,34.1524,-35.9283
6.26667,34.7761,-35.1626
7.2494,35.9036,-34.8003
8.05719,37.109,-34.359
9.03179,37.8103,-34.6953
9.46858,38.9584,-35.0048
10.223,39.9474,-34.9678
10.4987,41.2547,-34.8854
10.6518,42.5955,-33.8267
11.1796,44.0829,-32.4223
11.6653,46.1822,-30.5136
11.9761,48.5165,-27.6458
12.5912,50.1105,-24.4116
12.6886,51.5391,-21.1165
13.5498,52.6575,-17.1515
14.4207,53.9926,-12.8318
15.9688,55.0712,-8.67053
17.4871,55.7974,-4.50881
19.1045,56.3476,-0.586454
20.5657,56.6791,2.49918
21.8132,56.3844,4.93504
23.0337,55.2507,7.25457
24.491,53.6658,9.48334
26.5971,52.1783,11.4519
28.2988,51.0465,12.8568
29.6635,50.3128,13.2277
31.3123,50.2445,13.9773
33.1666,50.1294,14.6725
35.1199,50.0533,15.1472
37.1291,49.6786,15.5252
38.7556,48.9978,16.0095
39.9841,48.3051,16.7046
41.1856,47.6113,17.603
41.5878,46.6637,18.7461
42.5953,45.6226,20.4643
42.7095,44.5734,22.4291
43.9058,43.3116,24.6271
44.1692,41.77,26.8455
44.7782,40.9346,29.4441
46.1049,40.1499,32.5229
47.7553,39.2877,35.6846
48.9227,38.7723,38.6443
49.4572,38.3078,41.0967
51.1887,37.3001,41.9234
52.4775,36.3954,43.025
53.8934,35.3611,43.3305
55.8211,34.9875,44.0101
58.2879,35.5816,44.8914
60.8202,36.899,46.0986
63.7965,39.1647,47.3789
66.4715,41.8572,48.209
68.2723,44.2738,48.8888
69.8507,46.6346,50.1565
70.7808,49.4522,51.1123
71.717,52.113,52.4171
72.4968,53.9161,53.8484
72.3236,56.5395,55.1416
72.5427,58.626,56.9963
72.2755,60.1891,58.9599
71.6187,61.1837,60.924
70.9988,60.9579,62.5239
70.1711,59.3582,63.5997
68.9442,57.0317,64.5456
68.7551,53.905,65.3571
69.6943,50.9207,66.4639
70.6867,47.6487,67.8235
71.6092,43.5257,67.8706
73.687,40.2,67.5322
75.596,37.7876,68.1793
77.2819,35.9671,69.5424
78.9322,34.9474,70.7181
80.3386,35.0442,71.7133
81.4721,36.0316,73.1879
82.9631,37.4977,74.7318
85.316,39.1375,77.1423
86.417,41.4261,79.2372
87.4381,44.0432,81.2523
88.0206,46.7942,82.9374
88.1592,49.7139,85.33
87.962,52.727,87.6323
87.3172,55.4507,89.7067
86.1674,57.6197,92.0094
84.7415,59.1192,94.178
83.1419,59.4622,95.6537
81.1224,59.7636,96.6635
79.3064,58.3138,98.1466
77.6558,55.9813,98.8603
76.8955,53.3884,99.8353
76.921,50.301,100.712
77.6174,46.9836,101.084
78.2873,43.6348,101.09
78.7587,40.246,100.911
79.6545,36.9486,100.355
80.4159,34.0083,99.514
81.4997,31.0922,99.5107
82.7518,28.9716,99.8136
83.9047,27.6652,100.297
85.055,27.0883,100.987
86.3674,26.6597,101.605
87.0557,26.9335,102.708
87.1238,27.8307,104.105
87.1456,28.8301,105.255
87.0746,29.9426,106.304
86.496,31.1701,107.487
85.8783,32.4172,108.789
85.3683,33.5648,109.698
84.49,34.5905,111.033
83.3021,35.2279,112.295
82.5622,35.4661,113.575
81.9916,35.5255,114.807
81.3412,35.1494,115.723
80.8324,33.9938,116.576
80.6891,32.4025,117.78
80.7938,31.16,118.434
80.99,29.9195,119.295
80.6452,28.3463,119.129
80.3228,26.8288,119.186
79.9587,25.9089,119.575
79.8704,24.9935,120.214
79.5969,24.2352,120.771
79.0914,23.7654,121.267
78.5743,23.6435,121.664
77.8408,24.0377,121.755
76.6757,24.7243,122.108
75.2725,25.9847,122.635
73.0924,27.1374,122.999
71.4223,28.4528,123.594
69.2005,29.8562,124.404
66.6212,31.1538,124.872
63.9645,32.2984,125.027
61.4564,33.1765,125.125
59.3015,33.6131,125.227
57.3705,33.562,125.386
55.0126,33.1432,125.948
53.082,32.2971,125.968
51.198,31.4307,126.404
49.006,29.7257,126.659
47.3192,26.956,127.022
46.0204,24.2144,126.981
45.4936,21.7164,126.747
45.5477,19.2769,126.425
45.5001,16.8722,126.142
45.1672,14.6982,126.215
45.0999,12.9472,126.328
45.4919,11.1487,126.739
45.84,9.70101,126.866
46.1973,8.40917,127.174
46.6584,7.5894,127.658
47.1539,7.11686,128.048
47.1365,6.58208,128.057
46.8308,6.17316,127.947
46.7901,6.32768,127.949
47.006,7.00433,127.825
47.2996,7.87889,127.63
47.1798,8.87047,127.42
46.557,9.99002,126.639
45.9447,11.2528,126.054
44.8992,12.5051,125.894
43.6099,13.3655,125.768
42.4226,13.8486,125.88
41.4403,14.0346,126.312
40.5045,13.925,126.807
39.4313,13.5154,127.155
38.2506,12.8125,127.388
37.3478,12.0208,127.306
37.6295,11.213,127.851
38.1813,10.9102,128.566
38.8211,10.8417,128.45
39.8085,10.9392,128.325
41.3308,11.255,128.279
43.1627,11.7957,128.125
44.6604,12.531,127.903
45.2773,13.2887,127.725
45.2282,13.5922,127.486
44.8049,13.7361,127.091
43.8573,14.4122,126.343
42.6699,15.3706,125.188
41.5029,16.8204,123.513
40.1037,18.4299,121.39
38.5196,19.976,118.897
36.9183,21.4803,116.246
35.2359,22.5848,113.621
33.3479,22.4632,111
31.6286,20.8534,108.335
30.2312,17.8171,105.747
29.5017,13.4437,103.928
28.6973,8.5198,102.317
28.3662,3.24323,100.622
28.5625,-1.7293,99.0924
29.016,-6.30562,97.8233
29.4153,-10.3907,96.753
29.6388,-13.6504,95.7515
29.8797,-15.8413,94.6175
30.5038,-17.0853,93.1459
31.1516,-17.4517,91.67
30.8339,-17.2141,90.5826
30.5493,-15.6881,89.658
29.7246,-13.4883,89.1459
28.7017,-10.71,88.2428
27.7415,-7.45807,86.8847
26.6464,-3.88113,85.5678
25.3873,-0.275623,84.5061
24.2898,2.86885,83.4387
23.1631,5.12191,82.3636
22.2368,6.42061,81.3872
21.7749,6.37257,80.1198
21.4619,6.17113,79.5542
21.2107,5.87708,79.1305
20.8841,5.20333,78.4399
20.7672,4.30425,77.6326
21.0635,3.34111,77.1461
21.6954,2.25008,76.9112
22.3469,1.00892,76.4736
22.6191,-0.0452135,76.2778
23.3797,-0.650435,76.6888
24.249,-0.583282,76.7873
24.9625,-0.435598,77.5412
25.5394,0.334045,78.6407
25.9717,1.38869,80.232
26.077,2.26317,82.0098
25.6576,3.08821,83.5978
24.6271,4.18119,84.9358
22.9766,5.69224,86.0683
20.6763,8.04714,86.6696
17.8326,10.7385,86.8626
14.7263,13.7776,87.0147
11.4345,16.5762,86.0954
8.50648,19.3512,85.0083
5.63027,20.9325,84.0938
3.15931,21.0907,83.5845
1.16467,19.9117,83.5455
-0.244943,17.7123,83.8706
-0.710994,14.8818,84.5223
-0.699827,11.0508,85.6509
0.467066,7.13075,86.4913
2.31222,2.69018,87.3863
3.95707,-1.3208,87.3681
5.3097,-5.72159,87.6319
6.72554,-9.81672,87.6134
7.76454,-13.3681,87.3532
8.46576,-16.3745,87.0053
9.1304,-18.6825,86.7207
9.49811,-20.2294,86.6501
9.21715,-21.4243,86.4421
8.64425,-21.8083,86.3525
7.38037,-20.5282,85.3593
6.3068,-18.4667,84.1345
5.15297,-16.1157,83.1269
3.91695,-13.0258,81.9072
2.65057,-10.0676,80.7185
1.40236,-7.51216,79.8434
0.539829,-4.91712,79.123
0.405405,-2.3513,78.4284
0.415508,-0.433961,78.3876
1.28889,1.00026,79.2178
2.38151,1.04452,79.612
3.74971,0.86283,79.1983
6.1509,0.0216233,79.1566
7.78244,-1.59184,79.8015
8.82263,-3.91012,80.2846
9.83637,-6.4915,80.7677
10.8653,-8.98713,81.6103
11.9536,-11.2997,82.0512
13.2359,-12.9365,81.6527
13.5324,-13.9715,81.4147
13.7012,-14.0283,80.3091
13.5415,-13.5229,79.1092
12.302,-12.186,78.3456
10.7932,-10.53,77.3409
8.85736,-8.55481,76.2263
6.84078,-6.19035,75.0077
5.27838,-3.76512,73.6521
3.93475,-1.69332,72.3251
2.58587,0.26001,70.7981
1.47744,2.35515,70.6625
0.154886,3.96131,69.3504
-0.681691,4.87953,68.6126
-0.941145,5.49025,68.0777
-1.2357,5.41884,67.5105
-1.58604,5.34206,67.1796
-1.6407,5.53016,66.9666
-1.30154,5.6604,66.5378
-0.702122,5.75075,65.8797
0.349968,6.27529,65.1023
1.08154,6.63436,64.6348
2.1333,7.73844,63.4778
2.11205,8.83341,62.3747
2.10054,9.80774,61.3878
1.79092,11.4189,60.2208
0.985446,12.9704,58.938
0.150742,13.961,57.8577
-0.630709,14.4762,56.8543
-1.99225,14.5022,55.6496
-3.69582,13.8516,55.0434
-5.13522,12.0112,54.4452
-7.1651,10.5177,53.9969
-8.5592,8.4917,53.9642
-9.758,6.41274,53.7277
-10.5946,4.12714,53.5243
-11.0333,1.71699,53.1981
-11.1895,-0.279044,52.7848
-11.166,-1.64135,52.1429
-10.9366,-2.69164,51.0657
-10.2876,-3.17244,50.5344
-8.69163,-2.41176,50.0048
-6.80394,-1.38509,48.6407
-5.17097,-0.403204,48.0259
-3.5011,0.87862,47.5899
-1.57668,1.60581,46.9082
-0.00303967,2.22729,46.2136
1.34851,2.93022,45.3471
2.56062,3.49192,44.4955
2.98998,3.99347,44.2353
2.98127,4.4544,43.6986
2.90292,4.71798,44.1109
2.54193,5.40546,44.4474
2.53873,5.88034,44.997
2.64501,5.97166,45.5267
2.57568,5.84355,46.3167
2.71765,5.39931,47.5086
3.32219,4.8612,48.9003
4.18765,4.42492,49.8982
4.96587,3.85703,50.2531
5.6452,3.1383,51.0202
7.47665,2.75624,51.8912
8.68268,3.33831,52.643
10.3528,3.46963,53.3071
12.4162,4.10056,54.178
14.2492,5.40507,54.6
15.8496,6.7127,54.6662
17.1677,7.87369,54.6907
18.1454,9.22387,54.7945
18.9044,10.8179,54.835
19.2229,12.4484,54.4757
18.9414,14.1649,54.4454
17.9083,15.5236,53.7858
17.4785,16.6077,53.24
16.8339,17.1072,53.2231
15.9051,16.5696,52.8811
15.0396,15.1169,52.4158
14.4078,13.1184,51.7658
14.1373,10.9036,50.9489
14.4028,8.53723,50.6438
14.9622,5.79108,50.7544
15.93,3.7441,49.7689
17.2923,1.85013,48.5494
18.7516,0.230418,47.6293
20.0912,-0.348048,46.3863
20.7577,-0.100158,44.786
20.9063,0.785412,43.0315
20.5507,2.58846,41.1325
19.2794,5.43869,38.9841
16.6588,8.91442,36.4426
12.6776,12.7824,33.1959
8.40869,17.3213,29.9558
2.83338,22.1521,25.6653
-3.28942,26.9196,20.4788
-9.3295,31.3466,15.4432
-15.1383,35.588,10.4789
-20.658,39.2993,5.54033
-25.5076,41.8621,0.801738
-29.473,42.9802,-3.63656
-32.6689,42.711,-7.79463
-34.7591,40.8732,-11.4287
-36.0244,37.6809,-14.3551
-36.57,33.0312,-17.0112
-36.2038,27.7834,-19.4321
-34.8961,22.1659,-21.3435
-32.8861,16.6766,-23.1565
-30.8974,11.69,-25.265
-29.0512,7.45635,-27.7308
-27.1055,4.03835,-30.4078
-25.1209,1.31105,-33.2291
-23.1824,-0.832573,-36.2571
-21.3711,-2.47924,-39.1865
-19.9279,-3.47173,-41.9016
-18.5688,-3.91023,-44.6225
-17.7874,-3.95695,-47.2564
-17.4668,-3.47354,-49.9544
-17.3907,-2.44263,-52.9227
-17.4874,-1.03774,-55.7794
-17.5873,0.461005,-58.0844
-17.4828,1.87576,-59.9668
-17.5102,3.2837,-61.6553
-17.7231,4.4621,-63.1735
-17.4755,5.63398,-64.9171
-17.0738,6.95654,-66.2182
-16.6877,7.66623,-67.4611
-16.2576,8.28734,-69.0894
-15.7866,8.96428,-70.7801
-15.3301,9.39009,-72.3933
-14.8033,9.37819,-74.0669
-14.0379,9.0533,-75.9336
-13.1446,8.3662,-78.2545
-12.17,7.16625,-80.2889
-11.3676,5.86716,-82.1127
-10.8493,4.57588,-83.9126
-10.3683,3.173,-85.8913
-9.84022,1.96985,-88.3504
-9.35916,1.18618,-90.9607
-9.04772,0.767126,-93.3375
-8.87253,0.537289,-95.4103
-8.74732,0.522421,-97.3441
-8.89912,1.0827,-99.297
-9.5933,2.29581,-101.075
-9.96588,3.93053,-102.776
-9.9178,6.18916,-104.564
-9.50353,8.96978,-106.17
-9.31196,12.4175,-107.243
-9.03335,16.3887,-108.081
-8.31351,20.464,-108.891
-7.29016,24.0655,-109.747
-6.18701,26.6295,-110.765
-4.75224,27.8404,-111.798
-3.16739,27.6392,-113.194
-1.44315,25.1857,-114.512
0.431528,21.0554,-116.536
2.04412,15.3812,-118.699
3.55997,8.6421,-121.005
4.70963,1.34503,-123.48
5.47605,-5.98407,-126.293
5.97082,-12.9337,-129.385
5.99191,-19.2991,-132.378
5.40286,-24.9278,-135.307
4.76481,-29.6326,-138.25
4.17462,-33.0368,-141.213
3.02149,-35.4822,-143.644
1.71123,-37.1347,-146.344
0.133361,-38.0402,-148.633
-1.40209,-38.3373,-150.165
-2.66915,-38.2533,-151.05
-3.65586,-37.7291,-151.479
-4.26751,-36.4724,-151.592
-4.27966,-34.6891,-151.639
-3.9118,-32.6911,-151.426
-3.6739,-30.6489,-151.869
-2.98997,-27.8413,-152.191
-2.28847,-24.3851,-152.677
-1.87515,-20.4565,-153.575
-1.38211,-16.2866,-154.822
-0.849097,-12.1185,-156.396
-0.46175,-7.96925,-157.868
-0.119051,-3.8579,-158.606
-0.126232,-0.455125,-159.233
-0.408517,2.11411,-160.313
-0.869475,3.53612,-161.267
-0.936615,4.14405,-162.236
-1.16145,3.93478,-163.94
-1.01391,2.59832,-165.249
-0.669074,0.140848,-166.267
-0.36302,-3.03976,-167.349
0.0777687,-6.61703,-168.666
0.883261,-10.5799,-170.284
1.77739,-14.8727,-171.768
2.39724,-19.5424,-173.157
3.72763,-23.4653,-174.858
5.03644,-26.7054,-176.289
5.77339,-29.6596,-177.378
6.50794,-32.1347,-178.648
6.86546,-33.7896,-179.97
6.59854,-34.775,-181.102
5.92086,-35.2344,-182.036
5.04046,-34.9604,-182.993
3.93199,-34.0437,-184.302
1.78542,-31.8225,-185.257
-0.629613,-29.587,-186.188
-2.71124,-27.0304,-186.002
-4.29191,-23.9363,-186.152
-5.82616,-21.1084,-186.57
-7.00415,-18.9438,-187.144
-7.75856,-17.3173,-187.62
-8.12664,-15.9988,-187.72
-7.96636,-14.8746,-187.704
-7.65003,-13.8043,-188.321
-6.56945,-13.0038,-188.036
-4.54569,-10.807,-188.057
-2.4563,-7.95665,-187.745
0.121205,-4.74674,-187.485
2.48692,-1.0287,-187.537
4.85896,3.50461,-188.034
7.03721,8.87245,-189.137
8.63762,14.5736,-190.498
10.0176,20.2876,-191.696
11.6057,26.7139,-193.59
12.3609,32.3798,-194.677
12.9718,37.85,-195.779
13.0068,42.5043,-196.835
13.5432,45.9873,-198.304
13.3511,48.6017,-199.394
13.3051,49.5938,-200.41
13.6904,49.086,-201.713
14.3346,47.562,-203.072
15.665,44.5317,-203.83
17.2375,39.3945,-203.467
19.0111,32.5824,-203.682
21.3436,24.0514,-203.448
24.3505,14.0627,-202.578
27.4478,3.42689,-201.319
30.7108,-7.42307,-200.667
33.6941,-17.6676,-199.919
36.2671,-26.901,-198.851
38.6062,-35.1183,-197.994
40.3894,-42.1473,-197.613
40.7439,-47.6251,-197.585
40.617,-51.667,-196.553
39.2978,-53.1402,-196.652
37.2882,-52.7905,-196.553
34.5685,-50.0961,-195.761
31.0862,-45.4956,-195.299
28.2015,-39.831,-194.826
25.6648,-33.6763,-193.714
22.6225,-27.3003,-191.986
19.3783,-20.8656,-190.202
15.8376,-14.4621,-188.747
12.72,-8.72047,-186.302
9.98435,-3.03414,-183.235
8.17386,2.09952,-180.013
6.34556,6.05485,-177.23
5.18252,9.31351,-174.861
5.05105,11.7924,-172.787
5.43573,13.3027,-170.966
6.06074,13.8247,-169.416
7.28417,13.4187,-168.096
8.76062,12.1771,-166.885
10.9093,9.65442,-166.181
13.2509,7.26029,-165.093
15.1957,5.17606,-163.497
17.1409,3.84218,-162.778
18.8931,3.17938,-162.544
19.9702,3.54871,-161.995
20.19,4.80643,-161.16
19.8729,6.79237,-159.889
19.1686,9.78844,-157.783
17.3942,13.4229,-156.129
15.8267,17.1764,-153.656
14.8785,20.2177,-151.25
14.1586,23.8332,-148.641
13.6579,27.2915,-145.251
13.1491,30.0216,-142.127
12.806,32.2253,-139.213
12.6205,34.1061,-136.233
12.7265,35.4603,-133.113
13.5054,36.0091,-129.757
14.7037,35.9861,-126.197
16.7332,36.1394,-122.76
18.6808,35.9067,-119.445
20.933,35.9123,-115.818
23.1482,35.545,-112.481
25.4138,35.1096,-109.225
27.9228,34.8518,-105.815
30.425,35.086,-102.347
32.5193,36.0619,-99.2022
34.3102,37.6295,-96.3549
36.2949,39.3641,-92.8116
37.5863,41.597,-89.2594
38.3706,45.1083,-85.9744
39.4105,48.7783,-82.5177
40.0619,52.6069,-78.9728
40.7136,56.306,-75.2705
41.4726,59.8611,-71.4089
41.9035,63.6081,-67.3828
41.5913,67.6737,-63.0889
40.8261,71.684,-58.2944
40.4789,75.3497,-52.8472
40.1431,78.8989,-47.6705
39.6342,81.8827,-41.8449
39.1562,84.1916,-35.6898
38.3824,86.3144,-29.7402
37.6308,88.2705,-23.9594
36.6926,90.06,-18.0284
35.2148,91.6797,-11.7343
33.3077,92.9997,-5.11895
31.4257,93.8358,1.60039
29.6495,94.2167,8.22229
28.273,94.1457,14.8875
26.9419,93.3769,21.7448
25.43,91.8485,28.5427
24.3764,89.8306,35.2983
23.452,87.6916,41.7282
22.1937,85.627,47.7131
20.4249,83.6304,53.4286
18.4562,81.5827,58.8837
16.7473,79.4628,63.826
15.1575,77.4846,68.4703
13.3362,75.4591,73.2904
11.0419,73.7465,78.0086
9.01644,72.3023,82.7273
7.36339,70.9736,87.8582
5.92141,69.9816,92.9513
4.41361,69.353,97.8895
2.83487,69.0916,102.831
1.28905,69.3577,107.794
-0.345824,70.1788,112.679
-2.25809,71.0352,117.733
-3.97304,72.0433,122.994
-5.65508,73.6408,128.409
-6.75712,75.0246,133.599
-7.97308,76.1849,138.804
-9.4591,77.1021,143.574
-10.7987,77.7141,147.79
-11.9553,77.9533,151.648
-13.17,77.5188,155.314
-14.3992,76.0935,158.789
-15.4367,74.0695,162.089
-16.3338,71.5215,164.943
-17.2602,67.8969,167.508
-18.0768,63.1186,169.412
-18.8993,57.551,171.537
-19.4429,51.2854,173.729
-19.8058,44.153,175.459
-20.1391,36.1301,176.935
-20.2293,27.6922,178.708
-19.8337,19.4314,180.771
-19.4567,11.0873,182.657
-19.1461,2.05995,184.049
-18.8748,-6.88348,186.014
-18.5731,-15.5817,188.576
-17.9832,-23.229,191.496
-17.0971,-29.3696,194.586
-16.209,-33.9095,197.345
-15.5374,-36.9114,199.798
-14.8716,-38.3259,202.297
-13.9329,-37.8277,204.855
-13.2199,-35.0861,207.218
-13.0199,-31.111,209.26
-13.104,-25.5082,210.963
-13.8534,-18.3329,211.983
-15.2584,-10.5269,212.813
-17.0303,-2.15548,213.657
-18.9765,6.93163,213.763
-21.2234,16.4785,213.186
-23.9718,25.8971,212.452
-27.1208,34.7802,211.577
-30.3231,43.074,210.618
-33.8231,49.9994,209.344
-35.8008,55.6392,208.976
-38.3582,60.0204,208.244
-40.5438,62.1515,207.925
-42.0706,61.8821,208.174
-43.0822,59.8812,208.924
-43.9833,56.3329,209.533
-44.7444,51.4202,209.488
-44.9738,45.8746,209.137
-45.0134,39.875,209.027
-44.3602,33.3895,208.542
-44.1268,26.7647,208.104
-44.0067,20.0324,207.582
-44.17,13.5993,206.581
-44.0989,7.25351,205.21
-44.2789,1.42397,202.935
-45.0013,-3.69476,199.733
-46.0832,-8.09927,196.023
-47.2437,-11.7056,192.05
-48.0749,-14.8498,188.109
-48.9913,-17.4463,184.316
-49.8146,-19.6624,180.861
-50.0591,-22.4326,177.75
-49.3248,-25.7612,174.448
-48.2631,-29.4545,171.411
-46.7313,-33.2929,168.609
-44.48,-37.2749,165.973
-41.6394,-41.0269,163.913
-38.5944,-43.7616,162.714
-35.7324,-45.4507,161.649
-33.0067,-46.1532,161.986
-30.4825,-45.6554,162.387
-28.1555,-43.9105,162.402
-25.8478,-41.1725,161.526
-24.4538,-37.6521,160.731
-23.8757,-33.2225,159.555
-23.9474,-27.6987,157.602
-24.6282,-21.2824,154.889
-26.0205,-14.3626,151.457
-28.9027,-6.83922,147.79
-32.4695,0.501846,143.814
-36.4,7.02415,140.071
-39.6859,12.2869,136.41
-41.5984,15.8128,132.576
-42.9311,17.514,129.22
-43.0906,16.898,126.57
-42.3748,14.0591,124.904
-41.4927,9.67198,124.294
-40.1738,4.33843,124.248
-38.248,-1.55511,124.326
-35.8145,-7.81307,124.632
-33.2798,-12.9472,125.618
-30.5155,-17.8481,126.48
-27.2291,-21.9955,127.431
-24.4175,-25.1332,128.489
-21.325,-27.5638,129.934
-18.1176,-28.8363,130.938
-15.7395,-28.3673,131.097
-14.5048,-26.3741,130.942
-14.711,-22.9844,129.231
-15.931,-17.5155,126.729
-18.526,-12.0457,123.818
-21.6909,-5.63223,121.178
-24.9851,0.553782,118.248
-27.9737,5.87716,115.216
-30.253,9.56932,112.209
-32.0126,11.154,109.155
-32.9405,10.8679,106.119
-32.1583,9.22786,103.498
-30.4794,6.07123,101.727
-28.5936,1.49187,101.243
-25.5165,-2.71345,102.553
-23.444,-7.58424,102.802
-20.8576,-11.9006,103.197
-17.8335,-15.8519,103.028
-14.5988,-19.6181,102.643
-11.4398,-23.1854,102.023
-8.47635,-26.0304,100.778
-5.81616,-27.456,99.1719
-4.1867,-27.7164,97.7882
-3.30654,-26.6473,95.7715
-2.5989,-23.2868,93.2162
-3.63415,-19.9498,90.4081
-5.32043,-15.6575,87.299
-7.10119,-10.235,84.2254
-9.56373,-4.45698,80.9598
-11.9406,0.502655,77.5592
-13.5953,3.76249,74.2193
-15.287,4.95979,70.9408
-16.5607,3.91095,68.0169
-18.0191,0.673717,65.1457
-18.11,-5.49552,63.2461
-17.5223,-12.562,61.2938
-16.0899,-20.8309,60.293
-14.4466,-29.4892,59.9822
-12.6634,-37.8241,59.2922
-10.8892,-45.6513,58.5206
-9.37132,-53.1281,58.4016
-8.17936,-60.1343,58.3834
-7.48458,-65.8557,57.571
-7.3736,-70.1187,56.9553
-7.08873,-72.5264,55.9206
-7.59676,-73.2878,54.6241
-8.34768,-72.8593,53.0888
-9.78313,-70.6805,51.6808
-11.4887,-67.0894,50.2222
-13.1282,-62.5243,48.5961
-14.9473,-57.1089,46.8917
-17.0711,-51.0752,45.0789
-18.9127,-45.0539,42.9994
-21.7582,-39.0605,41.1181
-23.0506,-31.4283,36.9134
-24.3029,-24.1828,35.2103
-25.7108,-16.4279,32.7812
-26.6993,-8.70947,30.1971
-27.2082,-1.42823,27.7943
-27.6153,5.49533,25.3604
-28.1637,11.978,22.8586
-28.578,17.5031,20.38
-28.3919,21.8587,17.4457
-28.3819,25.0122,14.7796
-28.8787,26.0346,12.5609
-29.2553,25.5813,9.23542
-29.3034,23.54,5.91135
-29.1864,20.7013,2.73429
-28.7484,17.4455,-0.800437
-28.0957,13.8476,-4.64462
-27.6487,10.2682,-8.43876
-27.5863,7.06902,-12.1679
-27.4972,3.59805,-15.8407
-27.1041,0.0236547,-19.4441
-26.8198,-3.09122,-23.9546
-27.0462,-5.61992,-28.27
-27.1156,-7.11617,-32.7945
-27.1104,-7.49407,-37.622
-27.275,-7.10577,-42.6192
-27.6119,-5.95129,-47.4274
-27.8884,-4.01819,-52.0785
-27.9275,-1.74339,-56.8712
-27.8362,0.573211,-61.2845
-27.7219,2.89405,-66.0313
-27.5961,4.73614,-70.7052
-26.9779,6.10187,-74.9679
-26.3217,7.20411,-78.7672
-25.5104,8.12215,-82.5957
-24.8456,9.05539,-86.4624
-24.2479,9.66691,-90.0849
-23.4728,9.63071,-93.3481
-22.6631,9.19462,-96.5003
-21.9638,8.46304,-99.8712
-21.207,7.18894,-103.109
-20.2483,5.47061,-106.139
-19.4478,3.32369,-109.321
-18.5707,0.694802,-112.324
-17.8021,-2.00316,-115.143
-17.1729,-4.70527,-118.048
-16.4577,-7.51586,-120.951
-15.7279,-10.5532,-123.686
-15.3436,-13.868,-126.513
-14.9857,-17.3032,-129.743
-14.3653,-20.7626,-132.884
-13.9775,-24.3274,-135.735
-13.1351,-28.0317,-139.002
-12.4456,-31.9129,-142.928
-12.1025,-35.7012,-147.199
-12.0206,-39.3033,-151.227
-11.9896,-42.6772,-155.127
-11.8223,-45.7878,-159.189
-11.4294,-48.7273,-163.186
-10.8384,-51.6515,-166.969
-10.4143,-53.9201,-170.548
-10.2418,-55.5588,-173.964
-10.2665,-57.5745,-177.39
-10.4886,-59.5447,-180.646
-10.4982,-61.1719,-183.562
-10.3013,-62.6652,-185.918
-10.244,-64.1815,-187.911
-10.3727,-65.6187,-189.859
-10.3238,-66.814,-191.706
-10.1093,-67.7192,-193.242
-9.94476,-68.3827,-194.703
-10.3743,-68.674,-196.254
-10.6694,-68.7613,-197.998
-11.0823,-68.4057,-199.447
-11.6154,-67.7456,-200.74
-11.9996,-66.9686,-202.126
-12.5127,-65.7836,-203.59
-13.3712,-64.0524,-205.005
-14.2087,-62.1484,-206.328
-14.986,-59.9659,-207.509
-15.5745,-57.0215,-208.993
-15.9811,-53.6474,-210.746
-16.6837,-50.3136,-212.413
-17.1915,-46.6483,-213.677
-17.5609,-42.889,-214.746
-17.9849,-39.3044,-216.055
-18.2658,-35.9698,-217.477
-18.0647,-32.8382,-218.796
-17.5042,-29.9716,-220.123
-17.1744,-27.6839,-221.172
-16.8752,-26.1952,-221.935
-16.6131,-24.7343,-222.36
-16.2454,-23.1299,-222.344
-15.9966,-21.8956,-222.343
-15.7658,-20.5336,-222.528
-15.4249,-19.1022,-222.696
-15.3985,-17.7297,-222.643
-15.7944,-16.2868,-222.239
-16.1366,-14.5588,-221.455
-16.7943,-12.4228,-220.599
-17.5046,-9.73005,-219.985
-17.7488,-6.15497,-219.525
-18.4559,-1.56286,-219.081
-18.658,3.62128,-218.354
-18.6852,9.61558,-217.718
-18.8889,16.4712,-217
-19.072,23.7824,-216.352
-19.1322,30.978,-215.909
-19.1151,37.8153,-215.405
-18.2258,44.3517,-215.119
-17.349,49.4372,-215.375
-16.2007,51.7501,-215.624
-14.4657,50.2376,-215.418
-13.0062,45.9435,-214.742
-11.053,39.4958,-213.956
-8.41772,31.0365,-213.299
-5.57535,21.2495,-212.572
-3.00771,11.1779,-211.431
-0.852731,1.65616,-209.865
0.791136,-6.50123,-208.265
1.61425,-12.9217,-206.91
1.58915,-17.6331,-205.434
1.09489,-20.3236,-204.228
-0.0308583,-22.2173,-202.632
-2.01546,-23.152,-200.827
-4.1639,-22.9395,-198.947
-6.40777,-21.9046,-197.067
-9.02579,-20.0796,-195.042
-11.7572,-17.3293,-192.761
-14.3692,-14.8754,-190.662
-16.8333,-12.2756,-187.242
-19.7003,-9.61435,-183.947
-22.0808,-6.92408,-180.549
-23.7877,-3.97992,-176.948
-24.4739,-1.44969,-173.502
-25.515,0.732419,-169.932
-26.6431,2.91061,-166.131
-27.1986,5.24814,-162.282
-27.8135,7.68939,-158.506
-27.9574,10.0748,-154.838
-28.0496,12.4025,-150.835
-27.6498,13.9326,-147.028
-27.6615,15.3293,-143.102
-27.1105,17.2207,-139.208
-26.437,18.9573,-134.582
-25.6008,20.3847,-130.613
-24.501,21.8839,-127.126
-23.6839,23.2235,-123.362
-23.6158,23.7039,-119.945
-23.2139,24.0946,-116.648
-22.8631,24.9613,-113.148
-22.4829,25.606,-109.664
-22.141,26.1736,-106.273
-22.2707,26.3417,-102.826
-22.4464,26.8588,-99.1523
-22.3715,27.651,-95.3019
-21.8914,28.1431,-91.6568
-21.3657,28.2588,-88.2936
-21.2853,28.2843,-84.8072
-21.0431,27.5569,-81.2606
-21.2756,25.7669,-77.9798
-20.6239,23.0653,-73.2797
-20.6046,19.1599,-69.3635
-20.1363,14.1872,-65.0279
-19.3136,8.17566,-60.9697
-18.8204,1.50877,-56.8517
-17.865,-5.38059,-52.3868
-16.0699,-11.8728,-47.9879
-14.7488,-17.2768,-43.8464
-13.7669,-21.4086,-39.1869
-11.7007,-22.9719,-35.89
-9.38649,-21.8107,-33.2282
-9.0511,-18.5711,-30.3837
-8.09532,-13.6417,-28.1518
-7.50813,-7.74185,-25.5211
-7.7192,-0.943431,-23.3026
-8.03,6.71416,-21.6226
-7.9927,14.7872,-19.9615
-7.95319,22.6019,-18.1595
-7.77499,29.8959,-15.6032
-7.51547,37.9632,-13.6695
-7.8807,44.3119,-11.6516
-9.12039,50.6218,-8.83951
-9.85139,56.0408,-6.1953
-10.4039,60.8347,-3.18878
-10.3292,65.0956,0.312897
-9.58073,68.6882,4.20241
-8.76381,71.5408,8.08503
-8.14585,73.6095,11.6312
-7.08354,74.5921,15.5324
-5.1677,74.7086,19.6053
-3.54835,74.124,23.5425
-2.7656,72.6402,27.6978
-0.991464,71.0446,32.1222
1.37279,69.0443,35.7107
3.72124,66.3048,39.3033
6.13228,63.2608,42.8156
8.21947,60.3334,46.1273
9.61793,57.358,49.9699
12.3623,54.4108,53.2639
14.0002,50.8391,57.2555
15.3275,48.1543,60.5679
17.691,45.4876,63.9836
18.48,44.101,67.9324
19.8228,42.8188,71.7058
20.6186,41.813,75.7057
20.9339,40.9705,79.853
21.5174,40.0257,84.2279
21.6901,39.2729,89.3484
21.8528,38.544,93.9636
22.3101,38.2587,97.8486
21.4548,37.8796,102.765
21.5403,37.2889,107.219
21.4585,36.6523,112.557
21.8518,36.0772,118.253
22.2277,35.6796,124.042
22.722,35.7191,129.861
23.9056,35.9892,135.286
25.4588,36.0293,140.209
26.5852,36.4479,145.993
27.7047,36.7044,151.214
28.7209,37.03,156.263
30.4026,37.1643,160.978
31.898,37.1955,165.412
33.2537,37.0991,169.517
34.446,37.2857,173.07
36.1242,37.729,176.407
38.297,38.0376,180.254
39.851,37.9668,184.719
40.9615,37.3506,188.803
42.1235,36.2583,192.667
43.4632,34.7339,196.473
44.7586,32.2003,200.027
45.8253,28.8398,203.336
46.7173,24.8211,206.539
47.4347,20.253,209.411
47.8873,15.8088,211.82
47.9011,12.0879,213.635
47.2702,9.02953,214.632
45.9694,6.70659,214.956
44.6495,5.6014,214.803
43.3639,6.30646,214.375
41.5153,7.77584,213.847
39.327,10.2356,212.771
36.4352,13.4579,211.562
33.5076,17.211,210.507
30.6803,21.4497,209.256
27.7624,26.0737,207.689
25.0734,30.6947,206.444
22.844,34.9513,205.859
21.3485,39.5008,205.494
20.1451,43.7553,204.765
18.8564,47.1399,204.247
17.7933,50.0797,203.965
17.066,52.7617,203.775
16.2959,55.0919,203.567
15.3072,56.7695,203.539
14.4615,57.6029,203.822
13.9775,57.8005,204.176
13.1173,57.8182,204.413
12.5328,57.4526,204.481
11.5723,56.4054,204.973
9.48875,55.3427,204.684
6.77665,54.0757,203.797
3.68989,52.9214,202.169
0.688232,52.1,199.749
-2.06686,51.3211,197.148
-4.71641,50.0022,194.898
-7.24135,47.9121,192.825
-9.24589,45.4607,190.855
-10.5765,42.3461,189.428
-11.1477,37.7662,188.415
-11.19,32.2626,187.523
-10.7844,25.4354,186.955
-9.50137,17.9493,186.643
-7.80291,10.4049,186.321
-6.14793,2.89296,185.852
-4.4165,-4.29954,185.395
-2.33163,-10.3475,185.053
-0.187337,-14.8821,184.423
1.60785,-18.2302,183.943
3.15418,-19.9461,183.835
3.86186,-19.7388,183.085
3.86703,-17.4995,181.737
3.49377,-13.2523,179.515
2.37578,-7.40366,176.351
0.33903,-0.389855,172.594
-2.20146,7.42085,168.578
-4.9075,15.5075,164.244
-8.16665,23.1177,159.529
-11.0031,30.0515,155.219
-13.5795,35.5605,151.821
-15.8992,39.6038,148.377
-17.3528,42.3006,145.495
-17.9679,43.6418,143.526
-18.1754,43.4241,142.273
-18.0378,41.5113,141.464
-17.2248,37.9296,141.02
-15.6693,32.9407,140.894
-13.9609,27.0817,140.863
-12.1343,20.2308,140.988
-9.4965,13.4493,141.254
-6.89324,7.32638,141.568
-5.4049,1.72486,141.321
-5.29869,-2.80311,140.182
-6.24578,-5.75298,138.451
-7.95624,-7.17878,136.094
-10.1564,-7.44075,133.177
-12.3846,-6.89925,130.39
-14.2711,-6.12444,128.006
-15.794,-5.66469,125.207
-16.6481,-6.61598,122.551
-16.9823,-8.82226,120.021
-16.7399,-11.3834,117.499
-16.1688,-13.8291,115.553
-14.9431,-16.3767,114.242
-13.1764,-19.0137,113.494
-11.1198,-21.7696,113.405
-8.70602,-25.1171,113.907
-6.27267,-29.1102,114.402
-3.78518,-32.6317,115.201
-1.30351,-36.3053,115.384
1.19875,-39.1861,115.849
2.80912,-40.9108,116.545
3.76144,-41.6479,116.735
3.7829,-41.3028,116.039
2.77148,-39.6307,114.531
1.18649,-36.6497,112.591
-0.531854,-32.662,110.578
-2.61684,-27.775,108.43
-4.57605,-22.0574,106.142
-6.67928,-16.2562,103.984
-9.01979,-11.2644,101.34
-11.1819,-6.83588,98.1459
-13.0434,-2.99007,94.8804
-14.6913,0.17586,91.4893
-16.1413,2.83031,88.1742
-17.1026,5.1047,85.0513
-17.5642,6.78138,81.8236
-18.5282,7.69266,78.6981
-18.7607,8.28281,75.8192
-18.6931,8.74927,73.0466
-18.5217,8.77249,70.9359
-18.3427,8.19811,68.7311
-18.5805,7.54075,66.3968
-19.0182,6.76263,64.2671
-19.8817,6.23176,62.1272
-21.4732,6.27325,59.5495
-23.338,6.52267,56.7276
-24.8743,6.82787,54.2294
-26.6601,7.72484,51.0195
-28.3556,9.04589,48.0051
-29.5291,10.6223,45.5969
-30.5483,11.5176,43.0039
-31.4495,12.449,40.367
-32.2896,13.4054,38.2772
-32.9097,14.1585,36.4613
-33.1319,14.7385,34.4252
-33.1499,15.2485,32.2012
-33.346,15.6446,29.6252
-32.9625,16.3094,27.7703
-32.8012,16.7394,24.9085
-32.5137,17.3022,22.9204
-31.7736,18.4314,20.0777
-31.3151,19.8453,17.4483
-31.1369,21.6028,14.7218
-30.8914,23.6772,11.5497
-30.7876,25.7744,8.3325
-31.2573,27.7216,5.33643
-31.6566,29.7895,1.82545
-32.3896,31.7868,-2.45601
-33.3645,33.269,-5.60486
-34.2207,35.0256,-9.37604
-35.1709,36.0856,-13.2004
-36.1262,36.8845,-16.6013
-37.095,37.3704,-20.0266
-37.8328,37.2185,-23.3753
-38.3998,36.5378,-26.2954
-38.9822,35.7035,-28.9536
-38.6742,34.3697,-31.4121
-38.919,32.3083,-33.9992
-38.9296,30.4761,-36.2751
-39.1205,28.3688,-38.3974
-38.9642,26.1769,-40.4127
-38.621,24.1492,-43.0119
-38.1153,22.3348,-45.7771
-37.5346,20.8635,-48.3326
-37.0551,19.8091,-50.964
-36.6491,19.028,-53.8251
-35.9688,18.433,-56.1396
-35.1405,17.9386,-58.8396
-34.2634,17.7736,-60.8873
-33.8097,17.6555,-63.3227
-32.782,17.4751,-65.799
-31.802,17.8738,-68.0004
-31.2546,18.185,-70.5098
-30.7682,18.2086,-73.3072
-30.4007,18.2148,-76.0957
-30.6055,17.9911,-79.114
-30.2985,17.2836,-82.4842
-30.1212,16.6358,-86.467
-29.7412,16.1407,-89.6836
-29.4537,14.0895,-93.8615
-29.1689,11.9719,-97.4355
-28.768,9.0523,-100.792
-28.163,5.89085,-103.991
-27.1604,2.63714,-106.733
-26.1067,-1.16717,-109.252
-25.6238,-5.52767,-112.003
-25.0725,-10.0576,-114.171
-24.7204,-14.8109,-116.18
-23.643,-19.1335,-118.359
-22.431,-23.5187,-120.361
-21.7559,-27.3802,-122.628
-20.922,-30.8701,-124.806
-20.3015,-34.2626,-126.657
-19.5412,-37.4031,-128.351
-18.4882,-40.0907,-130.25
-17.8114,-42.5255,-132.345
-16.7407,-44.9055,-134.109
-16.2057,-46.8836,-136.577
-16.2617,-48.1203,-138.86
-15.5283,-49.1217,-140.774
-14.9415,-49.6987,-143.126
-14.5666,-49.8957,-145.815
-14.3603,-50.019,-148.531
-14.2751,-49.7773,-151.151
-14.087,-49.197,-153.508
-13.5867,-48.9319,-155.474
-13.2068,-48.5743,-157.6
-13.7672,-48.5952,-160.056
-13.517,-48.6518,-161.312
-12.871,-48.6286,-163.002
-12.5172,-49.0693,-164.801
-12.143,-49.8269,-165.899
-12.0401,-50.6092,-166.682
-12.0512,-51.3092,-167.555
-11.8139,-51.8393,-168.657
-11.6059,-52.0736,-169.946
-11.8759,-52.1651,-170.735
-11.7559,-51.9345,-171.206
-12.2087,-51.5461,-172.297
-12.8598,-51.3428,-173.217
-13.4498,-51.0876,-173.879
-13.7306,-50.4922,-174.757
-13.8989,-49.9541,-175.668
-14.0677,-49.4601,-176.359
-14.2793,-48.9079,-176.953
-14.6678,-48.5121,-177.71
-15.122,-47.9118,-178.537
-15.1755,-47.0649,-179.048
-15.5542,-46.5279,-179.907
-15.7801,-45.6075,-180.651
-15.6438,-44.7146,-180.934
-15.8344,-43.6658,-181.03
-16.0514,-42.5138,-181.078
-15.8455,-41.4088,-180.903
-15.5083,-40.3313,-180.45
-15.601,-39.0942,-179.982
-15.6797,-37.6021,-179.536
-15.4375,-35.9689,-178.893
-15.6952,-33.8528,-178.433
-15.6174,-31.8818,-178.115
-15.0009,-29.6712,-177.275
-14.8217,-27.3804,-176.127
-14.9973,-25.1825,-174.945
-15.2143,-23.0335,-174.113
-15.2896,-20.937,-173.551
-15.0883,-19.0983,-172.778
-14.8019,-17.5676,-172.13
-14.4157,-16.1734,-171.502
-14.4734,-14.8247,-170.395
-14.7175,-13.7459,-169.405
-14.7377,-12.6026,-168.511
-14.7843,-11.7971,-167.006
-15.1388,-11.3476,-165.142
-15.6744,-11.0573,-163.352
-16.3255,-11.0671,-161.646
-17.2286,-11.5955,-159.834
-17.9236,-12.0203,-158.003
-18.2191,-12.4557,-156.135
-18.093,-12.7317,-154.084
-17.9677,-12.7102,-152.619
-18.0528,-12.2354,-150.767
-17.8976,-11.3142,-148.825
-17.3549,-9.95943,-147.239
-16.8476,-8.18596,-145.894
-16.515,-6.05567,-144.438
-15.9664,-3.73217,-142.826
-15.4241,-1.44911,-141.205
-15.0059,0.879601,-139.568
-14.0205,2.84912,-138.392
-13.1632,4.73254,-137.078
-12.3814,6.67363,-135.384
-11.4633,8.48893,-133.735
-10.667,9.98533,-132.389
-10.0059,11.198,-131.031
-9.39134,12.1902,-129.386
-9.05659,12.8922,-127.769
-9.1258,13.3914,-126.572
-8.86533,14.1147,-125.531
-9.03614,14.6233,-124.242
-9.42632,14.6977,-123.043
-9.74775,14.3419,-122.266
-10.2138,13.8504,-121.325
-10.5327,12.8894,-120.216
-10.4544,11.3198,-119.206
-10.1912,9.49512,-118.268
-9.99515,7.87336,-117.167
-9.45387,6.60696,-116.017
-8.6851,5.34307,-114.587
-7.6932,4.49607,-113.355
-6.74343,4.88934,-111.918
-5.69479,6.31105,-110.19
-4.45825,8.8325,-108.598
-3.07764,12.5699,-107.292
-1.95984,17.3129,-106.151
-1.21187,22.821,-104.9
-0.538801,29.1266,-103.27
-0.341504,36.1433,-101.279
-0.525625,43.2617,-99.3621
-0.58083,50.5107,-97.7316
-0.879886,56.9772,-96.2069
-1.15129,62.2662,-94.7386
-1.12388,66.0377,-93.3429
-0.962615,68.5298,-91.9999
-0.489453,69.981,-90.7853
0.496644,70.4274,-89.6235
1.59736,69.8776,-88.4445
2.26079,68.4119,-87.7677
2.70243,66.2824,-86.8398
3.03431,63.854,-85.6613
3.02157,60.6878,-84.2867
3.12642,57.0721,-82.9759
3.47238,53.0805,-81.7495
3.90362,48.9164,-80.6687
4.36016,44.8821,-79.4906
4.78845,41.1173,-78.1353
5.0032,37.5799,-76.8647
4.95368,34.4376,-75.4475
4.72664,32.0848,-73.8629
4.01982,30.3163,-71.8704
3.22628,28.6828,-69.8053
2.26098,27.7274,-67.8176
1.32124,27.3109,-65.635
0.280277,27.3131,-63.5354
-1.06757,27.8405,-61.5613
-2.48296,28.8673,-59.522
-3.535,30.1439,-57.47
-4.58592,31.7186,-55.6503
-5.77293,33.5406,-54.4089
-6.57,35.0836,-53.1096
-7.69573,35.9705,-50.9913
-8.82094,36.3913,-49.2239
-9.49369,36.4434,-46.9342
-9.68134,36.1025,-44.4492
-9.79152,35.5592,-41.7422
-9.75808,34.9514,-38.4997
-9.09713,34.1976,-34.8871
-8.419,33.391,-30.8734
-7.72368,32.0569,-26.8652
-7.40491,30.788,-23.378
-6.9353,29.5674,-18.8869
-6.60689,28.1434,-14.4936
-6.45582,26.8292,-10.404
-6.58933,25.7902,-6.28537
-6.93249,25.2347,-1.79359
-7.411,25.1095,2.63595
-8.0859,25.0546,6.40549
-8.82427,25.2629,10.4291
-9.72839,26.5387,13.701
-10.5262,27.8885,17.7304
-11.5535,30.4325,21.9914
-12.4253,32.4575,25.9246
-12.7042,34.937,29.7361
-13.1806,37.9188,34.0224
-13.4933,40.3231,38.6677
-13.1991,41.9593,43.3814
-13.2325,43.6518,48.2053
-13.7686,44.5756,52.6722
-12.8257,45.2069,57.0394
-11.9138,45.8141,62.5386
-11.6467,45.9348,66.7392
-11.1301,45.6756,70.9147
-10.1492,45.1333,75.3212
-9.01251,44.0597,80.0344
-8.08428,42.3809,84.6134
-7.36475,40.5545,88.521
-6.75826,39.0505,91.9197
-6.73522,37.6089,95.6213
-6.94243,37.3546,99.5794
-6.9549,37.189,103.607
-7.09598,37.815,107.637
-7.66946,39.3148,111.339
-8.66128,41.2429,114.864
-9.54642,43.3103,118.463
-10.3615,45.1454,121.967
-11.2948,46.6482,125.431
-12.1382,47.9705,129.139
-13.0448,48.635,132.371
-14.1459,48.7539,135.737
-13.7177,48.2623,139.105
-13.6679,47.1771,142.618
-13.237,45.0761,145.807
-12.5681,43.0586,148.786
-11.4515,40.3731,151.549
-10.1893,37.1723,153.857
-9.06698,33.898,156.026
-7.89567,29.9847,158.358
-7.08705,25.809,159.403
-6.72783,22.0884,160.758
-5.72524,17.886,161.451
-5.63329,14.6217,161.651
-6.00052,11.4936,161.388
-6.74695,8.67124,161.089
-7.6705,6.30346,160.496
-8.7222,4.35045,159.798
-9.94326,2.48068,159.297
-11.088,0.251426,158.758
-11.7096,-2.3517,158.132
-12.862,-5.2109,157.652
-13.3386,-7.44024,156.814
-13.5749,-10.2474,156.435
-13.3213,-12.4386,156.516
-13.1911,-14.8046,156.322
-12.6719,-17.3658,156.421
-11.7614,-19.6227,156.855
-10.8735,-21.3161,157.056
-9.96125,-22.5879,157.083
-9.02063,-23.5218,157.627
-8.27734,-23.8341,158.057
-7.82545,-23.4912,157.362
-7.93669,-21.9708,156.666
-8.15951,-19.2966,155.303
-8.35218,-16.4272,153.666
-9.06662,-12.7987,151.759
-10.3019,-8.78888,149.711
-11.6535,-5.27843,147.715
-13.1797,-2.01256,145.54
-15.1218,1.45364,142.848
-15.9501,3.81233,141.086
-17.2131,4.89235,138.156
-18.1801,6.04476,135.634
-18.8766,6.95639,133.916
-19.2981,7.38133,132.423
-19.2244,6.96274,131.164
-18.7907,5.57301,130.362
-18.1718,3.52553,129.782
-17.2854,1.23518,129.066
-16.3015,-1.34398,128.715
-14.9637,-3.89635,128.452
-13.6484,-6.38745,128.4
-12.4735,-8.48386,128.824
-11.3334,-10.1433,129.38
-10.6885,-11.0913,130.078
-10.6041,-10.9707,130.548
-10.9884,-9.81933,130.742
-11.8514,-7.71785,130.304
-13.2457,-4.6501,128.713
-15.0202,-1.18491,127.083
-16.6233,2.47278,124.969
-17.7691,5.95411,122.298
-19.4593,8.74525,119.618
-20.8834,10.6969,117.455
-21.7135,11.6347,115.872
-21.9566,11.6045,114.78
-21.5597,10.5235,114.081
-20.695,8.53652,113.818
-19.6846,5.96218,114.091
-18.2135,2.4471,114.707
-16.8054,-1.15932,115.33
-14.9662,-5.41489,115.433
-13.1908,-9.27268,116.259
-11.3523,-12.966,117.436
-9.36398,-16.1312,118.466
-7.7664,-18.3513,119.248
-6.58562,-19.4693,119.662
-5.63773,-19.4978,119.701
-5.18227,-18.4573,119.568
-5.36129,-16.3873,119.193
-6.2042,-13.106,118.681
-7.3225,-9.15555,117.203
-8.43381,-5.2631,115.395
-9.51122,-1.68382,113.458
-10.3909,1.98758,111.152
-11.1505,5.54357,108.59
-11.7308,8.43169,106.161
-11.9046,10.4307,104.243
-11.526,11.7378,102.937
-10.6216,12.2837,102.002
-9.31595,11.5756,101.612
-8.02883,9.66922,101.823
-6.04213,6.93366,102.01
-3.97483,3.34264,102.13
-1.82532,-0.596117,102.259
0.277336,-4.54402,102.423
2.18473,-8.08237,102.647
3.80747,-10.6115,102.866
4.89043,-11.7989,102.797
4.91432,-12.0249,102.035
4.32692,-11.0726,100.605
3.47699,-8.32097,99.1154
2.2089,-4.85256,97.0585
1.00272,-1.17173,94.6944
0.0381459,2.43489,91.9884
-0.846467,5.79004,88.944
-1.67306,8.70846,86.154
-2.18972,11.1686,83.9594
-2.24149,13.3417,82.0802
-2.15066,15.2071,80.8
-2.01404,16.5355,79.7549
-1.37849,17.1145,78.597
-0.424222,17.0502,77.8809
0.809786,16.2396,77.217
2.14123,14.871,76.6323
3.54306,13.0082,76.366
4.99097,10.6141,76.3109
6.19605,7.94634,76.1444
6.70255,5.60764,75.6927
6.39419,3.88983,74.9115
5.43346,2.39971,74.0465
3.46636,1.15053,72.9927
1.56315,0.809049,71.3517
-0.1989,0.839326,69.5919
-1.76361,0.908181,68.0989
-2.97165,0.410813,66.7665
-3.74041,-1.33992,65.4957
-4.1692,-4.49384,64.3152
-4.37585,-8.5978,63.3278
-4.166,-13.4308,62.9072
-3.04314,-19.0615,63.5104
-1.50753,-24.7192,64.4837
0.0468091,-30.4801,65.4064
1.68983,-35.8736,66.2364
3.47631,-41.263,67.1401
5.23842,-46.4808,67.8758
6.82159,-51.1251,68.7419
8.28983,-54.6475,69.7503
9.57144,-56.6991,70.1495
9.97364,-57.7956,70.0918
9.96315,-57.2276,70.112
9.18986,-55.3592,70.0766
7.8485,-52.1494,70.2137
6.62676,-47.6753,70.1563
4.92318,-42.6807,69.461
2.9506,-37.5524,68.1459
1.11006,-32.4981,66.6544
-0.496657,-27.6832,65.1686
-2.03041,-23.2347,63.5523
-3.74988,-19.2662,62.2457
-5.19239,-15.4366,61.1591
-6.06528,-12.2174,60.0169
-6.97028,-9.53082,58.6554
-7.70534,-6.68646,57.3672
-8.48312,-4.40677,56.2781
-9.21857,-2.46602,55.2018
-9.81566,-0.729142,53.8566
-10.1377,0.724999,52.2878
-10.1993,1.95666,50.7432
-10.711,2.80689,49.0101
-11.4436,3.89775,47.3345
-12.2831,5.24874,45.8552
-13.7066,6.62571,44.0152
-15.2423,8.03796,42.1676
-17.0833,9.49636,39.6588
-19.1863,11.2129,36.8707
-21.4433,13.0874,33.8012
-23.6781,14.8839,30.443
-25.6147,16.5864,27.1773
-27.1758,18.1622,23.4041
-28.4947,19.3341,19.6742
-29.4189,20.2966,16.1601
-30.0644,20.8125,12.0592
-29.9483,20.6956,8.18213
-29.8544,20.3953,4.31252
-29.8324,20.2031,0.539698
-29.4544,19.9848,-3.24984
-28.8311,19.4875,-7.11897
-28.4733,18.6046,-10.9393
-27.866,17.2615,-15.0735
-26.6212,15.7805,-18.7878
-25.7451,14.0607,-22.4223
-25.1657,11.6843,-26.27
-24.5504,9.01152,-29.9632
-24.0212,6.01079,-33.3514
-23.6167,3.07387,-36.815
-23.1712,0.495662,-40.3468
-22.5745,-2.04805,-43.6828
-22.0136,-4.97623,-46.7897
-21.7678,-7.67902,-49.6873
-21.4096,-9.95086,-52.8882
-20.8294,-12.3042,-55.9028
-20.615,-15.1085,-58.8007
-19.9962,-17.4098,-61.8644
-19.7208,-19.2224,-64.7047
-19.4035,-20.8717,-67.3779
-19.2547,-22.4138,-70.0275
-19.5282,-23.8116,-72.5433
-19.3375,-25.1804,-74.6708
-18.0328,-26.4756,-76.499
-17.0999,-27.4963,-79.3206
-16.5225,-28.6937,-81.8384
-15.8766,-29.9973,-84.0528
-15.3362,-31.2001,-85.8101
-14.7321,-32.6392,-87.6303
-13.9875,-33.9675,-89.4664
-13.3509,-35.1335,-91.1216
-12.9143,-36.2038,-92.7793
-12.3862,-36.9219,-94.6427
-11.8067,-37.417,-96.1926
-11.836,-38.231,-98.0554
-11.1959,-39.0589,-100.253
-11.0617,-39.3612,-101.982
-10.2884,-39.6276,-103.557
-9.91703,-39.7583,-105.828
-9.8249,-39.9364,-107.832
-9.32453,-40.0403,-109.33
-8.44479,-39.8949,-110.911
-7.80765,-39.7237,-112.529
-7.28154,-39.7048,-113.692
-6.9455,-39.5473,-115.296
-6.28856,-39.9282,-117.102
-5.8502,-40.0504,-118.188
-4.70481,-39.5225,-119.269
-3.87479,-39.1011,-120.414
-3.07798,-38.7633,-121.667
-2.24008,-38.4149,-122.967
-1.59869,-38.2859,-124.253
-1.01203,-38.2755,-125.525
-0.544839,-37.4785,-126.698
-0.536284,-36.8561,-128.223
-1.11299,-36.7911,-129.47
-0.029393,-35.9353,-131.068
-0.17578,-35.3894,-132.01
-0.369215,-35.0743,-132.974
-0.756356,-34.8973,-134.209
-1.0313,-34.5473,-135.471
-0.753538,-34.1236,-136.534
-0.585521,-34.0681,-137.387
-1.03275,-33.6903,-138.019
-1.2619,-32.9443,-138.539
-1.0411,-32.7848,-139.214
-0.536125,-31.9466,-139.577
-0.700918,-31.3421,-139.796
-0.93766,-30.3024,-139.625
-0.930152,-29.4927,-139.599
-0.86523,-28.9452,-139.743
-1.08067,-28.0387,-139.956
-1.50635,-26.8426,-140.456
-1.46634,-25.9188,-140.674
-1.4831,-24.4349,-140.576
-1.54155,-22.1046,-140.826
-1.45507,-20.021,-140.896
-1.76085,-18.0907,-140.807
-2.00199,-15.9312,-141.055
-2.37346,-13.5579,-141.056
-2.7785,-11.1082,-140.785
-2.98411,-8.71238,-140.601
-3.27364,-6.56695,-140.406
-3.93776,-4.84501,-140.195
-4.1239,-3.30882,-139.688
-4.80799,-2.27109,-138.904
-5.25218,-1.34396,-137.917
-5.27667,-0.677842,-136.627
-5.30403,-0.240001,-135.896
-5.48076,-0.202689,-134.96
-5.48809,-0.223231,-133.792
-5.14507,0.0334383,-132.828
-4.77631,0.263577,-131.825
-4.60328,0.22621,-130.866
-4.12226,0.350134,-129.58
-3.40456,0.626148,-128.531
-2.79652,1.30932,-127.31
-2.17334,2.3424,-126.171
-1.70523,3.48813,-125.421
-1.31878,4.6724,-124.797
-0.945882,5.94383,-124.172
-0.595854,7.25344,-123.443
-0.194298,8.4077,-122.384
0.435501,9.38132,-121.294
1.11626,10.6923,-120.257
1.04028,11.3652,-119.535
0.984993,12.2651,-118.482
1.18818,13.1882,-117.261
0.847867,13.661,-115.979
0.342067,13.7797,-114.6
0.0350768,13.8458,-113.355
-0.23949,13.9206,-112.187
-0.660995,13.8235,-110.582
-1.02063,13.5026,-108.75
-0.873723,13.118,-107.426
-0.8773,12.9903,-106.078
-0.816826,13.1842,-104.523
-0.527218,13.6851,-102.817
-0.364042,14.0512,-100.864
-0.242124,14.5974,-98.9349
-0.185139,15.5785,-97.2151
-0.105736,16.7198,-95.5638
0.381546,17.7124,-93.8166
1.20408,18.8649,-92.2251
2.08739,19.9826,-90.9417
2.64673,20.6957,-89.3935
2.89414,21.0142,-87.7612
3.16322,21.6212,-85.6867
3.2955,21.5831,-83.5294
3.2243,21.2066,-81.5908
2.86678,20.8624,-79.6245
2.23486,20.4339,-77.2981
1.52767,19.8165,-74.7499
0.850955,19.2409,-72.3013
0.124136,19.11,-69.76
-0.710779,19.4345,-67.0481
-1.51233,19.6181,-64.3042
-2.0831,19.6462,-61.2103
-2.42564,19.9333,-57.8707
-2.95594,20.6295,-54.4904
-3.61033,21.4481,-51.2048
-4.14962,22.1292,-47.9947
-4.70446,22.7842,-44.6252
-5.24999,23.5851,-40.7968
-5.24561,24.5657,-37.1909
-5.08805,25.4351,-33.7493
-4.8465,25.9475,-30.1022
-4.57721,26.5659,-26.3034
-4.09924,27.1911,-22.32
-3.48901,27.7217,-18.4951
-3.05487,28.3917,-14.9129
-2.9585,29.1332,-11.2732
-3.01984,29.3851,-7.29599
-3.04105,29.2025,-3.09333
-3.2126,29.2286,0.650582
-3.45923,28.8174,3.88859
-3.52476,27.9794,7.34681
-3.54155,27.381,10.7724
-3.57797,27.0553,14.2811
-3.66795,26.904,17.9279
-3.88856,26.8362,21.5849
-4.29608,26.7106,25.0156
-4.72158,26.4481,28.1167
-4.74507,26.2575,31.0936
-4.61163,25.878,33.8605
-5.91095,25.6941,36.4721
-6.73069,26.0212,39.1093
-6.91211,26.0576,42.0169
-7.04287,26.0977,44.6588
-6.94324,26.3048,47.1238
-6.55445,26.4259,49.6087
-6.13568,26.1659,52.1704
-5.75933,25.5519,54.8124
-5.25623,24.8495,57.427
-5.00364,24.4393,60.1631
-4.90035,24.2873,62.4
-4.89595,24.45,64.5455
-4.71141,24.8499,66.6051
-4.43124,25.4508,68.4182
-4.43181,26.5349,70.0632
-4.40447,27.9933,71.68
-3.99463,29.584,73.2989
-3.62694,31.2139,74.7691
-3.72092,32.4228,75.8265
-3.72199,33.3793,76.7645
-3.81513,34.3359,77.5363
-4.22037,35.4419,78.4757
-4.54412,36.111,79.577
-4.39811,36.5638,80.6043
-4.5974,36.5776,81.6531
-5.31047,36.3707,82.691
-5.86073,36.2907,83.5847
-5.9013,36.0379,84.4049
-5.91456,35.1419,85.3015
-6.4243,34.3196,85.9422
-6.47052,32.9858,86.6364
-6.42081,31.5562,87.5772
-6.68748,30.2871,88.235
-6.86994,28.5161,88.6013
-6.97106,26.6715,89.045
-7.1406,24.9168,89.7443
-7.57598,23.1485,90.4616
-8.23432,21.4034,90.7912
-8.40402,19.2842,90.6298
-8.94804,17.7738,90.5073
-8.88037,16.1392,90.242
-8.84168,13.6354,89.8429
-8.90994,11.6504,89.5064
-8.64462,9.59765,89.1607
-8.39634,7.35973,88.6174
-8.13957,5.21828,88.2968
-7.90338,3.2283,88.329
-8.03833,1.01984,88.0945
-7.84661,-1.71201,87.6875
-7.51541,-4.23911,87.3788
-7.13966,-6.17779,86.9246
-7.47181,-8.29134,87.1498
-7.37083,-9.88665,87.2543
-7.23521,-10.8502,87.4445
-7.02272,-11.5097,87.2377
-6.48949,-11.5857,87.1018
-6.09333,-10.9024,87.3266
-6.51939,-9.90207,87.0794
-6.91901,-8.41245,86.6102
-6.70518,-6.53903,86.5264
-7.08051,-4.65402,86.0082
-7.52172,-2.27074,86.0427
-7.7426,0.433164,85.6071
-8.15582,2.66047,84.6764
-8.70727,4.2453,83.9985
-9.09062,5.78269,83.4532
-9.35053,7.36407,82.5582
-9.75801,8.37015,81.6159
-10.0169,9.11577,81.0602
-10.3365,9.10428,79.7848
-10.3697,9.24222,78.6531
-10.8618,8.96071,78.0788
-10.5966,8.42965,77.0761
-10.2615,7.59325,75.8174
-10.0544,6.3601,74.8637
-9.68197,4.64178,74.0431
-9.28395,2.95097,72.8791
-9.22644,1.78417,71.4468
-8.78152,-0.111284,70.1818
-8.44054,-2.2512,69.4803
-7.74367,-3.3594,68.4
-7.54188,-4.69497,67.532
-7.38384,-5.86611,66.4956
-7.4314,-6.47865,64.8292
-7.50242,-7.65331,63.4797
-7.33851,-8.54782,62.5826
-7.19306,-8.65332,61.2326
-7.47541,-9.31019,59.2639
-7.6739,-9.26967,58.0157
-8.1121,-9.21447,56.6377
-8.27971,-8.83045,55.0932
-8.44449,-8.44595,54.1326
-8.31282,-8.53047,52.4847
-8.45661,-8.56701,51.5612
-8.47274,-8.53996,50.658
-8.03356,-8.42142,49.5413
-7.56063,-8.36925,48.6751
-7.41455,-8.56824,47.8376
-6.85367,-8.21207,46.6551
-6.57332,-8.0378,45.6679
-6.182,-7.63178,44.8472
-5.71634,-6.84819,44.1429
-5.55847,-5.96955,43.0356
-5.36084,-4.96186,41.7029
-5.21537,-3.75231,40.7038
-5.20393,-2.42743,39.5071
-5.40545,-1.10811,37.8681
-5.86842,0.165623,36.4868
-6.13115,1.3738,34.6056
-6.58697,3.02359,32.2334
-7.20423,3.99216,30.507
-7.85417,4.70941,29.1281
-8.06417,5.14933,27.7541
-8.27355,5.39627,26.612
-8.29935,5.39347,25.2761
-8.27069,5.10456,24.1096
-8.2553,4.73493,23.3821
-7.99258,4.47751,22.4604
-8.07605,3.9293,21.518
-8.59571,2.8722,20.9222
-8.47985,2.50095,20.0238
-8.12326,2.14441,19.0687
-8.27737,1.49765,18.2601
-8.62709,1.14384,17.5493
-8.61733,0.973385,16.9305
-8.3729,0.842441,16.1667
-8.3415,0.97185,15.0856
-8.62406,1.39576,14.0114
-9.10774,1.44854,13.4105
-9.48626,1.82905,12.4543
-9.37136,2.42613,11.9958
-9.40113,2.87194,10.8996
-9.31499,2.99756,10.0289
-9.45753,3.34975,9.18642
-9.68341,3.58333,8.24124
-9.73872,3.79117,7.28477
-9.67601,4.17171,6.28429
-9.63336,4.38328,5.07416
-9.35147,4.4992,3.89471
-9.11957,4.65926,3.05849
-9.21727,4.8127,1.73752
-9.17334,4.59876,0.871978
-8.89871,4.59225,0.360788
-8.72365,4.24353,-0.113163
-8.50524,3.88098,-0.633708
-8.31758,3.36327,-1.34782
-8.28284,2.64705,-2.07646
-8.11322,2.22919,-2.45225
-7.58643,1.56553,-3.02997
-7.47228,1.15947,-3.63905
-6.87669,0.384446,-3.50033
-6.50992,-0.643053,-3.81931
-6.04836,-1.52899,-4.38094
-5.49785,-2.53613,-4.79743
-5.03955,-3.35326,-5.17235
-4.92245,-3.933,-5.4849
-4.7861,-4.49645,-5.67945
-3.9993,-5.01542,-5.92689
-3.24734,-5.37838,-6.26839
-2.69008,-6.0241,-6.85891
-2.5904,-5.82111,-6.76101
-2.68154,-5.7961,-7.01156
-2.50656,-5.73862,-7.34882
-2.49422,-5.31205,-7.74784
-2.45726,-4.96063,-8.24376
-2.18794,-4.68739,-8.64063
-1.93139,-4.21958,-8.72287
-1.99539,-3.7299,-8.69923
-2.06235,-3.44467,-9.0753
-1.90663,-3.14343,-8.96994
-1.67781,-2.66163,-9.05141
-1.86173,-2.4676,-9.07317
-1.82519,-2.22072,-8.949
-1.89475,-2.08764,-8.81242
-1.9649,-1.97294,-8.63704
-1.95943,-1.96719,-8.58542
-1.82485,-1.99627,-8.69273
-1.47619,-1.79179,-8.6841
-1.32682,-1.84581,-8.61044
-1.71603,-1.96335,-8.56796
-1.83251,-2.01341,-8.4627
-1.75452,-2.30557,-8.34225
-1.96564,-2.62295,-8.26115
-2.06021,-2.90717,-8.02799
-2.03128,-3.19708,-7.92568
-2.04435,-3.41466,-7.99739
-2.17759,-3.48931,-8.06732
-2.35864,-3.49726,-8.13578
-2.33914,-3.47053,-8.19706
-2.01869,-3.30011,-7.87661
-2.06116,-3.18971,-7.68977
-2.14765,-3.0106,-7.69848
-2.22646,-2.71369,-7.66197
-2.25823,-2.27648,-7.36293
-2.25838,-1.82408,-7.03754
-2.37607,-1.46819,-6.92043
-2.61518,-1.24721,-6.92704
-2.73979,-1.17111,-6.84861
-2.70615,-1.21115,-6.77622
-2.62318,-1.12785,-6.80204
-2.62497,-1.15859,-6.44187
-2.87444,-1.03085,-6.33672
-2.94633,-0.789725,-6.17894
-3.02043,-0.759994,-6.13745
