-4783.73,4418.1,24323.9
-6899.52,5608.24,20576.4
-4415.23,4665.66,20671.2
-3913.31,3736.8,21422.3
-3525.13,3776.58,22165.9
-4141.7,3909.35,22356.4
-4720.57,4053.91,22132.9
-4437.18,3977.65,21497.5
-4995.49,2993.6,20345.6
-5036.21,2898.78,20434.9
-5262.1,2473.52,21477.8
-4439.85,4358.61,21991.2
-4942.91,3728.97,21302.8
-5200,3524.16,22073.4
-5431.17,3223.18,22791.8
-5605.58,3283.55,22922.7
-6014.36,4041.09,22264.4
-6907.42,4350.91,21237.4
-7719.03,3445.8,20656.4
-7397.69,3925.2,19936.5
-5262.1,4467.22,21648.2
-6553.71,3820.22,20247.3
-6952.51,5597.78,21878.6
-6582.15,6076.1,21162.9
-7058.16,6044.14,21756
-7381.03,5428.21,22075.8
-7610.44,5034.96,22978.3
-7981.99,5870.13,24212.3
-8173.32,6675.33,22810.7
-10178.3,4954.61,23911.9
-8706.44,5836.2,22866.2
-10481.9,4749.49,22673.4
-9578.51,5306.83,22557.1
-10493.6,4799.32,23503.1
-10341.6,5909.36,23282.2
-8863.44,6683.68,22321.8
-8331.63,6391.43,21725.5
-9203.64,6056.38,21612.3
-9225.73,5622.28,21416.1
-8248.76,5103.1,20879.8
-8283.05,4685.57,21199.1
-7769.48,6390.85,20685.6
-7234.9,5143.05,21299.1
-7347.32,5683.39,21298.9
-7051.38,5654.37,20956.7
-7189.55,5335.72,21806.5
-7075.76,5483.43,22853.2
-6982.21,5707.71,22250.8
-8576.64,5696.7,20685
-8740.36,6164.31,20361
-9907.17,5673.46,21115.4
-8356.18,5833.16,19763.5
-7883.28,5639.22,18847.9
-6023.24,6095.53,19323.6
-6057.48,6543.84,19920.2
-7384.92,6661.81,20815.3
-7652.93,6297.63,20971.7
-6840.29,5482.67,20033.2
-6633.4,4988.9,19589.8
-6159.34,6041.89,19134.9
-7436.25,6261.79,19134.9
-7626.79,6228.55,19993.3
-7032,5216.59,18943
-7058.37,5088.97,20581.9
-7400.26,5489.61,18918.8
-7736.62,5009.83,19036.4
-7582.26,4956.37,20057.2
-7358.11,5544.83,18784.7
-7820.83,4560.29,18704
-7330.16,4478.82,19533.6
-7032.56,5730.63,18197.9
-6881.9,5832.62,17784.7
-6036.16,6909.27,18855.7
-5484.8,5857.21,18831.7
-5777.07,6907.12,16932.9
-6528.2,7579.67,17828
-7064.88,6101.68,19249.7
-7467.79,4435.17,18084.1
-8003.26,4396.49,17716.3
-7318.34,4737.02,18070.8
-5800.92,4520.89,18811.6
-8111.48,4844.75,19963.7
-5883.32,4820.35,18186.8
-6266.69,4651.38,18658.6
-7193.7,4572.53,17702.9
-7205.23,4673.83,17153.1
-7073.25,5251.77,17381.5
-6645.31,5971.27,17156.6
-5236.25,5884.42,16994.7
-6426.37,5394.95,16466.7
-8294,5582.12,14987.9
-6013.31,2751.68,17050.5
-6614.94,5515.11,16625.5
-6896.53,5641.22,17750.8
-6325.08,5369.37,17411.7
-6428.41,5438.79,17628.2
-7119.09,5095.75,18787.6
-7444.92,4350.65,19009.6
-7425.65,3979.85,18090.3
-7092.72,3534.66,17507.6
-8597.58,1931.01,20082.9
-6136.8,4178.54,17827.5
-7388.84,1947.92,18336.9
-6475.38,3538.08,18909.4
-5525.39,4233.69,17531.5
-5472.56,4574.08,17071
-5661.09,4245.68,17090.6
-5860.51,3079.78,16304.4
-6176.43,3489.62,16364.5
-5365.32,4288.27,16398.6
-6218.85,4191.02,17528.3
-6649.39,4189.14,16926.4
-6595.63,2930.79,16805.3
-6823.59,1624.99,16416.9
-6482.62,2268.24,15687.3
-6377.62,3528.54,15547.1
-5718.05,4228.29,15951.4
-5396.1,3551.32,16360.3
-7266.54,1791.19,16961.5
-5894.96,3036.91,17546.5
-6809.37,1659.41,14717.4
-5603.35,1855.83,16784.5
-6465.28,3027.15,16599.1
-5088.91,1927.91,16333.9
-4759.17,2201.11,16528.7
-5272.77,2719.94,16210.5
-4694.36,2931.46,16118.5
-3760.8,2409.52,15896.3
-4573.98,598.811,14747
-4794.35,1840.64,17674.1
-5861.19,213.704,16051
-4891.48,1312.98,15812.8
-6389.08,1281.05,15557.7
-5720.6,1377.34,16128.8
-5945.54,1677.73,16208.6
-5816.9,2108.31,15687.8
-4688.21,2712.26,15263.5
-4082.89,2499.69,15102
-4869.77,1019.1,14857.8
-5835.1,1675.31,14941
-3948.82,801.383,14674.2
-4523.24,1979.28,16053
-3376.5,971.536,16362.9
-3997.46,1654.83,16305.9
-4835.61,1987.24,18240
-5216.54,1663.46,16795.8
-4672.44,1602.18,14504.1
-3852.58,1721.91,15142.3
-3829.79,1801.96,14852.8
-2757.6,3599.6,14417.1
-4459.16,802.946,15384.8
-5054.51,1499.21,15267
-2752.11,1343.63,13515.1
-4299.44,385.618,14591.6
-4030.17,0,15392.7
-2528.65,334.954,14779.6
-2244.21,1105.35,13920.3
-2879.62,1166.67,13705.6
-2596.97,-157.961,13959.8
-1740.37,46.0186,14941.6
-3868.79,-145.522,14725.9
-3125.32,140.67,15214.6
-1842.87,1522.17,16998.1
-1870.23,200.38,15008
-2062.26,791.018,15401.7
-1929.66,980.336,15517.5
-2518.78,97.0176,14249.1
-3193.87,-110.777,13873.1
-2266.03,228.485,14278.5
-2718.16,514.188,13508.2
-1615.73,-776.132,14531.8
-2286.33,-1716,13536.1
-1305.41,-364.087,13783.4
-1439.63,-61.2888,14754.8
-2013.81,141.189,14155.2
-1822.04,286.861,14475.7
-1029.06,-150.48,15263.6
-509.886,-162.52,14647.5
-500.934,1052.95,13686.5
-727.579,44.3281,13192.4
-1329.84,443.281,14829.6
-950.505,44.3281,12676.9
-181.671,0,13203.1
-299.817,199.878,13899.3
-5.53473,445.795,13836.3
-78.8703,907.52,13739.3
-390.747,566.096,13524.6
-228.049,-364.397,13077.8
-23.4993,-166.604,13326
-103.734,-395.287,14101.9
20.1221,0,12916.1
144.95,0,14995.6
303.505,-110.958,14476.5
298.175,-376.47,13385.6
112.155,-324.01,14186.4
-242.72,-265.297,13947.2
-209.243,-418.055,12779.4
378.674,-184.463,12859.4
1000.1,589.234,13220.8
1646.04,-62.2816,12131.1
-327.7,-478.373,13243.8
276.604,-47.8373,11711.3
1371.97,0,11348.1
173.466,-512.101,11761.5
505.012,-480.121,12832
1102.63,-49.6448,13245.5
829.356,-44.5064,12573.3
625.478,-25.4983,12025
870.653,545.305,12576.6
465.318,-874.127,12895.4
347.822,-130.551,13350.6
547.347,-183.91,12276.1
1246.1,-237.269,13178.7
543.543,-863.432,12476.7
134.387,-716.294,12244.1
55.3358,-272.727,13228.5
0,-441.198,13817.5
143.512,-684.347,12763.1
382.699,-79.0486,11791.6
29.2607,-257.343,13880.7
292.607,-1435.12,13951.7
690.906,-353.5,13649.6
564.709,231.787,13891.4
746.03,265.061,12358.2
2179.6,599.295,12264.4
1780.6,422.916,13262.3
752.359,0,13445.7
1196.08,0,12886.4
1277.86,0,13105.3
1214.87,-24.0981,13238.7
1902.73,-240.981,12437.7
1862.07,296.491,12978.2
2094.99,-789.16,12647.5
2907.17,-364.234,13937.7
1291.98,-310.786,15284.4
357.839,-658.26,14890.5
1338.63,-1029.47,13421.3
2165.3,-1532.28,13384.5
1722.14,-1771.1,14832.5
879.238,-873.386,13018.3
181.665,-2325.24,13806.2
458.493,-883.223,12484.1
963.984,-1292.7,13666.4
997.049,-435.588,14245.5
1278.66,-323.357,13590.5
1826.27,-630.336,13469.1
1488.35,-435.933,14366.3
838.769,76.6043,14892.3
1667.82,12.9289,14216.7
1624.48,-873.659,13871.4
1661.75,-125.869,14829.6
1637.38,-753.927,11373.8
1857.73,-541.709,11428.6
1803.9,-1931.35,12612.3
1123.64,-1443.72,14232.4
675.357,-914.544,12986.9
977.916,-676.582,11464
1429.92,-343.657,12510.8
1145.1,-1247.35,13558.8
452.133,-1530.01,15013.3
1026.82,-408.299,15856.4
2647.3,-50.4797,14941.9
2212.98,-345.939,13378.7
1881.67,-388.197,13874.2
2085.28,-521.403,13533.2
1375.08,-562.726,13453.8
709.175,-302.024,13895.3
1041.86,-390.641,14296.9
999.593,-1166.84,14990.7
961.03,-563.071,14691.3
999.582,0,14772.5
262.222,-1641.01,13922.2
801.456,-1895.46,14079.4
621.885,-803.336,13284
1358.71,-838.947,12648.3
1451.18,-1013.66,13649.7
573.66,-481.353,15075.5
429.857,-193.262,15042.5
1243.77,-741.139,13884.6
430.536,-359.216,13139.8
0,873.713,14351.2
1540.58,-592.137,15461.2
470.528,-151.002,16126.8
564.088,0,16154.2
294.869,-167.355,15196.9
449.331,-139.462,15188
921.896,0,16198.9
1106.68,411.283,16358.4
1276.07,1008.67,15195.2
622.913,-425.565,14744.4
1240.5,-291.936,13978.3
1564.2,-459.729,13022.3
1678.01,324.097,12817.4
1513.83,157.414,13975.1
1320.48,-200.832,14088
1789.52,-392.831,13455
1642.24,-653.263,13772.7
729.848,-669.722,14125.5
1144.97,-230.771,12672.2
1638.31,-973.415,13406.5
1779.44,650.531,15288.9
847.802,543.698,16645.8
1575.25,602.113,15614.3
1307.67,881.349,14306.6
1121.06,1258.47,14628.5
608.989,717.56,15641.4
100.664,61.6933,15480.2
86.3706,107.963,14554
281.08,0,14721.6
1441.37,0,14737
1765.16,0,15516.8
1311.15,84.4606,16000.8
1562.57,-222.457,14812.5
2022.82,-376.243,14189.5
1965.48,-450.328,14807
963.233,-662.98,13886.5
65.4959,-508.552,13288.8
342.939,243.226,14384.9
914.505,648.602,14267.9
69.2048,16.2652,15123.1
692.048,162.652,15307.9
499.741,16.2652,15266.3
706.303,686.605,15988.1
278.852,22.3484,15926.3
588.303,755.192,16073.3
1891.56,1219.67,17011.9
1942.26,574.048,17977.6
527.42,219.709,17872.1
566.441,759.676,17487.3
1255.87,893.497,19301.7
1597.73,1114.63,16102.1
767.659,-53.0489,15400.2
486.444,-36.5581,15881.5
1136.34,0,16149.3
1148.1,0,16527.5
987.612,-169.746,16473
802.436,-427.781,16722.4
632.976,-392.15,16887.5
827.233,0,15936
182.814,150.594,17820.6
376.484,1505.94,17456.3
75.8834,1595.14,16460.3
22.0347,321.011,17416.2
-397.496,0,18150.7
56.9823,162.881,19764
-53.5239,418.967,19681.2
6.87051,1703.9,18298.4
626.715,2387.04,17890.8
0,0,18318.4
-13.6828,234.626,18808.1
-136.828,2346.26,18702.2
-1.26569,234.626,18673.5
119.884,175.686,16007.7
80.3644,251.534,15895.1
-324.802,106.087,16842.3
-628.451,1082.46,17495.6
-207.459,1432.99,17761.9
509.103,489.147,17880.3
419.346,678.884,18004.6
-95.6746,-46.7702,18613.8
-956.746,-467.702,18667.2
30.4636,1003.51,19760
28.0307,440.568,19387.8
-607.917,-63.1446,20848.1
-209.334,217.477,20836.6
-448.67,965.854,20712.4
-293.753,1466.3,20474.4
700.839,1807.83,20140.7
461.149,2295.57,20930
1708.47,1687.49,18853
66.951,3415.56,16044.4
323.51,3330.96,19256.4
70.4033,2726.41,19167.5
0,2619.21,19437.7
-417.116,2151.28,19269.9
-711.578,913.724,18930.7
-436.777,1016.13,18543.4
143.512,2776.18,17728.7
382.699,3018.38,17529.7
0,1809.48,20607
0,2022.17,20939.7
-657.493,695.337,20873.2
-146.11,1077.75,21011.9
0,2000.69,20887.9
-141.022,1867.37,21747.2
92.6119,1826.97,21526.1
-129.507,2409.91,21019.9
-667.912,2799.21,21269.5
-239.391,2891.37,20780.7
-1077.26,4030.75,20999.2
0,4783.73,19493.9
-1507.12,4353.2,19385.9
-622.995,5066.53,21429.5
-108.03,3836.62,20393.8
-110.229,3587.38,19556.6
-570.231,4302.61,18815.1
-910.688,4902.69,18712.8
-589.12,4318.36,20030.3
-120.795,2408.3,21217.1
-616.353,2174.8,20907
-727.746,4069.57,20091.7
-869.807,3219.07,21649
-2103.98,2736.44,20635.8
-1971.91,4385.19,21125.5
-1282,5775.74,21785.1
-1990.21,6238.64,21893.8
-3606.2,5130.6,20853.8
-4496.31,4034.61,20637.1
-4131.02,5682.15,23262.3
-2513.06,6514.99,22632
-3721.22,6616.69,21874.2
-3095.83,5828.1,22255.8
-4486.25,5411.77,20695
-4798.32,6286.94,20487.3
-3314.59,6471.79,21174.9
-3010.67,7023.19,21257.9
-3849.76,7011.99,20161.3
-3825.32,6082.79,19463
-3306.96,6064.69,20572.6
-3735.48,4737.83,20651
-2911.95,5220.39,20570
-3432.05,6549.54,20633.6
-2282.57,6616.51,19854.6
-3039.47,5327.51,18824.6
-3980.5,4496.71,19635.6
-4305.36,4950.74,20492.3
-4607.71,5260.95,21255.1
-4864.26,4995.11,21968.4
-4071.14,5490.76,21197.6
-2967.47,5181.18,20871.8
-5040.88,4452.84,19282.4
-5227.08,4345.91,20897.6
-3489.97,6296.7,19284.9
-4860.36,6870.53,21139.3
-4747.25,6879.13,20126.8
-4230.05,6667.52,19187.7
-3835.73,6189.21,19863.8
-3340.84,6329.68,20495.7
-3844.62,7527.55,20547.4
-4037.93,7030.25,18941.9
-5244.64,7105.75,20126.6
-4119.92,6307.54,22376
-5228.88,7065.49,19833.1
-5679.54,6088.7,20033.7
-5321.04,6051.06,21370.7
-5110.7,6053.01,22022.1
-5786.88,6228.76,21093.8
-5954.64,6618.67,20158.8
-4426.09,6006.68,20664
-5025.5,6697.83,18421.4
-3070.93,6178.71,20610.2
-5975.67,7183.77,20323
-5596.78,6816.41,20131.6
-5156.7,6640.06,20091.7
-4934.6,7118.72,19971.7
-4513.55,7145.81,19851.3
-4347.78,7102.17,19572.8
-3972.14,7806.97,19048
-2928.97,8247.94,18438.4
-4846.45,7360.76,17770.7
-5066.41,9371.77,19613.3
-2795.47,8397.96,18321.7
-4891.9,8301.88,19290.7
-4746.46,8764.85,20128.4
-5333.58,7944.56,19682.7
-5243.89,7970.94,19189.2
-4627.06,9078.61,18790.7
-4905.78,9361.41,18733.8
-5233.97,8457.45,19989.8
-5068.92,8064.51,20470.7
-5907.73,10045.8,20426.2
-4852.82,7849.85,18683.2
-4505.02,9012.19,19828.1
-4081.77,9203.71,19209.3
-4811.39,8972.67,18376.4
-5055.52,8082.46,18853.5
-4888.61,8207.31,19777
-4815.44,9367.47,19986.8
-3745.17,8808.6,19975.2
-2680.14,8600.37,20112.4
-2818.41,10045.8,18760.2
-2743.92,9739.71,18175.8
-4075.82,9361.55,19345.2
-4183.6,8200.92,18620.9
-3117.92,9888.09,18768.3
-3198.77,10460,20724.5
-3996.63,9704.62,20445.5
-3740.61,9832.37,17975
-3175.51,9567.42,18943.6
-4334.12,8849.98,20173
-4592.95,9503.87,20904.6
-4138.26,9592.51,20368.8
-4220.88,9020.87,19581.6
-5174.07,8790.58,19864
-4255.01,10260.6,20598.7
-3693.67,10222.2,20239.3
-3875.51,9623.35,19499
-4026.78,10225.7,19543.8
-4322.88,10083.3,20090.8
-2299.41,10147.6,21179.9
-2811.56,10524.2,18057.8
-3806.55,10255.9,20612.2
-4846.47,11230,19536
-2944.33,10790.9,20705.7
-3448.19,9885.41,20234.6
-4110.46,10166.7,19221
-3643.18,10556.2,19242.2
-3585.51,10600.6,19433.7
-4171.54,11568.8,19021.5
-4308.57,10779.7,19491.2
-2759.73,10137.8,18178.2
-2457.81,10456.4,19185.1
-3459.52,11283.1,19932.7
-4189.96,9319.06,20700.7
-2817.15,9870.79,20814.5
-2966.68,10587.3,21324.5
-4030.49,10698.2,21622.1
-2873.88,11193.8,20739.5
-1229.08,10921.5,19910.4
-3785.45,10616.5,20391.4
-5944.8,11446.7,19544.8
-4015.99,11908.1,20966.4
-2247.93,11193.9,20748.8
-3540.06,11369,19793.1
-3430.52,11254.2,20031.4
-3195.99,10847.3,20644.9
-4022.28,10712,20290.2
-4927.24,10119,19754.1
-4827.06,9002.79,20699.3
-3338.18,11121.2,21630.2
-5599.74,9182.91,21911.3
-4061.2,9827.88,20216.7
-4108.27,10513.3,19891.4
-5163.47,10760.3,20691
-3910.19,11181.7,21281.4
-3711.24,10737.3,21160.5
-4693.73,10807,20348
-4485.32,12310.1,20776.4
-3887.97,13064.6,22949.3
-4174.87,12778.3,20099.8
-3194.91,12510.2,19784.3
-2902.71,12267.7,20972.6
-3066.27,11410.5,21985.3
-3853.27,10211,21730.4
-3868.64,10802,20379.6
-4266.31,11669.7,20561.5
-4832.24,11533,21133
-4909.74,11317.6,20570
-4784.37,11847.9,20139
-3104.48,11498.2,18650.5
-3083.26,12363,20771.9
-4688.37,11821.8,20515.5
-4183.27,11919.8,21261.5
-4660.6,11068,21402
-4168.92,11224.5,21754.8
-4394.48,11293,20830.7
-4927.75,10850.6,19830.5
-4231.4,10622.9,19941.1
-2878.45,11055,19731.7
-1232.51,12718.2,20501.8
-2497.39,12154,22321.7
-3747.52,10835.6,22063.6
-3983.9,10042.6,20625.3
-4221.31,10478.9,21076.8
-2437.35,10868,20298.3
-1782.85,11232.1,20279.1
-2795.66,11601,19714.1
-3543.04,11648,18691.1
-4018.11,11287.7,20532.8
-4639.22,10673.9,19421
-3348.61,10296.8,20271.9
-2872.09,12677.1,19958.5
-3956.58,11737.8,20405.5
-2714.93,11226.9,18985.7
-3401.43,11050.2,19360.6
-5561.14,10145.2,20923.4
-5906.53,9487.92,21445.4
-4315.97,10459,20784.1
-3646.12,11657.7,20393.3
-2811.59,10271.4,20211.1
-1811.92,12301.4,21286.3
-3194.94,12022.2,18919.5
-4413.18,10003.6,20361.2
-3088.19,10553.8,20295.3
-3952.67,11296.8,19841.7
-4581.46,10958.5,19872.9
-4464.08,10421.1,20224.6
-4438.65,10732.6,20354.7
-3619.29,11341.4,20135.3
-4887.98,10727.3,20174.2
-7788.3,9816.47,19364.3
-5564.46,8549.46,19058.4
-4135.02,10101.1,19871.6
-5214.66,9765.5,20557.5
-4978.62,10016.9,20228
-4788.42,10428.3,20130.2
-4998.41,10005.6,20841.2
-4542.53,9545.38,21517.8
-4399.99,10165.1,21512.5
-5827.23,10714.2,21479
-4422.01,11364.3,21048.4
-3026.39,13186.5,20620.8
-5166.65,10666.1,21239.3
-3314.31,10444.7,21908.4
-4784.78,10176.5,22411.5
-5860.64,10434.1,21586.2
-5356.99,10477.8,20663.9
-5211.23,9798.16,20446.7
-4673.84,10009,19763.9
-5015.7,9832.45,20546.6
-3350.59,9569.44,21993.3
-3331.84,9739.72,19903
-4297.2,8746.82,19998.7
-5556.23,9580.24,20141.2
-5545.71,8756.33,20400.4
-4960,9062.89,20949.8
-4574.84,9539.04,21133.2
-4783.93,8966.5,20991.8
-5635.35,9760.83,20853.7
-5567.25,8625.22,18744.3
-4098.88,8665.1,19352.4
-4920.07,7324.55,20120.2
-5073.38,8218.13,20464.1
-5038.12,8733.96,21371.8
-4828.4,8703.76,19696.9
-5046.06,9167.21,19279
-5173.91,8866.49,19674.8
-4687.48,8025.9,19515.9
-4561.59,8919.37,20802.4
-5458.41,8368.47,19938
-4305.36,8646.16,21013
-4209.94,8738.54,18490.5
-4131.31,8775.77,20511.6
-5866.3,8125.11,20188
-6066.21,7729.73,20759.2
-5206.04,8026.49,19795.3
-4732.46,8483.69,18570.3
-5040.66,8810.88,19680
-5213.96,9058.34,20631.6
-3449.2,8098.58,19551.2
-4783.73,7365.57,21359.7
-6075.34,6809.73,20172.8
-3768.69,8163.41,19778
-3736.67,7094.64,20181.9
-4508.6,7186.36,19391.4
-5298.92,8125.23,19193.1
-5722.4,8028.14,19794.1
-5628.09,7431.24,19965.6
-5462.29,7824.5,19981.7
-5387.38,7168.34,20349.9
-5038.67,8579.22,20091.7
-6512.63,8019.81,20248.9
-4779.57,6731.57,19361.2
-5309.94,7285.29,18800.1
-5474.14,7602.25,19251.3
-5933.63,7153.59,19328.1
-6389.3,6844.47,19226.6
-6147.72,7056.96,19382.8
-5960.94,6866.18,19499.5
-5101.51,5717.6,21377.3
-6651.53,6860.01,19694.7
-6512.44,7449.42,19261
-4871.11,6732.91,19277.9
-4730.46,6022.01,18498.8
-5382.04,6649.33,17332.5
-5501.29,6337.09,17958.6
-5709.71,5696.58,19136.6
-5745.22,6089.31,18472.5
-4300.45,6385.59,17275.1
-4497.97,7111.24,18462.9
-4873.52,6076.81,16264.7
-6217.44,5922.82,18194.3
-5100.34,6174.77,18242.8
-4240.83,5916.31,16820.3
-4301.27,5123.53,16881.7
-4717.75,4651.8,17340.3
-5259.48,4550.69,16732.6
-5780.96,4326.83,16647.4
-5715.09,4057.21,18465.2
-5041.24,4079.17,17629.8
-4748.56,3348.61,16999.8
-6071.82,4640.22,17966.1
-4411.79,5193.04,18433.5
-3726.67,6352.01,17612.1
-5168.75,4600.16,17208.2
-5094.85,4568.84,17233.2
-4334.65,4810.04,17089.6
-4695.02,3886.74,16744.6
-4471.09,5071.35,16405.8
-4975.14,1839.44,15669
-4783.73,3406.9,14613.5
-5939.06,4700.56,16530.1
-5136.1,3647.75,16647.4
-5489.32,3244.22,17250.8
-4555.63,4150.03,17252.4
-4408.72,5233.31,17951.7
-4884.13,4728.8,17984.6
-4711.72,2766.36,16841.3
-4682.15,2075.98,17231
-4012.87,4130.21,17450.6
-5685.86,2842.93,15786.3
-5422.78,1732.02,16060.7
-2343.73,3351.38,15932.3
-1622.87,3574.25,16153.1
-3014.44,2413.29,15756.7
-3622.89,1498.93,15756.1
-2943.74,2387.36,15508.1
-2993.44,3389.31,14699.7
-4274.44,1832.42,15125.2
-3745.35,1469.73,16081.4
-3886.57,1124.26,15307.9
-1249.73,2136.24,16169
-2663.12,2538.81,15940.5
-3637.79,2792.57,16079.2
-2979.62,2973.54,16905.5
-2729.28,3000.52,16731.6
-3275.39,2127.43,15941.1
-3345.76,1333.99,16470.8
-3297.36,2231.57,18033.1
-5118.59,1527,17349
-3826.99,956.746,15646.1
-4043.92,1960.22,16704.6
-5549.65,1945.14,18226.1
-4454.91,2024.5,16958.4
-3600.24,1523.44,16612
-3262.27,619.884,16075.7
-3530.65,1572.69,14792.7
-3810.49,3286.75,15003.7
-3252.16,2161.1,16860.2
-4605.91,2459.03,15146.7
-3040.36,1828.43,15531.1
-3639.49,983.097,16191.3
-4047.02,699.011,16264.7
-4135.8,1770.15,16264.7
-4887.92,899.832,15690.6
-5032.11,23.1093,15801.7
-3499.31,500.227,16665.9
-1931.67,1458.79,16790.9
-2430.6,1912.87,16203.1
-2594.27,1171.19,17633.7
-2672.81,1462.96,15505.4
-3711.57,2333.46,15230.1
-1276.21,2441.69,14733.3
-2069.14,832.057,15901.9
-2750.3,78.7681,16075.2
-3072.13,-76.8294,15231.1
-2999.73,42.9656,15394.1
-2020.5,448.289,16162.4
-1248.15,560.321,15606.3
-2422.83,416.47,16624.9
-2504.52,-337.638,15167.2
-1738.97,-33.7638,15060.2
-410.733,3164.46,15376
-1717.53,1186.67,15667.9
-1825.38,0,15446.6
-1545.97,0,15576.9
-1294.66,157.278,15514.7
-525.982,572.077,15537.5
-205.787,791.576,16776.7
-1145.88,95.6746,15970.3
-2198.4,956.746,16407.1
-697.586,862.326,15995.7
-2396.71,-206.683,14299.5
-1621.88,146.863,15169.9
-2445.13,-62.2516,15971.1
-2391.87,-189.142,15523.3
-1140.97,0,15627.8
-985.314,26.4308,16313.3
-1685.49,-79.4874,15180.8
-1671.54,-680.332,14565.5
-328.172,-54.6954,16688.4
-1311.41,7.54794,15885.2
-1101,-225.395,15125.8
-1322.84,907.044,14545.2
-580.866,897.298,15506.1
-717.56,-203.316,16853.4
-790.684,-574.048,17122.9
123.178,434.306,16782.3
-410.051,989.573,16194.3
-2036.06,-662.914,12780.4
-1908.33,956.746,14839.9
72.0376,1163.73,15149.4
-525.336,42.7614,15944.7
-771.591,-281.038,15682.8
-1326.54,455.151,15523
-1592.68,145.355,15398.7
-1042.92,78.0304,15849.7
-679.788,889.148,16387.6
-1434.91,142.225,15597.1
-1470.06,-11.0486,15565.7
-1793.78,-119.717,13574
-610.698,-119.409,14918.9
-814.604,22.767,15692.5
-269.533,351.263,15974.1
-216.537,726.992,15417.1
-180.448,-89.275,14383.6
500.35,-810.179,13877.2
1016.85,567.493,14719.4
483.824,2459.94,15962.7
554.64,697.807,14665.4
722.475,-595.509,13863
615.345,-284.675,14686.5
890.914,-621.661,15395.7
958.557,169.281,13962.1
1678.6,-2.48253,14932.2
1319.1,-184.756,14872.7
1235.5,-1.65501,13588.7
1549.54,-433.432,13814.2
-267.355,-1366.18,14903.9
120.317,-990.362,15581.3
0,-89.7287,17007.2
0,-219.509,15458.9
-704.27,-1194.88,15921.2
-582.674,-271.249,15380.2
-182.042,91.0208,14345.6
-943.992,-6.37724,15293
-1132.79,-7.65269,16863
-33.7968,-151.837,16620
13.1788,-282.417,15525
464.867,503.323,15133.1
0,-478.373,13902.8
336.901,457.514,15841.2
636.023,10.1799,15610.4
497.601,104.786,15747.8
-394.441,81.7604,15526.5
-251.711,76.3496,15017.9
153.468,-99.7297,14385.8
-189.706,-631.313,14660.2
124.213,-752.438,16443.1
672.093,113.659,16086.1
0,-577.933,14829.6
-276.567,59.1077,13968.5
-5.16057,-413.019,14964.6
1002.9,-164.624,17235.2
1222.66,603.244,16221.9
1083.82,1189.01,14632.1
1145.92,1129.3,15031.8
1317.73,1101.9,15833.9
1320.13,1664.95,15164.4
813.801,795.631,15414.9
396.389,1057.04,15522.1
770.007,-63.4251,16855.4
162.304,727.813,16422.9
32.4942,49.6453,16441
848.853,534.74,16652.2
1583.91,1607.12,16735.7
1363.12,1562.24,17002.2
830.253,446.8,17130.2
1215.67,59.4343,16404.7
1742.59,1316.99,16013.1
881.894,253.815,14426
587.738,-821.888,15302.6
635.087,-223.627,15049.7
1084.02,-420.703,14796.7
1459.37,719.411,14409.9
904.898,760.621,14419.5
820.585,352.757,15402.6
1530.16,891.499,16503.2
1387.06,917.266,16164
2401.36,1668.75,15222.6
956.746,17.5758,15290.4
1704.69,787.411,12594.1
600.855,174.59,15830.6
1427.76,-106.755,15952.2
1492.61,-193.196,15831.5
2065.06,169.636,16419.1
2786.01,311.329,16603.1
2436.25,76.693,16006.6
1941.19,593.441,15969.4
1493,1237.2,17248.7
2195.26,0,13551.7
2966.53,-341.619,15043.4
2650.55,-202.532,15668
2286.93,164.976,15023.1
1730.72,196.456,14639.9
1505.96,780.103,14237.1
1612.83,828.19,14922.3
1877.56,202.205,16290.2
2462.01,619.034,16076.8
2617.23,-407.756,17222.4
670.812,-764.308,17892.2
1638.94,-947.665,16417.3
1497.4,-614.735,17410.5
2104.84,269.911,17023.8
1990.92,1419.94,16652.9
1649,979.549,16235
1357.69,0,15454.5
733.117,0,15413.9
237.412,37.4569,17288.3
1119.48,199.179,18864.9
1741.35,306.233,14657.4
796.003,1083.03,15960.5
1946.47,-148.831,16945.6
1656.18,-143.512,17125.4
1759.41,-234.609,17699.5
1985.06,719.413,16910.7
2470.46,1097.9,16608.5
2679.2,-232.385,17543.4
1476.9,-408.937,17088.4
1742.26,1011.4,18582.8
1796.8,630.042,16323
3733.05,1112.07,16458.5
1555.04,257.241,17837.3
1981.42,1640.48,16629.8
1310.08,663.503,17097.7
1509.82,-223.956,16623.5
1767.47,-14.3733,16090.2
1248.59,470.463,17193.5
2282.29,1704.34,17637.3
1726.8,1892.35,18770.1
1913.49,1702.03,18077.6
1756.53,2186.09,17013.3
1878.61,1682.73,18316.9
2606.34,1467.62,16744.6
2851.73,1148.1,15312.7
3082.99,564.284,14826.3
3099.11,103.093,15843.6
2891.39,574.048,17493.6
3198.01,1616.41,17429.3
2837.86,514.793,17256.4
2546.43,1295.24,18023.6
2321.74,1164.39,17130.5
2698.56,343.939,16006.8
2497.31,-225.317,15892.5
1421.25,320.873,18149.3
1972.97,1109.08,18656.6
3696.57,1791.73,17125.8
3705.04,2196.54,16630.2
2201.2,2198.61,17559.3
3604.91,3502.55,17952.9
2957.95,3348.61,18754.2
2844.64,4399.61,17942.7
2080.18,2000.3,18096
2076.7,2864.15,17615.1
2381.56,2416.01,16999
1923.24,1841.58,16364.5
2367.4,2168.21,16512.2
3145.95,1798.13,17659.8
1786.97,602.72,18296.7
3719.08,1574.5,17642.5
2747.93,122.308,18931.1
1186.37,1717.54,18270.3
585.271,-3.74103,16261
1817.82,861.072,17843.3
2324.06,1435.12,18516.7
1967.87,2298.4,18294.2
1762.94,2669.21,18202.5
1714.25,2232.56,18440.3
1070.59,2567.22,18626.3
442.587,1265.13,17079.3
510.629,2870.24,17764.3
1206.59,831.362,17434.1
2120.73,3839.89,16873.9
1442.4,4011,18145
1285.88,2912.4,18153.8
1905.37,1593.27,18043
2232.93,494.618,17842.5
1973.49,908.144,18329
1789.21,2809.84,20382.7
1416.57,1890.05,17502.1
883.721,1435.12,19540.3
2241.05,1315.87,17168.4
2009.17,1791.32,18079.6
1861.99,2038,18219.5
2544.2,2745.24,18340.5
2301.58,2331.3,19224.4
1719.06,1748.4,19280.9
1623.23,2362.03,18499.2
1246.53,2723.78,19132.3
2303.69,2219.24,19092.2
996.926,2561.68,18826.4
780.279,3249.24,17722.2
151.241,1430.52,19578.4
623.368,3277.6,19177.7
356.21,3738.5,18537.4
290.854,2809.76,18033.1
728.625,2672.27,17520.9
664.3,2655.08,17754.2
-126.573,1652.4,19254.2
-492.504,3850.77,20532.8
770.76,3428.2,20198.1
77.076,4427.32,20124.7
-487.702,4213.11,19924
151.973,4588.15,19262
544.052,4750.89,19433.3
537.787,4289.7,18945.8
318.279,3572.77,19052.4
44.8664,3251.07,20185.5
-118.18,3292.65,20103.2
-604.513,2602.44,21444.8
-727.006,2851.35,20327.7
-549.586,2186.15,21519.5
-481.048,4163.29,20981.6
-140.653,3625.47,19587
0,3566.28,18822.3
-564.985,3292.52,19316.3
-1060.68,2756.11,19828.4
-1207.05,2717.11,20064.6
-1959,2776.09,21001.6
-2553.09,3276.89,20617.3
-1855.19,2629.86,21046
30.9767,2956.9,20725.9
-292.717,4182.19,19160.7
-1801.1,3689.88,20024.4
-2678.31,4141.28,20922
-1552.5,5028.07,21232.6
-635.873,4551.65,21603.4
-1514.77,3886.26,21820
-2084.04,5107.31,21273.6
-1729.02,4611.85,21394.6
-1326.77,5725.49,22236.9
-2112.75,4504.91,19645.5
-1981.64,3946.28,22616.5
-512.26,5428.49,21982.8
-1247.64,5463.71,20312.8
-2920.34,4299.31,20439.1
-3357.56,4253.6,20810.2
-2454.8,5366.8,20140.8
-1616.18,5541.26,20543.1
-1742.24,5492.85,22029.7
-200.975,5539.5,22005.2
-2165.96,4866.13,21991.5
-3838.21,5850.41,20512.8
-2031.47,5751.65,21470
-3126.16,4636.93,21157.4
-4018.24,4399.8,20836.6
-2896.75,5252.92,21116.5
-2335.4,5768.03,21226.7
-3376.63,5162.73,21345.1
-3290.81,4540.15,20888.6
-1509.62,7175.6,20081
-3981.89,5927.88,20055.1
-4295.6,5577.14,19158.8
-4087.82,6445.51,21619.6
-3864.8,6331.27,21902.4
-3705.16,6679.69,21378.2
-2912.31,7482.12,21087.4
-2496.81,7731.67,20978.6
-3723.68,7579.64,21935.7
-2519.98,6320.92,21816.9
-3302.91,6992.77,20615.8
-4488.94,3755.53,22296.8
-1821.17,5893.14,21598.7
-2680.41,6130.34,20812.3
-3529.62,5415.03,20645
-3503.23,5737.4,20839.7
-3613.94,6182.28,21653.5
-3963.62,5932.29,21368.8
-3841.66,6065.25,19327
-3776.91,5635.88,22865
-4477.57,6697.22,19989.6
-3606.83,6406.58,20372.1
-3204.2,6544.77,20391.5
-2727.73,7749.96,20457.2
-3318.71,7475.67,20000.5
-4346.42,7746.06,20680.5
-4083.48,7805.7,22315.9
-3998.62,6471.58,22717.5
-6323.15,5811.04,21103.9
-5248.94,5599.95,19892.8
-3348.61,6858.79,21368.4
-3898.25,5225.74,21199.5
-5062.42,5983.94,20370.4
-4950.07,6256.08,20647.8
-4536.78,6625.93,22248.1
-3655.55,6768.09,22727.6
-3986.54,6300.78,21948
-5095.82,6027.5,21475.7
-4273.9,6505.88,21462.2
-5058.26,5809.8,20996.9
-2890.02,6433.66,19134.9
-2929.09,7962.48,19685.7
-3915.44,6334.38,19452.3
-2609.18,5686.48,19542.9
-3300.25,5488.77,19628.5
-4032.81,6260.31,19830.8
-2774.6,7753.14,19281.5
-1180.28,8022.77,18607.9
-1616.37,6228.95,19670.3
-2997.5,5640.48,19777.3
-2731.37,6151.98,19335.6
-2031.15,8568.14,19848.6
-3834.96,6290.43,19391.3
-2409.67,5417.46,19767.3
-1173.87,6738.37,19474.4
-537.95,8249.61,19374.1
-866.662,8358.5,19674
-2344.5,7349.74,19816.4
-3259.56,6662.12,20171.3
-2606.96,7132.35,20840.1
-1948.07,8610.72,18395.3
-1565.93,8610.72,19028
-1881.54,7056.9,18385.2
-2514.25,7066.57,19904.2
-2192.69,7308.69,20199.2
-1854.05,8147.74,19926.3
-2661.78,8652.78,20336.9
-3925.67,7559.14,20597.6
-4257.41,6559.75,20133.5
-4615.75,8754.45,21173.7
-4187.45,8700.83,19343
-3459.98,6118.97,20044.3
-745.521,9516.1,20503.7
-1613.7,8972.54,19090.5
-3114.46,7841.42,19473.2
-3035.33,8640.5,20676.3
-2690.15,9692.12,20730.2
-3200.89,9333.08,20143.1
-3098.34,8618.67,20657.8
-2257.3,8059.41,21548.7
-3697.79,9056.79,20091.7
-2571.56,9061.31,20091.7
-2889.16,9466.33,20579.1
-3421.63,9130.1,22208.5
-3900.57,9485.12,21444
-3298.4,9600.72,20351.3
-3021.77,9255.93,19268
-4013.56,9130.3,18622
-4257.01,9464.65,20583
-3270.12,10628.2,21200.8
-2870.24,10951.5,19186
-3578.14,10566.9,20450.3
-2609.36,10604.5,21027.9
-3334.23,9884.58,20164.5
-2838.8,9350.04,20488.1
-3602.83,8338.59,20452.5
-4288.73,7735.63,20794.7
-3037.79,8020.09,21520.4
-2515.99,8103.63,19871.5
-2403.46,9592.11,18913.5
-2080.16,10669.2,20798.4
-3568.36,8855.84,21711.2
-2836.39,10267.7,22525.5
-1540.7,9866.5,20939.3
-2342.84,8589.14,20514.2
-3602.5,8240.5,20413.3
-3298.43,8890.03,20928.2
-2704.58,10166.5,21294.9
-3716.28,11424.3,19508.7
-3162.56,9964.95,20638
-2956.47,11339.8,20515.1
-2379.1,10106,20633.8
-811.9,9405.72,20934.3
-800.564,9587.65,19803.2
-2747.96,9443.09,20502.7
-3425.84,9011.29,21219.9
-3284.64,9055.45,21270.8
-3841.15,9199.98,21115.8
-3392.33,8778.54,20642
-1938.76,9711.11,22113.3
-4504.33,9207.62,21289.7
-3359.65,10229.5,20176.6
-1666.39,10233.5,20338.4
-3590.13,10746.1,21720.5
-3931.87,10680.9,21968
-2264.42,11147.3,21679.6
-1864.17,10753.8,21668.8
-3306.57,9245.95,21225.9
-4056.29,9361.68,20077.2
-4967,9269.88,20522.2
-2311.06,10897,20091.7
-2953.23,10561.5,19515.3
-2682.31,9376.11,20647
-4007.63,10613.4,21412.6
-3854.09,11632.1,21551
-3185.72,10884.5,20388.5
-3344.49,9791.24,19651.2
-3651.08,9910.17,20649.7
-3192.23,10655.3,21511.2
-3033.57,11059.2,21164.7
-3348.61,10713.9,22496.5
-2619.66,9775.88,20519.7
-3258.01,10210.9,21664.1
-3092.87,11412.4,19389.1
-3958.81,10067.1,18527.1
-4364.81,9800.06,19089.6
-4293.09,9962.43,20754.2
-3955.42,8957.28,22045.8
-2674.27,9339.85,21037.1
-3558.18,9501.41,22589.2
-4305.36,10045.8,20728.7
-2759.21,9269.61,24078.9
-2793.97,10206.8,21729
-1623.88,8747.75,20998.2
-2865.87,8529,20760.6
-3170.59,8454.22,20785.7
-2909.74,8356.77,20974.8
-3826.99,8728.27,20967.2
-3466.16,8733.2,21126.6
-1926.22,9668.63,21841.5
-1056.56,8610.72,19384.5
-975.318,8627.9,20451.5
-3420.43,7904.33,21335.4
-4623.93,8279.27,22131.4
-3919.04,9260.29,22272
-3677.45,9554.06,20655.8
-3867.22,9492.73,19944.6
-3738.59,10068,21540
-3362.29,11139.5,21840.9
-145.609,11726.3,19758.7
-33.8814,9116.2,20118.8
-2156.07,8840.08,20273.2
-3841.59,8066.67,20332.5
-3680.92,8337.89,20836.8
-3124.25,8713.72,21462.8
-3320.13,8201.33,21241.7
-3582.05,7924.65,20383.9
-3188.47,8597.58,19867.8
-2824.28,9147.38,20149.2
-2827.88,9972.62,21143.9
-2518.78,9313.63,22039.3
-3696.17,8681.01,19867.8
-4027.84,8902.49,20909.9
-4903.22,8212.33,20602.7
-4983.92,9224.33,21272.9
-4612.49,9183.51,22018.8
-4758.65,7965.02,21986.8
-4975.82,7001.03,21689.8
-4498.69,6439.99,21706
-5226.06,9180.1,22202
-4901.68,8971.14,20214
-6032.77,8485.13,20750.4
-4101.58,8383.1,21384.4
-4341.79,8246.86,21527.1
-4806.54,7440.29,20238.2
-3620.58,7952.61,20692.1
-3698.56,8252.35,22003.3
-5180.6,8205.26,21806.3
-3848.07,10320.8,21219.9
-3780.93,8973.95,20502
-4502.71,6801.42,18833.4
-4984,8211.9,20832.2
-4834.48,7469.86,22469.1
-5940.61,7292.8,22250.4
-6612.19,7919.44,21775.7
-6946.04,9176.12,22053.1
-6888.27,9527.66,22292.2
-6146.64,8692.16,21839.2
-5597.24,8553.84,21110.4
-6431.11,8717.26,19995.3
-5996.71,8109.62,22261.4
-5265.48,7936.5,22030.8
-5991.54,8753.95,21602.1
-5439.42,8530.2,22002.6
-5490.81,6799.1,20933.5
-5766.67,6285.37,19924
-5637.71,7187.52,19988.4
-4912.13,7710.96,20023.3
-4154.45,7451.99,19056.1
-5600.58,7010.76,18133
-4493.54,7755.98,20107.5
-4440.04,7465.36,20407.9
-5096.5,6844.39,21037.9
-5590.08,7674.28,21062.5
-6538.08,6800.58,21774.7
-6278.3,6372.62,21448.6
-5506.05,7212.77,19638.6
-5172.95,7758.47,18813.9
-4113.22,7388.93,20332.9
-3605.77,6370.49,20514.9
-5955.85,5130.6,20869.3
-5030.64,5248.95,19373.2
-4792.39,5312.51,18746.5
-3233.04,6423.68,19693.3
-3519.26,5755.6,18105.2
-3884.7,5065.22,18481.3
-3682.5,5286.58,20427.5
-3815.11,5582.84,20486.9
-4117.93,5453.45,19538.9
-4790.99,4393.55,18165.5
-3647.89,5187.29,18731.4
-3850.57,6088.03,18650.2
-3836.21,5794.74,19071.4
-3419.65,4197.89,19030.7
-3874.9,4762.42,19165.6
-3821.7,5158.57,19422.1
-3697.15,5224.92,19843
-3897.27,5775.62,20106.6
-3505.8,5260.54,19077
-5021.54,4719.35,16803.4
-5649.61,4838.25,18160
-6013.53,5108.42,18176.4
-4957.28,2578.26,17936.7
-5534.11,2254.6,17529.9
-4021.21,4005.42,18565.2
-3717.89,4194.89,18766.3
-5241.03,3267.9,19045.9
-5347.58,3274.73,19816
-3541.74,3883.05,18400.6
-3423.29,5470.42,17803.1
-3903.03,3424.66,18732.6
-3834.59,3443.89,19270
-3318.83,4127.16,17906.7
-3971.29,2812.19,17645.7
-3687.6,2714.06,17884.5
-3623.06,3497.54,18025.8
-4228.53,3467.75,18824
-4213.52,3234.62,19171.8
-3016.54,4094.35,16969.2
-2282.77,3300.05,16143.8
-4979.44,2862.97,17794
-3065.39,3623.86,16832.4
-3165.68,2526.64,17759.1
-3266.06,3445.91,18130
-2569.46,3947.52,17955.9
-2744.94,2098.19,17319
-4095.09,1981.53,16997.8
-4342.25,4350.68,17346.4
-2825.16,3875.14,17407.3
-4436.54,3607.31,16985
-5617.18,601.676,19162
-4436.54,1918.28,17120.9
-4018.74,2564.98,17586.7
-4887.96,1121.53,17988.6
-4125.64,2600.27,17583.4
-4050.69,3182.09,18129.5
-4753.78,1477.55,18475.2
-4476.81,139.289,17211.2
-3606.19,419.485,16729.7
-2758.4,2023.56,18910.2
-3076.86,1358.78,17221.4
-2890.9,1091.5,17173.1
-1982.47,2248.22,18129.6
-2683.08,2437.75,17034.7
-2974.03,2883.91,16630.8
-3151.74,2323.53,16768.3
-3085.99,2065.12,17032.4
-1831.46,3469.68,17856.9
-559.74,4044.91,18420.7
-2832.14,2011.25,16493.5
-3133.05,1603.42,18009.9
-2755.97,441.434,16439.2
-2073.61,2126.42,18474.7
-2169.88,2008.8,17041.1
-1733.32,1332.52,16508.6
-1447.88,919.378,16253.7
-1467.72,1286.46,16112.7
-1562.88,2135.28,16417.5
-1992.18,2443.79,16085.9
-1923.29,2434.14,16557.2
-1276.05,478.083,17220.9
302.931,2451.09,17041.4
-2485.85,598.97,15780.5
-1650.98,1350.6,16348
-1924.63,1618.94,17262.6
-1996.23,1743.12,15986.4
-1086.15,1590.98,14576.3
-527.069,763.709,14535
-607.781,452.667,14236.8
-1167.88,565.535,16534.9
-309.49,1266.24,16124.1
-540.264,2631.06,17305.9
-113.181,223.86,15388.6
0,32.8014,14016.4
-241.963,709.141,14885.8
-201.636,709.745,15515.8
-90.0623,919.144,15720.5
-268.407,1201.48,16430.5
-125.383,382.699,16315
765.346,1803.73,14925.2
0,815.85,15786.3
-1258.04,81.585,14936.4
-279.565,172.388,14564.3
183.715,-421.362,15096.6
-240.322,-506.465,15958.9
-662.779,151.91,16063.2
-78.7349,985.086,14816.6
649.772,1447.16,14013.4
10.0329,1170.17,15301.9
46.0712,-93.9085,14929.6
9.23236,-487.606,17184.5
124.456,1364.55,13466.5
27.4517,518.911,13913.8
466.057,76.8155,13877.2
-29.865,-296.183,13822.3
231.554,-246.819,13779.1
1159.03,0,13128.5
1183.24,-79.4759,12209
803.261,-213.142,12236.1
1783.01,-18.5161,12779.1
825.886,-130.86,11546.4
513.124,623.297,14725.9
1036.95,141.419,13555.5
1022.7,0,13821.5
593.071,-363.676,13934.6
1081.77,-245.168,14211.6
1087.75,69.4736,14330.4
0,-285.073,13910.3
166.24,-747.639,14134.3
819.297,68.725,15023.9
712.159,122.294,13383.6
1259.55,-521.576,14047.9
1212.23,450.268,13340
938.943,-207.864,13827
404.161,-673.137,14042.3
537.371,-721.798,14264
764.979,-433.706,13699.9
1086.18,501.369,12909
2197.22,1336.98,14352.4
958.522,-77.7139,15517.3
956.746,-777.139,13095.7
1387.28,-723.465,13364.5
525.943,-957.538,14876.6
592.741,-389.407,13366.4
433.151,-84.4913,13170
123.69,-29.1792,14203
385.488,1.3947,15165.6
956.746,0,15380.2
1268.48,134.339,14563.1
2311.73,819.565,14223.7
478.373,2150.41,16269.2
3122.27,1731.07,14543
2498.77,238.966,15312.5
1729.44,1214.68,14218
1456.23,430.083,12646.1
1755.16,-265.578,12447.8
1533.05,-271.309,13443.9
965.734,-353.201,14686.6
1445.41,502.772,15647.5
1167.8,1510.9,15199.1
2906.29,0,14461.3
1376.01,-1497.83,14999
623.895,-994.093,14005.8
163.03,-909.881,14842.3
617.568,-887.552,14226.8
1279.64,-481.161,13995.8
1694.55,1.11533,14763.7
1700.23,125.098,14998
1323.65,10.6883,14850.4
1795.91,-25.3651,15856.1
1688.77,-253.651,15307.9
1151.1,-25.3651,14635.1
983.668,-1116.96,14769.5
1735.12,-310.213,15279.7
1688.55,62.0843,13940
2374.88,256.168,13001.5
3236.12,208.172,13890.3
2730.68,-173.652,14041.5
2053.27,51.613,12239.2
2801.92,232.258,14944.5
1365.61,0,15639.1
1428.17,17.9838,14489
1474.74,-1104.48,13667
1708.5,-492.012,14793.1
1971.02,-229.501,14447.3
2248.06,301.283,14256.8
2213.83,892.556,14769
2265.28,682.731,14958
2880.29,209.984,14720
1851.24,0,13705.2
0,0,16289.1
1504.56,0,15363.5
1779.67,0,14406.8
2128.85,931.639,15555.8
2477.43,1138.34,15018.7
2122.92,504.977,14172.6
2507.65,275.941,13962.2
3198.14,482.897,14248.7
1770.24,278.381,15122.4
2104.27,1469.34,14511.6
3691.64,2166.29,15696.1
3194.57,1562.08,15440.9
2672.69,824.292,14946.2
1771.39,553.562,14159.8
1710.67,-136.082,14341.2
1903.93,-283.198,14741.5
2104.84,-30.4533,14890.5
2263.31,-330.35,15079.7
2161.88,-800.165,14838.2
2985.07,-228.229,13217.7
3246.18,478.373,15546.6
3907.93,895.452,14192.7
3120.83,-17.1633,15409.2
2290.79,-273.765,15658.6
2781.2,-399.42,14659
2877.01,-160.846,14985.1
2461.45,94.0086,14958.7
2443.6,0,13639.5
2233.08,0,14712.9
1562.74,-63.7261,17210.4
2711.35,-637.261,15307.1
1760.08,-530.124,15182.2
1032.92,-1092.07,15885.8
1423.23,-1612.06,14882
2623.67,-709.37,13405.9
1883.73,-457.346,15156.3
1654.48,-36.3578,17213.4
3290.85,896.801,16458.5
3025.9,0,15801.7
2865.03,-21.6881,15476.6
2870.24,-216.881,15524.8
3300.78,-21.6881,15942.1
4730.97,0,15175.6
3808.59,1935.21,14946.4
2999.32,1105.83,14929.6
3324.53,-17.6364,14842.5
3559.94,-61.1115,15094.2
3600.48,-69.9086,15607.6
4426.53,-95.6746,15695.5
3628.29,-402.798,15747.6
3759.99,277.382,13944.5
3556.88,-1096.74,15602.1
4220.73,-1189.22,15577.6
3346.21,-313.572,17028.1
4316.41,1419.15,16196.5
3633.34,1118.67,15488
2914.05,-54.6464,15018
3971.73,0,14518.8
3071.55,0,15939.4
2370.8,0,15720.9
2720.36,0,14593.5
2447.86,-512.013,16528.1
4002.63,-113.781,16235.7
3663.7,-945.415,15902.8
3635.64,-71.2237,15458
3587.8,-106.393,14859.2
3757.67,-596.684,15178.4
3729.45,0,16075
2225.96,-3.61542,15854.9
2287.89,137.448,15874.7
3058.4,1537.18,13582.6
3194.58,153.718,15104.2
3379.94,0,15565.5
2701.05,317.005,16235.3
2104.84,-105.878,15235.1
2428.37,-239.187,15156.9
2599.59,18.2823,15677.7
2077.8,-19.5589,15121.4
2185.43,-137.475,15248.6
2610.32,3.82744,17664.7
2028.32,38.2744,18139.9
2748.1,-15.1434,17313.3
1270.04,-129.533,18240.8
990.418,-381.855,16557.8
1491.68,143.733,16575.7
1653.39,20.7443,16243.9
1928.36,-181.766,15460.8
2073.7,164.035,16191.8
1260.5,-161.882,17712.5
2286.32,3.50602,18436
583.554,35.0602,17203.9
1211.57,587.798,17788.6
747.958,-88.1353,15926.1
1599.7,314.156,15820.6
2053.1,494.344,15979.7
1201.03,387.508,16360.6
1536.34,196.893,17167.7
3007.14,649.502,17239.9
2063.72,1926.15,16013.3
1432.37,895.656,16464.5
1030.08,220.004,17256.4
-135.83,-97.4186,17847.2
558.689,-484.669,18281.5
1058.02,463.743,18378.6
1032.83,564.318,18273.9
867.717,167.626,18321.3
653.697,0,18163.5
447.259,9.38971,18021.1
843.53,258.26,18628.6
2275.37,1075.32,18474
2391.87,258.278,18087.2
748.116,-495.958,19030.2
2381.58,1797.54,18922.8
2524.99,1841.97,18100
1664.98,642.518,18454.8
1576.25,-26.2343,18066.4
1751.81,-31.4812,18735.7
1509.38,247.281,20198.2
1542.85,659.417,18375
902.294,0,18770.8
1326.63,0,20015.2
993.735,0,19891.8
331.128,971.68,20262
468.037,1692,20413.8
271.108,2025.71,21683.4
262.191,1539.27,21302.7
472.369,580.052,20066.6
334.861,393.923,20261.6
191.349,1228.65,21008.2
861.072,801.841,21578.3
0,0,19369.4
0,481.334,19158.4
763.239,772.908,19323
77.7345,374.817,18912.3
-119.387,932.168,19254
150.263,1913.17,19793
515.872,1865.22,20310.4
586.777,1093.05,19917.8
48.2347,1146.46,18274.7
217.056,1288.85,19947.7
0,2142.96,18723.6
320.315,2156.88,20044.4
-80.2931,1428.31,19014
-1048.22,400.061,20004.4
-633.352,1536.71,19923.2
-418.885,2694.34,19641.7
-1079.75,2233.98,19279.9
-1126.85,2059.33,18923.5
-117.457,3429.62,19794
-624.23,1823.35,19492.4
-956.746,1309.88,18701.8
-2872.71,1793.95,21125.9
-2520.58,1910.37,21490.5
-2908.81,2401.13,22750.3
-2166.47,1970.6,21569.9
-1066.32,2209.03,20806.1
-1422.83,2765.56,21116.8
-1846.99,2855.54,21027.4
-433.783,3345.06,20882.6
-2088.71,3217.54,20186.1
-1366.9,5193.88,19886.2
-160.271,6061.33,20940.1
-973.655,3748.02,19681.8
-2167,2540.81,20200.4
-1401.14,3949.58,20181.2
-1150.78,3945.96,19912.1
-2198.28,3344.5,20284.9
-2078.5,4564.08,20733.1
-262.039,5551.51,20260.4
-1324.93,5210.76,19595.3
-1457.52,4260.55,20069.3
-406.502,2322.03,21420.5
-57.9443,3014,19535.8
-936.675,4103.09,19102.6
-1864.16,4025.55,19285.9
-1107.43,4255.62,20552.7
-106.116,4230.57,20961.9
-273.491,3971.03,19949.9
-720.676,4812.54,20200.5
-2399.26,2887.45,19977.4
-2096.77,3165.33,19318.2
-1062.67,4673.32,20255.3
-1601.32,4029.76,20936.2
-2485.9,3314.26,19205.9
-3161.15,3246.98,18744.7
-2310.64,4893.29,18710.6
-2300.5,5001.02,18874.3
-3165.08,3575.4,19667.3
-1109.37,5005.33,19944.4
-157.379,3761.51,19637.5
-1573.79,2391.87,19854.8
-2017.87,3837.32,19775.8
-1916.44,3506.27,20819.9
-2395.9,4363.62,19936.3
-2438.96,4335.4,19341.4
-2360.8,3609.56,20443.6
-2559.34,4014.41,20667.4
-2973.93,4544.55,19307.5
-2832.05,3197.41,19784.9
-876.876,4549.85,21085.6
-3348.61,4943.59,20728.7
-1124.52,5068.55,19401.4
-1706.27,5353.05,20020.3
-2999.6,5309.69,20111.2
-2102.1,4926.75,20798.3
-2021.31,3860.45,20220.6
-3416.28,2698.97,19369.7
-4278.47,2993.05,20068.2
-4368.32,4792.66,20618.9
-4528.06,4805.42,19350.6
-3699.32,5000.61,19874.8
-4244.75,4556.69,20184.9
-4533.38,3653.71,20231.2
-4056.01,3710.98,19915.8
-4603.32,4386.91,20267.9
-4623.24,4861.84,19643
-4389.33,5848.8,19060.8
-4831.04,6838.84,19233.3
-4788.93,5839.89,18781.5
-4194.62,5031.49,20546.3
-4235.93,5331.54,20778.3
-3045.89,5608.19,20421.3
-3712.72,5611.05,18127.1
-4540.56,5048.04,20618
-5020.89,5881.96,21153.1
-5072.42,5729.98,20988.9
-4537.51,5413.85,20893.8
-4016.23,6346.16,19962
-3911.96,6314.91,19404.9
-2368.41,5318.08,19694.2
-4600.26,6402.33,20422.6
-3280.74,4673.38,20362.3
-4431.03,5894.12,19155.8
-4666.64,6183.97,19699.2
-5008.72,6209.55,19970.7
-4230.36,6320.97,19597.8
-3533.76,5943.19,19631.4
-3498.13,5594.08,20115.4
-2529.03,6398.69,20259.6
-3808.44,6374.94,20838.2
-4990.82,5081.25,17854.4
-3401.45,6021.55,17798.8
-2535.62,6897.17,18529.4
-1713.58,6480.18,18673.7
-2848.76,6020.34,20113.2
-3776.91,5814.24,20523.6
-3681.78,5442.53,19716.5
-3692.52,5225.43,19179.1
-3429,5680.37,19085.7
-1171.87,5441.42,20224.5
-1435.12,6218.85,19747.5
-3518.08,5450.73,20755.7
-4031.61,5869.94,21164.2
-2640.05,5186.15,19766
-2155.95,6118.6,19384.1
-2692.27,6619.4,19796.8
-3726.81,5989.66,20378.6
-4294.02,5795.93,20988.3
-3296.55,6384.17,21111.8
-2455.47,6816.52,20740
-3692.08,8222.28,21937.7
-1944,7059.24,21137.3
-1950.02,6160.66,20239.3
-1853.03,6057.25,19124.7
-2176.1,6456.48,20172.5
-1216.75,7015.91,20293
-1530.79,7302.96,19103.2
-3778.71,7063.89,19508.6
-3682.92,6177.45,21456.8
-3790.19,4472.29,20601.4
-4148.31,4940.78,21055.6
-3669.08,6025.12,20195.8
-3335.01,6227.94,19825.2
-3552.07,6154.35,20040
-3858.49,6269.13,20119.6
-4279.27,7098.03,21048.4
-4468.84,7720.83,21326.9
-4018.33,7875.25,19985.6
-3393.73,8296.01,19432.2
-3730.99,7175.21,20233
-5142.31,7848.44,20151.6
-2666.91,7080.02,20760.8
-1289.02,7724.77,20239
-1862.33,7961.9,20967.2
-2421.31,6765.95,20273
-2640.45,7450.71,18916
-2433.04,8567.08,18224.5
-1356.09,8057.87,18569.7
-617.611,8319.37,19599
-3294.4,8725.02,19712.3
-863.289,8229.5,18660.2
-1436.27,7936.51,19743
-1853.69,7816.26,20181.2
-1098.89,8107.68,18726.2
-2047.29,7572,19766
-3364.6,7398.8,20733.9
-4089.1,7883.69,19313.3
-4007.88,8295.41,18475.9
-2743.93,8306.16,20738.1
-2469.2,7579.61,20042.7
-3348.61,8595.79,20353.3
-2367.22,8574.44,19446.7
-2747.83,9479.97,19629
-2945.25,9684.32,18932
-1204.88,9599.89,18652.5
-1892.5,9080.39,19693
-3255.71,9134.94,20698.1
-2553.49,9583.29,21120.9
-2441.02,9278.3,21229.2
-1643.9,10930.2,17924.1
-3299.95,8386.38,20091.7
-3239.08,8902.29,21057.4
-2177.26,10548.5,19923.6
-2588.38,8310.06,18617.3
-3734.26,7714.51,18044.5
-4066.17,8818.98,18005.3
-3682.51,8802.07,19206.7
-3574.62,7653.97,20599.7
-3457.29,7750.24,20028.6
-2145.68,8123.06,20539.8
-3707.35,8012.54,18656.7
-2092.88,9089.9,20378.7
-2295.49,9111.09,19426.2
-2186.84,9546.02,20312.1
-1122.66,9209.18,19295.2
-988.543,9237.1,19399.5
-2047.36,9599.51,20250
-2740.21,9382.74,20188.9
-2520.6,8930.01,20802.1
-2861.05,8855.02,20043.8
-3763.39,8961.9,19613.3
-4239.78,7780.97,19182.8
-3831.87,8300.62,20106.5
-3874.07,7722.28,18989.9
-4081.71,7371.59,19417.9
-4135.37,7501.75,19368.2
-3648.24,7696.77,19106.5
-2937.07,7669.2,19320.8
-3095.61,7646.05,18226.4
-4079.07,8239.41,18489.2
-3849.64,6704.78,20084.1
-2688.31,7605.7,18985.9
-3395.51,7842.27,19579.2
-3259.24,7505.25,19345.2
-3115.69,7243.83,19678.1
-2371.4,7704.13,19626.6
-1616.48,7985.1,19179
-1697.54,7604.74,19579.5
-1724.32,7608.64,20589
-1105.21,7488.03,20206.2
-2343.37,5504.56,21138.9
-3235.41,7869.57,20044.4
-3958.69,7348.25,18412
-1939.3,7133.43,18998.5
-1722.51,7214.68,19529.8
-2162.79,7982.28,19331.9
-2423.72,7628,19234.2
-2047.2,6646.94,19109.4
-310.908,8164.81,19023.3
-1331.3,8284,22042.7
-3886.4,6159.44,19299.1
-3415.07,6212.91,19003.6
-3068.7,7213.08,19996.4
-1705.06,6181.36,20672.9
-2101.41,7788.11,19740.6
-1558.54,8200.33,18827.8
-1910.68,7032.27,19230.6
-4182.61,7131.69,19673.8
-4048.11,7707.01,19113.7
-3581.07,7339.39,20593.4
-2552.95,9728.55,18973.8
-2703.98,9849.29,19118.8
-3894.84,8030.55,18882.6
-3320.14,7294.67,19655.5
-2853.23,8993.65,20873.8
-3487.04,9398.09,19822.8
-3896.91,8758.58,18924.4
-3540.45,8979.45,20665.6
-3831.17,8463.82,21737.8
-4262.35,6928.19,20096.8
-3913.98,9045.59,21526.8
-4198.43,9696.65,20370.8
-5169.38,9422.03,21652.6
-5085.65,9117.52,21786.1
-4534.93,9049.16,20500.7
-4760.45,9740.81,20670.8
-5606.59,10535.6,21209.1
-6253.04,10071.8,20903.6
-6742.46,8472.72,21799.2
-7321.27,8251.65,22208.8
-5809.68,9772.05,21665.2
-5447.52,11348.6,20602.4
-6164.8,10998.6,21004.2
-5291.75,10255.4,20665.5
-4349.8,9698.06,20448.5
-4111.15,9642.85,20449.7
-4893.25,8540.43,20775.2
-6228.99,7368.96,20532.3
-6674.92,8951.42,19100
-5821.33,8909.69,19977
-6548.99,9897.6,19512.3
-7112.94,8148.98,19683.1
-6074.56,9580.55,20802.7
-7390.43,8604.74,21706
-8467.79,8011.91,20450.7
-7055.24,8295.23,19523.9
-5773.51,8292.18,19770.9
-6367.43,7828.79,19981.3
-6306.72,7962.84,19763.7
-6031.2,8849.84,19221.4
-5924.26,9199.9,19999.8
-8166.7,7553.4,19250.6
-6976.3,7640.37,19459.5
-5240.46,8279.41,18644.9
-4156.5,8975.31,18037.8
-4988.91,8567.54,17895.8
-5241.62,8799.01,17480.9
-4043.21,10303.4,16855.9
-4461.4,10103.5,17332.7
-4650.3,8429.14,19186.3
-5191.02,8504.09,19648.8
-5255,10300.7,20025.9
-5128.85,9887.29,18373.3
-6451.69,8847.82,19484.3
-6269.64,8783.97,19008.2
-5208.53,9497.88,18562.9
-4322.11,10658.5,18660.7
-4113.28,11533.1,18377.3
-5191.25,10652.7,18396.3
-6718.88,8437.47,18237
-6218.85,10836.1,19114.1
-6435.45,9549.93,19132.8
-4783.77,9471.24,19517.6
-5858.17,9934.47,17995.2
-5974.17,9457.64,19417.8
-6639.4,9207.92,19582
-6546.31,10002.9,18243
-6152.1,10264.3,18506.9
-8527.49,8921.22,18452.4
-6067.09,9478.9,15046.3
-4860.89,9320.56,20184.3
-4976.16,9480.98,17086.5
-5521.05,10319.1,17056.5
-5870.64,10703,17328.9
-5353.76,9961.57,16345.8
-3773.73,9991.4,16511.2
-3353.82,10723.1,16645.1
-4708.84,10684.2,16025.4
-4996.05,10222.4,17186.2
-4067.08,10997.1,17261.5
-4227.5,11614.5,17621.9
-3700.47,11667.9,18296.2
-6224.93,9765.85,18216.8
-5861.32,11274.8,18046.5
-6348.19,11130.3,18736.4
-7235.87,10232.3,17844.9
-6821.11,10768.6,16962.7
-5730.38,11584,18268.8
-5687.76,10753.9,19469.6
-6034.39,10603.4,19117.4
-5937.96,10531.9,18565.5
-4092.19,10937.5,17616.2
-4221.71,8912.48,18094.2
-4382.63,9705.11,17527
-4862.37,9938.9,16195.7
-4510.36,10118.1,16845
-3901.38,10436.3,16947.2
-4563.14,10455.5,15746.1
-5861.32,11082.6,17416
-5357.59,12073.6,18065.7
-4537.76,10045.8,18000
-3971.27,12509.9,18627.5
-3551.45,11832.4,18372.9
-3489.79,10289.5,17214.5
-3416,10212.8,19033.8
-2810.85,10910.9,19954.8
-2640.56,11648.3,18544.2
-2697.11,12197.2,16865.5
-1729.49,12166.1,16501.8
-2559.81,11904.1,18973.1
-2014.27,11279.4,15459.1
-3215.18,11260.3,17590.7
-3593.38,10869.8,19026.3
-3773.92,10597.4,17522
-3973.37,10413.1,17356.2
-3949.61,10729.6,17790.8
-3851.75,11022.8,18202.2
-3439.97,10701.1,19026.3
-2894.6,10549.3,19697
-4628.58,11408.9,19822.4
-2157.76,9685.53,17940
-3762.77,10658.9,18530.3
-2703.82,9810.54,19021.8
-3437.89,9903.51,19042
-3845.11,10917.1,19088.1
-3521.21,11427.1,18775.3
-3562.02,10836.8,18124.3
-3709.45,10121.8,17986.8
-3061.59,10112.1,18965.2
-3766.36,9620.56,19991.4
-3220.71,10938.6,18114.2
-2892.98,11861.4,18585.9
-3294.07,11194.8,16958.8
-2010.59,10987.6,17606.4
-1530.7,10628.3,18810.7
-2129.16,10458.6,18510.4
-2121.23,10949.5,17696.5
-1993.85,10981.4,17394
-3370.43,10225.4,16879
-2546.88,12577.4,17308.7
-1450.71,10061.4,16280.3
-2297.75,10431.5,18326.1
-3389.93,9898.53,17576.6
-2816.61,10339.3,17589.6
-1433.07,11228.4,17849
-1040.49,10560.9,18730.9
-1932.83,9679.64,18561
-2942.86,10362.6,16893.3
-3224.89,11082.6,16692.7
-3045.77,10730.9,18123.7
-816.855,12292.6,18129.8
-1664.21,12089.6,18937.4
-2763.14,11482.9,18062.1
-2931.19,10450.9,18405.8
-1672.88,9881.1,17277.5
-2076.25,10338.9,16750.2
-2963.06,11014,17792
-2574.1,11384.2,18607.2
-2680.72,11736.1,18146.2
-2252.39,10893.2,17673.3
-3678.32,10315.2,16622.4
-3652.62,10208.3,17173.5
-3204.78,9846.45,17683.1
-3667.84,8681.22,19144
-4230.58,8699.5,19453.1
-4181.24,8319.87,19968.9
-4272.99,8207.71,19676.6
-4483.84,9413.8,18739.4
-3336.78,10427.8,20120.3
-1842.23,11248.4,20697.1
-3023.69,9406.8,21840.9
-999.841,11704.1,20301
-2068.49,10811.2,21918.1
-2782.58,9784.62,21066.7
-1180.01,11487.1,22026.3
-499.129,10971.6,22001.2
-598.955,10379.2,20838.2
-58.8164,11269.7,20421.8
-477.798,9036.11,19521.9
-1444.29,9688.26,18272.2
0,10830.5,20480.5
-363.908,10506.1,19766.7
-1577.5,9822.19,19051.1
-561.236,10089.9,20008.3
-545.253,9821.3,19661.2
-454.377,9375.07,18201.6
-75.8301,9060.29,18334.4
-132.703,8829.53,19381.8
-415.167,8673.19,18593.3
-2032.58,7800.08,20203.5
-1643.28,7653.97,19748.4
-2448.42,7989.37,19721.9
-3153.36,7761.62,18974.5
-1106.64,8374.27,19050.1
-103.92,9148.8,18419.5
-408.432,8506.27,18962.3
-582.646,7586.39,19916.2
-470.735,7979.89,19369.6
-643.79,8618.77,18974.2
0,8129.37,21168.3
0,8102.64,19822.3
0,9526.76,19902.4
1074.02,9516.9,19339.6
422.695,9539.69,19448.4
-902.375,8313.98,19356.2
-761.473,7510.99,18350.8
0,7861.74,17945.8
0,8197.15,18059.1
0,7889.02,17270.7
0,7917.59,19480.9
0,7363.24,18459.6
337.457,7931.33,20971.9
74.9905,8507.36,18067.1
827.727,9210.1,19403.5
-215.809,7571.36,19349.5
-987.194,6607.43,18818.1
-915.443,6208.01,18821.8
-682.448,5818.6,19131.7
138.301,7338.23,19962.6
-11.4249,7191.95,18831.9
-114.249,5664.31,18656.6
65.1198,7101.01,19498.5
145.983,7953.79,20181
1469.73,8408.62,19354
931.787,8363,18960
228.972,7584.55,19294.5
219.34,7084.56,18720.7
225.469,7083.73,17673.3
364.189,6805.91,18447.4
280.443,7823.41,18718
0,5793.44,17770.4
69.2985,6398.95,19359.7
-369.171,7579.1,18120.7
-144.214,7121.34,19196.3
-459.063,6472.7,19806.6
-382.552,6084.31,19695.5
-83.718,6187.88,19638.8
-146.507,6740.3,20062.7
-196.967,7471.77,20619.2
-1092.38,8794.05,19537.6
-2060.27,6770.61,18729.9
-2430.86,6704.56,20147.1
-572.7,7540.91,21053.3
-381.355,6820.48,21458
-1319.91,6787.99,20403.1
-1302.43,7397.33,19765.2
-522.398,7105.75,19644
-551.838,6006.86,19663.8
-1066.51,6557.67,20127.9
140.593,9605.36,18533.9
-387.374,7615.85,20479
-1760.88,7050,22557
-977.456,7165.52,21580.8
-223.034,7735.83,20017.8
-1539.33,7117.12,19998.7
-2986.18,5348.28,21549.1
-2052.28,4789.65,21881.8
-1226.53,6046.39,20471
-4073.25,6663.9,20409.3
-4162.63,6392.56,21166.2
-3794.54,5696.71,21309.5
-4895.56,5561.49,20029.8
-4484.74,8446.68,20536.5
-4411.55,7520.41,19015.2
-4003.76,5443.01,19659.5
-4005.22,5857.56,21040.4
-3442.92,6823.71,21150.6
-2519.2,6549.67,19990.5
-3635.64,6852.32,19057.9
-4496.99,5720.86,21082.9
-1916.31,7175.6,20805
-2453.67,6044.58,21673.3
-2509.81,6830.62,20810
-2845.48,6428.94,19397.9
-2058.14,6481.98,19325.7
-1462.2,6936.41,20061.8
-1993.16,7080.96,21110.8
-3291.82,7026.35,21775.1
-4452.27,7314.03,21095.7
-3890.96,7656.79,20651.5
-2413.07,7721.72,21344.8
-3586.33,8300.97,19896.9
-3551.53,7666.94,20324.6
-4050,8936.52,21871.6
-4582.77,8668.38,21617.7
-4305.36,7683.64,21240.1
-4766.24,6861.71,20895.7
-5540.7,6502.39,20018.2
-3955.14,7027.8,20336.9
-3726.94,6590.22,21999.6
-5461.02,7554.51,19314.9
-3499.59,6102.67,20324
-711.149,6546.05,21685.3
-2409.75,7294.52,21487
-2005.95,7018.1,19614.1
-995.838,7243.78,18498.8
-1334.78,7848.13,18822.5
-2089.64,7064.16,18692.2
-1930.2,5486.88,17631.2
-123.912,6876.11,19056.8
-1239.12,7316.78,16758.8
-2266.46,7610.12,19738.1
-1624.22,7728.64,21158.3
-2590.07,7901.42,19974
-4004.22,7044.09,19607.9
-4700.36,7406.97,19722.9
-4743.52,8018.42,18802.2
-4419.94,7507.7,18632.7
-3692.86,7300.65,21187.6
-3348.08,6306.52,20816
-4305.36,8057.53,20061.7
-4425.16,6913.12,21260.5
-5913.62,7346.56,21034.5
-7234.98,7147.28,21131.4
-6541.93,7506.36,20693.2
-5774.11,7719.12,21035.6
-4836.83,8056.53,21262.1
-4162.21,8706.85,20763.5
-5649.37,7955.93,21177.8
-5205.6,5540.02,20573.6
-4865.07,7369.29,16468
-4200.8,7104.97,19909.3
-4014.46,7410.53,20003.9
-4027.85,7386.09,20742.2
-4635.78,6380.18,20711.7
-4596.76,6387.52,20781.8
-4729.42,7086.24,20792.2
-6166.59,6209.7,20405.2
-7829.34,4283.63,20242.2
-8787.99,5739.11,19119.6
-7076.18,8036.04,21623.1
-5993.46,8273.11,22267.8
-7048.33,7477.87,20618.7
-5792.42,7347.51,20790.5
-5408.75,7283.72,20648.1
-6300.26,6847.41,19954.5
-6840.05,6062.88,19370.7
-6357.16,5409.81,19545.5
-5738.14,5657.91,20251.4
-5312.05,7058.1,19425.7
-3956.33,7805.9,21071
-3079.37,7669.16,20670.4
-4040.67,7004.54,19266.9
-4663.35,6613.67,19742.3
-5210.6,6050.58,19804.6
-5367.63,5531.07,19807.8
-4544,6254.58,19690.9
-4446.13,7356.77,19844.7
-6503.36,6831.8,21083.2
-5694.64,7533.22,20308.1
-6616.17,7780.47,20921.9
-6358.33,6175.52,22277.5
-7110.58,7601.15,20802.4
-7084.72,7208.61,19233.3
-7081.26,7833.5,19609.3
-7333.4,8078.32,21111.6
-7159.63,7669.48,21221.2
-6724.31,8311.7,19902
-6735.49,9367.13,19443.7
-5680.54,7530.25,18609.7
-5214.09,8251.51,18823.7
-5407.31,7573.46,17962.2
-3690.79,7851.08,17807
-3577.7,7739.57,18345.2
-3495.35,7093.21,18379.7
-3150.17,7741.26,18013
-3932.21,8319.47,18266.4
-5717.96,7917.58,19263.3
-6693.23,8496.37,19975.3
-7606.11,8345.27,20193.1
-7175.32,8291.62,19135.8
-8106.4,10391.1,18544.5
-7447.86,11244.2,19451.8
-7174.3,9189.89,20063.1
-8068.58,8897.68,19235.6
-7555.75,9246.65,18549.1
-7130.71,9141.35,18912.6
-7677,8676.41,19709
-6680.13,7749.65,20075.7
-7700.4,8099.02,19507.2
-9485.01,7799.12,18552.6
-6114.93,8609.81,16964.1
-5022.27,7504.05,19036.4
-6296.44,8396.46,17703.4
-5351,9176.37,17630.2
-4401.73,9893.63,17861.4
-4441.64,10096.1,17177
-4995.44,9722.28,17270.2
-6271.74,9623.62,19087.5
-5320.87,8274.67,19565.4
-4450.23,10524.2,19565
-5621.39,11385.3,19197.8
-5033.59,10445.5,20231.1
-5537.03,10820.3,20730.5
-5375.72,10350.8,20039.6
-6142.71,9330.36,19333.2
-6568.79,9492.05,19364.2
-5534.43,10711,19473.5
-5340.77,10851.9,18815.6
-5167.47,9944.4,18122.7
-4783.73,12401,18185.5
-5524.79,11142.4,18298.9
-4565.71,11204.2,19211.1
-4682.76,11078.2,19279.4
-4227.6,11423.5,18745
-3430.6,11528,17785.6
-2922.12,11066.9,17745.3
-3064.7,10841.5,18099.3
-3541.82,11156.7,17358.9
-2703.92,10538.8,19472.5
-5428.79,10586.5,18344.9
-3768.33,11726.9,18085.4
-3871.75,10407.4,19021.8
-4198.09,9880.23,18668
-3517.11,11206.7,17983.6
-2571.32,12646.6,17160.8
-3442.07,11339.7,18226.8
-4911.51,9046.55,19321.7
-3849.05,10094.3,16577
-3799.37,10349.9,17887
-2508.99,11002.6,18529.5
-4351.89,10572,19572.4
-4744.05,11678,18480.2
-4863.8,11626.6,17738
-4276.76,11905.9,19000.2
-4084.97,11530.8,19202.9
-5056.81,11867.3,19293.4
-5763.9,11919.6,20255
-4738.66,8761.3,19212.7
-4604.11,9745.36,18065.3
-5015.5,11346.4,18312.7
-4153.87,11912.5,17983.6
-3640.91,11497.9,17598.9
-4654.33,11270,18712.5
-3655.28,11090.9,18227.3
-3472.23,10768.5,18322.2
-3408.49,10397.8,19236.7
-2166.81,10527.9,18649.4
-2792.6,10961.5,17135.4
-4764.65,9567.46,18599.1
-4808.72,9567.46,17649.8
-4271.55,10948.1,19501.1
-4606.34,10765.7,21119.2
-4425.24,11420.7,18652
-4018.33,9618.55,17058.5
-4761.47,8736.56,17445.5
-4374.32,10194.2,18057.9
-3060.53,11217.7,17771
-4646.55,10451.8,17359.8
-4694.15,10717.7,18034.5
-4193.04,9848.94,18741.1
-3680.84,11441.6,17066.8
-3334.64,10423.1,17667.8
-4608.47,10069.4,17454.6
-4203.51,11121.8,18129.6
-3927.14,11132,18437.4
-4561.22,10335.6,18753.3
-4909.48,11041.7,19028.3
-4601.49,12737.8,17841.8
-3751.3,11552.3,18579.4
-4201.28,10382.1,18566.5
-4576.32,12008.4,20427.3
-4311.17,9515.45,18669.4
-3614.37,10640.9,19083.1
-2831.47,11796.4,18811.6
-3396.04,11033.9,18992.7
-3392.57,10706.6,19186.6
-2871.52,11523,18764.9
-4270.83,11076.7,19290.9
-2152.55,11323.1,19279.9
-3956.05,10873.5,18569.2
-3738.78,11825.5,17837.3
-4445.3,12311.5,18909
-3561.08,13098.1,18402.1
-4219.24,12049.1,18131.5
-4111.92,11360.4,17730.1
-2698.86,11556.7,18000.1
-2190.14,11574.4,18709.2
-3182.52,11677.1,17816.7
-3939.09,11923.4,17627.9
-3120.82,13427,17156.3
-2344.62,13277.6,18913
-2188.72,13053.8,17353.6
-2092.46,12272.1,18498.9
-2545.61,12697.8,18168.3
-2845.77,13184.9,17431.8
-2903.06,13141.2,17682.7
-3379.89,12946.7,18476.5
-3902.1,12780.8,19099.2
-2690.41,13346.6,18496.5
-2736.78,12916.1,17722.1
-420.347,13419.9,16703.8
-1180.69,12330.3,17252.8
-2414.94,11899.6,18674.9
-1396.95,11599.7,18640.3
-1255.88,11780.8,17899.8
-1566.27,12358.3,18551.4
-613.614,13062.1,19618.7
-526.017,13773.6,18211.1
-2001.66,13202.5,16958.1
-2314.84,11635,18733.6
-3062.57,12049.5,18293.7
-1081.71,12838.5,17895.3
-2044.13,13483.5,17710.5
-2506.21,13221.8,18162.8
-2607.37,13265.6,18603.3
-2076.43,13508.5,18209
-1239.77,13067.3,18374.7
-1836.18,12741.1,20068.3
-1422.18,13925.1,18411.8
0,12701.2,20126.1
-171.875,12721,19147.3
-1203.89,12512.4,17384.7
-437.137,14138.6,17481.2
131.702,14224.7,18447.8
562.857,13120.1,19657.2
-19.9033,12806.5,19485.1
-1088.2,12960,18227.1
-474.974,12052.5,18048.1
-1040.1,12152.6,17058.9
-1248.79,12145.7,20172.3
-1450.83,11722.6,18808.1
-1303.86,11482.9,20221.3
-1288.4,12551.7,19163.3
-1447.25,11504.5,18997.1
-2686.23,10744.9,18735.3
-2895.54,11934,18798
-1516.14,13239.9,19988.9
-1533.1,13159.9,20474.4
-1555.23,13446.4,19995.3
-2636.21,11243.5,19128.1
-1555.23,11617.6,18695.5
-1242.88,11994.5,19517.1
-1363.03,11534.7,19565.9
-1149.18,11693.4,19567.3
-1226.14,11956.9,19077.8
-993.325,12200.6,18963.3
-637.718,12652.8,19656.5
-1247.52,12680.2,19707.7
-161.801,12089.5,19282.5
-1618.01,13366.4,18431.4
-2077.16,11877.4,17260.5
-94.5053,11019.6,19675.8
797.567,10628.2,19808.3
384.796,10209,18614.3
-226.377,9175.29,18422.6
-202.691,9500.76,18616.6
120.684,10215.4,18353.4
58.1676,8334.49,19068.2
261.754,10073.8,20346
0,9567.46,17571.5
430.536,10361.5,19346.9
470.464,9361.23,17350.7
440.876,7818.71,18528.3
458.641,7984.49,19279.8
646.136,8928.84,19056
287.225,9275.46,19461.1
-294.298,9290.26,20175.4
238.722,9694.61,19326.3
430.25,9399.96,18317.9
478.373,9089.09,19575.5
73.9875,9102.17,20444.4
424.261,8816.55,18303.8
200.846,8884.26,18470.8
-170.644,9494.05,19189.5
-496.628,9107.71,19759.6
-321.48,8423.2,19452.6
-353.713,8345,18904.5
-1517.66,8107.34,19573.9
-1121.05,8778.36,18967.7
-1894.32,8170.68,19651.6
-1372.91,7347.19,19436.9
-739.459,6202.34,19876.5
-1522.23,7696.21,19501.1
-1420.83,7554.46,18961.7
-2042.36,7167.48,19027
-2066.65,6893.12,20145.8
-975.841,6039.19,20649.7
-1620.1,6218.85,18669.2
-1227.32,7855.94,17820.5
0,5368.32,18692
-1036.13,6914.45,19171
-230.251,7061.63,20437.5
0,6247.53,19726.4
-326.725,6255.18,19281.6
298.403,6373.84,19517.5
684.808,5807.7,19459
8.53605,5181.26,19459
47.3731,5565.74,19604.7
188.425,6526.03,16104.9
776.788,5262.1,17311.4
697.905,5854.62,16906.5
304.558,5893.97,17482.9
102.342,5784.54,17976.4
-474.65,5439.18,17461.9
-368.347,4100.43,17977.9
15.6726,3869.13,19535.2
-61.664,5238.94,20054.7
-214.925,5330.38,18892.6
-1061.2,5692.86,18027.2
0,6497.54,19902.4
0,6198.68,18414.4
0,6342.4,18651.2
-1346.35,5367.02,17461.9
-82.7871,5416.3,16584.5
792.447,5022.92,17713.7
-518.199,5262.1,18732.7
-1250.21,7032.67,18437.7
262.177,7468.08,19013.5
-251.842,5969.33,19448
0,4982.86,19015.9
430.536,4140.6,18356.5
-412.451,4900.08,19096.4
479.175,6678.86,18849.5
-140.961,5623.91,18284.1
-453.796,4628.52,19259.4
269.626,5258.61,19950.8
692.788,6024.38,19475.1
322.02,5954.3,19813.7
-808.105,5250.69,18104.8
-446.702,5932.16,17636.5
804.275,6485.29,20707.2
272.292,5650.82,20498.4
366.225,5709.59,20621
469.818,5523.79,20035.3
471.244,5161.93,19039.9
563.272,5766.62,18653.1
740.751,6987.64,19235.7
686.179,7201.22,20434.1
-54.7182,7246.43,21778.6
-547.182,6530.12,21549.7
709.423,8542.4,20334.4
-518.31,6422.86,19386.5
-1566.4,7778.62,21127.5
-874.542,7504.93,21008.5
416.937,7819.13,20058.5
894.31,8415.66,20149.7
467.379,7784.14,20111.4
68.103,7955.1,19397.3
196.208,8201.75,22449.5
-1102.55,8534.81,21194.2
-110.255,8265.21,20493.5
-2653.45,8152.93,20928.2
-2240.2,8561.5,20333.9
-2357.61,8588.55,19912.6
-2993.02,7789.73,20191.1
-3378.1,7794.71,20451.1
-3106.16,8694.76,20505.8
-2176.29,8327.36,21117.9
-2774.13,8091.44,21434.1
-1708.15,6697.22,18547.3
-4463.23,6697.22,20785.4
-2816,8050.75,21708.2
-2880.51,8619.54,20281.1
-2749.52,8341.68,21616.1
-2208.86,9186.21,21278
-1883.93,9713.56,20055
-1861.75,8894.42,20763.9
-1722.14,8914.49,21140.2
-1005.08,8677.52,22149.3
-1440.04,8612.36,19141.5
-3148.78,8501,21554
-2104.89,9348.97,19006
-2087.35,9022.61,19512
-2176.61,7964.9,20928.3
-3019.06,8072.06,20839.6
-3287.82,8872.27,20749.2
-2804.13,8567.84,21804.6
-3681.37,7609.12,22048.2
-3486.68,8564.24,21584.8
-4783.73,8132.34,22120.9
-2639.34,8993.42,21586.2
-4489.92,8223.71,20620
-4343.47,8781.88,20847.6
-3251.91,9208.7,20775.7
-2977.95,8594.2,20290.8
-2901.14,8588.8,20026.9
-3101.02,9155.05,20374.5
-4345.79,8220.55,21195.7
-2758.88,8512.86,21584
-3234.48,7632.15,19270.9
-2670.33,8749.19,20478.2
-2797.74,8456.9,19037.7
-4481.25,8756.6,19992.2
-4943.2,8510.37,19590.8
-4305.36,8286.33,20131.5
-3635.64,7502.02,22720.2
-4384.14,7177.96,23827
-6250.1,9064.1,21468.6
-4347.86,7921.89,21254.5
-7038,8335.51,21422
-5680.34,9030.65,22221.3
-6695.03,8096.1,21532.1
-4803.34,8505.09,22264.4
-3927.74,9129.31,21904.8
-4598.46,8293.4,21441.6
-5089.74,7419.25,20277.2
-4420.99,8086.06,19275
-3214.83,9002.83,20943.3
-2671.06,8965.73,20134.5
-2593.39,7855.5,20519.8
-3619.3,8446.42,19877.1
-3765.55,8144.64,18716.4
-3862.45,9190.55,19983.7
-4177.34,8159.67,21494.4
-5962.65,7924.3,20882.8
-6176.46,9023.87,20349.3
-5007.42,9050.09,21093.2
-7103.93,8038.02,20531.6
-6665.81,8181.27,20547.4
-3806.27,7458.48,22071.8
-5483.96,8124.34,21830
-6430.5,8466.89,21964.8
-5322.67,8599.81,21944.7
-4650.46,9453.43,21633
-4627.68,10488.5,20288.7
-4148.77,10854.6,19261.9
-3271.23,10321.2,19810.2
-3333.61,9355.77,20534.4
-4134.07,8776.93,19920.4
-2592.51,8487.17,18378.8
-2266.98,10320.5,20134.6
-3969.61,10843.6,18289.1
-4669.9,11202.4,18393.3
-4496.71,9408.19,19983.4
-4623.96,8929.32,20078.9
-4130.29,9854.11,19244.6
-3209.64,10212.6,19354
-4052.09,10518.7,19815.8
-4760.71,9934.49,20023
-5821.87,7663.96,20173.1
-6061.14,11020.6,18827.9
-4631.68,10345.5,19839.2
-3556.28,10187.8,19705.5
-4175.65,11075.6,19107.2
-2982.43,12106.4,18657.8
-2565.63,11673.7,18524.9
-4104.41,10784.9,18592
-2739.53,11709.8,18458.7
-2467.02,11161.4,17829.9
-2942,11839.7,17699.8
-4503.39,12776.4,19055.5
-3842.64,12526.3,18920.8
-4222.26,12102.8,18153
-4689.92,11929.4,18841.1
-4467.2,11626,19795.3
-4281.37,11490.5,20265.7
-4739.58,11617.3,20775.5
-5002.34,11210.8,21007.3
-4312.07,10433,19705.6
-4372.47,10079.4,20536.5
-3809.37,11771.3,18749.1
-5358.13,11593,19889.2
-5822.27,11300.8,19199.6
-5170.63,10630.5,19963.4
-5671.39,10861,20042.1
-6232.92,10960.8,19194.2
-5227.1,10866.1,19180.4
-4062.83,12453.8,19520.4
-3299.74,12238.5,19102.5
-3143.32,10729.5,17676.6
-4755.2,12992.4,17107.4
-4338.08,12244.7,18763.3
-3265.88,12116.1,18714
-2833.28,12348.3,18902.9
-3078.63,11914.8,18656.9
-3564.05,10728,18004.9
-3986.18,10324.4,18184.8
-4319.33,11359.3,19015.7
-4682.75,10348,18339.8
-4272.49,9864.47,15489.3
-3740.36,11207.2,18358.9
-4686.44,11027.9,18660.8
-3859.8,11549.4,19097.3
-3832.28,11324.8,18963.4
-4547.21,12134.2,19148.6
-3601.32,12338.6,18820.2
-1798.75,10716.5,18501.8
-2479.73,10312.5,20162.3
-2589.25,11171.1,19536.9
-411.95,14005.7,19201.4
-2529.63,12450.3,20482.6
-2343.82,11900.3,18530.2
-2214.57,10501.6,16577
-2091.46,10824.5,18030.5
-1537.07,12378.2,17673
-2536,12283.9,17374.2
-4302.03,11087.1,19581.1
-3460.67,11954.8,19508.5
-4135.5,11828.5,18629.2
-2606.79,12486.2,17748.3
-4566.04,10731.4,18447.9
-4018.33,11598.1,18400.3
-2847.82,11646.5,17591.1
-2952.56,11496.1,19763.4
-4397.16,10595.4,19171.2
-4748.59,10318.3,17375.3
-3283.22,11055.3,18332.6
-2695.24,10703.4,18947.8
-3345.27,10619.9,19019.5
-962.766,10681.7,19134.9
-1299.76,11567.2,17677.1
-2655.73,12068.4,18428.3
-2934.41,10377.6,17056.3
-2264.7,11448.3,18029.2
-2211.27,11908.4,18768
-3116.17,10895.4,18360.3
-3296.03,10913.2,18902.6
-2295.92,11625.3,19820.4
-3801.51,10783.5,17870.9
-2134.96,10245.8,17978.2
-2511.76,11715.2,17727.7
-3541.75,10795.1,17424.1
-3650.39,11813.2,16307.4
-4510.79,10399.7,18073
-4169.24,9790.74,19721.7
-2945.02,10887.8,19958.6
-2639.57,11768,19969.4
-3122.81,12061.4,19402
-4019.58,10640,18230
-2997.75,11395.9,20878.4
-2990.31,11026.6,21016.1
-1271.57,11779.8,18993.8
-1401.6,12349.1,19084.2
-2965.34,10978.3,18526.1
-3008.25,10480.6,18207.9
-2695.59,11199.2,18588.1
-3444.9,11409.2,18385
-3818.02,11256.2,16992.8
-5499.98,11250.7,15627.6
-3739.1,9582.11,16889.5
-1865.7,12249,18049.3
-1710.45,11907.7,19264.3
-3260.46,12024.9,18450.3
-2683.47,11204.2,17830
-2115.61,11289,18899
-2868.29,12260.5,18827
-3592.47,11768.6,17426.9
-3315.57,10161.7,18253.7
-2639.69,12018.2,17399.4
-4759.97,12437.7,19111.2
-2316.25,10833.7,17993.4
-3087.83,11468.4,18038.8
-2519.18,12048.2,17989.4
-1625.36,11316.1,18830.2
-1808.3,11893.7,19611.5
-3072.63,12261.1,19194.5
-3354.72,10893.8,19097
-1747.59,10701.7,20565
-2728.75,11475.6,18832.2
-2079.21,12051.2,19226.8
-2530.08,10338,17852.5
-1479.68,11384.9,18663.5
-2346.15,12190.3,18420.4
-2215.31,12270.6,18105.9
-1935.82,11405.4,18080.3
-1624.54,10963.5,18520.7
-1697.38,11450.5,19119.3
-2740.41,11241.5,18943.6
-95.6746,10769.3,18218.1
-956.746,12730.2,18577.2
-1795.46,11826.7,19532.1
-1387.04,11391.3,18159
-1973.01,12178.4,19416.6
-2854.93,12130.9,20224.2
-1400.66,11907.3,19713.8
-730.298,11667.8,18278.4
-2062.48,11013.3,17274.5
-937.992,10825.7,17774.3
-281.689,12098.6,17462.1
485.976,12703.5,19628.5
-1040.34,11761.5,17189.9
-821.152,12571.1,17812.7
-217.187,11796.9,18039.7
-1.55764,12284,18408.9
383.938,12396.3,18500
-296.735,11017.2,17756.7
-1273.96,9627.35,17070.5
49.7474,9724.79,17516
-481.522,10728.6,17457.9
-534.901,10402.4,17521.5
-917.4,9971.73,18866.7
143.271,10258.7,20069.5
795.182,11474,20498.5
-227.306,11205.5,20175.4
-389.037,10792.5,19282.9
405.83,10787.1,19134.1
459.931,11038.2,19568.4
0,11896.5,18863.1
-59.31,11583.6,18653.3
-593.1,10881.4,18050.5
-59.31,11309.9,18318.2
-1142.76,11078.9,18212.1
-428.534,11179.1,17628.7
216.964,10241.2,18081.2
155.598,10738.2,18359
158.359,11832,18083.9
330.059,11270.4,17726.1
70.9494,9933.26,17628.9
325.686,8975.69,19156.9
64.1306,11002.6,18242.3
-432.466,8845.73,17770.7
-97.5287,9080.26,17245.3
-320.195,9202.05,16763.6
234.273,10492.2,17497.5
-118.991,9747.72,18618.6
-442.894,8799.25,19352.9
416.391,9649.81,20108.3
-66.0589,9181.77,20621.1
-3021.21,8742.18,18574
-1871.22,10524.2,19142
-1478.73,7699.28,18657.9
-352.105,9473.14,17791.1
-668.964,9480.89,18550.8
-1110.63,10167.2,19066.3
-1190.94,9639.94,18707.8
-943.707,9123.27,18370.8
-1371.41,9635.99,18857.5
-2462.03,9041.01,19481.2
-251.204,10218.2,18690.6
-2341.83,7804.09,18656.6
-135.602,9857.87,19481.4
-1261.41,9377.76,18839.9
-831.032,9442.5,18626.7
-545.503,9614.54,18870.9
-484.306,8614.16,19088.6
-349.742,8367.89,19155
-1319.19,8867.88,18753.9
-3176.25,7414.88,17479.6
-861.072,8143.02,16701.1
0,8239.15,19348.5
0,8124.83,19831.4
-158.71,9095.93,18136.9
-59.5162,9571.05,18569
-734.85,8873.34,19390.4
-724.29,8439.41,20129.9
-523.083,8189.34,19452.4
-1801.97,7677.88,18313.9
-2990.91,7880.66,19298.8
-160.858,8405.17,18214.7
-1608.58,6555.27,18188.7
-1682.89,8805.4,18518.9
-2340.93,9328.87,16518.6
-3138.96,7891.49,18197.3
-1551.37,8071.68,19428.7
-1590.81,8588.69,19407.4
-2394.44,9069.67,19632.7
-2264.42,9698.84,20158.6
-3538.84,9247.53,19824.2
-3182.95,8710.64,19782.3
-3129.5,8172.49,19872.6
-2324.07,7885.7,19067.1
-2676.29,8076.64,19823.3
-3736.25,7689.65,20630.8
-2531.36,8962.4,20957.5
-1924.34,9349.46,21410.8
-1629.31,9158.74,20175.6
-726.097,9124.38,17900.2
-1446.58,7811.47,18791.1
-2141.2,8546.83,20338.1
-2667.14,9495.29,17830.7
-2461.92,8397.98,18745.8
-1568.46,8161.09,18559.8
-1074.96,8097.45,18058.4
-1347.17,6697.97,19758.1
-799.193,7005.11,20215.2
-377.255,8201.55,19824.1
-1179.98,7778.63,20316.4
-1469.49,7195.63,20009.8
-622.238,8152.33,19936.5
-1325.72,6475.2,20313.7
-1187.79,8748.9,20974.9
-1360.06,6505.33,19585.2
-1717.81,7500.75,20099.3
-1927.73,6970.01,21052.2
-1481.97,6711.22,21049.8
-483.456,7997.02,20781.3
-501.951,8595.68,19927.3
-2103.16,7431.81,17437.5
-1142.74,7408.7,17329.9
387.586,7653.97,19407.3
-1570.36,6792.9,20369
-1055.79,5661.12,19470.3
-110.482,6218.51,19617.3
-89.6548,6890.29,20081.1
-352.954,6897,19437.6
7.96115,6437,19195.8
159.872,6583.38,19569.1
-534.787,7564.9,18180.5
1037.74,6663.4,17673.6
0,7279.49,19204.2
-816.502,5552.98,19097.3
-181.445,7195.41,18809.6
-1640.66,6850.35,19753.5
-1355.04,7151.26,19799.5
-780.019,7378.54,19947.4
-1161.95,6469.49,20371
-1697.7,5511.75,20648.1
-1811.48,6225.19,20918.2
-1441.58,8075.9,19738.8
-1499.7,7567.87,20527
-3011.65,7069.17,18419.5
-1988.18,6173.68,19710.4
-367.303,7286.67,20956.5
-183.254,8200.22,20274.9
-1016.14,8043.26,19991.8
-1409.69,7513.23,19678.2
-2105.36,7168.62,19320.6
-3682.2,7020.1,20761.4
-1218.62,7694.04,19685.7
-3904.67,8054.66,20337
-3217.92,6279.06,18394.1
-4250.25,5583.21,18472.1
-4371.97,6683.83,18849
-3339.82,7475.96,19366.2
-2886.91,8060.34,20013.6
-3551.03,7776.65,20122.5
-4552.31,6732.78,19814.4
-4789.42,7223.76,19837.3
-3195.59,8889.99,18966.6
-4783.73,5472.8,19747.1
-4179.29,7170.76,19370.1
-3862.51,6829.66,20162.6
-3702.47,7250.5,19971.6
-4175.82,7330.71,20707.9
-5273.92,6985.45,20559.5
-5511.72,6735.22,19547.2
-4362.83,6835.92,19359.1
-3497.48,6953.4,19566.7
-3668.3,6432.07,18768.4
-4973.73,7175.6,20950
-5251.63,7381.68,20159.1
-5130.5,5850.63,20334.6
-4438.11,7899.16,19463.7
-4576.27,8078.3,19905.9
-4358.23,8508.85,19588.1
-4174.64,8634.33,19342.8
-4543.05,7174.59,21029.5
-4380.03,6919.37,22361.5
-4808.11,7126.39,20788.3
-5972.8,6683.5,20337.7
-5525.24,5990.43,19566.5
-4811.95,6339.47,19658.4
-3440.92,7885.44,20196.1
-4040.01,7416.16,19656.4
-4434.5,7283.05,19811.5
-4074.14,7927.79,19884.8
-4342.37,7670.04,19524.2
-4823.89,6935.34,20407.3
-4112.27,7247.21,19213.1
-4305.36,8081.86,19789.6
-3224.18,7151.34,19200.4
-4539.84,5573.25,20038.4
-3476.21,6584.29,19477.6
-3722.95,6100.98,19961.5
-4478.51,6161.5,19823.9
-4089.96,7033.3,19472.7
-3481.16,7247.08,19937.2
-4102.72,7138.95,19996.4
-4324.24,6033.4,20521.9
-5021.61,5980.98,20089.1
-5018.92,6735.16,19449.5
-4829.52,6722.77,20708.5
-4864.33,6910.97,20924.6
-4554.18,5665.43,20041.9
-4049.69,6214.2,19285
-3510.29,7557.03,20157.7
-3128.5,6910.28,21443.1
-2816.34,6265.09,20085.9
-1682.07,8059.81,18056.8
-4048.52,5326.32,21269.9
-2983.72,7838.69,18504.8
-922.183,6981.35,18608.4
-2283.71,6888.46,19486.3
-3813.38,6024.49,18052.3
-3820.48,6304.24,18470.2
-3000.41,7134.56,20267.4
-3039.94,7092.09,20810.2
-3908.05,7459.62,21252.1
-2189.14,8005.11,20900.9
-1022.13,6202.5,22005.2
-4745.94,8139.47,19083.6
-3533.89,6705.66,21090.5
-3669.91,6598.14,21116.9
-3522.88,7032.29,19946.3
-3692.78,7065.01,19906.4
-4452.96,7460.2,20851.4
-5007.29,7845.65,21472.8
-4110.07,6947.59,21418.4
-330.083,7846.11,20454.5
-2679.05,9471.73,20139.5
-4662.18,7694.77,19235.4
-4171.39,7141.04,18369.5
-2463.69,7826.69,19079.9
-3538.01,7855.87,18809.3
-4470.31,8343.49,17996.7
-4139.75,8158.08,18669.4
-3379.15,7236.15,20330.2
-1826.09,8066.36,20519.6
-1381.78,7809.01,20295.9
-3203.57,8402.91,19031
-3481.06,8883.84,20689.4
-3176.7,7910.63,19456.2
-4946.2,6906.81,19005
-5616.64,7309.19,19641.6
-4919.72,8123.25,19329.8
-4128.57,8355.39,19353.1
-4545.31,8052.14,20232.8
-5659.36,8291.42,19360.9
-3726.48,10294.5,18886
-3507.11,6857.17,20731.4
-3992.38,7735.92,19366.1
-2785.97,7976.06,18385.4
-3755.02,8292.56,19044.3
-2636.04,9578.32,18964.4
-2446.66,9939.82,18474.8
-3759.37,8469.2,19415.7
-4674.88,7260.2,20517.9
-5475.83,8161.95,19164.5
-5477.62,8435.32,19459.5
-4521.34,9829.86,21048.4
-4509.67,7258.31,21048.4
-4345.96,7402.78,18944.1
-3812.58,9443.1,19747.5
-4295.87,10091.3,19894.9
-3866.29,9069.02,20501
-3352.59,8265.7,21290.2
-4231.28,8283.51,20884.2
-4995.65,7924.68,20180.3
-4858.87,7749.6,19742.8
-2185.51,8132.34,19472.6
-3232.3,8199.73,20296.8
-2858.05,8427.64,18690.3
-2849.55,7587.5,17594
-3187.25,7473.91,17330.1
-2931.09,7595.86,17807.4
-2960.26,7978.37,18566.7
-2941.67,8630.73,19077
-1518.11,8706.39,19290.7
-2849.24,9151.95,19479.4
-4305.36,9717.68,18806.8
-2643.07,9686.09,21440.1
-4883.06,9232.91,20470.1
-5862.76,7561.41,19814.9
-4782.57,7142.74,20104.9
-2785.35,8180.12,19599.3
-2552.52,8904.73,18962.4
-3616.39,8870.11,19531.9
-3179.96,9064.26,20135.5
-4310,8259.32,19581.2
-1426.38,9567.46,20672.7
-3063.19,10796.9,18920.3
-1916.57,10606.1,18933.6
-3804.77,10406.2,18637.3
-3911.7,10055.2,18072.9
-2290.31,10297.8,18573.8
-2307.33,10567.7,18518.1
-3707.28,10273.8,18021.3
-3104.77,10545.1,20050.7
-2525.42,11941.9,20974.8
-1107.28,11846.4,19500.4
-3809.18,11087,17136.4
-2612.45,10367.1,20271.4
-3685.22,10803.9,21425.5
-3924.28,10785.2,21084.4
-2921.56,10782.4,20102.4
-2770.58,10531.8,19123.5
-3911.96,9940.86,18980.3
-4073.14,10334.5,19503.7
-2522.35,11361.6,18717.4
-3329.95,11021.2,19998.4
-3707.02,11215.2,18571
-4084.09,10394,19157.6
-3575.03,11229.5,19532.5
-4311.34,11293.2,19500.6
-4317.96,11105.9,19127.2
-3822.93,11379.9,18801.3
-4577.9,10960.6,19237.1
-5587.33,9146.21,20209.5
-4873.78,8648.83,19467.8
-5544.27,8432.16,17878.4
-3930.95,9521.69,18714.3
-3138.56,10876,18386.3
-3515.71,11785.6,19922.5
-4444.14,12169.1,19742.8
-4395.68,10618.2,18506.8
-4395.16,9599.72,17908.5
-4626.02,10244.6,18312.7
-3827.13,9778.71,18927.6
-5487.23,10415.4,18394.2
-3649.12,9436.22,19266.2
-4239.73,10243.8,19407
-3687.81,10886.2,20140.5
-3738.92,10122.8,19372.2
-3384.33,10897.3,18361.9
-3168.83,10291.2,19328.5
-2538.02,9732.87,20057.7
-2465.8,10013.1,18801.2
-4713.68,7892.07,18333.3
-4326.91,8526.02,19202.7
-3367.65,10608.5,18966.4
-3739.14,9241.03,17604.2
-3572.59,10865,17405.3
-4522.74,9400.63,17982.5
-2746.46,10863.8,18105.1
-1604.03,11690.4,18800.4
-2498.71,10042.1,19212
-3273.6,9540.29,18656.6
-3427.54,11487.3,18575.9
-4409.81,10688.2,18291.6
-1407.23,11490.3,18638
-1001.79,10148,17866.6
-1697.37,10709.3,18376.5
-801.284,10554.2,18577.8
-2436.91,10477.3,18639.6
-3758.31,10200.5,18598.7
-3255.09,10043.8,18157.5
-2569.25,10018.6,17825.3
-2779.49,9565,17939.9
-3792.26,10274.8,16357.6
-1313.23,10224.1,17221.4
-2070.1,10063.7,17654.7
-2249.24,10906.3,19471.3
-681.902,11707.9,18029
-2044.8,10775.6,19232.6
-2000.98,11033.9,19555.5
-1072.99,11552.2,17842.4
-1754.94,11048.5,17141.7
-1751.48,11484.7,18156.3
-2085.99,10513,19018.6
-2147.97,10411.7,19013
-2536.34,10400.4,17831.1
-523.424,12400.1,18097.6
-1342.27,10646.1,18302
-1617.08,9325.46,18245.7
-709.732,9742.55,18329.8
-1065.56,10533.6,18165
-2758.63,10874.1,17924.9
-2741.42,10938.2,17768.6
-1911.62,9987.68,15216
-3020.33,10392.9,17568.5
-1582.34,12238.9,18978.3
-538.445,10950.5,19092.6
-1434.67,10461.6,17245.8
-1810.73,10847.9,18287.7
-1332.02,10476.9,18957.8
-784.791,10063.8,17974.1
-1149.96,10447.8,17211.3
-2201.91,10675.7,17225.6
-1257.48,11524.3,18536.2
-2825.48,11914.6,20491.7
-2392.03,11437.9,19829.3
-1959.83,11501.5,19384.6
-1345.32,11073.5,18526.8
-990.541,11272.4,17477.1
-929.456,11451.2,17444.7
-1124.3,11221.2,18360.1
-842.013,11025.2,18584.2
-57.0065,10960.7,17809.4
-1794.71,10516.8,19236.5
-870.581,10739.6,20005.5
-271.136,11623.6,19406.1
-547.986,10505.4,19424.6
-705.435,10350.8,17502
-1155.52,10697.1,18170.1
-1195.93,11522.1,18435.4
-892.592,11823.6,18273.9
-576.361,10788.3,19403
-65.6939,9734.37,19922.7
-68.7105,10642.3,19319.7
0,12048.3,17708.2
-2317.21,12250,18405.1
-1280.33,12021.9,18449.2
-721.894,10042.6,17822.1
-649.401,10604.3,17155.2
-727.357,10632.1,17532.8
-471.924,10243.6,18700.4
133.533,10849.1,19255.5
356.089,10460.6,18360.8
-65.349,10390.5,17036.1
-653.49,10851,18154.7
-2560.99,9352.85,19263.1
-887.993,11355.5,17438.4
-564.326,10770.5,18375.4
-717.06,9639.4,18913.2
-434.606,9865.81,19401.2
-78.1769,11075.6,20133.8
-92.2144,11814.6,20327.3
-140.056,11649.9,19922
-136.236,11663.2,18952.2
-1362.36,10318.3,16331.3
-1666.42,9787.89,20332.6
-340.041,8944.81,19229.7
268.415,10594.9,18109.1
153.38,10581.9,17845
-35.1633,9590.91,19381.4
-517.094,9599.07,19934.1
-1335.92,10421.3,19068.7
-1633.28,10982.3,19840.2
-1487.15,11814.9,17860.9
-1955.47,9827.64,19311.2
-770.389,10022.8,19438.8
-127.743,10125.4,18895.7
0,10966.5,19883.7
-309.262,11106.7,19075.9
-374.291,10266.5,18675.1
-194.646,9785.88,18915.9
-187.613,10328.5,18685.7
-391.487,10915.7,19105.9
-723.162,11138,19763.8
-628.893,10059.2,18820.5
-251.428,9079.19,19197.8
-2119.4,8099.48,18426.9
-1458.32,7435.13,18871.1
-606.562,9255.69,18940.7
-182.012,10214.2,18795.4
-152.937,9419.26,18926.7
-472.857,9194.55,19551.4
-732.969,10003.8,19971.5
-835.748,9398.04,17941.8
0,7873.28,19613.3
0,8309.85,17936.6
-396.638,8184.52,21084.5
-291.318,8612.4,19205.1
-81.4738,9593.58,18334.6
0,9787.33,18394
-196.355,9405.78,18304.6
-408.605,9461.32,18889
-322.839,9501.38,19559.4
-684.038,8296.26,17575.2
-110.762,7709.35,18878.1
-865.305,8517.16,20376.9
-1287.54,9707.66,19164.7
-326.123,8773.01,18620.1
-485.774,8477.64,18755.9
-445.534,8138.84,17944.9
-94.5018,7437.97,17702.8
-560.072,7063.31,18633.5
-1052.52,7378.43,19074.2
0,9000.62,22020.5
0,7661.73,20566.7
378.269,8346.62,18509.2
-384.97,8963.29,20689.9
35.4668,8968.38,19447.3
-1010.22,7587.67,18785.1
-942.493,7657.53,19333.8
-531.834,8086.38,19156.9
-1674.84,8208.71,18862.8
-2551.61,9891.05,19876.6
-2563.41,8227.74,17948.9
-107.315,9035.43,20038
-2265.08,6907.2,19476.3
-1511.24,7595.15,20063.2
-703.084,7705.66,19786.3
-933.868,7878.93,19382.3
-623.827,8383.89,19729.1
-737.861,8441.19,19896
-1584,7895.31,19040.7
-639.077,8110.1,18369.5
563.189,9800.64,19150
-738.554,8938.01,19286
-2226.53,7072.87,18010
-2191.34,7715.17,19264.3
-1579.96,7870.02,21086.7
-852.635,8383.79,21078.7
-1626.46,8713.09,20372
-2203.57,8479.08,19916.4
-2074.43,8522.16,19785
-3004.21,8884.41,20250.5
-725.121,7194.55,20837.7
-1569.19,8312.11,20405.5
-1219.45,8324.17,19408.2
-2673.02,8483.32,19847
-2923.01,8154.34,20299.2
-2870.24,8422.27,20033.5
-3083.51,7283.78,21055.9
-2810.73,6803.41,21443.9
-2574.84,8191.2,20144
-3491.01,8228.02,20136.9
-2550.77,8692.08,19508.8
-2534.99,9424.34,18502.8
-2513.18,7507.47,20184.1
-3563.74,7805.71,20164.9
-3213.59,7684.59,20210.8
-3738.12,8446.55,19856.3
-3968.7,9000.12,19306.3
-4114.49,8942.42,18913.9
-4344.49,8809.11,19115.5
-3228.06,8366.91,19655.2
-2842.21,7280.22,18634.6
-3421.06,6276.91,20381.5
-4043.73,7645.55,19043.7
-3231.6,7885.11,19267.2
-2013.06,9386.66,20154.6
-1885.07,8108.95,20540
-2909.16,7145.39,20138.5
-3954.32,7665.61,19661.6
-3844.9,8279.98,19552.1
-2814.16,8687.37,19745.3
-2698,7673.15,20927.7
-1730.16,9124.9,21120
-3266.16,7370.53,21519.7
-4062.3,8300.58,19238.1
-3901.91,7932.33,19618.6
-2475.21,8120.35,20192.9
-2301.3,8132.76,20286.4
-3181.59,7030.76,20199.8
-3165.01,6425.3,19454.4
-2553.71,7921.46,17913.9
-3049.43,8271.95,17659.4
-3734.9,7948.18,17295.6
-3817.78,8573.96,19753.1
-2402.36,8936.27,19695.9
-4391.8,6927.19,20102.7
-3968.07,7180.5,19170.5
-3182.01,7457.71,18907.1
-3395.08,7349.78,18723
-3340.53,8269.16,17789.2
-3129.42,8878.55,18282.5
-3438.64,8222.67,19308.1
-3385.26,9899.26,18288.1
-2101.47,9210.91,19460.4
-3387.77,8584.29,18088.8
-3863.15,8538.92,18967
-3287.66,9912.55,20069.7
-3130.16,10314.7,19244.6
-3501.18,9022.43,18925.5
-3297.52,8161.04,19407.5
-3078.63,8888.82,17446.4
-5479.95,8664.29,17865.1
-3864.57,9511.08,21470.4
-4041.63,8138.39,19148.8
-4040.83,8103.05,19473
-3614.18,8132.34,19220.6
-3556.43,8399.14,18793.7
-4526.41,8588.52,19514.9
-4737.98,8987.01,19831.3
-3440.73,9136.93,18470.4
-3367.29,7671.88,17570.5
-5588.25,6207.04,18517.3
-4486.8,9600.44,17666.8
-4754.04,8089,19748.7
-5018.18,7324.69,19995.2
-3020.82,9519.63,19412.3
-2377.75,9202.6,19232.1
-3636.06,8597.73,19207.2
-5155.19,7908.43,19535.2
-5043.76,6975.08,19825.5
-3814.55,7855.35,19108.4
-5660.29,6822.49,19070.1
-4305.36,9089.09,18486.6
-4486.12,7186.18,18017.6
-4529.62,7915.35,18518.3
-4374.39,8329.22,18082.5
-2430.02,9169.72,17467.5
-2211.97,8905.67,18152.1
-2520.53,8883.63,19081
-2316.09,9383.2,19422.3
-4358.43,7886.57,19940.8
-3992.2,8002.97,18809.9
-1173.79,10230.8,18841.5
-4202.94,8974.41,18666
-4212.3,8935.32,18066
-3744.98,8715.64,18943.8
-4589.17,8104.21,19031.2
-4776.22,7717.77,19193.2
-3938.56,7404.88,18450.8
-3679.24,7168.2,17640.6
-4173.51,7456.93,19568.2
-3616.16,7296,18949
-3346.65,8850.88,19375.1
-4587.49,7826.2,19750.5
-3049.96,8430.94,19840.5
-3468.22,8067.66,19727.3
-4683.05,8585.56,19063.4
-4692.19,8399.09,19134.9
-3868.12,8309.98,19807.9
-3224.45,9346.15,19629.5
-2926.89,9268.14,18846.3
-4081.61,7690.56,19963.4
-4192.91,8019.9,18698.5
-2586.66,7898.49,20271.6
-2063.94,7575.01,20111.1
-3254.43,8291.01,18415.9
-3275.27,8553.83,18793
-3797.34,7895.7,19251
-4471.16,7854.88,18999.1
-3868.55,8388.69,18824.6
-3367.59,7695.71,18783.9
-4055.16,7870.59,20087.9
-2742.52,7941.93,18370.9
-1812.21,7990.13,18567
-1519.11,8524.23,18657.6
-1586.51,9153.73,18397.4
-2483.39,8494.82,19612.1
-3381.2,8656.1,19677.2
-3385.36,9183.67,18856.8
-2857.43,8240.36,18743.2
-2959.39,6859,18740.9
-3354.69,7459.37,19786.2
-289.918,10451.7,19279.9
-3868.2,8340.54,17905.3
-5334.9,7781.25,19822.1
-3916.89,8445.31,18344.2
-3367.02,8502.91,18575.4
-3176.09,8454.33,18835.7
-3635.64,8564.72,18563.7
-3942.13,8602.92,18895.9
-2302.2,8528.02,19156.4
-3381.17,7934.1,19672.7
-1435.12,10455.3,18656.6
-2651.03,8870.87,21443.2
-3213.44,8789.69,18452
-2108.17,8896.41,17902.8
-1496.55,8429.09,18844.5
-2272.77,8610.98,19922.2
-2878.94,9607.11,19327
-2202.75,9428.92,18423
-1447.89,7965.73,19755.2
-1544.23,10214.1,17894.9
-1951.5,7805.99,18884.6
-895.675,9639.43,19971
-2208.22,8731.93,20077.9
-1925.4,9233.46,19665.8
-1765.32,8297.44,21042.5
-2188.66,7624.33,21467.5
-2579.77,8212.82,20270.2
-2426.07,8624.35,19343
-1927.08,8330.48,19393.8
-1936.1,9128.98,20204.5
-1528.37,9182.34,21830.8
-2480.17,8511.91,20009.7
-2556.37,8198.99,19313.2
-2003.76,8368.94,18236.2
-1835.45,8266.34,18393
-1550.89,9691.14,18713.3
-2397.04,9620.2,17746.8
-3906.52,8189.15,17109.4
-2941.99,10356.8,18567
-1489.54,9465.21,17789.4
-1979.31,8544.9,19399
-3472.62,7612.6,18300.3
-2507.36,9289.61,18899
-2006.81,8384.62,19863.1
-1913.49,8113.07,20143.5
-2564.19,8086.17,20099.1
-2311.63,8167.37,19347
-1218.23,8772.33,19234.8
-1932.04,8744.29,20985.8
-2283.11,7516.22,18444.1
-1709.76,8876.36,16937.8
-2366.56,8206.75,19517.4
-3307.95,8631.74,17604.9
-2799.56,9053.24,17578
-2892.18,8708.97,17346.6
