-2087.32,955.689,9349.1
-2112.42,969.227,9347.67
-2195.4,933.813,9453.07
-2211.55,972.627,9415.25
-2199.48,991.809,9294.61
-2192.92,975.937,9289.74
-2158.51,967.239,9369.43
-2113.6,971.913,9398.27
-2125.76,958.419,9398.73
-2104.84,953.912,9446.86
-2087.85,1006.18,9453.67
-2124.25,1095.87,9326.77
-2029.11,1067.35,9308.05
-1968.05,1091.36,9304.09
-1956.08,1116.99,9308.83
-1948.4,1133.49,9319.58
-1925.45,1114.69,9339.1
-1891.9,1077.09,9347.72
-1894.12,1096.07,9322.14
-2049.25,1136,9327.09
-2173.81,1158.23,9412.76
-2236.14,1122.37,9447.17
-2158.68,1174.77,9440.84
-2194.91,1110.19,9434.7
-2229.69,1073.12,9509.86
-2213.68,1093.23,9558.23
-2160.07,1100.73,9545.8
-2104.23,1043.38,9533.85
-2076.58,966.678,9537.58
-2044.19,990.282,9535.95
-1935.5,1016.59,9601.32
-1914.44,939.67,9552.42
-1929.61,1077.12,9573.41
-1911.46,1142.17,9549.18
-1999.76,1196.59,9553.17
-2099.78,1212.05,9553.63
-2092.49,1177.81,9535.99
-2066.16,1145.74,9554.36
-2152.03,1157.04,9639.79
-2161.19,1205.06,9695.8
-2230.99,1254.36,9500.86
-2209.74,1234.91,9650.63
-2269.28,1299.88,9604.89
-2255.96,1285.66,9640.04
-2298.66,1238.17,9635.62
-2303.38,1194.93,9710.44
-2258.49,1176.9,9773.96
-2278.58,1148.19,9705.31
-2367.13,1072.99,9658.17
-2362.84,1078.41,9700.21
-2449.4,1118.62,9629.75
-2449.43,1132.08,9597.91
-2544.2,1154.63,9715.33
-2574.51,1150.72,9685.11
-2581.7,1155.51,9764
-2578.8,1145.46,9795.62
-2568.93,1163.76,9726.55
-2570.25,1215.67,9680.57
-2605.46,1213.58,9669.26
-2669.21,1208.78,9629.68
-2599.35,1297.09,9702.06
-2733.06,1148.82,9749.35
-2742.32,1168.27,9750.9
-2761.22,1184.19,9867.05
-2800.81,1166.03,9917.57
-2881.41,1231.07,10006.7
-2971.69,1320.15,10127.7
-3021.13,1287.88,10171.7
-3016.99,1179.48,10175.5
-2963.87,1191.22,10241.9
-2972.95,1233.24,10356.2
-3110.04,1264.15,10254
-3045.32,1261.26,10375.4
-3038.9,1210.67,10445.4
-3081.57,1191.18,10392
-3097.52,1234.51,10320.9
-3015.1,1196.31,10318.3
-2922.13,1093.15,10353.4
-2990.29,1130.59,10347.7
-3086.61,1119.6,10307.7
-2987.8,1154.04,10290.3
-2884.75,1175.33,10280.7
-2903.11,1147.79,10147.2
-2864.47,1181.21,10169.8
-2860.05,1253.75,10161.5
-2914.69,1236.91,10099.9
-2954.93,1191.89,9978.86
-2896.98,1186.31,9839.63
-2770.32,1141.26,9723.39
-2729.12,1158.78,9403.54
-2576.05,1397.81,9186.53
-2396.84,1466.74,8967.22
-2265.23,1348.6,8845.2
-2199.32,1526.37,8774.34
-2225.89,1511.6,8770.2
-2321.54,1453.28,8838.55
-2484.06,1533.89,8921.04
-2676.35,1655.28,8991.9
-2834.18,1699.6,9107.79
-3026.38,1725.18,9270.49
-3202.68,1823,9408.15
-3278.39,1924.05,9578.89
-3307.16,1872.55,9756.88
-3366.93,1841.79,9893.3
-3426.01,1777.92,10052.7
-3380.53,1766.72,10197.3
-3282.18,1806.44,10261.4
-3258.53,1778.17,10290
-3290.12,1662.31,10362.1
-3216.96,1637.04,10361.3
-3100.88,1611.96,10411.6
-3114.31,1701.42,10274.9
-3095.52,1710.33,10167.2
-3013.49,1761.2,10137.4
-2930.88,1757.11,10068
-2917.13,1722.3,10026.5
-2947.17,1670.75,10036.1
-2930.58,1622.39,10082.2
-2863.04,1612.35,10153.8
-2907.1,1546.19,10104.2
-2991.54,1542,10101.8
-3048.61,1528.08,10092.1
-3131.22,1545.87,10181.7
-3116.75,1540.12,10337
-3160.3,1428.77,10416.8
-3171.97,1343.69,10483.5
-3130.99,1252.01,10565
-3146.3,1129.85,10671.8
-3229.42,1109.94,10838.4
-3223.93,1073.07,10952.9
-3233.82,1000.78,11174.2
-3320.58,970.815,11271.7
-3356.93,895.605,11354.6
-3338.14,912.307,11440.9
-3358.24,948.608,11580.5
-3411.39,959.042,11705.8
-3459.67,993.489,11771.7
-3454.35,1072.42,11773.3
-3391.54,1140.16,11740.5
-3408.61,1207,11793.9
-3383.61,1173.16,11788.7
-3351.9,1198.76,11745.9
-3376.84,1243.88,11733.1
-3364.08,1219.72,11723.9
-3347.84,1208.15,11746.9
-3364.45,1232.76,11771.4
-3330.66,1195.45,11770.5
-3232.7,1081.96,11778
-3200.79,1031.85,11825
-3210.8,1054.72,11823.2
-3219.93,1052.32,11760.3
-3235.63,1126.38,11873.1
-3129.42,1159.99,11855.9
-3028.01,1133.25,11878.7
-3012.19,1156.97,11899.9
-3010.95,1179.51,11876.7
-2978.5,1150.47,11840.3
-2902.67,1104.88,11803.2
-2792.99,1086.64,11726.1
-2775.85,1065.41,11643.8
-2783.13,1016.49,11531.5
-2762.6,979.383,11550
-2693.6,928.329,11619.7
-2650.27,895.138,11692.5
-2680.51,890.986,11699
-2698.94,910.906,11613.4
-2667.78,962.273,11505.2
-2635.09,1017.65,11435.4
-2637.05,1027.99,11368.9
-2639.35,1050.25,11278.6
-2592.79,1144.16,11295.8
-2604.73,1105.6,11252.3
-2633.2,1047.25,11199.8
-2671.57,1046.91,11165.6
-2688.95,1008.96,11129.5
-2706.57,980.304,11111.5
-2705.16,968.068,11080.3
-2671.63,914.179,10994.7
-2646.67,840.171,10906.9
-2630.11,869.871,10930.1
-2637.98,867.718,11007.8
-2680.03,803.853,10990.2
-2756.8,861.232,10919
-2860.34,956.699,10862.6
-2891.24,1031.22,10845.8
-2869.32,1110.13,10796.1
-2820.29,1165.9,10693.1
-2770.19,1138.02,10602.3
-2762.09,1027.1,10575.4
-2749.74,881.34,10560.7
-2621,732.481,10495.1
-2544.93,598.099,10337.5
-2495.75,429.163,10304.1
-2452.32,257.718,10314.3
-2429.25,94.3952,10302.8
-2400.39,-43.588,10304.7
-2335.81,-170.053,10304.1
-2237.52,-313.181,10256.2
-2135.59,-462.47,10172.4
-2047.15,-556.894,10078.2
-1905.22,-573.251,10009.8
-1660.04,-550.962,9967.74
-1474.39,-538.738,9940.74
-1394.62,-532.372,9963.78
-1435.49,-494.344,9973
-1519,-420.561,9963.95
-1600.67,-343.248,9992.27
-1684.23,-291.527,10049.1
-1757.14,-279.581,10038.8
-1799.42,-325.759,9958.16
-1926.65,-324.43,9928.59
-2010.72,-457.664,9978.06
-2024.41,-586.814,9939.54
-1983.15,-662.179,9904.08
-1952.98,-760.297,9865.96
-1910.91,-857.282,9825.74
-1880.75,-954.923,9821.01
-1914.9,-1044.32,9856.62
-1979.11,-1067.97,9875.56
-1970.53,-1062.89,9857.42
-1958.39,-1034.56,9851.3
-1994.38,-1017.08,9862.84
-2099.96,-1058.92,9849.92
-2203.57,-1140.75,9800.09
-2247.91,-1217.94,9764.49
-2233.08,-1250.81,9729.29
-2218.46,-1245.5,9699.6
-2237.43,-1288.86,9707.46
-2271.48,-1426.31,9752.08
-2330.25,-1477.67,9808.52
-2294.12,-1512.82,10000.9
-2172.27,-1394.69,10048.3
-2158.07,-1399.89,10104.5
-2030.24,-1319.7,10150
-1897.13,-1253.05,10197.4
-1742.68,-1181.08,10225.1
-1570.26,-1114.3,10202.4
-1428.73,-1085.29,10084.4
-1310.6,-1085.42,9885.35
-1161.25,-1153.33,9802.8
-1031.59,-1216.92,9845.85
-927.792,-1305.32,9690.31
-872.071,-1430.41,9564.5
-815.776,-1509.67,9529.23
-834.208,-1578.22,9482.56
-927.026,-1603.64,9468.07
-1041.75,-1594.56,9461.65
-1120.3,-1572.47,9416.39
-1141.2,-1506.08,9360.87
-1150.74,-1397.55,9294.47
-1146.21,-1358.69,9503.56
-1215.24,-1517.93,9535.36
-1205.13,-1542.14,9575.85
-1270.03,-1575.3,9720.83
-1351.33,-1544.63,9772.49
-1400.03,-1450.49,9860.29
-1425.31,-1434.23,9976.65
-1449.18,-1498.55,9998.34
-1453.25,-1481.42,9942.59
-1398.48,-1483.92,9856.31
-1384.49,-1423.51,9856.75
-1222.41,-1567.66,9738.88
-1142.91,-1617.3,9595.77
-956.842,-1656.95,9487.12
-841.893,-1699.24,9329.96
-839.481,-1806.84,9226.14
-727.857,-1854.96,9221.77
-521.076,-1860.93,9217.92
-503.341,-1989.89,9140.59
-442.571,-1885.54,9106.2
-435.745,-1872.27,9185.47
-352.161,-1896.15,9061.56
-383.007,-1968.2,9063.05
-471.345,-1980.64,9115.54
-498.564,-2132.07,8952.67
-441.64,-2226.62,8970.02
-403.013,-2214.45,9063.68
-521.095,-2195.38,9010.35
-743.703,-2175.03,9060.01
-734.959,-2212.09,9118.21
-788.209,-2226.17,9191.28
-945.465,-2302.25,9075.76
-985.191,-2225.91,9049.03
-1063.86,-2282.69,9061.92
-1096,-2285.62,9057.7
-1132.41,-2253.14,9042.98
-1162.61,-2265.8,8982.41
-1161.43,-2288.47,8953.52
-1188.61,-2239.58,9048.41
-1219.79,-2185.68,8960.17
-1136.21,-2239.3,9042.04
-1195.31,-2174,8910.9
-1331.73,-2234.3,8881.42
-1257.02,-2266.65,8877.57
-1208.29,-2324.17,8870.22
-1254.19,-2334.18,8787.04
-1299.93,-2363.43,8732.14
-1315.74,-2452.09,8741.76
-1347.23,-2508.91,8683.87
-1316.46,-2652.81,8683.74
-1489.19,-2653.12,8624.26
-1428.21,-2673.64,8739.32
-1369.95,-2850.89,8733.65
-1367.22,-2877.04,8665.81
-1333.09,-2875.78,8761.2
-1378.46,-2862.27,8839.13
-1437.62,-2816.27,8855.57
-1378.47,-2811.68,8887.97
-1297.91,-2882.5,8923.54
-1370.77,-2818.04,9033.2
-1452.58,-2867.99,8921.59
-1450.17,-2915.92,8829.84
-1366.52,-3038.48,8815.31
-1369.04,-3105.31,8793.6
-1377.46,-3126.89,8710.99
-1365.74,-3176.26,8694.77
-1341.03,-3241.87,8671.4
-1308.52,-3266.92,8552.58
-1276.38,-3259.24,8457.65
-1241.17,-3275.32,8395.56
-1120.09,-3294.53,8370.92
-976.284,-3539.01,8386.23
-1016.05,-3490.03,8460.27
-1053.5,-3491.47,8565.63
-1005.66,-3508.04,8612.17
-885.628,-3448.75,8676.73
-776.786,-3380.72,8763.8
-728.42,-3342.47,8816.24
-715.05,-3258.19,8845.36
-731.15,-3231.38,8872.3
-750.768,-3258.48,8866.84
-746.436,-3358.05,8837.12
-759.935,-3417.01,8774.93
-809.526,-3483.76,8687.47
-823.509,-3543.89,8709.62
-849.35,-3545.63,8751.05
-869.345,-3579.14,8721.09
-863.65,-3658.98,8658.95
-903.485,-3660.17,8632.2
-975.852,-3710.55,8595.03
-936.208,-3748.08,8522.1
-969.815,-3727.88,8605.57
-1042.33,-3707.95,8601.26
-1071.14,-3752.32,8612.07
-1109.8,-3765.47,8581.95
-1157.85,-3779.53,8613.44
-1178.23,-3771.32,8664.12
-1165.39,-3729.32,8650.91
-1138.1,-3731.16,8637.6
-1054.68,-3752.43,8642.48
-866.452,-3806.78,8680.55
-677.25,-3804.11,8682.52
-593.412,-3834.71,8651
-503.268,-3925.27,8620.54
-413.438,-3990.85,8587.61
-379.009,-4028.46,8590.14
-377.441,-4069.14,8605.01
-374.946,-4119.65,8620.65
-402.024,-4157.03,8663.92
-472.073,-4158.43,8655.64
-643.688,-4157.21,8735.69
-732.299,-4209.13,8837.34
-815.438,-4168.05,8837.09
-930.558,-4158.79,8844.98
-1042.65,-4152.81,8890.03
-1103.28,-4104.26,8949.75
-1107.08,-4047.67,8992.22
-1107.83,-4059.18,8986.92
-1148.34,-4126.23,8927.08
-1157.21,-4106.77,8871.21
-1072,-4087.27,8855.92
-1056.97,-4116.62,8799.77
-1052.82,-4211.66,8663.25
-1053.12,-4335.63,8574.74
-1089.96,-4404.75,8569.56
-1082.04,-4438.4,8520.6
-1000.54,-4491.21,8449.92
-920.216,-4547.11,8416.81
-922.198,-4520.24,8371.72
-990.234,-4398.26,8379.32
-994.125,-4378.9,8447.58
-923.461,-4432.49,8438.91
-864.968,-4488.99,8402.43
-916.144,-4462.02,8371.48
-919.986,-4405.24,8326.47
-893.756,-4410.86,8268.92
-914.477,-4497.55,8220.72
-963.339,-4589.2,8201.73
-966.752,-4615.89,8194.88
-957.232,-4649.2,8133.57
-912.553,-4814.15,8041.78
-883.209,-4906,8023.7
-877.811,-4873.71,7934.63
-851.473,-4858.06,7836.14
-790.675,-4911.67,7771.5
-686.49,-4934.5,7698.81
-648.331,-4916.34,7624.26
-729.521,-4928.01,7584.51
-819.409,-4975.14,7574.06
-893.323,-5010.51,7583.08
-1001.26,-5093.31,7600.86
-991.283,-5176.59,7577.63
-965.796,-5167.71,7563.32
-947.823,-5138.2,7550.48
-986.526,-5177.82,7546.61
-1026.8,-5254.96,7510.33
-1007.57,-5289.02,7454.64
-983.554,-5272.1,7407.63
-1055.83,-5287.25,7366.76
-1138.11,-5382.82,7374.81
-1077.57,-5478.58,7383.53
-1044.27,-5443.81,7317.72
-1103.62,-5475.21,7290.78
-1097.18,-5481.68,7227.96
-1083.77,-5521.88,7176.54
-1072.03,-5545.02,7157.58
-1056.58,-5545.36,7142.57
-1039.19,-5557.57,7135.75
-1003.98,-5580.27,7178.45
-934.892,-5623.44,7219.88
-914.552,-5630.32,7219.97
-769.842,-5704.88,7073.55
-675.709,-5776.31,7027.21
-619.676,-5764.68,7029.41
-557.593,-5760.37,7041.93
-532.561,-5811.47,7017.43
-537.597,-5873.09,6960.58
-521.102,-5906.65,6944.36
-494.843,-5959.32,7009.02
-534.901,-6075.69,7048.88
-566.758,-6094.53,7091.01
-540.226,-6141.83,7136.85
-549.849,-6090.62,7213.6
-569.152,-6092.06,7258.77
-536.434,-6161.56,7225.93
-555.61,-6182.42,7171.1
-578.264,-6179.9,7088.26
-509.308,-6236.5,6997.77
-435.149,-6315.57,6967.77
-460.932,-6366.31,6870.85
-462.188,-6397.82,6744.79
-472.13,-6459.49,6554.6
-484.213,-6540.98,6510.45
-490.326,-6542.53,6444.91
-518.981,-6521.41,6422.14
-568.408,-6520.74,6432.91
-646.662,-6541.61,6471.4
-733.093,-6569.24,6524.8
-762.405,-6603.14,6547.83
-721.452,-6660.36,6566.38
-639.919,-6717.06,6658.18
-637.839,-6740.48,6592.17
-508.26,-6763.15,6604.72
-494.488,-6793.4,6642.79
-470.177,-6749.51,6584.26
-442.276,-6705.5,6527.12
-418.756,-6732.42,6499.8
-382.008,-6801.53,6452.36
-348.967,-6861.23,6399.64
-319.444,-6935,6364.81
-314.973,-6913.89,6315.34
-238.275,-6921.73,6248.9
-228.798,-6927.58,6273.56
-275.383,-6952.77,6231
-272.789,-6968.36,6147.49
-281.752,-6977.69,6076.91
-328.877,-7018.7,6042.25
-365.298,-7071.72,6051.58
-390.615,-7061.03,6086.71
-475.447,-7017.5,6065.49
-482.192,-7025.19,6061.28
-336.064,-7114.82,6122.86
-380.213,-7114.79,6134.36
-455.288,-7138.88,6117.51
-495.61,-7155.3,6138.64
-514.613,-7189.22,6144.33
-538.131,-7191.27,6077.38
-559.938,-7125.8,5966.12
-549.156,-7075.84,5915.68
-495.829,-7089.01,5995.71
-438.939,-7099.97,5915.28
-443.093,-7180.45,5802.65
-377.382,-7229.7,5788.02
-412.425,-7246.31,5845.18
-443.571,-7275.07,5883.75
-507.886,-7320.75,5885.16
-561.088,-7380.86,5878.28
-552.618,-7416.51,5890.27
-548.917,-7393.71,5902.53
-536.998,-7411.98,5854.44
-492.708,-7390.85,5868.63
-472.923,-7424.57,5906.22
-565.634,-7334.87,5884.55
-555.09,-7358.3,5910.63
-510.954,-7311.41,5980.63
-480.824,-7310.49,6023.17
-448.073,-7390.99,6010.25
-446.747,-7407.77,5965.94
-482.122,-7346.32,5904.18
-310.656,-7454.54,5811.07
-186.611,-7414.28,5753.03
-44.404,-7404.27,5746.91
-95.8878,-7496.37,5764.8
-41.9282,-7551.3,5769.85
3.78106,-7698.49,5798.35
-0.0409242,-7758.31,5836.56
-60.0162,-7776.52,5888.46
-131.802,-7849.31,5914.4
-110.167,-7845.27,5849.49
-11.9832,-7814.06,5807.67
-153.343,-7808.86,5842.48
-160.165,-7732.14,5890.06
-72.1046,-7720.27,5933.25
32.3644,-7737.3,5950.72
-22.4496,-7790.13,5898.73
-94.9985,-7827.57,5870.47
-32.1862,-7748.85,5818.45
79.013,-7628.86,5699.63
105.717,-7642.37,5647.75
228.782,-7609.53,5683.83
226.124,-7589.29,5544.16
381.953,-7720.16,5460.26
428.965,-7694.99,5420.09
532.646,-7683.92,5463.98
565.165,-7708.13,5402.03
529.507,-7757.66,5329.75
526.701,-7793.13,5307.53
559.944,-7812.32,5304.22
546.755,-7835.57,5305.11
563.982,-7801.56,5263.4
580.403,-7968.16,5332.25
583.839,-7939.63,5372.52
551.778,-7995.8,5258.4
534.637,-8100.13,5277.95
546.646,-8068.1,5289.64
544.257,-8021.7,5271.04
526.052,-8016.77,5250.79
552.816,-8015.95,5249.27
619.214,-8010.15,5277.28
566.173,-7926.58,5299.52
605.814,-8001.29,5359.68
619.388,-8057.6,5353.47
533.429,-8105.23,5257.77
623.886,-8101.55,5105.91
722.354,-8056.11,5093.17
782.82,-8050.75,5129.35
869.592,-8031.07,5141.1
952.865,-7991.12,5134.41
952.654,-8033.17,5105.84
1020.06,-7998.55,5093.74
1086.93,-7933.52,4988.57
1107.71,-7917.43,4995.63
1115.83,-7996.72,5013.05
1083.88,-8020.73,4956.63
1041.86,-7988.96,4951.88
1040.69,-7972.01,4972.69
1027.97,-7951,4960.95
1006.38,-7917.03,4913.4
1063.11,-7937.52,4877.34
1079.54,-7962.81,4908.29
1154.4,-7913.38,4811.27
1108.8,-7846.09,4778.84
1124.88,-7853.04,4705.74
1141.89,-7871.12,4655.01
1154.99,-7888.22,4702.98
1143.87,-7884.01,4683.4
1075.55,-7859.09,4594.57
1009.06,-7807.55,4564.95
1048.4,-7748.75,4595.77
1099.63,-7810.94,4592.19
1090.19,-7850.79,4458.8
1029.57,-7831.69,4444.15
1106.74,-7801.81,4391.74
1158.99,-7770.56,4350.56
1190.44,-7780.1,4244.57
1188.34,-7772.27,4146.34
1227.59,-7747.14,4096.47
1337.13,-7747.35,4059
1422.29,-7780.06,3998.7
1493.52,-7860.5,3896.99
1546.06,-7927.12,3790.2
1511.5,-7841.82,3737.94
1550.35,-7823.96,3734.97
1556.26,-7764.36,3702.19
1540.59,-7717.27,3670.94
1531.08,-7729.42,3638.22
1537.11,-7751.03,3599.79
1556.88,-7781.98,3565.15
1613.75,-7883.61,3524.24
1757.1,-7927.7,3444.63
1846.01,-7957.7,3431.6
1837.45,-7972.29,3325.61
1881.82,-7916.49,3233.97
1961.92,-7875.98,3241.02
2055.3,-7911.35,3229.9
2133.02,-7967.03,3135.71
2192.69,-8013.16,3038.53
2257.58,-8051.94,2999.58
2354.57,-8072.49,2974.76
2485.1,-8098.9,2986.34
2526.2,-8144.45,2996.29
2560.65,-8228.97,2964.32
2615,-8330.16,2879.45
2613.45,-8297.57,2840.07
2629.84,-8246.54,2837.74
2604.6,-8258.74,2851.8
2542.8,-8262.91,2887.21
2495.46,-8226.65,2921.36
2469.1,-8238.18,2896.22
2504.45,-8239.25,2829.11
2516.43,-8088.66,2818.52
2474.74,-8051.87,2833.96
2440.77,-8059.14,2815.61
2435.98,-8022.95,2850.86
2438.33,-8006.24,2891.16
2408.38,-8009.84,2884.65
2385.32,-8050.82,2872.36
2402.67,-8142.42,2882.52
2418.92,-8239.33,2850.83
2439.79,-8305.16,2766.01
2523.62,-8392.75,2790.61
2608.61,-8466.73,2834.02
2607.72,-8511.1,2786.15
2608.34,-8515.97,2695.18
2674.75,-8507.21,2679.66
2771.14,-8493.78,2668.84
2808.07,-8478.44,2622.34
2778.15,-8492.85,2594.35
2770.64,-8545.03,2635.84
2783.24,-8525.86,2736.29
2682.96,-8512.94,2796.21
2620.96,-8458.41,2936.8
2572.45,-8416.1,3108.43
2489.9,-8418.07,3183.29
2369.07,-8395.26,3257.18
2340.67,-8348.52,3334.62
2331.91,-8292.3,3387.75
2254.45,-8212.17,3421.6
2216.96,-8116.8,3442.19
2219.62,-8094.29,3420.27
2165.51,-8102.57,3472.27
2175.55,-8051.51,3429.35
2127.84,-7970.62,3380.35
2082.7,-7896.11,3321.07
2107.61,-7764.92,3245.12
2156.06,-7629.22,3221.98
2191.84,-7568.32,3223.77
2231.49,-7562.9,3191.79
2287.01,-7522.82,3164.27
2346.05,-7463.04,3188.01
2530.08,-7502.49,3206.66
2638.03,-7495.5,3094.08
2913.86,-7567.72,2960.19
3068.87,-7582.8,2902.45
3251.22,-7590.16,2765.98
3402.28,-7631.56,2643.38
3486.91,-7649.36,2585.98
3568.31,-7590.76,2540.47
3666.64,-7506.42,2492.36
3696.09,-7464.06,2475.69
3518.43,-7436.19,2494.96
3442.98,-7408.99,2494.02
3335.56,-7326.87,2507.56
3163.26,-7323.11,2533.65
2942.99,-7325.07,2627.49
2654.63,-7304.33,2668.94
2347.15,-7270.51,2649.88
2078.77,-7256.9,2655.54
1877,-7278.86,2695.33
1833.73,-7272.47,2738.1
1763.78,-7342.65,2723.92
1720.76,-7230.11,2592.67
1767.4,-7205.79,2396.85
1930.94,-7148.39,2285.48
2086.78,-7176.46,2118.9
2217.81,-7177.87,1991.67
2322.79,-7121.38,1911.05
2437.1,-7090.25,1807.74
2621.63,-7096.07,1698.63
2788.68,-7073.53,1587.96
2866.32,-7025.64,1584.44
3003.94,-6966.58,1568.01
3050.34,-6915.6,1369.14
3293.21,-6950.97,1381.68
3466.02,-6965.71,1355.52
3563.48,-6971.99,1415.8
3603.37,-7071.11,1541.88
3540.37,-7233,1577.67
3404.09,-7290.7,1563.82
3302.23,-7270.7,1607.96
3200.1,-7349.41,1642.6
3193.35,-7329.4,1594.4
3026.42,-7249.05,1695.64
3019.5,-7202.48,1660.24
2987.69,-7148.18,1710.84
2912.43,-7108.86,1784.56
2809.64,-7049.43,1780.7
2727.16,-6941.29,1801.09
2698.22,-6846.29,1940.38
2511,-6793.15,1947.02
2326.17,-6772.53,1995.93
2329.54,-6672.4,2158.72
2268.09,-6656.65,2232.14
2052.38,-6658.87,2376.37
1958.43,-6550.89,2564.04
1975.75,-6457.69,2798.46
2026.76,-6413.28,2941.81
2137.04,-6405.83,2952.79
2274.25,-6466.9,2974.8
2199.03,-6458.11,2921.78
2284.28,-6600.71,2980.05
2147.5,-6598.98,2883.41
2345.78,-6676.26,2780.26
2464.37,-6753.34,2793.57
2572.36,-6737.36,2773.66
2653.14,-6688.23,2836.25
2720.63,-6664.04,2921.9
2779.72,-6637.91,2972.27
2778.26,-6642.79,3115.12
2769.15,-6875.83,3204.15
2653.06,-6880.64,3170.47
2773.16,-6755.65,3400.16
2746.31,-6708.57,3644.34
2584.84,-6769.27,3835.5
2558.04,-6619.46,4086.73
2430.74,-6747.26,4044.71
2327.22,-6839.84,4083.63
2375.25,-6558.32,4416.28
2303.02,-6385.48,4465.35
2251.11,-6167.88,4472.61
2224.09,-6288.76,4325.53
2172.57,-6226.98,4353.12
2064.15,-6156.95,4341.81
2019.31,-6213.12,4383.88
1970.56,-6118.27,4304.47
1972.72,-6074.45,4270.64
2007.42,-6115.96,4244.96
2052.4,-6156.1,4165.54
2165.96,-6313.45,4189.29
2284.69,-6615.74,4222.49
2347.26,-6852.47,4282.94
2233.03,-6945.64,4251.01
2252.84,-7027.79,4195.84
2318.97,-7143.08,4310.78
2311.89,-7180.15,4355.74
2309.24,-7227.55,4491.82
2292.35,-7257.87,4682.08
2261.42,-7201.37,4797.02
2293.05,-7131.47,4924.38
2203.33,-7063.28,5027.36
2135.09,-6761.33,5023.16
2114.1,-6568.87,4990.98
2150.81,-6359.43,4934.62
2137.21,-6213.2,4810.23
2163.12,-6021.61,4709.58
2124.19,-5838.62,4673.9
2061.43,-5733.23,4668.49
2003.1,-5708.76,4674.34
1842.27,-5783.63,4699.56
1728.36,-6058.27,4686.78
1578.17,-6523.67,4793.12
1357.27,-6922.87,4880.64
1142.34,-7108.93,4910.93
967.968,-7279.04,5127.01
855.659,-7510.24,5318.64
750.491,-7802.74,5342.63
701.151,-8106.92,5374.51
759.572,-8380.08,5511.57
849.629,-8563,5581.19
918.127,-8511.13,5628.85
1035.8,-8361.43,5568.48
971.574,-8099.51,5658.86
938.664,-7810.52,5669.25
981.313,-7461.66,5753.87
1073.93,-7136.32,5819
1112.42,-6898.74,5840.67
1162.78,-6680.86,5825.82
1300.94,-6451.18,5750.82
1441.27,-6337.2,5614.4
1566.98,-6409.02,5518.33
1745.2,-6490.28,5439.16
1960.12,-6869.9,5419.41
2002.81,-7537.72,5411.97
1857.09,-8066.61,5370.18
1702.94,-8449.72,5374.52
1558.42,-8610.62,5407.98
1343.01,-8537.92,5441.27
1092.91,-8362.05,5486.81
920.558,-8205.67,5577.46
716.788,-8017.56,5746.47
544.062,-7842.01,6028.54
273.608,-7743.07,6259.28
62.2593,-7579.5,6442.42
-93.3219,-7347.09,6652.32
-236.002,-7094.42,6793.69
-308.391,-6841.65,6855.64
-294.731,-6604.52,6904.7
-282.605,-6430.56,7011.17
-319.343,-6356.36,7153.46
-253.212,-6333.63,7180
-143.227,-6448.69,7130.49
-21.1893,-6689.61,7063.84
43.0101,-7084.78,6910.03
155.789,-7408.57,6807.61
205.868,-7692.94,6724.35
270.852,-7835.4,6656.95
300.939,-7804.07,6654.38
235.062,-7673.99,6698.05
160.948,-7502.47,6737.23
32.5803,-7303.49,6889.82
-193.687,-7112.68,6978.1
-385.27,-7056.56,7059.59
-606.556,-7004.05,7177.41
-786.955,-6891.05,7324.06
-913.084,-6810.79,7408
-1019.42,-6807.66,7405.63
-1072.82,-6822.53,7406.25
-1030.11,-6770.15,7472.58
-917.635,-6660.52,7559.56
-776.442,-6619.54,7638.44
-735.928,-6620.3,7662.85
-670.389,-6649.69,7678.88
-568.031,-6589.07,7731.32
-580.004,-6539.42,7835.93
-610.488,-6507.55,7858.1
-569.801,-6450.89,7813.52
-538.681,-6432.16,7723.91
-564.804,-6463.6,7647.9
-567.815,-6474.12,7666.68
-626.404,-6594.01,7648.42
-760.168,-6620.1,7544.88
-761.922,-6590.8,7568.87
-739.016,-6570.78,7568.71
-817.342,-6479.83,7491.62
-918.845,-6334.54,7477.77
-959.118,-6148.76,7510.27
-1032.33,-5952.7,7538.14
-1147.09,-5763.46,7594.85
-1152.49,-5561.09,7731.95
-1176.81,-5360.72,7867.91
-1190.98,-5322.2,7916.05
-1171.52,-5307.59,8021.79
-1159.54,-5341.18,8123.87
-1157.71,-5392.62,8245.8
-1093.45,-5451.31,8295.51
-1082.78,-5540.99,8250.7
-1127.37,-5608.65,8169.28
-1120.84,-5604.27,8135.83
-1082.29,-5566.45,8157.51
-1168.59,-5517,8112.09
-1242.18,-5446.92,8127.23
-1272,-5258.37,8163.21
-1310.16,-5097.55,8205.64
-1359.1,-4990.02,8303.67
-1431.08,-4876.81,8396.95
-1480.78,-4777.06,8541.95
-1541.27,-4710.79,8703.34
-1659.68,-4673.81,8791.56
-1782.46,-4664.07,8848.44
-1836.89,-4669.4,9003.93
-1895.74,-4638.46,9048.51
-1934.96,-4596.73,9008.99
-1935.19,-4597.79,9076.67
-1901.9,-4614.93,9044.71
-1851.66,-4658.21,8950.91
-1814.08,-4709.83,8921.98
-1808.81,-4731.7,8928.62
-1807.32,-4722.12,8924.95
-1752.33,-4690.3,8968.76
-1654.08,-4567.19,8992.03
-1612.3,-4477.78,8913.41
-1553.01,-4481.99,8865.17
-1560.73,-4436.13,8832.46
-1592.88,-4373.06,8889.74
-1683.33,-4313.9,8972.88
-1771.11,-4273.41,9109.69
-1857.14,-4219.68,9275.83
-1983.06,-4160.03,9414.98
-2132.46,-4170.1,9527.74
-2266.47,-4232.62,9613.46
-2322.38,-4207.48,9643.58
-2260.08,-4184.35,9599.99
-2249.76,-4215.01,9626.37
-2167.43,-4270.67,9673.53
-2129.48,-4275.56,9698.9
-2121.25,-4199.25,9687.11
-2136.12,-4054.69,9660.48
-2179.85,-3881.31,9645.85
-2223.34,-3740.85,9654.85
-2294.23,-3682.55,9690.92
-2382.38,-3543.56,9619.56
-2361.59,-3301.59,9645.6
-2424.88,-3216.71,9639.26
-2540.99,-3177.85,9623.32
-2629.11,-3138.42,9583.25
-2645.36,-3120.76,9594.26
-2635.47,-3112.25,9629.28
-2631.09,-3085.4,9652.89
-2601.98,-3072.74,9695.19
-2586.67,-3116.52,9669.19
-2611.78,-2992.76,9747.9
-2639.54,-3024.89,9868.77
-2612.27,-3010.53,9968.35
-2531.28,-2955.53,10108.2
-2464.04,-2851.33,10261.8
-2474.94,-2753.92,10333.7
-2475.81,-2666.16,10304.4
-2426.29,-2606.61,10276.4
-2455.9,-2611.21,10353
-2576.85,-2532.19,10447.4
-2707.8,-2372.94,10300
-2792.1,-2249.53,10336
-2784.78,-2138.38,10263.4
-2875.46,-2026.72,10175.5
-2817.4,-1940.4,10132.8
-2692.41,-1816.61,10026.8
-2633.09,-1729.64,9894.29
-2633.1,-1668.7,9842.24
-2636.3,-1501.98,9857.79
-2651.15,-1446.79,9906.57
-2688.39,-1303.33,9858.42
-2759.89,-1302.04,9915.87
-2789.72,-1211.54,9863.79
-2802.45,-1254.9,9788.7
-2745.23,-1308.15,9840.25
-2649.76,-1272.52,9943.22
-2587.34,-1198.22,9947.74
-2608.67,-1115.73,9859.58
-2693.42,-1002.23,9827.72
-2736.6,-995.47,9882.08
-2767.19,-864.15,10010.4
-2806.05,-759.722,10144.6
-2909.85,-587.059,10248.4
-3025.6,-465.557,10321.3
-3033.06,-246.225,10349.3
-3025.15,-15.177,10435.5
-2953.22,160.534,10422.3
-2834.98,324.398,10260.9
-2837.73,476.233,10204.6
-2759.35,514.89,10147.3
-2733.1,634.386,10083.8
-2572.84,697.914,9934.72
-2510.21,725.784,9847.45
-2413.01,703.065,9812.11
-2332.09,653.88,9719.43
-2294.39,643.672,9620.86
-2235.07,639.848,9622.64
-2131.12,586.708,9673.41
-2051.37,518.328,9653.17
-1996.17,499.515,9712.75
-2065.71,650.08,9747.07
-2083.35,645.857,9760.94
-2058.75,725.221,9637.2
-2016.1,793.686,9682.1
-2106.65,766.539,9764.15
-2203.79,771.825,9804.68
-2314.57,861.491,9867.28
-2490.62,970.283,9970.81
-2638.37,1061.19,10019.5
-2768.38,1156.43,10028.7
-2786.17,1274.32,10123.8
-2759.14,1296.88,10112.1
-2798.14,1409.62,10163.4
-2811.12,1453.46,10117.3
-2776.85,1531.11,10072.2
-2792.98,1595.18,9981.91
-2764.54,1648.03,9818.63
-2660.47,1685.32,9660.22
-2642.55,1631.47,9576.2
-2570.77,1571.26,9497.81
-2411.69,1577.27,9365.75
-2410.76,1625.85,9514.59
-2464.11,1703.77,9672.59
-2600.79,1720.13,9808.35
-2722.22,1843.27,9860.31
-2836.8,1950.84,10001.6
-2937.11,2059.56,10119.6
-3002.97,2227.58,10099
-3073.72,2356.59,10090.7
-3182.91,2479.94,10005.9
-3186.81,2507.34,10018.1
-3305.66,2710.29,9844
-3226.76,2782.59,9869.11
-3144.87,2839.41,9829.52
-3071.04,2895.68,9813.45
-3013.39,3009.71,9816.85
-2968.42,3134.5,9792.42
-2938.63,3189.75,9763.06
-2949.36,3207.09,9797.29
-2999.58,3272.66,9872.99
-3047.68,3395.96,9885.17
-3152.55,3505.87,9889.65
-3226.59,3561.81,9923.66
-3324.8,3569.99,9898.14
-3424.99,3655.85,9907.57
-3497.14,3751.05,9926.27
-3584.69,3810.31,9986.19
-3706.95,3903.79,10077.7
-3821.98,4078.32,10100
-3955.17,4225.87,10134.3
-3901.4,4339.21,10125.6
-3814.78,4393.13,10158.5
-3742.96,4554.72,10094.5
-3721.28,4587.12,10021
-3721.8,4585.09,9990.88
-3682.22,4628.91,9968.41
-3616.21,4695.67,9939.12
-3586.21,4736.46,9943.64
-3624.43,4762.27,9977.44
-3719.06,4814.57,9924.37
-3741.11,4829.79,9957.48
-3732.45,4791.13,9900.41
-3725.19,4770.01,9767.3
-3752.68,4790.27,9690.08
-3785.31,4763.25,9586.47
-3806.55,4773.53,9440.25
-3861.36,4816.46,9266.61
-3939.43,4838.5,9104.59
-3971.61,4883.88,8994.56
-4026.73,4962.4,8875
-3997.27,4922.58,8672.31
-3973.15,4957.12,8576.4
-3973.83,4915.46,8562.68
-3955.15,4863.93,8497.72
-3875.23,4852.01,8475.03
-3768.64,4861.52,8504.33
-3724.22,4917.44,8503.05
-3759.08,4995.37,8463
-3775.59,5008.82,8453.11
-3725.89,5040.69,8398.57
-3788.51,5095.99,8347.07
-3832.45,5207.32,8257.63
-3832.82,5359.98,8156.72
-3842.87,5356.76,8061.48
-3859.55,5320.13,7946.87
-3907.36,5362.03,7803.17
-3928.54,5404.18,7624.96
-3874.87,5385.95,7450.76
-3808.11,5404.89,7349.62
-3774.85,5468.91,7302.45
-3729.8,5499.23,7249.79
-3738.81,5581,7286.06
-3709.02,5626.66,7372.86
-3674.43,5666.83,7438.75
-3636.75,5729.94,7456.36
-3602.83,5808.63,7486.59
-3598.51,5887.69,7570.67
-3597.56,5963.53,7660.83
-3538.64,6044.2,7684.2
-3479.07,6151.26,7663.75
-3451.76,6350.67,7575.38
-3373.41,6662.29,7429.8
-3362.99,6873.69,7287.22
-3314.68,6890.7,7191.87
-3288.88,6829.39,7111.52
-3361.18,6786.36,7088.88
-3472.71,6785.37,7151.19
-3571.35,6798.75,7259.24
-3703.49,6789.99,7352.34
-3817.23,6750.15,7427.55
-3869.22,6703.57,7578.52
-3908.46,6761.31,7769.12
-3852.79,6761.21,7827.5
-3775.76,6753.49,7834.77
-3690.57,6814.65,7802.89
-3592.38,6833.45,7746.37
-3544.73,6808.3,7645.44
-3566.07,6823.39,7503.63
-3572.16,6846.77,7383.05
-3553.22,6781.22,7316.65
-3512.13,6795.97,7347.08
-3499.63,7051.91,7225.34
-3530.98,7258.31,7144.72
-3595.9,7333.8,7167.65
-3644,7304.53,7249.77
-3683.7,7231.13,7317.68
-3706.36,7172.57,7433.07
-3746.24,7120.34,7640.5
-3869.87,7031.96,7835.51
-3981.16,6975.42,7957.2
-4032.61,6967.13,8004.96
-4157.84,6910.63,7980.66
-4150.28,6900.44,7918.13
-4227.45,6885.46,7826.07
-4265.83,6855.49,7808.06
-4301.19,6808.33,7812
-4361.81,6789.46,7775.12
-4401.19,6806.78,7697.73
-4367.69,6808.46,7602.81
-4247.96,6827.64,7499.64
-4247.32,6841.35,7368.37
-4184.94,6877.53,7285.89
-4064.61,6858.33,7180.03
-3959.44,6819.63,7075.72
-3951.19,6760,7025.55
-3954.52,6695.43,7036.86
-3957.44,6674.32,7075.96
-3994.31,6707.23,7111.16
-4016.04,6749.53,7137.98
-3967.47,6807.85,7158.65
-3823.47,6921.5,7163.45
-3623.93,7156.75,7003.88
-3535.4,7375.28,6950.98
-3432.26,7675.48,6932.18
-3400.92,7895.63,6870.13
-3308.65,7973.81,6830.06
-3257.59,8034.75,6800.66
-3364.32,8087.48,6777.42
-3488.35,7999.77,6804.31
-3624.54,7970.08,6734.1
-3676.63,8045.9,6690.27
-3696.14,7978.96,6616.66
-3662.1,7950.68,6703.07
-3618.28,7947.26,6729.96
-3672.54,7872.48,6748.77
-3690.14,7774.22,6789.92
-3656.49,7729.71,6839.53
-3655.01,7722.04,6862.84
-3648.43,7684.19,6806.77
-3554.7,7646.36,6644.7
-3472.41,7596.55,6634.42
-3314.42,7639.86,6750.83
-3167.16,7650.43,6572.65
-3092.52,7666.86,6463.64
-3024.88,7695.47,6345.61
-2968.03,7723.01,6280.55
-2862.45,7740.17,6303.17
-2809.98,7744.4,6384.26
-2978.48,7741.36,6490.26
-3020.55,7750.94,6552.94
-3227.66,7748,6774.77
-3376.79,7799.73,6840.8
-3395.16,7762.48,6872.86
-3373.13,7796.08,6883.52
-3362.28,7714.64,6798.81
-3309.2,7651.68,6648.16
-3238.25,7590.29,6489.33
-3212.37,7507.73,6393.69
-3204.57,7562.95,6340.54
-3151.55,7627.59,6098.62
-3136.85,7526.3,6109.26
-3056.7,7569.12,6025.98
-3090.9,7676.23,5860.99
-3095.93,7710.32,5730.11
-3110.42,7733.94,5700.82
-3205.16,7809.32,5764.78
-3298.58,7881.24,5791.66
-3337.93,7937.46,5721.91
-3385.7,7989.28,5697.01
-3319.22,7812,5837.83
-3049.09,7829.5,5963.01
-2977.16,7858.69,6053.94
-2978.85,7833.98,5941.66
-2785.98,7772.71,5833.98
-2636.07,7882.33,5746.17
-2544.45,7947.41,5666.35
-2515.98,7965.41,5587.31
-2494.36,8074.46,5489.03
-2387.56,8186.58,5358.2
-2437.61,8216.47,5258.23
-2521.25,8378.87,5314.87
-2491.25,8360.67,5249.5
-2516.53,8279.73,5346.36
-2479.97,8255.56,5431.12
-2454.93,8206.65,5614.17
-2399.93,8183.13,5681.68
-2435.87,8181.34,5696.23
-2489.62,8164.51,5744.13
-2308.19,8179.35,5668.15
-2292.11,8233.11,5637.75
-2264.91,7981.92,5535.91
-2267.72,8127.36,5416.04
-2283.31,8131.53,5304.31
-2258.21,8124.97,5184.59
-2286.04,8178.42,5091.31
-2287.17,8209.6,4972.39
-2219.43,8121.13,4898.88
-2193.24,8016.89,4921.97
-2305.71,8072.7,4997.17
-2419.85,8109.41,5231.43
-2496.53,8133.02,5259.97
-2569.12,7969.51,5319.77
-2642.29,7934.95,5438.76
-2645.55,7899.26,5472.67
-2644.3,7873.18,5533.88
-2639.39,7823.81,5601.08
-2608.74,7783.25,5605.26
-2578.15,7779.73,5554.84
-2600.97,7786.17,5490.28
-2650.14,7852.72,5357.22
-2581.73,7869.06,5257.95
-2607.73,7867.6,5188
-2631.37,7803.65,5045.85
-2650.89,7890.71,4968.15
-2681.79,7966.84,4914.57
-2700.36,8017.39,4925.1
-2676.26,8057.84,4932.37
-2638.74,8081.82,4872.55
-2618.34,8075.35,4830.71
-2520.59,7995.95,4841.98
-2519.47,8117.19,4747.78
-2483.97,8164.71,4742.31
-2564.63,8228.68,4758.13
-2606.18,8262.36,4787.81
-2632.19,8239.7,4803.29
-2623.65,8191.12,4867.08
-2610.6,8201.05,4929.58
-2644.19,8292.91,4966.35
-2704.79,8380.59,5071.42
-2732.02,8419.73,5180.25
-2736.39,8547.71,5248.09
-2879.44,8653.96,5220.11
-2949.57,8764.08,5132.27
-3010.76,8820.74,5027.73
-3001.67,8885.44,4940.91
-2973.89,8967.11,4896.32
-2986.58,9045.16,4805.7
-3062.79,9139.23,4658.15
-3187.05,9256.39,4603.09
-3275.37,9271.52,4628.69
-3377.82,9267.43,4539.91
-3476.4,9308.97,4635.02
-3569.52,9315.79,4717.58
-3610.47,9281.53,4776.89
-3611.38,9224.72,4793.97
-3527.03,9199.63,4791.19
-3365.48,9189.43,4797.48
-3202.31,9145.97,4842.65
-3072.91,9091.51,4927.63
-2901.94,9092.43,4974.34
-2700.87,9052.89,5036.84
-2580.04,9001.63,5155.74
-2471.97,8978.38,4989.08
-2281.94,8961.76,4807.56
-2112.38,9103.75,4983.19
-2066.28,9289.77,5083.56
-2078.28,9365.21,4793.11
-2068.44,9332.4,4279.35
-2020.36,9266.29,3879.97
-1794.48,9128.78,3826.62
-1598.49,9079.32,4141.44
-1615.19,9157.06,4413.3
-1867.55,9234.93,4594.24
-2206.93,9317.68,4789.34
-2517.74,9370.76,4964.16
-2730.65,9403.08,5117.88
-2796.82,9409.86,5250.1
-2722.34,9379.42,5346.52
-2583.87,9346.81,5392.7
-2444.91,9378.94,5375.55
-2265.09,9399.99,5348.82
-2122.66,9512.73,5319.18
-2007.71,9624.2,5324.34
-1962.43,9728.69,5257.02
-1901.64,9914.51,5066.96
-1802.27,10097,4887.24
-1744.12,10193.4,4831.47
-1766.36,10236.1,4886.44
-1796.96,10300.7,4959.34
-1819.4,10380.8,4986.98
-1961.4,10477.2,5077
-2086.62,10550.3,5260.7
-2175.56,10610.1,5523.68
-2384.25,10741.9,5721.91
-2585.38,10872.5,5839.26
-2721.98,10927.5,5929.96
-2848.73,10915.4,5973.51
-2970.21,10897.1,5962.79
-3015.54,10893.3,5961.2
-3042.85,10849.2,5930.29
-3045.14,10799.2,5844.91
-3057.08,10848.7,5837.02
-3116.17,10786.3,5933.02
-3131.61,10778.8,6003.23
-3116.87,10829.8,6077.13
-3054.41,10911.9,6143.71
-2939.32,11013.2,6164.1
-2795.18,11116.4,6189.32
-2661.13,11180.6,6327.77
-2590.85,11169.9,6523.85
-2580.95,11088.4,6691.34
-2545.79,11121.3,6793.2
-2390.02,11169.3,6759.47
-2265.11,11132.8,6510.59
-2157.5,11043.1,6226.8
-2018.77,10971.7,6054.62
-1873.03,10928.3,5970.83
-1727.79,10860.3,5927.53
-1555.73,10762.2,5969.87
-1472.83,10756.1,6087.41
-1511.73,10826.8,6132.32
-1586.85,10869.9,6178.88
-1656.7,10903,6197.45
-1789.18,11038,6236.59
-1847.5,11177.6,6324.82
-1852.7,11269.9,6363.31
-1871.31,11306.5,6317.98
-1939.79,11302.6,6244.19
-2040.07,11284.9,6177.41
-2066.27,11259.4,6105.06
-2069.3,11232.2,6100.48
-2032.57,11184.4,5935.01
-2003.47,11084.6,5714.9
-1900.37,11041.7,5566.2
-1810.51,11031.5,5435.92
-1728.19,10973.9,5272.22
-1733,10900.8,5152.66
-1814.06,10864.5,5127.47
-1792.48,10828.1,5144.15
-1723.66,10789.4,5255.26
-1771.79,10814.1,5383.87
-1935.57,10798.9,5346.32
-2000.88,10813.7,5383.59
-2228.86,10821.4,5401.34
-2454.79,10822.2,5429.61
-2645.38,10816.1,5378.92
-2831.84,10833.6,5310.91
-3010.96,10824.8,5327.93
-3133.58,10690.6,5372.16
-3145.27,10539.6,5376.35
-3209.14,10359.1,5324.02
-3225.56,10312.5,5318.73
-3258.79,10276.9,5165.66
-3065.26,10241.8,5097.96
-2898.33,10137.7,5004.18
-2765.26,10073.1,4836.3
-2640.79,10033.3,4716.37
-2575.52,9976.36,4672.14
-2579.75,9985.5,4585.88
-2563.88,10032,4554.61
-2477.11,9964.8,4432.9
-2555.59,9988.86,4653.58
-2614.12,9983.58,4722.67
-2462.13,10026.5,4773.12
-2443.22,10089.5,4739.38
-2509.39,10106.1,4618.95
-2555.57,10132.6,4525.31
-2594.94,10162.9,4513.8
-2641.24,10108.5,4495.63
-2664.46,10160.8,4438.53
-2701.22,10230.1,4484.95
-2791.03,10154.8,4494.77
-2822.81,10079.5,4524.18
-2860.19,9931.72,4548.98
-2913.35,9892.31,4592.22
-2957.82,9798.75,4638.39
-2903.68,9667.69,4749.58
-2822.29,9557.11,4869.98
-2869.56,9359.17,4842.99
-2811.33,9238.04,4865.35
-2855.7,9299.65,4964.4
-2788.54,9287.01,5019.06
-2833.11,9306.92,5064
-2893.42,9264.64,5188.15
-3023.7,9281.63,5224.16
-3074.31,9293.62,5294.29
-3097.92,9347.88,5391.69
-3175.22,9435.63,5432.56
-3206.82,9415.46,5517.01
-3262.63,9451.35,5736.23
-3284.71,9404.72,5760.31
-3358.05,9292.47,5889.65
-3538.85,9183.93,5965.67
-3626.65,9112.29,6038.33
-3755.94,9011.41,6108.26
-3784.37,8912.37,6132.35
-3730.89,8846.61,6161.8
-3690.87,8879.43,6213.05
-3642.37,9035.5,6190.9
-3708.49,9078.92,6118.04
-3755.27,9174.19,6076.29
-3778.51,9164.55,6078.05
-3756.31,9139.83,6182.49
-3819.56,9158.06,6122.26
-3797.34,9052.81,6126.15
-3791.6,8911.47,6158.49
-3818.57,8750.92,6201.37
-3829.15,8552.43,6317.69
-3840.67,8384.3,6498.84
-3762.76,8193.36,6679.95
-3779.94,7984.61,6798.25
-3766.21,7864.92,6891.99
-3883.87,7783.99,7035.74
-3884.96,7607.57,7085.33
-3809.43,7496.5,7155.41
-3715.13,7439.43,7258.67
-3612.58,7403.49,7317.9
-3504.75,7381.37,7333.07
-3394.72,7365.12,7373.94
-3246.93,7411.8,7356.48
-3171.58,7484.87,7248.76
-3091.48,7537.54,7182.82
-3054.5,7501.02,7311.98
-3037.73,7460.18,7378.02
-2933.31,7371.54,7437.07
-2826.05,7325.67,7476.44
-2795.52,7287.36,7502.83
-2782.03,7176.6,7545.82
-2719.13,7047.3,7589.26
-2723.66,6955.7,7613.14
-2647.61,6886.39,7697.56
-2513.81,6811.54,7826.3
-2398.72,6719.01,7922.87
-2179.41,6682.98,7972.57
-2026.21,6781.4,7994.87
-1944.37,6834.11,7998.76
-1876.37,6834.75,7956.81
-1813.79,6875.2,7894.76
-1758.25,6899.26,7885.96
-1663.59,6860.89,7873.77
-1687.92,6803.61,7820.31
-1608.23,6757.84,7723.88
-1529.51,6727.78,7583.47
-1439.22,6617.1,7512.88
-1460.89,6487.04,7442.54
-1499.23,6371.82,7292.17
-1465.44,6266.21,7169.99
-1405.75,6161.49,7192.94
-1387.95,6081.96,7269.49
-1352.51,6075.99,7241.82
-1305.54,6042.66,7147.39
-1333.85,5957.46,7111.45
-1419.13,5874.33,7062.47
-1409.25,5906.92,7038.77
-1421.48,5950.62,6988.15
-1420.22,5928.96,6939.58
-1397.3,5870.98,6915.61
-1381.39,5810.03,6899.57
-1343.22,5723.45,6876.82
-1267.57,5628.23,6851
-1230.85,5509.71,6794.29
-1183.15,5283.86,6757.91
-1127.71,5047.27,6848.42
-1170.25,4975.37,6865.84
-1286.66,4960.67,6981.54
-1476.79,4984.19,7124.05
-1638.82,5014.38,7214.53
-1718.53,5010.18,7292.15
-1817.16,4976.48,7400.85
-1948.36,4894.49,7492.63
-2019.82,4727.12,7539.17
-2043.07,4613.3,7513.57
-2040.15,4551.81,7598.51
-2009.37,4471.43,7661.82
-1968.11,4428.23,7634.65
-1932.04,4375.97,7600.76
-1951.06,4225.74,7592.31
-2021.78,4012.14,7599.4
-2065.27,3865.37,7647.89
-2075.75,3758.81,7726.77
-2011.77,3659.64,7853.65
-1971.85,3561.5,7978.21
-1993.98,3374.07,8091.25
-1991.12,3204.11,8181.46
-1996.16,3122.17,8258.82
-1997.41,3078.52,8380.16
-1991.28,3075.57,8519.38
-1997.13,3132.11,8606.59
-2012.21,3179.09,8632.21
-1998.65,3138.59,8640.27
-1992.05,3057.11,8718.4
-1954.36,2966.11,8786.09
-1842.9,2935.85,8801.14
-1765.37,2914.48,8778.49
-1714.26,2853.09,8811.32
-1654.48,2784.46,8835.79
-1572.93,2717.56,8849.11
-1530.05,2632.58,8905.06
-1589.24,2547.39,8996.04
-1647.94,2516.57,9103.61
-1654.5,2518.42,9259.25
-1656.45,2488.17,9321.18
-1678.77,2457.71,9331.55
-1710.54,2409.9,9341.5
-1730.46,2370.46,9400.68
-1760.15,2312.23,9482.82
-1774.4,2232.15,9552.7
-1755.78,2178.29,9602.5
-1760.21,2173.15,9630.68
-1817.87,2130.79,9622.4
-1832.25,1999.71,9615.69
-1845.23,1950.6,9673.09
-1837.06,1930.63,9643.88
-1800,1905.45,9585.62
-1765.84,1854.34,9608.47
-1753.61,1762,9629.53
-1736.91,1659.56,9606.11
-1714.2,1570.26,9592.63
-1713.55,1477.21,9605.04
-1675.27,1399.53,9565.74
-1632.85,1336.96,9540.64
-1635.51,1275.59,9475.44
-1639.66,1223.46,9447.78
-1620.78,1232.02,9448.55
-1563.31,1190.04,9423.39
-1480.09,1119.46,9340.52
-1433.67,1079.24,9294.86
-1467.19,1076.6,9341.18
-1534.72,1072.89,9410.43
-1542.86,1030.08,9511.22
-1478.24,972.177,9452.77
-1431.98,1012.59,9426.68
-1341.57,975.012,9438.94
-1303.68,842.558,9449.59
-1261.48,659.965,9471.07
-1180.87,493.1,9432.97
-1115.68,361.108,9345.13
-1091.69,264.331,9260.15
-1055.6,228.129,9190.96
-1011.98,248.961,9193.94
-908.745,164.466,9282.97
-936.3,77.4754,9336.51
-984.001,21.1757,9274.55
-931.074,-22.646,9139.48
-902.725,-104.962,9083.24
-886.932,-193.699,9013.12
-848.609,-253.642,8918.15
-787.888,-266.244,8845.91
-685.192,-278.595,8740.2
-500.656,-464.59,8572.38
-349.198,-623.954,8402.56
-292.633,-752.998,8301.3
-291.415,-763.288,8339.47
-335.17,-754.928,8428.63
-433.153,-785.929,8530.29
-503.652,-850.552,8645.38
-569.099,-902.443,8790.92
-731.456,-929.694,8929.95
-963.178,-967.786,9019.08
-1067.19,-1009.56,9152.73
-1235.18,-1038.73,9214.76
-1184.37,-1160.9,9317.87
-1175.53,-1260.14,9328.15
-1176.98,-1318.09,9217.83
-1204.58,-1413,9213.43
-1096.53,-1489.7,9147.81
-996.24,-1616.65,8966.91
-1029.08,-1842.32,8849.7
-1007.77,-2041.74,8861.64
-965.865,-2185.22,8786.58
-900.64,-2264.49,8768.19
-884.102,-2322.51,8726.16
-968.978,-2453.2,8753.3
-992.187,-2581.43,8756.77
-1150.57,-2609.24,8756.42
-1201.08,-2593.37,8723.39
-1122.62,-2548.34,8729.32
-1106.32,-2495.46,8740.73
-1184.56,-2496.5,8624.66
-1296.06,-2466.74,8600.34
-1115.82,-2557.14,8478.09
-1082.56,-2649.19,8459.16
-1074.13,-2804.33,8371.09
-944.351,-2997.03,8293.77
-854.474,-3081.1,8250.61
-829.846,-3221.8,8196.21
-872.069,-3397.23,8170.92
-915.968,-3484.38,8179.6
-875.855,-3537.13,8140.49
-919.199,-3584.5,8122.72
-937.88,-3627.99,8047.43
-925.901,-3742.5,8002.94
-819.454,-3758.16,8064.27
-751.501,-3729.26,7960.4
-713.168,-3801.24,7932.45
-713.579,-3884.72,7896.18
-712.419,-3946.33,7813.24
-663.665,-3952.44,7768.23
-594.482,-3877.27,7757.12
-554.008,-4008.96,7706.8
-502.643,-4057.31,7764.7
-492.259,-4153.92,7634.54
-406.376,-4302.6,7500.91
-310.439,-4304.62,7500.29
-200.529,-4299.38,7415
-147.747,-4376.29,7275.71
-84.453,-4486.77,7109.86
66.6034,-4615.11,6943.49
216.058,-4790.52,6859.66
280.081,-4876.44,6788.3
298.785,-5155.33,6750.11
511.856,-5211.61,6657.06
488.965,-5427.25,6540.58
629.393,-5666.23,6444.15
653.841,-5789.34,6382.79
548.163,-5893.14,6214.26
495.111,-5933.89,6003.73
563.368,-5856.16,5881.05
617.703,-5759.26,5802.94
549.476,-5603.11,5763.37
502.775,-5478.44,5841.34
454.733,-5328.3,5944.44
352.421,-5203.34,6006.23
278.344,-5192.49,6197.23
166.408,-5301.2,6354.68
75.2992,-5412.27,6499.4
21.7549,-5486.05,6560.41
-75.1231,-5495.54,6575.63
-217.683,-5429.73,6694.04
-224.194,-5511.3,6622.35
-412.845,-5563.36,6738.81
-604.332,-5477.47,6783.46
-637.157,-5386.47,6639.6
-652.326,-5292.93,6593.8
-750.617,-5334.77,6620.11
-887.986,-5407.91,6592.66
-968.82,-5426.82,6593.98
-992.372,-5422.37,6688.43
-1036.24,-5448.39,6737.85
-1070.66,-5519.74,6736.16
-1088.89,-5534.42,6733.42
-1067.97,-5592.76,6791.76
-1019.47,-5728.15,6727.06
-927.421,-5841.46,6633.59
-730.505,-5776.66,6571.56
-586.953,-5717,6474.3
-514.174,-5709.33,6375.81
-416.508,-5707.98,6307.98
-288.247,-5781.51,6218.86
-145.586,-5894.47,6198.21
-0.660498,-5962.06,6163.01
64.371,-6112.45,6038.86
96.6554,-6160.84,6003.92
82.9362,-6261.92,5936.89
79.7424,-6329.01,5873.52
77.637,-6347.5,5924.47
85.8275,-6340.32,5989.72
88.2619,-6322.42,5992.38
57.1505,-6304.59,6030.35
101.221,-6304.58,6017.33
73.9037,-6395.86,6054.53
81.362,-6437.96,6062.54
62.9361,-6496.72,6044.82
-17.3846,-6531.9,6016.51
21.829,-6590.26,5947.2
107.091,-6649.2,5872.02
192.232,-6674.41,5828.78
316.535,-6685.1,5801.3
461.284,-6740.61,5761.57
559.133,-6864.34,5739.37
673.187,-7004.37,5606.73
861.132,-7020.48,5591.97
1006.47,-7116.05,5474.82
1119.34,-7101.02,5357.03
1208.53,-7044.15,5236.93
1316.32,-7047.66,5153.03
1451.12,-7094.44,5102.86
1553.62,-7120.8,5047.81
1560.08,-7129.65,4954.04
1516.06,-7156.73,4792.19
1547.79,-7238.27,4723.63
1521.89,-7331.85,4665.43
1503.24,-7372.57,4642.26
1413.29,-7406.72,4595.97
1324.31,-7436.59,4572.25
1314.25,-7431.58,4525.18
1330.89,-7431.38,4477.45
1287.74,-7489.38,4478.49
1221.07,-7556.78,4473.32
1244.92,-7525.92,4373.69
1251.15,-7537.83,4308.88
1229.66,-7532.73,4298.28
1187.72,-7556.14,4240.32
1090.55,-7598.5,4224.78
1035.67,-7585.62,4225.47
990.625,-7553.34,4205.41
911.59,-7558.58,4205.99
824.429,-7581.59,4247.68
763.486,-7574.28,4270.67
680.996,-7592.41,4274.14
562.235,-7612.9,4270.98
458.155,-7659.38,4251.64
471.152,-7644.15,4195.1
494.952,-7646.37,4103.36
431.176,-7691.31,4048.57
371.902,-7715.51,3960.22
396.009,-7705.31,3821.79
464.582,-7705,3708.64
510.878,-7742.12,3658.22
557.579,-7800.38,3607.59
558,-7783.96,3560.67
482.392,-7815.98,3596.94
492.045,-7936.87,3683.32
498.023,-8052.03,3720.86
388.711,-8127.01,3733.53
276.562,-8119.83,3741.12
249.168,-8036.4,3758.68
262.916,-7943.08,3795.9
249.804,-7898.57,3836.4
230.613,-7877.03,3831.67
240.573,-7847.04,3749.11
271.257,-7814.01,3638.86
305.464,-7859.97,3574.61
351.273,-7978.66,3481.17
446.638,-8069.95,3350.51
571.822,-8137.42,3228.48
688.331,-8229.06,3157.44
769.596,-8324.44,3153.43
809.87,-8351.69,3185.99
831.202,-8339.92,3169.38
853.959,-8376.62,3165.22
876.365,-8407.8,3250.22
792.61,-8456.11,3324.02
776.291,-8460.98,3373.14
847.2,-8460.7,3366.39
864.263,-8520.39,3385.02
813.974,-8580.02,3410.07
796.062,-8567.4,3383.27
833.464,-8531.84,3328.56
855.45,-8522.16,3253.65
921.114,-8457.59,3246.87
954.442,-8431.33,3272.43
961.29,-8423.17,3280.17
1015.37,-8430.93,3314.04
1095.29,-8501.66,3312.5
1124.97,-8569.96,3301.24
1126.86,-8594.91,3282.9
1159.63,-8634.89,3259.4
1171.35,-8735.89,3261.71
1056.22,-8783.68,3240.63
1057.52,-8785.16,3188.66
1101.42,-8692.93,3236.17
984.234,-8653.81,3231.83
895.935,-8636.97,3274.62
892.409,-8675.33,3355.11
913.692,-8722.92,3352.9
904.064,-8744.11,3317.28
887.064,-8717.9,3339.86
898.036,-8636.44,3383.41
858.92,-8569.07,3453.82
794.585,-8450.81,3491.49
855.565,-8461.38,3573.09
805.089,-8594.97,3600.25
807.733,-8726.85,3535.67
822.417,-8652.54,3464.16
836.167,-8597.02,3417.51
852.221,-8609.19,3352.31
888.017,-8552.55,3276.11
958.619,-8462.68,3265.56
1021.66,-8489.77,3282.26
1140.81,-8480.81,3267.65
1250.59,-8561.33,3168.62
1265.19,-8579.18,3162.7
1193.22,-8514.81,3074.63
1222.57,-8502.8,3035.65
1208.24,-8454.65,3100.96
1080.43,-8390.66,3142.86
936.543,-8400.18,3119.66
847.7,-8451.74,3157.68
797.796,-8515.85,3190.9
679.877,-8642.25,3179.19
622.349,-8746.43,3175.16
619.159,-8703.9,3152.62
552.265,-8699.6,3123.52
568.5,-8657.15,3208.25
646.38,-8692.26,3215.36
669.18,-8740.54,3170.86
612.918,-8739.2,3166.95
568.763,-8802.51,3115.99
566.102,-8804.78,3114.93
545.084,-8671.82,3149.57
563.89,-8616.65,2901.08
605.781,-8615.93,2892.08
617.525,-8515.69,2827.18
671.173,-8452.17,2772.98
752.722,-8427.39,2684.89
804.817,-8419.97,2566.63
814.96,-8404.58,2517.95
832.274,-8345.89,2549.72
879.647,-8330.79,2477.34
804.028,-8503.74,2444.7
748.507,-8592.32,2477.81
727.83,-8629.21,2498.53
624.183,-8625.19,2494.57
585.11,-8550.21,2498.42
579.346,-8501.21,2539.68
588.583,-8463.19,2576.19
636.116,-8383.14,2572.28
699.203,-8322.07,2542.36
748.15,-8329.37,2466.08
701.58,-8395.56,2506.86
774.001,-8551.97,2450.84
825.422,-8708.14,2379.58
860.288,-8668.47,2302.77
975.121,-8707.81,2326.02
1046.74,-8620.05,2413.91
1024.04,-8460.26,2477.31
979.751,-8378.97,2541.24
987.469,-8265.47,2692.2
1088.41,-8206.79,2812.28
1101.85,-8029.44,2783.13
1195.44,-7899.64,2976.81
1143.66,-7787.3,3059.59
1251.95,-7800.31,3106.99
1244.05,-7863.75,3082.36
1228.95,-7880.73,3000.29
1198.34,-7847.69,2927.71
1177.37,-7745.64,2841.91
1342,-7514.93,2683.23
1424.54,-7293.55,2594.76
1556.79,-7358.31,2331.16
1734.87,-7507.25,2238.11
1973.1,-7802.98,2169.42
2111.91,-8085.11,2008.24
2281.56,-8270.28,1953.98
2320.57,-8303.67,1937.53
2338.32,-8197.56,1919.09
2417.51,-8006.4,1957.76
2363.26,-7852.74,2058.31
2350.79,-7973.8,2172.95
2302.72,-8205.96,2363.58
2211.75,-8519.09,2467.13
2134.34,-8661.42,2490.29
2147.97,-8667.96,2432.55
2146.48,-8611.16,2413.34
2138.58,-8500.02,2383.3
2136.8,-8395.48,2348.13
2187.38,-8319.8,2299.24
2347.1,-8215.19,2138.54
2456.6,-8121.91,1940.84
2389.81,-7899.28,1918.01
2213.79,-7610.37,1641.95
2185.84,-7546.63,1539.01
2193.71,-7539.97,1534.97
2089.78,-7666.31,1560.73
2042.97,-8087.45,1620.28
2010.47,-8626.35,1718.33
1909.68,-9030.52,1793.66
1853.15,-9319.44,1825.91
1743.49,-9517.06,1989.07
1610.12,-9440.43,2114.7
1585.73,-9201.34,2250.63
1571.52,-8974.29,2407.16
1434.74,-8852.01,2525.37
1331.15,-8770.1,2661.8
1262.89,-8708.76,2761.81
1215.75,-8584.23,2834.17
1216.57,-8403.48,2876.94
1229.4,-8285.95,2823.91
1147.44,-8119.56,2756.94
1237.25,-7916.31,2663.33
1227.45,-7706.88,2646.79
1339.94,-7525.71,2539.07
1415.15,-7225.71,2426.92
1531.15,-6830.94,2254.84
1679.31,-6539.3,2052.03
1848.42,-6315.96,1820.51
2023.34,-6135.67,1593.41
2143.33,-6218.07,1465.86
2170.74,-6630.72,1418.21
2091.43,-7409.5,1495.01
1909.84,-8338.55,1581.83
1696.41,-8992.25,1578.54
1513.28,-9278.18,1607.98
1427.51,-9170.92,1694.12
1338.31,-8896.4,1885.26
1145.48,-8644.71,2119
887.919,-8453.89,2312.73
653.537,-8296.92,2490.62
386.299,-8165.27,2667.89
192.8,-8072.89,2703.98
10.9851,-7864.95,2814.27
-114.533,-7634.52,2940.63
-155.048,-7331.96,2975.27
-154.15,-6947.56,2989.18
-115.859,-6542.7,3001.26
-28.6667,-6222.94,2943.15
88.4519,-6080.74,2801.04
196.923,-6187.25,2659.87
303.907,-6636.96,2533.63
452.209,-7445.47,2437.38
721.119,-8357.57,2311.78
963.149,-9129.56,2134.32
1171.94,-9508.32,1930.63
1317.2,-9479.72,1868.96
1361.09,-9154.65,1925.54
1328.95,-8765.81,2053.08
1257.52,-8481.56,2241.63
1131.72,-8297.51,2458.19
945.012,-8217.56,2659.01
778.679,-8281.78,2887.08
674.452,-8293.85,3044.38
708.627,-8169.57,3122.7
812.105,-7996.84,3275.11
882.557,-7822.97,3409.49
875.436,-7634.35,3489.98
842.251,-7447.44,3518.05
867.534,-7290.3,3492.15
982.697,-7144.61,3438.12
1133.98,-6988.62,3424.15
1153.11,-6931.27,3325.31
1072.61,-7099.85,3272.57
1047.96,-7397.99,3276.06
999.677,-7783.53,3310.23
863.151,-8161.05,3302.8
647.649,-8456.24,3299.71
433.53,-8632.24,3421.37
297.289,-8651.22,3628.05
233.158,-8488.18,3730.3
163.191,-8219.77,3771.92
95.2442,-7938.37,3878.92
30.9201,-7859.62,4035.74
-34.4204,-7876.48,4200.9
-38.3763,-7895.47,4346.59
-17.9545,-7849.82,4514.07
-54.0101,-7735.03,4715.67
-185.888,-7578.48,4892.33
-310.097,-7388.27,5015.22
-289.523,-7158.18,5125
-239.275,-6938.68,5196.67
-221.663,-6818.95,5202.91
-234.942,-7028.79,5185.18
-218.92,-7398.06,5121.64
-191.379,-7780.49,5022.44
-152.281,-8133.38,4952.16
-102.039,-8408,4928.26
-74.8299,-8499.63,4906.79
-109.826,-8411.1,4896.55
-206.266,-8263.35,4976.65
-322.372,-8033.13,5120.52
-383.287,-7910.87,5251.25
-410.236,-7819.23,5353.04
-463.894,-7722.34,5389.18
-471.073,-7607.13,5549.73
-449.259,-7482.62,5738.45
-498.909,-7327.59,5836.03
-563.504,-7160.06,5879.18
-611.919,-7075.27,5919.58
-740.358,-7110.84,5929.15
-837.053,-7094.4,5974.57
-902.113,-7211.1,5995.44
-940.569,-7411.17,5926.82
-891.457,-7714.66,5797.63
-801.754,-8043.29,5754.79
-758.814,-8280.54,5719.16
-772.95,-8416.73,5701.35
-852.482,-8425.22,5756.99
-996.131,-8334.72,5869.57
-1145.54,-8254.48,5966.23
-1230.44,-8155.83,6064.41
-1300.5,-8013.44,6215.29
-1387.59,-7831.46,6412.86
-1510.76,-7673.32,6516.28
-1638.34,-7516.64,6661.44
-1755.5,-7335.9,6750.06
-1806.38,-7187.59,6808.62
-1812.55,-7038.42,6882.79
-1841.88,-6868.45,6927.93
-1899.28,-6759.21,6910.76
-1918.52,-6708.71,6961.58
-1851.11,-6801.32,6911.31
-1762.29,-7104.04,6916.36
-1765.26,-7380.96,6888.76
-1705.94,-7567.44,6794.51
-1644.56,-7713.02,6725.59
-1527.01,-7810.52,6686.98
-1420.07,-7812.51,6639.11
-1441.53,-7732.45,6601.4
-1533.97,-7655.29,6624.96
-1539.38,-7610.7,6666.04
-1631.82,-7588.8,6837.12
-1710.19,-7561.15,6887.74
-1715.12,-7429.59,7076.45
-1759.65,-7278.96,7166.56
-1849.82,-7111.28,7284.83
-1914.42,-6918.56,7424.64
-1988.19,-6777.28,7537.98
-2063.59,-6700.31,7605.92
-2044.9,-6593.31,7650.73
-2050.31,-6523.09,7754.63
-2014.8,-6614.43,7780.39
-2010.83,-6740.06,7606.36
-1949.13,-6973.1,7486.84
-1961.5,-7165.13,7473.64
-1929.36,-7214.65,7417.8
-1953.41,-7138.81,7385.06
-1990.93,-7059.24,7386.65
-2006.05,-6986.31,7368.76
-2104.98,-6814.17,7360.92
-2150.58,-6653.85,7416.75
-2267.7,-6531.75,7489.36
-2247.86,-6472.4,7574.53
-2327.76,-6436.77,7671.3
-2393.22,-6351.53,7743.42
-2358.57,-6324.07,7815.83
-2346.09,-6233.09,7934.53
-2436.75,-6151.79,8022.06
-2552.53,-6139.26,8036.52
-2554.39,-6042.52,8087.05
-2432.51,-5965.71,8190.34
-2529.14,-5983.57,8171.27
-2520.82,-5952.98,8165.2
-2417.8,-5907.94,8110.1
-2460.01,-5892.25,8084.1
-2421.26,-5840.53,8064.64
-2396.11,-5874.4,7953.68
-2350.5,-5945.47,7822.81
-2212.57,-5957.43,7758.59
-2129.96,-5952.01,7698.87
-2162.29,-5887.46,7654.16
-2112.88,-5973.84,7703.35
-2107.56,-5950.27,7632.3
-2228.22,-5860.1,7661.3
-2209.63,-5750.72,7797.57
-2237.29,-5583.55,7904.31
-2257.92,-5458.51,8025.46
-2276.82,-5375.3,8127.72
-2336.08,-5250.88,8203.98
-2386.61,-5089.62,8313.15
-2459.96,-4964.13,8270.19
-2415.08,-4810.62,8345.97
-2482.48,-4741.01,8337.34
-2490.98,-4653.38,8328.09
-2524.91,-4590,8299.73
-2569.27,-4641.78,8281.04
-2567.48,-4783.5,8225.96
-2527.24,-4982.27,8142.12
-2538.96,-5182.29,8083.92
-2617.04,-5302.87,8052.13
-2559.13,-5366.04,7984.24
-2541.68,-5293.48,7873.86
-2514.86,-5337.17,7907.84
-2395.83,-5218.05,7846.23
-2532.39,-5123.06,7841.32
-2585.95,-4926.34,7822.64
-2604.22,-4824.17,7825.88
-2638.93,-4820.87,7856.35
-2664.36,-4756.04,7882.33
-2729.63,-4632.09,7909.59
-2829.45,-4523.62,7942.34
-2906.4,-4326.41,7987.61
-2833.28,-4356.82,7994.45
-2824.92,-4274.66,7980.49
-2824.05,-4266.5,8022.55
-2844.5,-4278.36,8066.31
-2752.69,-4259.31,8111.97
-2644.97,-4226.27,8120.29
-2672.88,-4201.3,8071.97
-2723.67,-4169.81,8028.13
-2636.18,-4134.4,7994.72
-2622.37,-4094.57,7890.09
-2567.85,-4046.73,7931.28
-2741.74,-4039,7961.78
-2748.22,-4015.05,8084.62
-2751.12,-4020.15,8097.25
-2795.99,-4044.95,8098.64
-2827.45,-4029.99,8165.49
-2896.42,-3944.79,8258.65
-3087.53,-3845.11,8349.52
-3205.49,-3800.59,8421.16
-3239.7,-3571.46,8500.74
-3313.92,-3425.88,8510.44
-3383.65,-3280.38,8500.08
-3367.94,-3070.99,8547.99
-3383.98,-2993.38,8578.96
-3309.9,-2886.51,8521.74
-3198.67,-2809.04,8483.65
-3199.54,-2843.59,8524.26
-3241.81,-2813.95,8499.29
-3152.58,-2753.39,8362.95
-3115.25,-2619.73,8260.95
-3016.4,-2667.25,8324.65
-2903.35,-2737.17,8241.61
-2881.32,-2763.03,8218.16
-2910.42,-2829.01,8150.16
-2961.25,-2859.95,8203.05
-3015.21,-2852.06,8287.29
-3078.05,-2859.78,8301.17
-3178.03,-2866.31,8374.22
-3304.47,-2836.8,8335.88
-3410.47,-2683.85,8254.36
-3413.55,-2655.43,8368.29
-3573.35,-2559.15,8400.69
-3674.5,-2459.27,8482.68
-3849.25,-2412.14,8518.12
-3955.53,-2343.39,8501.35
-3959.2,-2229.06,8523.01
-3957.7,-2107.28,8570.69
-3957.14,-1990.44,8546.44
-3914.93,-1880.03,8564.05
-3886.35,-1807.96,8555.36
-3820.44,-1757.31,8560.36
-3750.63,-1667.89,8607.74
-3695.46,-1626.67,8585.35
-3702.75,-1606.68,8552.25
-3685.16,-1607.85,8526.86
-3588.34,-1609.48,8516.64
-3493.4,-1595.66,8502.88
-3480.12,-1602,8451.45
-3427.29,-1644.75,8411.89
-3400.3,-1531.76,8394.11
-3472.37,-1408.27,8304.06
-3462.01,-1283.46,8388.7
-3532.01,-1218.06,8499.24
-3632.74,-1133.75,8546.71
-3728.14,-1019.3,8611.43
-3850.36,-883.476,8742.55
-3992.84,-745.142,8879.26
-4095.35,-633.672,8953.52
-4207.82,-532.167,9002.14
-4343.84,-432.103,9022.52
-4383.18,-296.626,9022
-4297.62,-235.398,8983.4
-4194.03,-209.263,8938.84
-4115.89,-236.246,8891.7
-4036.11,-262.166,8821.83
-3904.62,-310.899,8725.37
-3740.28,-418.769,8629.54
-3637.3,-517.673,8578.67
-3626.97,-536.038,8601.19
-3595.49,-535.476,8638.93
-3609.95,-404.772,8716.55
-3626.33,-254.162,8857.49
-3788.96,-70.6581,9098.44
-4028.78,114.437,9309.37
-4258.11,315.216,9465
-4488.54,551.353,9637.66
-4710.03,815.172,9834.91
-4862.74,1056.5,9950.08
-5035.93,1202.48,9933.17
-5139,1367.78,9825.99
-5112.93,1459.22,9666.02
-5075.8,1479.91,9518.51
-4998.82,1484.58,9336.32
-4881.18,1476.11,9143.62
-4763.22,1449.16,8980.86
-4666.36,1378.43,8877.53
-4575.59,1269.21,8800.81
-4487.6,1159.27,8689.95
-4438.92,1038.15,8594.06
-4302.16,1035.22,8585.31
-4231.93,1030.93,8630.75
-4246.47,1083.96,8644.58
-4303.09,1174.75,8705.24
-4364.14,1203.03,8809.03
-4430.03,1220.13,8902.09
-4509.65,1324.7,8956.47
-4608.63,1500.65,9009.05
-4712.21,1638.34,9091.65
-4762.02,1737.02,9112.74
-4775.53,1838.44,9007.26
-4701,1870.5,8956.37
-4687.9,1976.88,8924.5
-4722.66,2064.09,8903.18
-4814.37,2159.92,8898.72
-4893.1,2323.84,8861.4
-4915.83,2518.84,8784.83
-4875.89,2655.15,8720.59
-4785.99,2709.74,8691.76
-4726.69,2725.75,8629.81
-4719.84,2603.31,8503.46
-4641.33,2688.02,8444.89
-4618.74,2609.04,8523.7
-4587.44,2622.62,8512.35
-4516.02,2614.13,8521.59
-4458.31,2621.73,8528.73
-4406.88,2685.68,8473.72
-4335.6,2727.39,8407.71
-4275.46,2686.37,8419.64
-4236.88,2703.75,8436.96
-4271.01,2737.29,8497.5
-4263.12,2949.11,8476.4
-4256.97,3058.4,8508.11
-4216.5,3173.46,8526.39
-4250.68,3258.54,8542.08
-4376.22,3362.74,8629.45
-4516.07,3523.3,8776.89
-4614.07,3709.64,8933.88
-4713.08,3879.4,9076.44
-4878.23,4045.49,9129.3
-4948.59,4204.41,9125.08
-4948.5,4292.8,9051.25
-4834.9,4397.52,8841.15
-4713.79,4373.64,8646.4
-4530.54,4375.33,8302.28
-4375.31,4391.9,7979.1
-4307.9,4392.64,7789.64
-4292.31,4373.36,7683.58
-4312.86,4347.77,7650.86
-4434.49,4431.09,7766.19
-4470.72,4623.5,7934.92
-4741.52,4710.14,7892.79
-4989.79,4738.34,8077.73
-5143.73,4917.2,8246.91
-5170.68,5026.51,8383.77
-5258.63,5101.86,8499.79
-5377.5,5124.8,8595.69
-5436.39,5080.16,8632.65
-5522.46,5103.15,8617.09
-5626.14,5204.11,8723.47
-5826.7,5227.76,8768.22
-5879.88,5209.81,8665.5
-5803.95,5270.16,8566.64
-5756.1,5271.95,8482.61
-5711.55,5354.23,8391.07
-5643.47,5360.95,8292.43
-5509.99,5354.22,8098.72
-5321.57,5398.43,7871.98
-5185.98,5346.43,7803.63
-5170.61,5351.2,7698.5
-5083.55,5265.5,7597.81
-5196.86,5459.07,7606.49
-5220.97,5400.51,7680.26
-5306.14,5488.62,7743.76
-5296.76,5581.79,7819.78
-5312.63,5683.34,7891.97
-5439.08,5772.9,7852.45
-5521.36,5813.36,7761.16
-5399.74,5872.29,7809.51
-5274.43,5992.66,7825.73
-5253.37,5930,7884.79
-5257.15,6004.25,7789.2
-5174.6,6028.99,7693.77
-5112.93,6122.97,7648.24
-4963.41,6170.79,7528.86
-4865.39,6136.45,7431.93
-4830.34,6185.65,7399.91
-4774.34,6299.04,7379.22
-4736.71,6261.55,7325.54
-4751.45,6300.09,7189.39
-4687.95,6215.52,7130.95
-4692.28,6422.9,7172.68
-4699.11,6472.26,7162.51
-4769.61,6583.23,7161.94
-4742.75,6565.33,7161.81
-4742.8,6542.8,7187.18
-4832.64,6539.75,7231.81
-4899.15,6526.61,7258.82
-4863.39,6571.2,7252.19
-4842.58,6552.94,7220.54
-4952.25,6487.34,7140.46
-4842.04,6470.98,7151.31
-4814.92,6423.41,7141.19
-4838.37,6458.87,7166.62
-4807.12,6519.46,7142.2
-4718.38,6600.52,7021.37
-4597.3,6660.92,6869.82
-4502.41,6753.14,6781.29
-4479,6953.07,6774.85
-4440.16,6989.23,6787.57
-4641.04,7062.88,6637.8
-4602.23,7118.34,6615.97
-4510.15,7266.75,6637.69
-4449.48,7309.06,6597.87
-4442.7,7366.04,6657.87
-4423.35,7481.7,6627.15
-4411.59,7589.91,6562.34
-4413.93,7702.35,6582.22
-4339.66,7863.74,6516.07
-4218.36,7866.41,6338.6
-4216.35,7919.9,6395.82
-4206.12,7863.6,6398.23
-4232.96,7813.64,6453.03
-4347.87,7790.9,6526.35
-4398.44,7759.42,6627.81
-4418.68,7692.29,6705.76
-4377.24,7633.13,6796.98
-4305.31,7611.2,6872.47
-4327.26,7586.07,6831.81
-4269.2,7551.53,6859.25
-4323.86,7515.94,6863.63
-4277.59,7574.81,6774.65
-4363.43,7532.32,6736.13
-4246.18,7593.2,6741.95
-4196.55,7653.9,6714.43
-4131.17,7714.2,6631.17
-4044.24,7743.01,6589.17
-4004.19,7729.11,6598.5
-3948.39,7729.17,6546.54
-3888.87,7701.76,6509.83
-3842.04,7784.86,6414.55
-3903.98,7768.6,6317.11
-3846.43,7755.05,6208.02
-3875.41,7737.88,6123.41
-3822.96,7767.73,6120.08
-3774.77,7815.56,6098.18
-3737.9,7910.21,6030.65
-3690.06,8023.17,5951.33
-3712.29,8029.5,5878.53
-3720.85,7998.02,5889.92
-3580.8,8053.94,5817.45
-3581.51,8046.53,5735.41
-3613.08,8077.7,5640.19
-3537.53,8062.76,5480.24
-3516.27,8022.24,5345.75
-3539.97,8043.19,5309.67
-3549.96,8083.2,5354.8
-3573.22,8086.34,5449.28
-3657.09,8110.06,5600.12
-3723.33,8165.86,5772.84
-3762.49,8253.91,5914.63
-3847.39,8334.94,6014.34
-3888.24,8422,5937.52
-3880.9,8476.33,5912.47
-3827.18,8473.12,5842.14
-3733.13,8425.61,5708.65
-3608.49,8384.08,5584.32
-3450.6,8390.03,5484.32
-3286.28,8418.82,5344.92
-3238.14,8388.51,5187.03
-3278.6,8345.82,5026.73
-3189.48,8338.04,4918.51
-3205,8355.88,4868.25
-3210.53,8367.26,4811.49
-3221.42,8379.92,4787.46
-3203.09,8392.78,4846.72
-3170.5,8405.56,4957.35
-3153.69,8391.83,5050.97
-3139.82,8313.07,5115.41
-3155.86,8215.09,5186.06
-3240.03,8204.6,5212.21
-3249.4,8235.33,5315.06
-3206.88,8284.63,5323.17
-3227.88,8323.06,5255.46
-3277.18,8339.49,5243.44
-3353.16,8327.2,5268.47
-3440.36,8316.84,5255.16
-3486.95,8313.83,5207.07
-3483.06,8277.4,5201.23
-3515.53,8235.77,5242.41
-3454.63,8266.89,5216.13
-3374.31,8292.42,5161.44
-3362.77,8361.84,5113.2
-3349.82,8401.32,5005.7
-3318.73,8400.9,4852.89
-3234.07,8404.9,4695.63
-3120.65,8434.21,4562.86
-3041.98,8465.79,4429.55
-3025.21,8459.05,4268.83
-3045.77,8385.21,4186.02
-3018.88,8283.08,4290.05
-3037.79,8243.61,4370.8
-3154.43,8256.42,4467
-3252.4,8279.66,4591.38
-3301.55,8292.24,4682.59
-3355.94,8298.6,4762.03
-3425.6,8313.75,4861.73
-3482.62,8317.2,4964.77
-3514.98,8284.82,5032.97
-3496.23,8291.5,5073.74
-3396.57,8324.28,5118.31
-3343.42,8284.96,5080.31
-3364.42,8314.75,4965.73
-3290.83,8327.76,4844.17
-3198.77,8327.97,4764.22
-3177.62,8363.86,4701.74
-3216.83,8435.14,4624.11
-3225.21,8496.14,4549.28
-3167.95,8518.57,4496.62
-3177.87,8522.74,4405.47
-3267.82,8560.28,4435.98
-3219.25,8556.03,4510.81
-3209.84,8577.66,4578.6
-3202.85,8558.86,4724.12
-3241.43,8527.64,4842.15
-3329.34,8549.51,4913.48
-3424.08,8600.71,4949.21
-3483.88,8660.86,4966.27
-3521,8759.15,5004.81
-3592.18,8804.11,5075.15
-3602.31,8773.79,5028.96
-3547.34,8768.3,5038.63
-3497.75,8828.79,5032.16
-3492.28,8844.61,5036.9
-3483.02,8831.86,5007.23
-3468.67,8825.05,4977.45
-3455.29,8789.08,4959.56
-3417.66,8727.03,4934.95
-3336.15,8719.35,4895.72
-3260.3,8734.89,4826.71
-3198.4,8705.8,4782.14
-3243.74,8736.08,4715.62
-3228.1,8740.32,4487.12
-3221.59,8728.62,4297.47
-3303.43,8693.6,4256.72
-3313.72,8654.85,4272.04
-3316.55,8664.71,4297.17
-3407.56,8704.76,4365.92
-3464.61,8695.54,4485.04
-3518.26,8694.97,4613.82
-3608.62,8774.19,4610.32
-3598.58,8808.37,4714.54
-3657.13,8847.52,4774.64
-3676.16,8919.63,4864.65
-3683.84,8916.93,4949.5
-3670.85,8906.35,4985.76
-3619.37,8896.7,5043.06
-3564.07,8858.15,5089.52
-3567.12,8833.59,4970.94
-3600.41,8820.85,4836.35
-3496.22,8740.19,4823.15
-3437.97,8700.55,4706.33
-3327.36,8742.53,4612.94
-3244.15,8744.06,4504.37
-3102.42,8733.93,4371.19
-2905.51,8719.59,4215.78
-2732.59,8731.91,4116.82
-2593.46,8835.41,4086.11
-2433.39,9016.4,4026.9
-2315.31,9104.41,3970
-2152.53,9205.91,3899.44
-2068.91,9198.39,3795.89
-2048.13,9324.83,3537.73
-2006.59,9361.56,3563.8
-1932.17,9339.43,3605.3
-1934.52,9384.56,3615.3
-2022.92,9423.16,3644.08
-2096.7,9478.23,3707.71
-2116.35,9734.56,3766.2
-2189.55,9942.71,3697.05
-2352.95,10072.3,3618.24
-2502.59,10079.2,3583.63
-2674.84,10234.8,3422.39
-2805.36,10406.2,3318.54
-2876.93,10618.6,3308.66
-2949.43,10764.9,3350.97
-3069.82,10870.8,3440.73
-3196.09,10999.6,3555.49
-3279.48,11067.7,3616.58
-3411.26,11040.7,3646.17
-3455.4,11215.3,3881.39
-3386.51,11177.5,4090.97
-3406.1,11190.3,4150.77
-3214.78,11071.1,4013.96
-3054.89,10886,4001.36
-2914.13,10823.7,3955.57
-2729.35,10821.5,3850.8
-2591.85,10787.8,3819.2
-2595.25,10834.1,3853.58
-2586.71,10970.6,3937.03
-2681.51,11233.7,4032.44
-2681.38,11260.4,4153.73
-2671.53,11352.2,4274.23
-2758.02,11466.6,4347.21
-2787.77,11490.4,4369.21
-2785.91,11430.3,4442.06
-2826.01,11421.7,4548.39
-2903.56,11451.5,4590.04
-2968.86,11373.3,4506.76
-3003.23,11342,4289.64
-2892.69,11186.7,4430.5
-2901.35,11198.7,4454.85
-2915.23,11137.8,4520.59
-2995.95,11151.4,4610.02
-3054.12,11061.9,4704.14
-3079.64,10986.4,4845.79
-3092.32,10927,4989.42
-3128.77,10825.1,5071.29
-3198.13,10748.9,5148.73
-3206.71,10661.5,5303.94
-3369.15,10614.7,5286.48
-3358.07,10707,5478.84
-3403.27,10589.4,5474.33
-3504.18,10543,5604.96
-3566.44,10481.9,5682.56
-3628.73,10448.3,5720.52
-3730.67,10429.4,5852.25
-3862.75,10384.4,6011.59
-4000.22,10378.8,6037.17
-4106.71,10469.8,6158.68
-4198.73,10478.2,6318.24
-4192.46,10632.7,6397.56
-4178.74,10629.2,6376.32
-4150.13,10618.3,6429.98
-4042.2,10601.1,6407.43
-4026.9,10524,6390.16
-4001.17,10442.9,6350.1
-3862.91,10448.9,6241.43
-3760.67,10518.3,6164.13
-3576.6,10540.3,6084.04
-3454.47,10489.6,5984.59
-3358.63,10501.3,5869.33
-3331.49,10578.8,5793.64
-3207.8,10640.5,5816.97
-3155.77,10700.1,5801.05
-3153.14,10757.1,5800.19
-3160.87,10878.2,5903.64
-3160.41,10995.9,6025.85
-3156.42,10953.2,6045.72
-3282.57,10963.2,6145.97
-3285.05,10907.6,6196.51
-3278.26,10791.4,6267
-3307.3,10789.2,6288.58
-3369.65,10760.9,6236.96
-3429.42,10746.7,6251.91
-3423.4,10743.2,6252.83
-3418.03,10751,6165.92
-3435.89,10751.7,6049.33
-3392.38,10722,5976.28
-3401.22,10738.4,5895.6
-3419.63,10662.4,5834.99
-3458.95,10615.8,5725.11
-3371.63,10644,5556.19
-3326.46,10497.3,5420.6
-3283.25,10365.8,5355.04
-3218.88,10302.8,5287.26
-3206.8,10230.4,5238.54
-3252.78,10108.4,5278.72
-3278.63,9996.48,5359.44
-3393.12,9943.52,5359.23
-3594.22,9910.58,5461.75
-3753.17,9854.38,5559.92
-3967.11,9842.98,5664.69
-4180.09,9893.02,5791.66
-4410.15,9991,5904.9
-4658.82,10025,6008.96
-4863.95,10032.5,6130.11
-4983.37,10094.2,6208.1
-5051.61,10161.2,6156.04
-5086.56,10190.7,6086.63
-5038.93,10201,5948.03
-4912.89,10157.6,5780.93
-4831.39,10063.8,5592.33
-4795.78,9908.53,5411.9
-4770.36,9767.17,5303.45
-4738.06,9667.16,5178.64
-4694.78,9515.9,5029.82
-4668.15,9286.65,4922.9
-4684.01,9106.34,4867.64
-4666.32,8994.92,4860.3
-4545.04,8765.54,4971.43
-4482.69,8571.83,5020.26
-4453.07,8441.06,5085.68
-4424.44,8377.56,5152.96
-4421.52,8327.06,5274.49
-4394.56,8253.69,5443.16
-4311.09,8132.32,5597.34
-4201.4,8000.19,5702.91
-4107.74,7948.64,5790.86
-4013.56,7976.29,5895.69
-3860.55,7968.83,6039.49
-3726.51,7991.74,6033.14
-3604.77,7983.05,6001.06
-3487.92,7978.43,5922.97
-3450.42,8026.18,5877.05
-3459.25,8056.45,5845.42
-3449.9,8019.89,5734.78
-3411.45,7929.92,5575.97
-3393.65,7817.07,5514.3
-3442.63,7711.71,5498.48
-3492.32,7612.18,5518
-3507.48,7563.79,5536.55
-3580.31,7496.43,5535.46
-3671.13,7440.08,5581.66
-3808.32,7377.42,5660.79
-3913.39,7278.23,5734.15
-4013.54,7174.54,5789.57
-4178.6,7096.66,5869.7
-4356.06,7022.88,6011.78
-4464.04,6974.98,6145.05
-4635.39,7016.39,6265.86
-4770.75,7060.67,6410.17
-4839.18,7019.34,6479.7
-4904.02,6981.74,6521.92
-4926.95,6947.65,6575.93
-4865.11,6931.6,6581.48
-4788.65,6957.65,6539.66
-4770.16,6977.46,6510.85
-4742.82,6922.54,6503.62
-4601.51,6894.58,6453.59
-4529.03,6905.78,6313.12
-4529.55,6837.65,6125.16
-4460.94,6674.13,6101.09
-4370.71,6479.94,6096.53
-4352.72,6296.43,6103.95
-4369.63,6187.89,6100.23
-4352.74,6136.38,6087.66
-4304.6,6085.77,6094.42
-4286.83,6026.49,6150.7
-4315.91,5965.48,6274.64
-4313.4,5940.73,6290.29
-4374.73,5942.24,6295.5
-4554.98,5851.37,6387.81
-4609.71,5765.3,6547.48
-4644.46,5691.96,6648.4
-4724.5,5579.85,6729.19
-4802.15,5458.73,6795.76
-4793.9,5388.03,6813.48
-4715.7,5358.01,6816.77
-4717.9,5336.61,6865.06
-4651.6,5304.29,6905.71
-4653.25,5232.08,6892.44
-4609.97,5209.26,6815.33
-4563.13,5163.23,6821.84
-4460.42,5032.61,6833.7
-4385.41,4884.24,6844.45
-4345.36,4756.31,6885.8
-4262.07,4643.77,6952.73
-4142.52,4559.03,7004.08
-4116.78,4498.4,7028.35
-4119.26,4424.05,7084.96
-4076.31,4235.55,7226.18
-4107.89,4138.24,7347.86
-4161.57,4063.45,7424.76
-4208.76,4035.07,7465.69
-4216.08,3997.61,7521.83
-4213.97,3982.34,7595.61
-4233.1,3978.25,7662.72
-4241.86,3933.81,7738.17
-4222.4,4049.85,7846.27
-4166.81,3933.25,7894.76
-4074.51,3943.03,7924.17
-4018.48,3975.17,7936.05
-3960.57,3952.01,7906.59
-3813.78,3987.11,7863.03
-3723.26,3962.25,7834.53
-3675.1,3803.31,7803.39
-3577,3622.63,7745.65
-3468.16,3517.58,7664.32
-3363.31,3342.32,7562.4
-3416.53,3202.64,7576.85
-3413.54,3152.91,7670.75
-3432.74,2961.47,7728.35
-3486.8,2936.83,7853.48
-3495.22,2824.02,7871.98
-3566.22,2724.01,7878.17
-3711.09,2710.41,7941.84
-3804.44,2705.96,8026.84
-3801.35,2674.44,8118.5
-3845.28,2665.09,8222.63
-3949.76,2716.5,8285.99
-3925.18,2502.76,8269.9
-3897.58,2432.86,8238.19
-3934.11,2419.1,8230.75
-3887.2,2319.93,8236.23
-3802.56,2251.82,8236.03
-3761.98,2239.26,8214.37
-3719.64,2219.67,8164
-3599.46,2146.59,8099.48
-3518.83,1896.61,8061.01
-3492.47,1881.15,8049.99
-3462.74,1817.37,8057.43
-3400.06,1709.02,7975.94
-3239.33,1630.72,7950.73
-3235.43,1482.63,7894.06
-3224.55,1357.16,7848.42
-3157.96,1253.08,7872.2
-3135.38,1105.13,7925.39
-3146.56,979.31,7950.03
-3160.36,973.876,8006.93
-3080.66,864.264,7945.32
-3087.62,734.541,8003.65
-3103.71,688.206,8113.52
-3010.55,690.078,8083.1
-2931.53,622.378,8130.75
-2906.99,554.76,8178.57
-2939.45,490.046,8176.33
-2978.31,442.23,8158.05
-2935.26,486.942,8098.55
-2831.16,473.696,7996.33
-2672.75,403.749,7961.43
-2695.45,320.324,8037.24
-2732.11,304.742,7967.54
-2621.17,248.253,7803.59
-2500.86,108.625,7836.15
-2442.17,-68.526,7925
-2438.31,-200.7,7962.64
-2431.41,-253.046,7971.6
-2384.62,-284.309,7947.54
-2387.58,-393.862,7941.09
-2414.23,-566.509,8021.21
-2702.38,-739.248,8090.78
-2831.66,-980.037,8265.92
-3033.69,-1184.65,8368.53
-3199.19,-1181.57,8414.31
-3287.72,-1229.87,8541.61
-3318.41,-1371.17,8653.5
-3348.89,-1445.2,8669.65
-3376.43,-1435.37,8739.29
-3231.48,-1387.49,8848.89
-3279.39,-1439.68,8970.6
-3277.57,-1321.64,9005.77
-3283.69,-1294.5,8990.56
-3232.8,-1285.97,8915.98
-3042.06,-1227.14,8758.76
-2885.6,-1267.85,8600.54
-2779.8,-1363.73,8485.67
-2711.36,-1449.38,8349.97
-2730.59,-1607.69,8175.55
-2582.35,-1701.93,8157.02
-2557.17,-1855.72,8099.96
-2548.36,-1927.26,8106.11
-2603.95,-2093.28,8073.41
-2719.47,-2126.83,8041.18
-2814.72,-2093.59,8167.31
-2866.99,-2088.95,8308.06
-2866.59,-2096.98,8359.56
-2851.43,-2088.91,8365.13
-2879.25,-2146.31,8380.93
-2885.91,-2368.24,8403.26
-2956.8,-2603.18,8292.95
-2990.44,-2725.65,8229.14
-3041.14,-2838.86,8311.01
-2994.21,-2884.55,8271.22
-2974.44,-2913.38,8232.4
-2965.1,-2979.39,8177.66
-2933.77,-3065.49,8109.54
-2887.81,-3132.68,8055.73
-2833.65,-3180.49,8004.79
-2782.76,-3214.69,7999.73
-2733.42,-3240.69,7980.68
-2613.03,-3270.59,7944.2
-2582.94,-3328.6,7800.88
-2533.16,-3406.82,7740.38
-2500.34,-3457.02,7686
-2461.86,-3496.6,7636.95
-2420.46,-3532.44,7641.92
-2380.14,-3585.46,7650.18
-2338.76,-3691.73,7576.79
-2386.55,-3785.72,7555.79
-2402.12,-3838.38,7540.08
-2384.18,-3947.31,7522.14
-2390.08,-4013.3,7487.09
-2419.59,-4042.23,7478
-2395.77,-4139.31,7490.72
-2377.99,-4227.88,7495.42
-2374.77,-4258.73,7488.98
-2345.52,-4277.93,7479.7
-2325.65,-4332.05,7466.38
-2396.46,-4392.47,7464.43
-2450.32,-4274.29,7453.38
-2364.5,-4303.42,7454.48
-2341.51,-4358.68,7401.43
-2345.13,-4371.35,7326.58
-2311.37,-4371.11,7244.51
-2282.44,-4338.9,7192.86
-2250.98,-4330.14,7150.35
-2180.96,-4406.99,7049.79
-2097.68,-4513.31,6885.02
-2028.46,-4556.5,6766.51
-1928.81,-4626.63,6709.15
-1840.75,-4627.03,6647.96
-1765.49,-4642.23,6603.14
-1728.79,-4724.58,6564.37
-1775.02,-4789.25,6529
-1834.79,-4808.87,6544.96
-1867.1,-4831.24,6579.32
-1916.53,-4891.11,6577.27
-2015.28,-4949.67,6565.46
-2077.05,-4947.43,6586.41
-2073.92,-4898.38,6626.23
-2030.4,-4986.46,6693.78
-2008.24,-5046.29,6770.62
-1951.2,-5066.02,6837.99
-1862.49,-5082.93,6843.13
-1770.11,-5086.32,6747.45
-1649.3,-5101.6,6595.06
-1499.69,-5140.73,6459.86
-1396.11,-5172.11,6370.01
-1355.85,-5242.47,6316.7
-1291.55,-5375.48,6228.48
-1303.39,-5403,6162.23
-1290.48,-5450.35,6145.53
-1194.84,-5499.03,6175.22
-1155.99,-5556.93,6201.01
-1155.7,-5607,6184.56
-1149.16,-5645.11,6209.47
-1155.9,-5678.12,6307.33
-1199.69,-5697.69,6364.19
-1232.37,-5692.39,6375.28
-1251.49,-5708.39,6424.44
-1335.51,-5741.29,6462.81
-1338.46,-5766.55,6520.1
-1346.64,-5840.2,6560.82
-1375.27,-5848.57,6563.21
-1386.61,-5857.63,6577.81
-1411.86,-5920.28,6623.81
-1473.4,-5975.06,6641.09
-1518.89,-5966.97,6600.91
-1550.68,-5985.4,6632.41
-1564.55,-6048.21,6645.34
-1534,-6106.5,6632.87
-1597.47,-6127.3,6586.69
-1679.95,-6153.41,6605.26
-1727.87,-6174.32,6608.24
-1766.26,-6213.06,6581.02
-1793.27,-6260.13,6575.93
-1812.92,-6279.18,6648.01
-1868.26,-6266.24,6758.68
-1939.55,-6266.46,6747.87
-2014.56,-6338.57,6755.05
-1977.78,-6324.84,6806.88
-2011.1,-6255.32,6793.98
-2040.59,-6292.06,6883.82
-2009.01,-6259.51,6943.58
-2048.96,-6190.17,6934.18
-2052.91,-6180.52,6916.52
-1915.4,-6237.98,6924.44
-1809.96,-6265.13,6924.31
-1779.6,-6151.46,6906.72
-1665.47,-6126.73,6841.89
-1640.35,-6169.46,6755.33
-1584.91,-6233.53,6729.13
-1577.4,-6337.93,6712.4
-1567.83,-6367.08,6608.48
-1574.19,-6346.9,6537.58
-1606.01,-6302.33,6531.21
-1635.27,-6249.54,6548.36
-1650.95,-6260.5,6577.58
-1684.75,-6369.91,6519.64
-1682.02,-6373.58,6533.52
-1624.8,-6399.27,6632.92
-1620.5,-6323.97,6654.37
-1707.35,-6337.46,6640.13
-1797.21,-6363.15,6688.67
-1867.95,-6353.17,6739.3
-1911.61,-6343.32,6784.84
-1917.48,-6356.55,6823.44
-1914.06,-6347.9,6791.31
-1958.51,-6295.65,6746.08
-1947.55,-6263.6,6696.99
-1800.74,-6326.95,6590.66
-1705.69,-6407.89,6516.7
-1600.77,-6466.27,6358.51
-1559.46,-6530.65,6279.79
-1494.97,-6599.66,6229.91
-1424.5,-6652.04,6176.2
-1424.18,-6657.29,6164.36
-1432.34,-6647.51,6153.96
-1336.62,-6781.37,5995.89
-1308.08,-6902.84,5914.27
-1164.71,-6907.65,5908.68
-1233.8,-6908.72,5915.1
-1252.41,-7007.48,5850.74
-1271.64,-7001.09,5842.47
-1299.15,-6958.31,5881.03
-1278.82,-7014.62,5853.94
-1221.4,-7123.5,5811.01
-1208.06,-7164,5883.15
-1219.93,-7255.17,5838.36
-1302.21,-7366.47,5819.24
-1259.39,-7299.92,5818.04
-1160.18,-7214.49,5617.76
-1040.16,-7242.11,5515.32
-996.105,-7266.54,5469.39
-1003.62,-7262.71,5436.62
-959.186,-7258.83,5359.9
-896.725,-7290.34,5271.67
-930.625,-7353.68,5268.8
-899.183,-7349.73,5232.35
-925.399,-7332.82,5104.28
-842.08,-7197.52,5016.78
-899.275,-7234.37,5025.29
-934.054,-7184.25,5028.69
-942.725,-7261.67,4945.31
-1037.17,-7275.79,4889.19
-1125.6,-7196.92,4913.75
-1163.03,-7188.04,4920.58
-1268.46,-7242.85,4843.52
-1253.83,-7226.11,4828.74
-1154.48,-7298.37,4840.42
-1174.55,-7339.13,4708.7
-1210.97,-7418.97,4685.4
-1184.83,-7443.41,4582.33
-1283.86,-7493.53,4553.22
-1240.2,-7484.11,4483.19
-1137.52,-7440.31,4459.1
-1165.94,-7443.55,4485.81
-1160.69,-7448.71,4362.67
-1122.16,-7402.12,4398.93
-1221.09,-7393.28,4429.1
-1255.36,-7385.22,4290.97
-1237.08,-7459.92,4223.08
-1286.37,-7439.29,4264.86
-1233.65,-7435.48,4216.83
-1184.66,-7512.53,4133.02
-1171.39,-7592.13,4068.6
-1143.34,-7614.13,4016.59
-1109.75,-7665.25,3974.4
-1028.19,-7829.99,3897.2
-1048.38,-7897.04,3920.46
-966.399,-7997.77,3726.04
-1086.28,-7981.07,3681.07
-1095.37,-7995,3709.39
-1080.51,-8066.34,3799.64
-1176.98,-8085,3887.2
-1315.75,-8072.57,3960.55
-1374.76,-8039.72,4007.98
-1380.77,-7918.22,4010.19
-1409.01,-7880.4,4084.96
-1487.33,-7832.68,4105.05
-1621.28,-7855.67,4040.46
-1526.05,-7797.99,4079.31
-1522.54,-7824.51,4090.16
-1509.07,-7869.53,4020.12
-1460.75,-7949.26,3946.65
-1362.86,-8029.15,3885.53
-1262.22,-8083.22,3824.24
-1235.51,-8156.56,3764.6
-1138.37,-8216.45,3610.97
-1013.81,-8350.94,3529.73
-976.728,-8373.66,3515.04
-944.25,-8370.94,3437.92
-886.092,-8424.14,3501.72
-820.336,-8450.39,3503.16
-778.291,-8456.73,3555.48
-808.781,-8478.01,3640.61
-897.723,-8525.07,3653.83
-951.368,-8571.11,3657.87
-935.178,-8567.8,3702.92
-875.107,-8709.26,3792.79
-913.341,-8597.33,3834.58
-983.463,-8646.05,3848.52
-916.726,-8604.98,3868.21
-872.032,-8588.65,3960.33
-844.825,-8608.7,3995.59
-832.475,-8609.28,3982.82
-807.083,-8626.33,3961.18
-704.811,-8716.05,3881.3
-658.779,-8716.28,3882.43
-680.504,-8715.47,3890.41
-634.432,-8742.01,3842.04
-559.921,-8727.75,3824.49
-519.82,-8699.02,3779.33
-529.639,-8689.4,3769.5
-507.046,-8717.46,3810.88
-491.36,-8785.03,3864.62
-528.105,-8856.22,3899.57
-569.068,-8881.93,3920.07
-672.245,-8882.69,3931.82
-698.439,-8894.37,3987.5
-787.427,-8857.28,4014.81
-710.621,-8862.51,4122.37
-701.053,-8846.89,4151.14
-755.523,-8853.41,4178.9
-850.163,-8823.9,4170.45
-889.304,-8801.19,4173.27
-856.853,-8829.75,4221.98
-871.524,-8851.01,4237.07
-923.015,-8892.61,4247.2
-985.493,-8850.79,4229.8
-911.696,-8865.09,4229.78
-927.332,-8931.37,4224.37
-845.773,-8923.39,4190.67
-763.02,-8939.67,4148.29
-794.676,-8965.74,4119.27
-847.016,-8942.48,4139.04
-834.238,-8899.99,4200.27
-843.889,-8913.39,4243.09
-872.739,-8914.5,4256.37
-906.268,-8850.09,4223.55
-958.703,-8747.47,4316.35
-965.146,-8634.16,4290.52
-914.193,-8569.21,4268.79
-887.647,-8526.45,4274.98
-936.536,-8465.43,4326.52
-1017.25,-8403.86,4448
-1077.31,-8398.42,4585.47
-1110.54,-8453.18,4639.04
-1077.58,-8477.72,4663.61
-1009.02,-8509.29,4713.66
-1033.05,-8622.27,4726.05
-964.75,-8671.68,4763.84
-884.46,-8721.5,4726.55
-813.315,-8735.41,4690.28
-728.02,-8696,4700.88
-638.43,-8644.75,4726.2
-598.951,-8605.9,4733.92
-610.049,-8548.51,4773.16
-539.854,-8486.14,4914.64
-457.933,-8511.35,4945.72
-399.451,-8513.16,4941.03
-271.669,-8455.62,5042.99
-188.595,-8401.48,5095.81
-107.456,-8339.86,5075.85
-63.8522,-8298.37,5063.81
-62.3459,-8295.15,5103.7
-49.7461,-8304.84,5166.57
-2.23552,-8290.65,5211.01
34.5966,-8268.27,5227.79
101.799,-8315.92,5174.4
126.169,-8280.43,5227.73
127.595,-8299.42,5291.76
137.382,-8346.43,5216.15
171.974,-8344.11,5166.7
221.379,-8290.36,5188.13
254.481,-8254.42,5238.95
254.37,-8277.21,5264.31
239.483,-8301.57,5226.37
240.189,-8244.31,5144.95
285.235,-8205.83,5113.41
344.19,-8169.87,5156.15
318.445,-8190.44,5135.26
240.633,-8258.05,5087.77
149.169,-8294.66,5082.83
104.916,-8293.27,5074.88
83.1687,-8253.12,5064.78
29.8556,-8233.93,5095.91
-60.8592,-8333.84,5153.24
-193.605,-8466.26,5174.3
-264.185,-8473.98,5121.64
-282.972,-8551.77,5132.28
-253.239,-8515.33,5112.56
-296.477,-8412.83,5016.91
-346.348,-8376.05,5020.78
-380.949,-8353.25,5057.5
-405.483,-8326.32,5059.88
-425.216,-8330,5039.27
-470.216,-8344.52,5012.68
-589.352,-8337.56,5018.19
-621.459,-8385.07,5038.89
-608,-8314.99,5039.01
-638.434,-8346.01,4989.23
-695.85,-8385.87,4984.79
-720.471,-8382.35,4936.33
-683.833,-8354.54,4918.64
-643.953,-8347.91,4915.86
-638.615,-8360.21,4859.27
-619.121,-8348.83,4807.08
-575.892,-8336.66,4856.53
-560.243,-8384.23,4907.72
-557.193,-8491.42,4931.94
-514.769,-8460.94,4929.31
-523.513,-8402.7,5015.59
-543.107,-8368.75,5075.61
-554.155,-8375.19,5115.84
-517.933,-8352.29,5143.8
-440.903,-8297.74,5143.13
-405.777,-8299.69,5127.11
-428.783,-8280.89,5112.01
-433.358,-8293.48,5157.05
-333.67,-8266.37,5180.84
-355.462,-8270.46,5191.19
-313.964,-8254.01,5289.56
-259.597,-8237.9,5298.4
-281.946,-8228.1,5256.85
-333.055,-8214.01,5293.95
-328.648,-8190.61,5373.69
-276.481,-8182.03,5368.37
-207.009,-8211.24,5399.86
-242.926,-8055.11,5392.82
-250.106,-8169.88,5404.8
-249.378,-8109.63,5437.73
-213.646,-8098.54,5475.96
-165.644,-8070.05,5409.39
-166.449,-8083.28,5403.47
-190.771,-8110.48,5518.55
-162.817,-8110.77,5586.39
-75.0841,-8149.22,5487.47
-10.4686,-8193.01,5416.93
-35.5516,-8119.33,5481.24
-104.444,-8206,5484.54
-50.141,-8091.48,5476.63
-52.5655,-8093.89,5496.58
-79.2017,-8031.64,5509.28
-77.1691,-8023.52,5461.55
-37.0531,-8057.94,5472.54
-27.914,-8019.55,5561.04
-113.783,-7945.7,5547.54
-182.655,-7895.51,5517.61
-149.478,-7949.85,5494.95
-70.9829,-8034.59,5554.25
-58.0372,-8041.73,5591.43
-96.7534,-8024.99,5446.71
-99.0392,-8006.24,5343.96
-129.34,-8050.1,5336.79
-144.341,-8095.15,5403.65
-111.461,-8071.12,5463.04
-118.621,-8053.83,5449.46
-108.318,-8127.45,5522.74
-163.326,-8237.7,5477.11
-126.591,-8285.41,5510.06
-44.1079,-8242.18,5457.71
-78.196,-8275.41,5444.04
-65.1885,-8288.67,5488.32
-14.3962,-8288.85,5507.87
16.8837,-8289.59,5423.49
58.6623,-8305.12,5323.87
113.887,-8343.9,5360.82
15.065,-8310.25,5390.03
80.1206,-8364.3,5340.03
119.614,-8390.8,5330.65
40.6547,-8298.84,5394.23
29.3976,-8244.45,5383.96
79.1613,-8288.73,5366.68
45.4915,-8324.2,5327.33
3.81819,-8285.71,5324.2
20.7959,-8250.69,5372.62
-8.21675,-8297.62,5374.44
22.8024,-8311.84,5396.58
-54.2632,-8305.42,5532.81
-95.6578,-8233.3,5326.53
5.61359,-8198.65,5469.73
-70.8208,-8181.75,5505.58
-113.895,-8277.57,5461.2
-99.3276,-8284.51,5461.82
-110.91,-8241.94,5479.05
-131.286,-8236.21,5475.32
-98.9168,-8143.4,5491.97
-132.319,-8067.29,5433.94
-101.309,-8062.95,5428.94
-156.707,-8109.89,5418.78
-122.021,-8149.42,5430.2
-131.197,-8190.87,5388.71
-200.581,-8268.01,5382.82
-247.959,-8251.18,5410.52
-240.048,-8172.38,5414.45
-213.556,-8139.67,5410.81
-205.861,-8152.92,5429.31
-220.196,-8235.38,5337.32
-237.044,-8264.26,5421.35
-230.859,-8200.65,5198.58
-290.238,-8206.19,5261.82
-341.562,-8258.28,5278.77
-353.456,-8261.95,5314.96
-371.952,-8234.6,5349.25
-410.235,-8159.36,5316.99
-458.214,-8118.35,5262.82
-504.597,-8227.9,5269.46
-490.572,-8220.07,5241.76
-539.704,-8249.51,5366.42
-434.204,-8085.52,5270
-452.206,-8116.19,5317.21
-474.877,-8199.55,5327.81
-421.436,-8226.22,5332.64
-373.066,-8195.98,5298.81
-381.612,-8228.33,5241.41
-403.158,-8308.16,5192.02
-388.538,-8272.1,5155.75
-371.583,-8227.93,5199.06
-421.454,-8269.97,5172.99
-357.199,-8308.84,5149.06
-383.099,-8360.85,5243.78
-380.227,-8345.6,5261.4
-410.561,-8412.1,5280.51
-426.724,-8405.85,5233.77
-443.74,-8336.98,5144.16
-468.202,-8312.96,5118.46
-430.069,-8305.16,5160.76
-388.829,-8351.86,5176.5
-389.087,-8359.79,5188.36
-451.472,-8391.26,5203.95
-459.783,-8393.13,5235.44
-481.996,-8324.56,5259.93
-493.097,-8276.53,5249.34
-428.626,-8278.38,5207.25
-366.58,-8291.26,5199.39
-418.829,-8299.52,5243.89
-523.919,-8325.41,5259.62
-504.284,-8322.69,5212.94
-482.351,-8251.4,5154.58
-407.886,-8184.52,5182.46
-427.296,-8196.47,5189.78
-434.108,-8246.74,5193.77
-422.803,-8255.04,5196.41
-404.024,-8217.09,5186.06
-411.791,-8198.24,5203.53
-423.765,-8237.43,5255.85
-385.999,-8302.41,5274.58
-399.026,-8360.36,5259.12
-482.529,-8365.17,5218.14
-414.912,-8294.64,5244.57
-388.17,-8268.22,5166.66
-328.04,-8288.75,5127.84
-298.804,-8323.97,5146.12
-331.216,-8364.56,5134.58
-366.639,-8375.04,5122.92
-345.252,-8360.5,5136.06
-294.528,-8368.09,5104.23
-277.089,-8338.85,5099.98
-234.606,-8321.38,5122.59
-209.447,-8340.75,5115.95
-200.182,-8318.93,5127.1
-214.592,-8285.12,5137.54
-257.981,-8254.57,5157.97
-296.882,-8245.04,5182.37
-291.684,-8215.8,5208.18
-301.725,-8185.24,5222.56
-403.548,-8236.87,5208.41
-428.846,-8273.88,5202.32
-323.082,-8229.63,5240.38
-346.906,-8226.38,5270.92
-349.553,-8272.27,5267.35
-312.345,-8316.63,5311.17
-275.462,-8314.5,5332.02
-316.423,-8317.86,5308.26
-379.211,-8357.41,5310.45
-362.968,-8382.83,5351.45
-301.516,-8333.29,5345.46
-316.212,-8250.59,5310.31
-304.772,-8224.05,5272.96
-222.334,-8241.28,5211.78
-201.745,-8281.73,5262.87
-241.156,-8261.79,5291.48
-274.449,-8226.01,5298.82
-256.368,-8215.77,5300.62
-237.725,-8209.56,5288.94
-269.056,-8188.99,5272.04
-311.845,-8182.44,5287.07
-327.759,-8193.35,5330.96
-358.082,-8233.96,5357.07
-369.604,-8224.1,5363.98
-314.313,-8224.66,5361.81
-307.561,-8190.29,5302.46
-332.975,-8196.71,5243.81
-337.431,-8233.56,5247.52
-297.212,-8240.76,5302.23
-252.776,-8231.07,5322.18
-270.171,-8257.83,5266.09
-335.64,-8243.71,5260.81
-326.564,-8285.67,5297.95
-276.891,-8334.24,5339.54
-252.728,-8280.78,5315.84
-241.329,-8249.13,5288.46
-246.627,-8216.72,5263.93
-251.856,-8180.62,5266.09
-227.361,-8167.65,5272.49
-191.816,-8193.01,5240.8
-202.358,-8235.59,5175.74
-237.779,-8259,5122.3
-248.997,-8266.06,5117.85
-282.017,-8214.19,5108.06
-319.564,-8237.44,5154
-338.568,-8287.39,5243.24
-362.883,-8254.5,5282.75
-395.414,-8210.48,5262.13
-420.587,-8202.02,5235.22
-427.908,-8204.17,5225.36
-429.727,-8207.38,5215.86
-445.999,-8222.5,5236.32
-405.873,-8242.75,5197.34
-375.138,-8299.84,5214.04
-316.426,-8305.54,5178.46
-319.134,-8259.78,5163.62
-380.478,-8280.58,5191.55
-385.361,-8260.93,5186.54
-375.625,-8197.85,5154.16
-415.049,-8160.31,5143.6
-424.991,-8131.61,5141.76
-358.683,-7322.16,4619.15
