2.84117,1.77745,1.03025
2.85515,2.01462,1.03228
2.70581,1.82812,1.10747
1.97024,1.34237,1.21963
1.12445,0.813467,1.54445
0.483084,0.334298,1.4542
-0.232917,-0.213051,1.1802
-1.0299,-0.6534,1.16817
-1.5874,-0.573335,1.05337
-2.56879,-0.267239,0.709301
-2.95078,0.063239,-0.0360574
-2.98606,0.208679,0.155457
-3.23756,1.14802,-0.553391
-3.41157,1.88652,-1.00641
-3.12794,2.78294,-1.61201
-2.59628,3.50872,-1.7981
-1.81083,4.09974,-1.83844
-0.634194,4.80198,-2.18289
0.47247,5.25399,-2.33821
0.680474,4.95991,-2.35205
1.71159,4.98727,-3.05029
2.20762,4.09543,-2.58819
2.90335,3.70445,-2.97069
3.9248,3.2733,-3.07015
4.84011,3.07852,-3.24991
5.14902,3.34654,-2.93798
5.23311,3.78197,-2.49722
5.37584,4.44061,-2.28091
5.06244,5.67723,-1.61777
4.34663,6.49315,-0.846216
3.62453,7.01922,-0.412086
3.05595,8.20343,-0.124842
2.72242,8.54015,0.371198
2.3636,8.63861,0.415072
1.5843,8.26502,-0.0240877
0.898817,8.18907,-0.497331
0.0781835,8.08252,-0.867541
-1.07081,7.46936,-1.18285
-1.99119,7.01045,-1.50882
-3.13358,6.69047,-2.30175
-4.79095,5.76293,-2.88003
-5.38359,4.67003,-3.17748
-6.25172,3.93089,-3.59095
-7.18064,3.42106,-3.79073
-7.60525,3.65741,-4.35264
-7.39908,5.13962,-4.81403
-6.89602,6.47508,-5.14157
-6.2945,7.36951,-5.48524
-5.3458,9.28928,-5.63061
-3.86405,10.2686,-5.98742
-2.11664,10.945,-6.26897
-0.458282,11.5016,-6.49221
1.05531,11.6808,-7.08519
2.42188,12.1227,-7.12858
3.21957,11.5777,-7.78407
3.20271,10.4245,-8.15652
2.21073,9.2846,-8.013
0.302769,7.91469,-8.36109
-2.13744,5.99788,-9.33658
-4.74565,4.32272,-9.36737
-7.54878,2.13642,-10.1672
-9.92857,0.09409,-11.7452
-12.5379,-2.42332,-13.149
-15.3067,-4.42129,-13.9809
-18.2234,-6.17176,-14.6827
-20.8042,-7.42715,-15.3682
-23.0194,-7.99943,-16.1508
-24.9861,-7.96889,-16.6478
-26.4647,-7.73878,-16.1718
-27.3605,-8.23118,-15.4021
-27.0329,-8.72612,-15.0706
-27.4676,-8.842,-14.5241
-26.8725,-9.92486,-14.7134
-25.4331,-10.3743,-15.5452
-24.2918,-11.4114,-16.3906
-23.0742,-13.0891,-17.2467
-21.7915,-14.8644,-17.8159
-20.9125,-16.6211,-18.2387
-20.2325,-18.8127,-19.4402
-19.2058,-21.8113,-21.2706
-18.6631,-24.6077,-22.8309
-18.4576,-26.9746,-24.9882
-20.0647,-29.2941,-27.3649
-21.1382,-31.5828,-29.3261
-23.4113,-33.286,-30.5053
-26.5889,-33.708,-31.007
-31.7031,-32.4034,-31.754
-37.9768,-29.5961,-32.9845
-41.4496,-25.8275,-34.107
-42.3015,-20.8503,-35.999
-40.9481,-14.297,-37.3999
-38.9861,-6.75818,-38.311
-35.5132,2.06279,-39.3559
-28.6185,8.89983,-36.6821
-23.9711,12.0384,-32.101
-21.1132,13.9711,-28.895
-18.7905,15.4988,-27.7142
-17.1928,15.8036,-27.2653
-15.8995,15.1387,-26.9168
-13.9092,13.5689,-26.9864
-12.3855,10.6496,-27.3627
-11.1163,7.63429,-27.6861
-10.3388,3.69859,-28.4124
-9.68255,-0.725615,-28.7991
-9.52177,-6.45388,-29.0887
-9.40998,-12.9964,-29.4777
-8.96707,-19.4489,-29.7934
-8.23772,-25.4778,-29.8029
-7.13978,-31.4728,-29.4381
-5.25722,-37.7909,-28.6185
-3.9049,-42.3078,-27.8046
-1.24429,-45.8553,-26.5852
2.7546,-48.807,-24.9032
7.36318,-51.6827,-23.0103
11.7877,-53.9065,-21.2141
17.3181,-54.8612,-19.009
22.9647,-55.2829,-16.6075
27.5348,-55.6403,-14.5051
32.156,-55.0685,-12.4815
36.4962,-53.5728,-10.3071
39.3585,-51.6035,-8.3888
42.4835,-48.7229,-6.20103
45.3002,-45.8276,-4.08333
48.3133,-41.7251,-1.82566
50.6915,-37.0611,0.746208
52.5338,-32.0069,3.0575
54.2635,-26.7558,5.42641
55.7901,-21.5537,8.09135
56.916,-16.3327,10.6615
58.311,-10.9868,14.0544
59.2391,-5.92908,17.0296
59.7343,-0.622779,20.0698
59.6737,4.65659,24.4014
59.3854,9.35915,28.1857
59.4062,13.5397,32.6673
59.1604,17.6997,37.8005
59.1849,21.0713,43.6376
59.7752,22.8114,50.4978
59.863,23.2011,58.2261
59.6714,22.1444,66.5194
59.2437,20.0212,74.3499
58.6913,16.5955,83.2443
58.0659,13.0144,91.8092
56.2625,9.00979,100.944
53.286,4.77734,110.113
49.4761,0.031705,119.281
45.2493,-4.86564,128.635
40.5631,-8.90093,138.029
35.4372,-11.5197,146.83
31.2008,-13.1065,154.25
26.6912,-12.7972,160.32
22.3378,-12.0318,165.418
19.1459,-11.0186,170.243
16.3912,-8.76112,174.318
13.6103,-6.28665,177.755
11.3472,-3.32345,180.539
9.64196,-0.138335,182.428
8.22694,2.57596,183.34
7.12256,5.09283,183.41
5.9984,8.19065,182.611
5.29929,10.5615,181.797
4.10164,12.2311,180.986
2.75667,12.8817,179.906
1.24264,13.1234,179.975
-0.630512,12.5762,181.591
-3.10981,11.2167,184.262
-5.99668,9.35324,187.869
-9.05487,7.43067,192.173
-12.4856,5.9202,196.382
-16.4361,5.17741,200.447
-20.2671,5.34732,204.769
-23.7217,6.10046,208.494
-26.8967,8.01133,211.878
-29.3355,10.6424,214.62
-30.9348,13.8769,216.316
-31.5954,17.2393,216.896
-31.77,20.2964,217.05
-31.6192,22.7552,217.078
-30.661,24.3131,216.458
-29.3004,24.7874,215.405
-28.4329,24.5198,214.062
-27.0945,23.2534,212.625
-26.3757,20.618,211.988
-26.4271,17.0326,212.522
-27.019,13.1369,214.05
-28.2891,9.51885,215.99
-30.2116,6.52779,217.839
-32.4446,4.31383,218.935
-34.508,3.06455,218.715
-35.9527,3.14146,217.911
-37.3047,4.45436,217.204
-38.7086,6.9721,216.314
-39.3235,10.3252,215.635
-39.2692,13.1355,214.048
-38.4379,15.957,212.195
-37.1867,19.2022,210.493
-35.5237,22.5182,208.832
-33.2375,25.3651,207.013
-30.5668,27.6832,204.983
-28.0384,29.71,202.566
-25.0211,31.2083,199.785
-21.7746,31.4392,196.704
-19.0912,30.8961,193.909
-17.1949,29.0745,191.683
-15.773,26.3456,189.792
-14.9784,23.4592,187.804
-14.5553,20.9979,185.563
-14.1626,19.2062,182.916
-13.9158,18.1923,179.579
-13.6654,18.1483,175.633
-12.5778,18.939,170.643
-11.6495,20.5233,165.032
-10.9639,22.9145,159.026
-10.2412,25.6327,152.692
-9.61835,27.7777,146.269
-8.85507,29.8146,139.698
-7.76632,31.8415,133.007
-6.5476,33.2744,126.256
-5.44012,33.9592,119.349
-4.23448,34.5406,112.336
-3.44116,34.4638,105.792
-2.19203,33.6243,99.7554
-0.424258,31.7225,93.9984
0.954195,28.9826,88.4712
2.08165,25.763,83.0612
2.90925,22.2244,78.2606
3.90725,18.716,74.0272
5.44079,15.4805,69.9422
7.03562,12.4336,65.8764
8.26998,9.69145,61.7566
9.56836,7.1979,57.6742
10.6229,4.77439,53.5041
11.2567,2.42033,49.3548
12.0516,0.151623,45.1163
12.9322,-1.65332,40.6706
13.4403,-3.08425,35.935
13.7987,-4.25273,30.8501
14.6063,-5.02925,25.3497
15.9346,-5.21301,19.2369
17.2937,-4.76274,12.0876
18.4017,-3.68603,3.82058
20.204,-2.76454,-4.8859
22.1444,-2.42398,-14.306
23.8424,-2.58208,-23.9622
25.2113,-3.45062,-33.7394
26.251,-5.52108,-43.4436
26.9708,-8.70703,-52.7335
27.4415,-12.6591,-61.6506
27.7305,-17.2417,-70.5608
27.7285,-22.0325,-79.1109
27.6421,-26.4701,-86.7742
27.5099,-30.689,-94.3969
27.4632,-34.4025,-101.249
27.2936,-37.3446,-107.641
27.1067,-39.6197,-114.184
27.0313,-41.6126,-120.412
26.7303,-43.2284,-126.026
25.9617,-44.0434,-131.296
25.0861,-44.0443,-136.455
24.459,-43.827,-141.335
24.1018,-43.4127,-146.045
23.8258,-42.361,-150.725
23.302,-41.0468,-155.284
22.864,-39.4543,-159.696
22.6924,-37.3536,-164.172
22.4632,-35.1843,-168.955
22.0283,-33.1323,-174.245
21.5355,-31.0316,-180.128
21.1515,-28.9383,-186.463
20.9677,-27.2246,-192.869
20.7281,-25.8313,-199.199
20.148,-25.2643,-205.537
19.2832,-25.4108,-211.946
18.5521,-26.0132,-218.246
17.8431,-27.032,-224.173
16.9102,-28.3689,-229.594
15.6883,-30.0163,-234.569
14.4123,-32.1728,-239.309
13.207,-34.9261,-243.934
11.4782,-37.7559,-248.219
8.99361,-40.3445,-252.344
6.70594,-42.5028,-255.779
4.97585,-44.0836,-258.801
3.2406,-45.3558,-261.806
2.07136,-45.6961,-264.674
1.57338,-45.2307,-267.154
1.71364,-44.141,-269.294
2.38278,-42.4721,-271.3
3.1007,-40.3842,-273.213
3.33589,-38.0448,-274.962
4.42809,-35.7942,-276.669
5.91903,-33.8343,-278.248
6.74772,-32.86,-279.831
7.34956,-32.8301,-281.696
7.83152,-33.5255,-283.254
7.93841,-35.1518,-284.228
7.42313,-37.7452,-284.841
6.19705,-40.9759,-285.38
4.20484,-44.4053,-285.834
1.30254,-47.7271,-286.044
-2.48218,-51.022,-286.099
-7.01627,-54.0456,-286.793
-11.6293,-57.2386,-287.188
-16.2749,-59.7281,-287.13
-20.7561,-61.2671,-286.992
-24.2743,-62.1348,-287.004
-26.4142,-62.8019,-286.83
-27.1794,-63.331,-286.049
-26.6302,-63.4447,-284.676
-25.1077,-63.3816,-282.922
-22.9469,-63.0733,-281.099
-20.3834,-63.0831,-278.952
-17.4671,-62.5019,-276.764
-13.845,-62.1289,-274.154
-10.2339,-62.0126,-271.449
-6.71137,-61.5515,-268.835
-3.54656,-60.6208,-266.045
-0.762553,-59.6086,-262.889
2.06165,-58.5625,-259.457
4.3421,-56.815,-255.529
5.50737,-54.4855,-251.669
6.16905,-52.1351,-247.961
5.57662,-49.7201,-244.415
4.58244,-46.9106,-240.375
3.44322,-44.0661,-236.055
2.4538,-41.5766,-231.842
1.4035,-39.5117,-227.8
0.176472,-37.7272,-223.617
-0.747587,-36.0805,-219.168
-1.14801,-34.4605,-214.949
-0.987946,-32.9591,-209.904
0.1933,-31.7924,-204.21
1.66152,-31.1384,-197.641
3.39011,-29.7862,-190.393
5.80994,-27.9188,-182.918
8.35302,-25.7713,-175.206
10.8349,-23.5706,-167.48
13.6054,-21.2212,-160.052
16.6325,-18.2901,-152.793
19.2545,-14.8328,-145.343
21.2238,-11.511,-137.759
23.3008,-8.15928,-130.355
25.1741,-4.43572,-122.88
26.4194,-0.988069,-115.38
26.9034,1.85195,-108.176
27.0236,4.29314,-101.172
27.0194,6.34735,-94.0695
26.8236,8.01092,-86.9604
26.4239,9.45035,-80.2246
25.9281,10.3987,-73.6374
24.4613,11.0074,-67.1094
23.1998,12.0471,-59.877
22.2022,12.7307,-52.9969
21.1638,13.4709,-46.1138
20.1862,13.8476,-39.3167
19.3033,14.173,-32.2246
18.8019,14.2814,-25.2334
18.7351,13.9992,-18.5244
18.6305,13.8512,-11.4289
18.2291,13.9637,-4.29459
17.1713,13.8479,2.88125
16.6636,13.9228,10.265
15.7228,14.0027,17.6946
14.6253,13.9974,25.0969
13.2595,14.1497,32.8225
11.6645,14.5128,40.6071
9.87525,15.0835,48.6823
7.81787,15.5411,57.0007
5.54582,15.5963,64.9501
3.46954,16.0054,73.2244
1.3999,16.3506,81.6945
-0.475013,16.9312,90.7431
-2.22112,18.0499,98.7185
-3.5578,19.4441,106.628
-4.2595,20.6555,114.397
-4.9031,21.74,122.184
-5.49089,23.224,129.724
-5.69646,25.3291,136.91
-5.62447,27.4543,143.927
-5.41987,28.8984,149.907
-5.8072,30.8176,155.41
-5.5026,32.8205,160.637
-5.42972,34.3235,165.579
-5.14546,35.9186,169.804
-5.40128,37.4515,174.203
-5.82502,38.9555,178.491
-6.44379,39.9985,182.643
-7.25018,40.3059,186.853
-7.87468,40.365,190.854
-9.17202,40.4343,194.649
-10.1588,39.9517,198.848
-11.6437,39.7637,203.097
-12.6485,39.645,207.587
-13.5374,38.553,212.729
-14.5409,37.9689,217.543
-15.6541,37.4706,222.175
-16.5544,37.0009,226.927
-17.2076,36.8381,231.479
-18.0824,36.7194,235.357
-19.269,36.9716,238.862
-20.2973,36.8802,242.611
-20.3794,36.5235,246.746
-21.4065,36.0132,250.969
-22.202,35.6919,255.658
-22.7733,35.9411,259.759
-23.1942,36.9059,263.303
-23.6005,37.8722,266.439
-24.2297,38.5344,269.191
-25.2641,39.5114,271.751
-26.6089,40.5846,274.256
-27.648,42.2635,277.655
-29.1813,43.5332,279.85
-30.5957,44.971,281.026
-32.4018,46.8374,281.988
-33.6017,48.6248,282.228
-35.093,50.2382,281.752
-36.8547,51.4079,280.891
-38.2449,51.8195,279.742
-39.5192,51.5999,278.271
-40.8421,50.9623,276.966
-42.6141,49.0013,276.347
-43.7727,46.9591,274.732
-45.1517,44.6497,274.346
-46.3003,41.3747,273.455
-47.6632,37.6004,273.074
-48.591,33.8698,273.462
-49.1576,30.4146,274.297
-49.6699,27.254,274.831
-49.7404,24.434,274.518
-49.4684,22.0885,274.338
-48.6247,20.1878,274.173
-46.7536,19.4616,272.913
-45.3896,18.4682,271.924
-44.6454,17.6708,270.412
-44.2584,17.335,268.998
-44.2119,17.1834,266.726
-44.7663,16.3847,263.49
-45.6839,15.0017,260.241
-46.2566,13.7611,257.425
-46.7081,11.5133,254.747
-47.6273,8.98834,252.687
-48.8312,5.91966,251.398
-49.8511,3.21887,249.747
-50.8018,0.865984,248.126
-51.8104,-0.783008,246.852
-52.5249,-2.32349,245.867
-52.923,-2.74814,245.128
-53.1637,-1.3825,244.484
-53.0149,0.532713,243.636
-52.0556,3.09681,242.506
-50.4079,6.39642,239.817
-48.8106,10.195,236.185
-46.5763,14.8254,232.107
-43.9608,19.0894,226.988
-40.8969,23.1045,221.187
-37.9269,26.565,215.239
-35.315,28.7808,208.879
-32.5042,29.9461,202.166
-29.2836,30.7262,195.862
-27.1433,29.9986,189.48
-24.3102,28.4418,183.142
-22.7846,26.163,176.597
-19.9281,21.292,170.384
-17.1021,17.0793,165.667
-15.1495,12.7153,162.391
-13.5905,8.91785,159.464
-12.3184,6.67601,156.037
-11.262,5.80322,151.893
-9.62612,5.82633,147.358
-7.00365,7.66951,143.143
-3.86473,10.5883,138.123
0.422873,13.4463,131.864
5.31645,15.2891,126.045
7.38679,17.0431,122.042
8.36445,17.5107,118.141
9.35639,16.1537,113.313
10.1644,13.1909,107.815
10.8093,9.14485,102.256
11.7925,4.48611,96.7585
12.4757,-0.597761,91.1367
13.2458,-6.01389,85.4793
13.3258,-10.8416,79.1783
13.7501,-14.2739,71.4137
14.9815,-17.4962,63.2456
16.5293,-19.5395,54.3365
17.8559,-20.4382,44.4781
19.5517,-20.4302,34.4068
22.1558,-19.8801,24.5846
24.9709,-19.0583,14.6925
27.3407,-17.1074,5.11301
30.1452,-15.4738,-5.32495
32.5085,-12.9623,-15.0453
35.5715,-10.2221,-24.9859
37.6533,-7.78579,-34.872
39.172,-5.90393,-44.1761
40.289,-4.36808,-53.4019
40.6602,-3.60272,-62.6012
40.3289,-3.38907,-71.1113
39.8453,-2.9103,-78.6936
39.0922,-3.6204,-86.1413
38.0246,-4.74129,-93.0058
37.1777,-6.35188,-99.249
36.1962,-7.67423,-104.911
35.1436,-8.77955,-110.289
33.9798,-9.86998,-115.339
32.7641,-10.9676,-120.593
31.5751,-11.8558,-125.553
30.6477,-12.4514,-129.82
30.1279,-12.998,-133.995
29.5082,-13.7106,-137.698
29.2104,-14.7651,-140.768
29.1502,-15.9331,-144.056
29.2564,-17.4339,-147.246
28.9646,-19.0098,-150.432
28.4661,-20.756,-154.103
27.8002,-22.6381,-158.415
26.453,-24.6511,-162.717
24.4725,-26.6746,-166.787
22.5813,-28.6206,-171.288
20.3231,-30.935,-176.023
17.9284,-32.9056,-180.525
15.719,-34.6462,-184.455
13.6489,-36.6075,-188.811
11.327,-37.8538,-194.463
8.89302,-38.2534,-200.128
6.86121,-38.558,-205.963
5.75858,-39.0679,-211.548
4.93687,-39.467,-216.523
3.31155,-39.5961,-221.619
2.09605,-39.7586,-226.919
0.850929,-39.628,-232.766
-0.616266,-40.3566,-237.626
-2.2426,-41.1969,-242.659
-3.47878,-41.7701,-247.374
-4.86183,-42.7472,-251.682
-6.34753,-44.121,-256.162
-8.09972,-45.4174,-260.649
-9.91752,-46.6202,-264.596
-11.1428,-48.224,-268.061
-12.361,-50.1744,-271.363
-13.4878,-52.4909,-274.36
-14.6359,-55.0752,-276.842
-15.8368,-57.3323,-278.673
-17.7331,-59.5203,-280.349
-19.5968,-61.4881,-281.76
-20.8976,-63.2112,-282.7
-22.1447,-64.7377,-283.216
-23.5192,-66.0742,-283.169
-24.3419,-67.1432,-282.287
-25.1079,-67.7699,-281.21
-26.6901,-67.7053,-280.536
-27.8254,-67.9433,-279.857
-28.5222,-67.3566,-278.979
-29.5056,-66.6262,-278.393
-30.5492,-65.8499,-278.015
-31.946,-64.9704,-277.965
-33.4793,-64.252,-278.13
-34.9892,-63.8371,-278.3
-36.9512,-63.5714,-278.466
-39.2062,-63.7918,-278.52
-41.096,-64.5967,-278.106
-43.1409,-66.6735,-277.217
-45.8918,-69.3324,-276.55
-48.3649,-72.2388,-275.588
-50.6579,-74.8466,-274.223
-52.4348,-77.1809,-272.366
-53.1581,-79.6259,-270.016
-52.7968,-81.933,-266.793
-51.7464,-83.2369,-262.401
-50.0222,-83.5456,-258.088
-48.4452,-82.9478,-253.703
-46.1939,-81.6065,-249.48
-43.833,-79.1155,-245.028
-41.4983,-75.8899,-241.172
-39.0188,-71.6822,-237.669
-36.7066,-66.8225,-234.323
-34.5474,-61.9736,-231.125
-32.183,-57.3593,-227.998
-29.7214,-52.7896,-224.789
-28.0176,-48.6842,-221.557
-26.6406,-45.6747,-218.029
-25.3196,-43.2345,-213.94
-24.1459,-41.4239,-209.9
-22.9721,-40.4674,-205.153
-21.7263,-39.8868,-200.291
-20.7891,-39.6095,-195.338
-20.344,-39.4336,-190.398
-20.075,-39.0929,-185.56
-19.584,-38.5385,-180.605
-18.9907,-37.6798,-175.657
-18.3405,-36.719,-171.306
-17.5946,-35.3769,-166.875
-17.1349,-33.4456,-162.373
-16.8441,-31.0201,-158.071
-16.1557,-28.0895,-153.753
-14.8886,-24.6322,-149.148
-13.2059,-20.9509,-144.292
-11.2196,-17.2736,-139.226
-8.85521,-13.5093,-133.906
-6.06019,-9.87193,-128.682
-2.28489,-6.89786,-123.146
1.23899,-4.31027,-117.334
4.62893,-2.35647,-110.793
8.44675,-0.54419,-103.908
12.1561,1.2074,-96.5884
15.4468,2.87012,-89.1908
18.3611,4.53677,-81.7682
20.9429,6.28487,-74.2795
23.0577,8.06854,-67.0618
24.6473,9.93399,-60.3182
26.0093,11.9666,-53.6611
26.0372,14.4321,-47.6021
25.9958,16.1612,-41.5996
25.8538,17.4967,-35.4359
24.9945,18.7532,-29.4366
23.4923,19.8468,-23.7264
21.8363,20.7967,-18.2748
20.1202,21.6241,-12.9988
18.0866,22.2701,-7.81786
16.0984,23.0975,-2.69387
14.1013,24.3249,2.65143
11.6358,24.9227,7.74267
9.56109,25.8431,12.796
8.08281,26.5405,18.003
6.84359,26.891,23.5319
6.08998,27.2364,29.4822
6.17396,27.847,35.833
6.90477,28.5838,42.4343
7.76594,29.1724,49.1906
8.83619,29.8222,56.2344
10.4039,30.9276,63.0619
11.9496,31.7683,69.8658
12.8681,32.6303,76.874
13.0999,33.4385,83.4248
13.2241,34.5358,89.5278
13.3165,36.0809,95.4759
13.4051,37.7523,101.459
13.6618,39.4157,107.48
14.0729,41.3343,113.408
14.2356,43.2174,118.995
14.1288,44.9247,124.069
13.3107,46.6321,128.86
12.0686,48.4607,133.627
10.9025,50.2631,138.455
9.77324,51.8143,143.173
8.65991,53.2468,147.581
7.50858,54.4427,151.981
6.21206,55.3496,156.655
4.75856,56.3089,161.441
3.34341,57.4167,166.352
2.05168,58.6758,171.468
1.35404,60.6341,176.398
0.31486,62.0504,181.429
-1.00021,63.4461,186.848
-1.77525,64.8872,192.367
-2.25881,65.9739,197.614
-2.85914,66.6023,202.627
-3.50154,66.7729,207.761
-3.92481,66.2585,213.144
-4.29903,65.1239,218.376
-5.26061,63.8962,223.431
-6.50284,62.3147,229.054
-7.44169,60.591,234.215
-8.54381,58.7451,238.942
-9.90534,56.7692,243.879
-11.5176,54.9849,248.789
-13.2546,53.6368,253.329
-15.0212,52.8919,257.421
-16.9003,52.837,260.943
-19.0355,53.1639,263.61
-21.395,54.017,265.711
-23.9677,55.2054,267.38
-26.2947,56.2676,268.249
-28.39,56.8449,269.053
-30.6831,57.2692,269.899
-33.2405,57.3703,270.565
-35.9257,56.9015,270.986
-38.5087,56.0001,271.214
-40.7037,54.8889,271.333
-42.4238,53.2098,271.699
-44.2052,50.9757,272.305
-45.7608,48.2787,273.239
-46.9422,45.2082,274.136
-48.0857,41.7816,276.001
-48.7865,37.972,278.15
-49.0177,34.2162,280.13
-48.7316,30.8646,282.149
-47.8328,27.9275,284.162
-46.6042,25.2396,285.899
-45.6586,22.6776,288.332
-44.2543,20.3279,291.253
-42.7725,18.4335,293.63
-41.4389,17.5935,295.375
-40.1834,17.1889,296.008
-38.6285,17.3689,295.729
-36.7156,17.8661,294.631
-35.2422,18.6472,293.048
-34.5897,19.549,291.071
-34.0024,19.8869,288.466
-33.1386,19.3306,285.613
-32.2574,18.1326,281.941
-31.9479,16.0931,278.11
-32.4239,12.6766,274.661
-33.5454,8.52454,271.532
-35.0834,3.99298,268.786
-37.2889,-0.509407,266.549
-40.3673,-4.41996,264.723
-43.7132,-7.61744,262.985
-46.2614,-10.309,260.9
-47.924,-11.836,258.002
-48.8001,-11.9573,254.568
-48.8305,-11.0321,251.377
-48.2731,-9.05598,247.899
-47.0821,-6.52962,243.826
-45.2407,-4.07429,239.591
-43.0912,-1.65445,234.952
-40.4251,0.377699,229.686
-37.0742,1.58558,224.21
-33.4534,1.99578,219.096
-29.5564,1.40406,214.083
-25.3052,-0.53686,209.268
-21.9191,-3.19182,204.78
-18.348,-5.65906,200.916
-14.5204,-8.72772,196.849
-11.2926,-11.8688,192.919
-8.60748,-14.6798,188.971
-5.90768,-16.6596,184.906
-3.07298,-17.7629,180.685
-0.444045,-18.4303,176.043
2.12609,-18.3268,170.833
4.79443,-17.8463,165.212
6.89279,-16.2299,159.644
8.6476,-14.6318,153.629
9.87384,-13.1948,147.428
11.1478,-11.4619,140.633
12.296,-9.67912,133.23
13.5965,-8.11131,125.212
15.0605,-6.58295,116.426
16.0886,-4.7359,106.912
17.2705,-2.54476,97.1006
18.1244,-0.438016,87.0079
18.8682,1.55836,76.8602
19.4883,2.65491,65.8738
19.5637,3.42013,55.5814
19.6903,4.2435,45.0743
20.1927,4.73555,34.2961
20.8673,4.92302,23.3439
21.4891,5.14708,12.4397
22.3762,5.35625,2.06533
24.104,5.39516,-7.95915
25.5133,5.92584,-17.928
27.2825,6.77048,-27.7682
28.5039,7.07378,-37.5759
29.9251,7.47137,-47.4804
30.8612,7.26388,-56.946
31.1731,6.49543,-66.1154
31.3635,5.44568,-75.2453
31.7101,4.03062,-83.9935
31.8862,2.09719,-91.7973
31.6553,0.197742,-99.0509
30.9826,-0.85787,-106.255
30.2115,-2.26003,-112.85
29.0452,-3.54946,-118.836
27.504,-4.28937,-124.613
26.4181,-5.19674,-129.598
25.6708,-6.21954,-134.038
25.0062,-7.10381,-138.119
24.372,-7.84641,-142.003
23.7792,-8.62296,-145.79
23.4226,-9.44067,-148.655
23.32,-8.89192,-151.562
23.1277,-8.46805,-155.177
22.6658,-7.63767,-158.744
22.2705,-6.42005,-163.101
21.7124,-5.24903,-167.423
21.024,-4.07589,-171.524
20.5561,-3.05595,-175.591
20.2148,-2.42572,-179.679
19.5216,-2.00406,-183.817
18.9753,-1.47136,-188.263
19.1685,-1.19455,-192.364
18.8387,-0.832755,-196.998
18.5787,-1.08081,-200.714
17.7606,-0.90471,-205.13
16.9219,-0.949241,-209.53
16.5014,-1.68484,-213.702
16.2912,-3.15992,-218.383
16.1449,-4.90452,-223.402
16.3647,-6.60914,-227.666
16.8624,-9.2332,-232.073
17.6486,-12.1807,-236.486
17.9889,-15.3491,-240.989
18.0116,-18.3239,-244.854
18.5735,-21.0979,-249.478
18.7126,-23.7721,-253.917
18.0806,-26.8285,-258.555
17.0279,-29.9861,-263.325
15.7943,-32.7745,-267.96
14.364,-35.3582,-272.552
13.0465,-37.9071,-276.312
10.7435,-40.9338,-280.884
9.02021,-43.218,-284.715
6.42376,-44.7167,-288.336
4.06834,-46.1734,-291.841
2.01612,-47.3528,-296.425
0.359535,-47.7437,-300.632
-0.771171,-47.5326,-304.138
-1.40258,-47.5475,-307.177
-1.43754,-48.0272,-309.183
-0.307658,-47.9325,-311.216
1.05778,-49.0887,-313.305
3.15452,-49.687,-315.501
5.48015,-50.0596,-317.657
7.7648,-49.9908,-319.001
9.67919,-50.266,-320.208
11.285,-51.1728,-320.891
12.2219,-51.9536,-321.067
12.0142,-52.384,-321.231
10.7098,-53.2845,-321.477
8.48001,-54.4237,-321.594
4.80684,-55.9466,-321.285
0.322028,-57.0661,-319.528
-4.66171,-58.6406,-318.895
-10.8401,-60.5776,-317.699
-17.7322,-62.4332,-316.669
-24.6211,-63.7243,-315.478
-30.7508,-64.5245,-314.383
-35.2389,-65.2073,-313.17
-37.4406,-65.6705,-310.624
-37.7534,-65.2392,-307.414
-37.1112,-64.6904,-303.517
-34.3345,-63.9769,-299.065
-30.3685,-62.9226,-294.943
-25.9443,-61.1007,-289.678
-21.3928,-59.4306,-284.029
-17.2486,-57.759,-277.533
-13.1779,-55.4042,-270.987
-8.82842,-52.4109,-265.149
-4.71264,-49.28,-259.325
-1.05677,-45.4195,-253.908
2.34311,-41.5204,-248.342
4.37415,-38.6482,-242.453
5.95446,-35.2586,-236.857
6.61512,-32.5246,-231.424
6.13219,-30.201,-226.035
5.31434,-28.8847,-220.967
4.39231,-28.5423,-215.742
3.11208,-28.7956,-209.904
1.45293,-29.5864,-203.978
-0.673552,-30.3434,-198.411
-2.33586,-31.6761,-192.485
-4.244,-31.8716,-187.175
-5.69996,-32.6616,-182.529
-6.51147,-32.2655,-177.154
-6.88319,-31.7056,-171.656
-6.6588,-30.9877,-165.665
-5.69944,-29.7293,-158.424
-4.03208,-28.2037,-150.206
-1.7857,-26.7375,-142.082
0.82443,-24.3927,-134
4.10143,-21.8705,-125.681
6.98277,-18.7083,-116.524
10.0997,-15.8598,-107.857
13.311,-11.8698,-99.0137
16.3274,-7.70727,-89.3053
18.7901,-3.2293,-80.1469
20.9803,1.31072,-71.5794
23.3832,5.65095,-62.7335
25.6427,10.1054,-53.8984
26.6165,14.036,-45.694
27.2678,17.3259,-38.4112
27.7988,20.3863,-29.8302
28.0931,22.7018,-21.4239
27.8115,24.5263,-13.7135
27.0523,25.2675,-5.70683
26.117,25.9566,2.23743
24.4975,26.725,10.0948
22.2559,27.1861,18.0137
20.4708,27.9377,25.5337
18.7523,29.5193,32.5933
16.99,31.0735,39.4892
15.3219,33.1348,46.458
14.2587,35.0191,53.1847
13.0963,37.1718,59.5601
12.5666,39.5377,66.5542
11.6378,41.7999,73.1325
10.2057,44.0683,79.1022
8.97499,46.6611,84.9183
7.78299,49.4112,90.4952
6.19896,51.6558,96.4879
5.42529,53.7056,103.314
4.9084,56.1303,109.503
4.08058,58.2183,116.176
3.77763,60.025,123.167
3.59093,61.7285,129.875
3.62687,63.665,136.496
3.24875,65.6428,143.143
2.34425,67.413,149.831
1.91485,69.0288,156.842
1.46808,70.1885,164.182
0.809252,71.5367,170.858
-0.0549583,72.8616,177.161
-0.656586,73.425,184.005
-1.59068,73.7499,190.631
-2.9837,73.8056,197.171
-4.6727,73.4325,203.075
-6.61833,72.7238,208.484
-8.81886,71.69,213.966
-11.308,69.98,219.574
-14.4987,67.4027,225.213
-18.1803,64.4759,230.63
-22.2173,61.9253,236.106
-26.0367,59.0965,241.295
-30.3654,56.2577,245.923
-34.9498,53.5077,250.663
-39.6537,50.981,255.287
-44.202,49.2224,259.9
-48.5816,48.1657,264.568
-53.083,47.1192,268.77
-57.3647,46.661,272.496
-61.7623,46.3944,275.586
-64.7279,46.0242,278.542
-67.7632,45.7585,282.346
-70.3701,45.243,286.284
-72.1977,45.091,290.139
-73.2449,45.2027,293.484
-73.8467,45.329,296.697
-74.4389,45.2812,300.289
-75.1662,45.0193,303.792
-75.6879,44.9713,306.337
-76.0352,44.3482,308.285
-74.79,42.978,310.364
-73.6916,41.1966,311.267
-72.0475,39.2613,311.123
-70.4812,36.6698,310.715
-69.3027,33.4966,309.767
-68.5251,29.9848,308.222
-68.394,26.1596,306.174
-69.3016,22.0524,303.465
-71.0074,17.999,300.677
-73.1787,13.4004,299.228
-75.0626,8.12698,298.42
-76.7991,3.03475,298.016
-78.4351,-1.43357,297.505
-79.9426,-5.00078,295.313
-81.101,-7.84185,291.981
-81.9423,-10.1912,288.171
-82.5339,-12.0191,284.377
-82.7023,-13.1739,281.069
-82.3263,-13.8569,277.31
-81.0393,-14.589,272.896
-79.1503,-15.4897,268.47
-76.9212,-16.5652,263.782
-74.1972,-17.8502,259.309
-71.4589,-20.1192,255.356
-68.5711,-23.1468,251.705
-65.9102,-26.6511,248.505
-63.755,-30.7326,246.297
-61.9039,-35.2569,245.178
-61.1076,-39.3018,244.359
-61.0875,-42.4867,243.693
-61.6327,-44.9776,242.709
-61.6416,-46.378,242.162
-61.5189,-46.268,241.229
-60.6181,-44.4644,239.398
-58.6005,-40.9052,236.352
-55.5921,-35.5278,231.89
-51.738,-28.4421,225.978
-46.9421,-20.2549,218.728
-41.1912,-11.9902,210.22
-34.8945,-3.66621,200.614
-28.4013,2.73034,191.018
-21.4786,8.19842,181.487
-14.8033,12.1953,171.735
-8.69332,14.5366,161.905
-2.74714,15.2409,152.081
3.19406,14.225,142.396
8.80043,11.6794,132.811
13.9095,8.27767,123.495
18.9246,4.5311,115.728
22.9534,0.57693,109.44
26.4782,-3.3693,103.905
29.4583,-7.64788,99.7269
31.9634,-11.4519,96.3877
33.6862,-14.8911,93.2848
34.7223,-17.8777,90.26
35.0699,-20.3392,87.2556
34.6569,-22.1947,84.1447
33.8752,-23.3,80.7081
33.5013,-23.7472,76.6618
32.5211,-23.5048,72.5967
31.3385,-22.862,67.9894
31.1631,-21.5575,63.1125
30.4361,-20.1688,57.7684
29.5284,-18.4731,51.284
28.8283,-16.2726,43.8964
28.2717,-13.8618,35.9295
27.7784,-11.7128,27.2387
27.3506,-9.99314,17.6044
26.5659,-8.63332,7.4466
25.8568,-7.82086,-2.57366
25.1415,-7.6311,-12.8863
24.4824,-7.97413,-22.8412
23.7714,-8.67173,-32.2386
22.9193,-9.3161,-41.4735
22.2453,-9.68714,-50.2947
21.6653,-9.97031,-58.3923
21.0191,-10.3535,-65.9343
20.5186,-10.7643,-73.2547
20.1047,-11.2459,-80.1115
19.4686,-11.7585,-86.2747
19.0617,-12.5609,-91.6428
18.8918,-13.4294,-96.6091
18.7554,-14.0926,-101.072
18.4485,-14.9035,-105.373
18.1753,-15.5714,-109.5
18.157,-15.8569,-113.185
18.2764,-15.8948,-116.303
18.2686,-15.8394,-118.973
18.2247,-15.5485,-121.345
18.0105,-15.0269,-124.382
17.5754,-14.6333,-127.429
17.061,-14.2534,-130.188
16.3532,-13.6382,-132.915
15.2249,-13.0727,-135.782
14.0221,-12.6517,-138.921
13.0137,-12.1514,-142.165
12.0451,-11.4734,-145.351
10.9371,-10.7443,-148.618
10.0322,-9.77627,-152.145
9.39836,-8.7274,-156.352
8.10547,-8.1216,-161.391
6.51929,-7.56482,-166.527
5.19483,-7.35994,-171.437
4.10501,-7.45172,-176.342
3.20997,-7.67628,-181.33
2.46171,-8.14984,-186.105
1.84051,-8.91413,-190.611
1.33946,-9.75303,-195.132
0.791795,-10.7881,-199.337
0.0714186,-12.0478,-203.463
-0.552867,-13.466,-207.683
-0.65342,-14.935,-211.323
-0.698545,-16.7007,-214.683
-0.698482,-18.4078,-217.442
-0.587967,-19.6858,-219.998
-0.396236,-20.7558,-222.812
-0.129865,-21.9851,-225.723
0.235695,-23.4282,-228.215
0.503227,-25.1726,-230.268
0.543561,-26.7553,-231.716
0.855315,-28.0623,-232.852
0.56214,-29.7493,-234.217
-0.320036,-31.3452,-235.466
-1.10766,-32.4678,-236.655
-2.08907,-33.4764,-237.774
-3.4856,-34.5815,-238.831
-5.06122,-35.6032,-239.992
-6.62968,-36.3353,-241.532
-8.31662,-36.7481,-243.625
-9.72673,-37.0386,-246.142
-10.8598,-37.3927,-248.385
-11.6202,-37.7821,-249.834
-12.3015,-38.3608,-251.092
-13.0064,-39.0855,-252.473
-13.628,-39.8031,-253.933
-14.1349,-40.5766,-255.278
-14.6883,-41.4876,-256.223
-15.3432,-42.4744,-256.431
-15.6785,-43.6814,-255.816
-15.6457,-45.3212,-255.065
-15.5246,-46.5121,-254.745
-15.8065,-48.0966,-253.943
-16.2908,-49.6289,-252.801
-16.9839,-50.8949,-251.735
-18.2164,-51.8909,-250.824
-19.82,-52.716,-249.85
-21.3642,-53.4318,-248.837
-22.7346,-54.0487,-247.899
-23.9707,-54.5777,-246.421
-25.2786,-54.5516,-245.132
-26.4001,-54.318,-243.567
-27.1721,-53.824,-242.074
-27.4798,-52.9444,-240.954
-27.4121,-51.6728,-239.78
-27.1723,-50.2924,-238.35
-27.117,-49.1132,-236.6
-27.5592,-48.0765,-234.676
-28.4859,-46.8274,-232.831
-29.5418,-45.3565,-230.929
-30.5167,-43.9935,-229.035
-30.4074,-42.6183,-226.351
-29.9365,-41.3856,-222.94
-29.0544,-40.287,-219.687
-27.6857,-39.4779,-216.144
-25.9214,-38.6345,-212.336
-23.8294,-37.5878,-208.24
-21.9354,-36.3753,-204.035
-20.6593,-34.9611,-200.191
-18.6992,-33.3893,-196.365
-16.504,-32.036,-192.079
-14.6336,-30.6737,-187.73
-13.4477,-29.2492,-183.125
-12.2787,-27.3154,-178.573
-11.0915,-25.2724,-174.457
-10.4197,-23.4803,-170.604
-10.2731,-21.7567,-166.81
-10.4701,-20.0868,-162.887
-11.0561,-18.7648,-158.608
-11.5289,-17.3232,-154.066
-11.525,-16.4953,-149.377
-11.2815,-15.859,-144.444
-11.3938,-15.3962,-139.719
-11.4708,-14.6421,-134.873
-11.2144,-13.4517,-129.743
-10.5263,-11.9309,-124.618
-10.0358,-9.90179,-119.612
-9.65578,-7.18679,-114.632
-8.32343,-4.1998,-109.537
-6.48001,-1.70625,-103.924
-4.10995,0.861611,-97.5881
-2.1306,4.13006,-91.3984
0.273152,6.96128,-85.6509
2.63163,9.48546,-79.5484
4.38348,12.1657,-73.4526
6.18904,14.7312,-67.6341
7.95465,17.1447,-61.969
9.30203,19.3466,-56.1142
10.6259,21.1363,-49.9497
11.9624,23.1636,-43.814
12.6383,24.5946,-37.2655
13.1631,25.2031,-31.4327
13.6733,26.0382,-25.7284
13.1156,26.8689,-20.1423
13.0625,27.4296,-14.1366
12.9893,27.7806,-8.23944
12.4553,28.2533,-2.92252
11.8643,28.8976,2.10082
11.3914,29.3941,7.43457
10.7088,29.7228,13.2001
10.3159,29.502,19.2534
9.82332,30.2028,25.6261
10.0542,30.3479,32.0608
10.3497,31.0187,38.7073
10.8267,32.2964,45.9549
11.4232,33.4327,53.1879
12.4474,34.4529,60.3691
13.9092,35.7647,67.7741
15.3326,37.1754,75.237
17.0482,38.4279,82.8101
18.1724,39.9412,89.8051
19.0637,42.2541,97.1254
20.1055,43.9154,103.708
20.8474,45.6174,110.418
21.4013,47.227,116.692
21.6745,48.8156,122.763
21.4199,50.1077,128.595
20.857,51.0689,133.925
20.4035,51.9905,138.963
19.4709,52.1721,144.023
18.3328,52.1721,148.823
17.0383,52.2642,153.282
15.4733,52.0848,158.309
13.8332,52.292,163.186
11.9953,52.6328,168.288
10.1136,53.2299,173.666
8.30323,54.189,179.137
6.52004,55.3986,184.25
4.76158,56.5924,188.712
3.12137,57.4755,193.315
1.01281,58.9942,197.806
-1.09498,60.1724,202.267
-3.06237,61.2822,206.558
-4.80924,61.8644,210.767
-6.15471,62.2293,214.604
-7.36813,62.533,218.192
-9.09311,62.5343,221.506
-11.3081,61.9772,224.413
-13.4281,60.9463,227.178
-15.9294,59.6226,230.426
-17.9899,57.628,233.924
-20.7999,54.5132,237.108
-23.4458,52.0172,240.468
-25.6992,49.5286,244.371
-28.1374,46.9711,248.31
-30.3708,44.3584,251.959
-32.7493,42.2237,255.508
-35.4674,40.9091,258.898
-37.8291,39.9565,261.834
-40.3322,38.9633,265.079
-43.2089,38.2661,268.284
-44.8773,38.2053,271.927
-46.4332,37.8865,274.943
-47.7012,37.939,276.884
-48.3307,38.0072,278.027
-48.8075,38.2684,278.121
-49.6463,38.4484,277.617
-50.6224,38.3336,277.03
-51.337,38.0824,275.925
-52.3859,36.8703,273.979
-52.9283,34.5356,272.5
-53.7837,31.5979,270.709
-54.8914,27.6192,269.764
-55.4409,23.128,269.3
-56.1688,18.2328,268.372
-56.3377,13.205,267.794
-55.5606,8.32951,267.593
-54.1106,3.81024,267.326
-52.3361,-0.237148,267.55
-50.8429,-3.85209,268.699
-48.2022,-7.11873,268.967
-46.4553,-9.09905,270.668
-43.7524,-11.4104,270.207
-41.1456,-12.326,270.147
-37.9312,-12.6813,269.909
-34.4538,-13.0482,268.941
-31.012,-13.6059,267.786
-27.9198,-14.4255,267.076
-25.5272,-15.563,266.461
-23.0328,-16.9409,265.201
-21.2578,-17.5056,263.446
-19.6583,-18.4921,260.594
-18.4489,-18.6092,257.197
-17.4191,-18.9094,253.728
-16.8666,-19.4771,251.026
-16.2917,-19.6782,248.432
-15.789,-19.4384,244.835
-15.4037,-19.0309,240.242
-14.8059,-18.3015,235.447
-14.9908,-16.9308,229.988
-15.316,-15.2114,223.707
-15.3118,-12.7907,217.307
-15.0968,-10.5075,210.479
-14.1456,-8.01201,203.756
-13.0485,-6.16671,196.758
-11.5742,-4.68804,189.67
-10.0235,-3.43057,182.123
-8.50724,-2.4739,174.144
-6.2739,-1.85088,166.81
-3.44599,-2.26255,160.153
-0.506911,-3.45752,152.604
2.86905,-4.31758,146.252
6.51514,-5.77194,140.618
10.0254,-7.0583,135.372
13.3787,-7.6885,130.406
16.6055,-8.06298,125.336
19.5993,-8.20516,120.149
22.4584,-7.91955,115.238
25.3,-7.45882,110.753
27.4685,-7.01796,106.146
29.4474,-6.05803,101.098
30.6758,-5.43697,95.5516
32.0587,-4.11843,89.6132
33.1497,-3.48761,83.7038
33.7771,-3.30204,77.0591
33.8488,-3.15636,70.2011
33.3444,-3.31039,63.4421
32.3656,-4.04377,56.5716
30.9976,-4.82767,49.6443
29.1203,-4.89522,42.9807
27.2089,-5.24771,36.1056
24.9672,-5.79293,29.1939
22.8211,-6.26312,21.321
20.4234,-6.45671,14.0316
18.0284,-6.29571,6.9961
15.9573,-5.90802,-0.311859
14.0795,-5.54844,-7.84142
12.4634,-5.18237,-15.2531
11.5443,-4.79002,-22.4821
11.0063,-5.19327,-29.7297
11.0748,-5.46164,-36.8664
10.8758,-5.66771,-43.4881
10.8562,-5.73708,-50.0986
11.1049,-5.60072,-56.0751
11.0076,-5.97942,-61.5327
10.1216,-6.41088,-67.1111
9.25302,-6.51544,-72.4016
8.75242,-6.83675,-77.0686
7.65621,-7.88613,-81.7347
6.07451,-8.73594,-86.124
4.18592,-9.64728,-89.791
2.17016,-10.4433,-93.461
0.0566381,-11.3562,-96.3166
-1.66243,-12.1194,-99.4263
-2.91768,-12.2715,-102.071
-4.05709,-12.1996,-104.237
-5.09084,-12.026,-106.198
-6.01702,-11.7437,-108.19
-6.94243,-11.4415,-110.5
-7.21818,-10.607,-113.234
-6.93764,-10.3391,-115.611
-6.9643,-9.90158,-117.956
-6.21035,-9.67122,-120.022
-5.42562,-9.36476,-122.175
-4.43551,-9.26711,-124.146
-3.12114,-9.54471,-125.949
-1.9163,-9.90391,-127.636
-1.34178,-10.4107,-129.436
-1.57976,-11.3567,-131.744
-2.72069,-11.7836,-134.481
-4.09364,-12.6664,-137.54
-6.18654,-13.074,-141.306
-7.7114,-13.4529,-145.443
-9.25113,-14.1184,-149.206
-10.8966,-14.6943,-152.632
-12.5784,-14.8586,-156.043
-13.9884,-14.9152,-159.401
-14.9696,-15.2673,-162.662
-15.7647,-15.8447,-166.057
-16.5094,-16.4732,-169.477
-16.8352,-17.092,-172.961
-16.5353,-17.4041,-175.365
-16.1704,-17.8414,-177.906
-15.5863,-18.3665,-180.432
-14.3183,-19.1188,-182.565
-12.9238,-20.2332,-184.237
-11.5693,-21.4854,-185.547
-10.1531,-22.4783,-186.307
-8.9303,-23.1402,-186.537
-7.88582,-23.9042,-187.487
-6.97661,-25.0847,-188.579
-6.34065,-26.2065,-189.32
-6.19666,-26.3788,-190.43
-6.24385,-27.1928,-191.19
-6.9999,-27.7923,-191.997
-8.29738,-28.0719,-193.252
-9.44783,-28.3613,-194.667
-10.6133,-28.5478,-196.032
-12.4241,-28.2451,-197.585
-13.58,-27.785,-198.911
-14.0717,-27.4917,-200.005
-14.7291,-27.7208,-201.337
-15.9058,-28.1689,-202.669
-16.43,-28.6302,-204.014
-16.5466,-29.3556,-204.953
-16.5239,-30.1134,-205.738
-16.4447,-30.7866,-206.227
-16.396,-31.4901,-206.425
-16.3293,-32.3419,-206.799
-15.785,-33.4508,-206.902
-15.4526,-34.3864,-207.116
-14.4955,-35.8535,-206.9
-13.9734,-37.1622,-206.822
-13.2239,-38.6523,-206.383
-12.9177,-40.168,-205.627
-13.0929,-41.5354,-204.989
-13.2433,-42.6138,-204.4
-13.278,-43.6947,-203.515
-13.6804,-45.0592,-202.462
-14.4483,-45.7947,-201.706
-15.3888,-46.505,-200.658
-16.2838,-47.4445,-198.817
-17.5417,-48.1213,-197.033
-18.4771,-48.2671,-195.207
-18.8402,-47.4722,-194.093
-19.2116,-45.9094,-193.502
-19.502,-43.9494,-192.728
-19.4147,-42.0056,-191.466
-19.164,-40.3225,-190.029
-18.5981,-38.6013,-188.582
-18.1464,-37.3313,-186.469
-17.3427,-36.8647,-184.901
-16.6658,-36.837,-182.919
-15.9892,-37.1651,-180.751
-15.4047,-37.7039,-178.67
-14.9095,-38.3249,-176.424
-14.5048,-39.1337,-173.903
-14.5396,-40.0678,-171.14
-15.3252,-40.6854,-168.099
-16.1455,-40.8553,-164.987
-16.8081,-41.2811,-162.045
-17.7867,-41.1442,-158.711
-19.1649,-40.304,-155.312
-21.0012,-39.0458,-151.834
-22.9791,-37.833,-148.364
-25.0582,-36.9402,-144.903
-27.144,-36.1685,-141.119
-29.0205,-35.313,-137.038
-30.5201,-34.4147,-133.138
-31.558,-33.1966,-129.166
-32.2547,-31.4355,-125.535
-31.8609,-29.5669,-122.327
-31.0943,-27.5537,-118.291
-30.1425,-25.7918,-114.718
-28.709,-24.0051,-110.967
-26.6343,-21.9995,-106.712
-23.7367,-19.925,-102.252
-20.0613,-17.9564,-97.7179
-16.121,-15.9624,-92.9113
-12.4304,-13.7335,-88.2429
-8.68414,-11.6834,-83.7397
-5.42083,-9.92721,-79.0154
-2.5347,-8.0512,-74.3108
0.190922,-6.35513,-69.7522
2.72224,-5.01677,-65.284
5.02419,-3.83251,-60.9464
6.89819,-2.80407,-56.7472
8.35208,-2.0505,-52.6909
9.64458,-1.37636,-48.7103
10.5507,-0.400671,-44.406
11.0034,0.551951,-39.6265
11.3818,1.65383,-34.5911
11.8185,3.14744,-29.3617
11.9334,4.71029,-24.4617
11.9455,6.14076,-19.4259
12.1791,7.68023,-14.1156
12.5098,9.67809,-8.73607
12.59,11.9659,-3.35206
12.512,14.1402,2.22324
12.9369,16.7131,7.95485
13.6375,19.7766,13.7388
13.9642,21.9048,19.6567
14.6848,24.3135,25.7241
15.4131,27.3413,31.8954
16.0929,30.573,38.0172
17.062,33.7908,44.0421
18.2979,36.9234,49.8808
19.32,39.8587,55.6178
19.8731,42.5711,61.6782
20.5228,45.3703,68.3168
21.6563,48.1898,74.4906
22.4943,50.4172,80.1982
23.0557,52.1397,86.2239
23.7113,53.4958,92.1425
24.3787,54.5677,97.9067
24.635,55.4648,103.671
24.7094,56.3699,109.455
24.9675,57.3908,115.032
25.1602,58.4812,120.28
25.0142,59.6317,125.577
24.6814,60.9719,130.644
24.0205,62.514,135.405
22.904,63.9489,139.907
21.5188,65.3872,144.333
19.973,66.7135,148.495
18.39,67.8924,152.574
16.5351,68.8576,156.874
14.3767,69.4858,161.404
12.422,69.7844,165.966
10.7761,70.0162,170.651
8.66258,70.0341,175.255
6.20787,69.7824,179.779
4.48965,69.4816,184.934
3.01183,69.2797,190.577
1.31592,68.782,196.373
-0.42923,68.3391,202.503
-2.06244,68.2079,208.831
-3.7414,68.2339,215.173
-5.55959,68.1546,221.719
-7.12126,67.8326,228.433
-8.59421,67.6943,235.421
-10.2465,67.8818,241.959
-12.6901,68.1961,247.904
-15.2845,68.4832,253.397
-17.815,68.6628,258.74
-20.335,68.7455,263.707
-22.8196,68.8741,268.065
-25.1152,69.0019,271.807
-27.1143,68.871,274.978
-28.7569,68.5186,277.44
-29.3738,67.6168,278.615
-30.0376,66.9796,279.124
-30.4791,66.2851,278.876
-30.6785,65.0088,278.598
-30.9408,63.2747,278.214
-31.2605,61.2405,277.375
-31.8851,58.8518,276.449
-32.9425,55.9291,275.736
-34.1911,52.338,275.047
-35.7928,48.1521,275.002
-37.472,44.2393,275.534
-39.1567,39.5901,276.405
-40.3694,35.0592,277.273
-41.4082,31.1505,278.681
-41.9,27.5554,280.234
-42.0633,24.2924,281.698
-42.0989,21.7364,282.898
-42.0514,20.0121,283.678
-41.8876,18.9328,283.881
-41.1705,18.6623,283.19
-39.5696,18.569,281.534
-37.5307,18.6083,278.921
-35.0465,18.1637,275.175
-31.9329,17.4089,269.909
-28.6406,15.8064,263.911
-25.588,13.3885,257.669
-22.7182,10.2624,251.547
-20.169,6.27805,245.649
-18.4418,1.39701,239.887
-17.2635,-3.88433,234.683
-16.4521,-9.69214,230.071
-16.9468,-15.0188,226.842
-18.2612,-19.7564,223.947
-20.4528,-23.5504,221.284
-22.989,-25.8371,218.399
-25.0508,-26.8941,215.292
-26.7132,-26.8265,211.961
-28.0886,-25.6542,208.125
-28.5573,-23.6539,203.769
-28.0308,-20.7943,199.638
-26.7974,-17.4558,194.962
-24.4063,-14.1209,190.07
-21.6927,-10.3136,184.576
-18.4689,-6.59768,179.048
-13.8036,-2.80768,172.829
-8.85666,0.361555,166.316
-3.74307,2.77503,159.987
1.8002,4.69119,153.954
6.97555,5.94405,148.266
11.7781,6.36821,142.961
15.4567,5.75017,137.976
18.4993,4.64825,132.536
20.3359,2.83274,127.936
21.0468,1.25795,124.21
21.2732,-0.415128,120.811
21.506,-2.10898,117.06
21.9116,-3.45805,112.775
22.0977,-4.28287,108.298
21.6586,-4.86094,103.912
21.246,-5.72604,99.2822
20.3001,-6.34573,94.2592
19.4434,-6.92711,89.1369
18.3188,-7.56847,83.2885
17.0426,-8.29386,76.6001
15.8113,-9.14364,69.6781
14.7839,-9.3638,62.7241
13.8415,-9.04489,55.49
12.8693,-8.73437,47.6154
12.079,-8.33353,39.1101
11.7156,-7.63553,30.4856
11.2747,-7.16231,21.0771
11.5317,-6.42254,12.1026
11.8334,-5.76397,3.31165
12.4628,-5.39147,-5.72562
13.5226,-5.11687,-14.1497
14.0795,-5.02075,-22.4348
14.2482,-5.07136,-31.0081
14.6959,-5.3593,-39.6097
15.1422,-6.18628,-47.9
14.9555,-7.35144,-55.996
14.8889,-8.60871,-64.2196
14.6146,-10.1955,-71.6584
14.2088,-12.1666,-78.7426
13.1281,-14.0996,-85.4244
11.7506,-16.261,-91.611
10.0615,-18.5162,-97.6754
8.37548,-20.5683,-103.385
6.87628,-22.081,-108.33
5.08004,-22.9945,-112.874
2.82069,-23.9713,-117.629
1.00767,-24.4157,-121.506
-1.21724,-24.6049,-124.442
-2.76478,-24.479,-128.02
-4.67048,-24.4551,-131.162
-5.92425,-24.434,-134.323
-6.38428,-23.8824,-137.15
-6.76086,-23.348,-139.311
-7.03726,-22.9223,-141.058
-6.7805,-21.6438,-142.874
-7.50939,-20.4116,-144.897
-8.63185,-19.676,-146.7
-9.69143,-18.7731,-149.382
-10.2643,-17.2793,-151.831
-10.7586,-15.6081,-154.438
-11.5127,-13.5773,-157.287
-12.4269,-11.919,-160.165
-12.9915,-10.7471,-162.962
-13.1076,-9.69506,-165.801
-13.3034,-8.73451,-168.95
-13.6745,-7.83647,-172.675
-14.1096,-7.63926,-176.816
-14.1022,-7.47935,-180.504
-14.2299,-7.89166,-184.41
-14.1568,-8.89487,-188.096
-13.6668,-10.3208,-191.586
-12.8605,-11.8747,-194.867
-11.9347,-13.4192,-197.772
-11.2351,-15.0625,-200.355
-11.0446,-16.8692,-202.872
-10.8574,-18.5136,-205.085
-9.68083,-19.9618,-206.731
-8.00523,-21.0868,-208.532
-6.39278,-21.6894,-210.029
-4.47412,-22.2742,-211.306
-2.23998,-23.1527,-213.039
-0.226216,-24.0429,-214.507
1.36481,-24.9845,-215.556
2.58084,-26.1087,-216.496
3.14061,-27.2472,-217.227
2.60179,-28.5351,-217.937
1.58013,-30.0634,-218.6
0.0090346,-31.7627,-219.628
-1.58507,-33.0947,-221
-3.46941,-34.3656,-222.387
-5.55239,-35.8086,-223.306
-7.81516,-37.0804,-224.215
-10.084,-38.3259,-225.378
-12.0053,-39.6784,-226.232
-13.4541,-40.5153,-226.417
-14.8561,-40.3338,-227.055
-16.0194,-39.7391,-227.234
-16.8529,-38.6489,-227.938
-17.1039,-36.685,-228.317
-16.3036,-34.8494,-228.733
-15.4989,-33.0853,-228.666
-14.5632,-31.5651,-228.673
-13.2643,-30.7016,-228.605
-11.6152,-30.9309,-228.023
-9.74489,-32.2756,-227.156
-8.25683,-34.0552,-225.994
-6.77232,-36.8656,-225.223
-6.39363,-40.9382,-224.339
-7.23964,-44.4841,-223.017
-9.012,-48.9773,-221.594
-11.6721,-53.2127,-219.901
-15.4598,-57.016,-217.957
-20.338,-60.3346,-215.731
-25.6939,-63.3145,-212.772
-30.8275,-65.9897,-208.764
-35.7434,-66.6855,-204.551
-40.0347,-66.1623,-199.815
-44.0961,-62.7189,-196.999
-46.2184,-58.4278,-194.025
-48.1892,-52.9458,-191.805
-48.4588,-46.0289,-189.549
-47.2396,-38.6875,-187.711
-44.8269,-31.3143,-186.616
-41.3295,-24.1088,-185.944
-37.2974,-17.5366,-185.402
-32.9938,-10.8831,-184.965
-29.2644,-5.19068,-183.965
-26.7705,-0.167199,-183.81
-24.1151,4.13127,-183.775
-22.4733,7.21378,-183.535
-22.0163,9.44736,-183.476
-22.362,10.8778,-183.129
-23.164,11.8773,-182.006
-24.3121,12.4462,-180.156
-25.9756,12.2477,-177.541
-28.4399,12.3521,-173.471
-30.3474,12.206,-169.615
-32.5702,13.053,-163.791
-33.8568,15.2448,-157.422
-34.5646,18.0869,-149.618
-34.1557,21.8806,-141.169
-33.1204,26.2048,-132.99
-31.7978,30.9243,-125.17
-30.2138,35.904,-117.226
-28.4241,40.5654,-108.976
-26.1313,44.7455,-100.887
-23.525,47.8008,-92.854
-21.7787,50.5681,-85.435
-20.6216,53.1055,-78.5455
-20.0633,56.1328,-71.7847
-20.1834,59.2748,-65.3368
-21.071,62.8239,-59.8965
-22.6471,66.7779,-55.3126
-24.6701,70.5636,-51.1781
-26.6163,73.6751,-47.657
-27.6555,75.9687,-44.6051
-28.6373,76.5504,-41.5402
-29.1439,75.379,-39.3151
-29.2826,73.2597,-37.0428
-28.7642,69.6089,-35.2206
-28.0723,64.6023,-33.5709
-26.9126,58.4012,-31.7267
-25.3452,51.3107,-29.2371
-23.5457,43.6582,-26.4282
-21.509,35.4463,-24.3505
-19.9326,26.6372,-22.9189
-18.0119,19.2812,-21.3871
-17.0994,13.2191,-20.611
-16.6684,8.69494,-20.3448
-16.659,5.73823,-20.2283
-16.1764,4.19327,-20.1422
-15.5533,4.15588,-19.7934
-14.9388,5.81408,-19.0601
-13.9724,8.91974,-18.0447
-12.8632,12.8513,-17.0592
-12.6834,17.5864,-16.7445
-11.8874,23.8896,-17.18
-11.2062,28.2453,-17.1621
-10.4084,30.8281,-16.4442
-9.37534,30.9105,-15.7491
-7.99611,28.7292,-14.9719
-6.48875,25.0725,-13.2603
-4.86915,20.4333,-10.8578
-3.13297,15.18,-8.17513
-1.61279,9.93906,-4.91763
-0.607526,5.17379,-1.57191
0.248834,0.797228,2.84733
0.764864,-1.35115,7.436
0.998174,-2.45218,11.4861
0.730553,-2.22601,14.8656
0.632476,-1.07407,18.3683
0.860272,0.346379,21.5379
1.04207,1.54332,24.0144
0.898248,2.34499,25.8239
0.75021,2.97765,27.0392
1.20542,3.99943,28.1712
1.36679,5.06247,29.5173
1.67131,6.05055,30.1781
1.91262,7.06012,30.1326
2.1993,7.53795,29.803
2.46744,7.17451,29.2475
2.48732,5.79831,28.3408
2.33431,3.53136,27.566
2.21486,0.70977,27.0941
2.08873,-2.22511,26.535
1.7731,-4.82174,26.6626
1.1531,-7.68208,27.5421
0.592714,-9.79913,28.0714
0.298578,-10.8408,28.2334
-0.101822,-11.434,28.7388
-0.788088,-10.9891,29.9355
-1.47249,-9.09861,31.9205
-2.52911,-6.0342,34.2604
-4.13788,-2.39903,36.6641
-5.66292,1.35629,39.052
-7.16692,4.95793,40.5085
-8.72063,8.15413,41.5983
-11.2617,10.5929,41.5117
-12.9867,12.5065,41.2846
-13.6294,13.7776,40.7001
-14.152,14.021,39.6718
-14.6614,13.8582,38.3562
-14.6142,13.6001,36.5566
-14.1331,12.9844,34.2009
-13.9426,11.8605,31.705
-13.5574,10.4984,29.2273
-12.9305,9.49892,27.2066
-12.3627,8.43645,25.464
-11.9456,7.06224,24.3164
-11.6149,6.3793,23.4103
-10.8824,6.26091,22.7436
-10.0576,6.40284,22.853
-9.2592,6.97481,23.6102
-8.46176,8.10505,24.4685
-7.93854,9.5119,25.431
-7.83004,11.1509,26.9772
-8.19685,12.6748,28.7032
-8.27209,14.5282,30.7393
-8.60561,15.9526,32.4664
-9.07814,16.7701,34.0388
-9.81672,17.1037,35.3696
-10.5259,16.8204,36.3152
-11.1628,15.785,36.7045
-11.8608,13.7826,36.4207
-12.5827,10.6544,35.4802
-13.328,6.86287,34.0832
-13.8322,2.3466,32.9405
-14.4485,-2.20955,31.3727
-14.9623,-6.82817,29.97
-15.3557,-10.9976,28.3801
-15.5488,-14.0502,26.3275
-15.6967,-15.8125,23.9823
-15.6679,-16.3419,21.8557
-15.3583,-15.8254,20.1002
-15.0854,-14.4815,18.3709
-15.0853,-12.3321,16.7167
-15.1233,-9.98951,15.3189
-14.8726,-7.75935,14.0497
-14.6934,-5.08731,12.8886
-14.666,-2.4963,12.2001
-14.7712,-0.550433,11.368
-15.1505,1.0791,10.6247
-15.6096,2.55439,10.3321
-15.8656,3.59184,10.3537
-15.9051,4.08792,10.3912
-15.6933,4.42856,10.6938
-15.3696,4.22109,11.4038
-15.2292,3.29029,12.1084
-15.544,1.57135,12.8475
-15.661,-0.323802,12.9255
-15.7559,-2.62659,12.4957
-16.1245,-5.24667,11.693
-16.7193,-7.94673,10.596
-17.2268,-10.4546,9.43978
-17.3946,-12.5556,8.47042
-17.2763,-14.2686,7.45872
-17.5587,-14.8889,6.18501
-17.8032,-14.9858,5.23977
-18.1618,-14.9323,4.31449
-18.4776,-14.3636,3.10042
-18.7293,-13.2645,2.03752
-18.9097,-11.7471,1.24219
-19.0465,-10.0078,0.511109
-19.1657,-8.16659,-0.229659
-19.1325,-6.15891,-0.843598
-18.6657,-3.89639,-1.43903
-18.3953,-1.5281,-2.05717
-18.3222,0.558062,-2.90813
-18.0265,1.98946,-3.87945
-17.3494,2.93437,-4.61024
-16.3537,3.69002,-4.90628
-15.2669,4.17227,-4.66609
-14.0757,4.27433,-4.16616
-12.668,4.17252,-3.68872
-11.208,4.11841,-3.27145
-10.0678,3.98037,-3.16324
-9.13399,3.78324,-3.38479
-8.14168,3.81031,-3.52295
-7.34439,3.64443,-4.0235
-6.44579,3.06778,-4.78805
-5.4918,2.69204,-5.11867
-4.75787,2.9158,-5.08002
-4.33074,3.71686,-5.17696
-4.13976,5.02522,-5.6469
-4.17555,6.84637,-6.24341
-4.41418,8.88766,-6.66313
-4.54305,11.1822,-6.74173
-4.94779,13.0868,-6.68666
-5.46841,14.2716,-6.50422
-5.8503,14.9518,-6.33758
-6.00373,15.2279,-6.11122
-5.49124,15.334,-5.70376
-3.94076,15.8202,-5.28457
-1.1963,17.3418,-4.86865
2.32061,20.1671,-3.93085
4.97912,23.7451,-2.06845
5.46621,26.6689,-0.210611
4.88553,27.4201,0.956838
4.60332,26.3276,1.13897
4.47416,24.0808,0.289492
4.15343,20.804,-0.426985
3.65833,16.5396,-0.67157
3.21729,12.0046,-0.851106
2.81055,8.16328,-1.15239
2.26888,5.39285,-1.37346
1.95894,3.45105,-1.81092
1.94437,2.0794,-2.16208
1.3955,1.98827,-2.16967
1.16711,2.75455,-2.21947
1.23457,3.27658,-1.83142
1.42986,3.82004,-1.31136
1.19247,4.49241,-0.53041
0.439969,4.90231,0.503703
-0.361504,4.67224,1.47821
-0.901856,3.92967,2.21913
-1.47141,3.05151,2.90125
-2.03453,1.78138,3.05297
-2.4647,0.391152,2.77759
-2.67966,-0.255253,2.38519
-2.4042,-0.206706,1.72917
-2.07888,0.182695,0.899312
-1.67444,0.909771,-0.223003
-1.11851,1.96477,-1.55918
-0.649028,3.17643,-2.8938
-0.462606,4.30533,-4.15226
-0.20845,5.17911,-5.26497
-0.188967,6.32916,-5.78824
-0.190972,7.20111,-6.50021
-0.1969,7.79963,-7.08228
-0.525404,8.63764,-7.31491
-0.907796,9.28475,-7.25886
-1.211,9.66235,-7.0573
-1.73924,9.72596,-6.82574
-2.64098,9.60703,-6.51179
-3.41117,9.56353,-5.9594
-3.51333,9.25882,-5.22354
-3.74978,8.95222,-4.45249
-4.22936,8.73531,-3.53908
-4.1659,8.40288,-3.12832
-3.73817,7.99801,-2.52042
-3.08,7.29935,-2.10027
-2.33636,6.0843,-2.01283
-1.38926,4.36107,-1.94904
-0.302023,2.47696,-1.78502
0.601665,0.749746,-1.78973
1.56617,-1.12463,-1.87339
2.46482,-3.16242,-1.89162
3.45791,-5.38524,-1.96563
3.72152,-6.66432,-1.93963
3.63274,-7.39354,-1.67124
2.90518,-7.32476,-1.516
1.47274,-6.63381,-1.4434
-0.384502,-5.52245,-1.46099
-2.3051,-3.87937,-1.75805
-4.0107,-1.56023,-2.2822
-5.28721,1.16125,-2.50013
-6.63977,4.4722,-2.86597
-8.62631,7.01467,-3.95465
-9.81075,9.1575,-4.53039
-10.7639,11.7927,-5.37519
-11.5075,14.0529,-6.04033
-11.8581,16.1436,-6.63596
-11.7003,18.233,-7.01562
-11.1294,19.7994,-6.79413
-10.1453,20.2233,-5.91635
-8.34798,19.5509,-4.5363
-6.8839,18.2571,-2.77109
-4.80997,15.5887,-0.898295
-3.24386,12.6438,0.90331
-2.01026,9.4296,2.23482
-1.09576,6.43593,3.32263
-0.533567,3.61037,3.66455
-0.129229,1.06784,3.34455
0.300912,-0.905085,2.87017
0.653903,-2.22301,2.36164
0.761062,-2.85581,1.73899
0.610189,-2.89844,0.213473
0.38986,-2.00253,-0.418663
0.0957197,-0.616445,-1.09071
-0.0990634,0.904756,-2.01347
-0.757161,2.69814,-2.76319
-1.00857,4.23978,-3.43444
-1.06425,5.2755,-3.90686
-1.43786,5.83701,-4.02732
-1.57707,5.80733,-4.17845
-1.4431,5.19225,-4.70546
-0.577323,4.1775,-4.00805
0.310159,2.56188,-3.96496
1.64004,0.89202,-3.51705
2.47604,-0.295847,-2.81575
3.60272,-1.60827,-2.04858
4.60716,-2.77532,-1.42239
5.09591,-3.70128,-1.31171
5.06954,-4.46877,-1.59757
4.55799,-4.89309,-1.76492
3.84694,-4.98393,-2.12488
2.99844,-4.47606,-1.58301
2.25006,-3.90369,-1.55434
1.05602,-3.39001,-1.1446
0.193305,-2.78776,-1.23134
-0.282136,-2.76444,-1.24744
-0.215978,-1.44441,-0.602172
