3.26159,-1.94117,1.28693
3.13657,-1.9467,1.13161
2.62254,-1.37058,1.01217
2.18321,-0.747972,1.25401
1.69031,-0.881094,1.49071
1.3147,-0.653633,1.32555
0.695332,-0.101375,0.858697
-0.0735946,-0.0164226,0.60133
-0.327622,-0.0669188,0.821681
-1.03108,0.344304,0.965477
-2.00398,0.480305,0.466417
-2.11915,0.22967,0.946476
-2.64045,0.37063,0.846018
-2.99678,0.503513,0.797553
-2.86248,0.962572,0.654556
-2.72516,1.29105,0.816493
-2.93013,1.54993,1.1284
-2.90303,1.97848,1.21637
-2.29158,2.36177,1.04492
-2.62343,2.85108,0.368526
-1.74851,2.92661,0.59845
-1.50071,2.39912,0.820868
-0.994054,2.13424,0.710891
-0.901715,1.74558,0.548708
-0.487097,1.84172,0.882199
0.104781,2.15676,1.26941
0.418299,2.43378,1.16104
0.247448,2.65526,0.748439
-0.114005,2.78015,0.588866
0.0334293,2.89628,0.550113
-0.721429,2.62772,1.09064
-0.948682,2.95053,0.988826
-1.50911,3.08622,0.976559
-1.98648,4.13277,0.423279
-2.50061,3.95246,0.294049
-2.95922,3.81362,0.000415107
-3.22355,3.74475,-0.123092
-3.55315,3.06673,-0.0309894
-4.06138,2.60809,-0.445879
-3.72174,2.2458,0.3811
-3.71739,1.65157,0.00644428
-3.38252,1.91812,0.430278
-2.83177,1.6974,-0.0528239
-3.38416,1.17387,-0.271055
-4.05431,0.97632,-0.375746
-3.79487,0.99164,-0.298655
-3.10954,1.44158,-0.0798354
-2.67541,2.27713,0.0977905
-2.33728,2.82525,0.126733
-2.56007,3.32539,-0.0758125
-2.14785,3.51729,-0.16848
-2.43031,3.0239,0.138503
-2.8288,2.5841,-0.00758798
-2.80039,2.25698,0.0571374
-2.76665,1.71666,-0.0896161
-2.5081,1.57762,0.0126319
-2.10349,1.47482,0.234219
-1.94171,1.02827,0.118682
-1.89774,0.802913,0.0860621
-1.28681,0.409739,0.86649
-0.691557,-0.0162713,0.602064
-1.6708,-0.194525,0.549273
-1.19206,0.131945,1.08773
-0.469719,0.574164,0.74115
0.854837,1.10681,0.849716
1.83716,1.14462,0.835097
1.95426,1.2425,0.634966
1.81975,1.5381,0.868406
2.04008,1.18618,1.28196
2.17548,1.3566,1.04465
2.63527,0.882808,0.509241
2.77723,1.09463,0.219047
3.07301,0.867693,0.68168
2.60105,1.31042,0.88233
2.55832,1.86333,0.892139
2.17604,2.20498,0.719555
1.69189,2.76852,0.614091
1.4281,3.63915,0.746694
0.420714,4.14457,0.896184
-0.856978,4.29209,0.939165
-1.3351,4.34938,0.57121
-1.49674,3.93762,0.621318
-2.85987,3.04139,0.0709059
-3.33573,2.21108,0.220756
-3.63727,1.08926,0.48941
-4.25673,-0.104818,0.502437
-4.77413,-1.34635,0.404528
-4.9132,-2.35269,0.406786
-4.89801,-2.7165,0.432627
-4.30617,-3.42026,0.314631
-3.76343,-3.2161,0.321215
-3.31717,-3.16366,0.120027
-3.13566,-3.38022,0.323423
-3.09318,-3.44814,0.615889
-3.22434,-3.10545,0.499005
-3.40043,-2.51121,0.437413
-3.60937,-1.85548,0.329058
-3.72055,-1.13084,0.0379942
-3.57,-0.37548,0.118477
-3.68509,0.0238892,0.458232
-3.97961,0.318412,0.376739
-4.12217,0.723426,0.509587
-3.49393,1.09486,0.868353
-3.58562,1.0051,0.860856
-3.48185,0.825625,0.744662
-3.43405,0.8219,0.685943
-3.47036,0.929519,0.517482
-3.30179,0.902784,0.39152
-3.18301,0.605025,0.627768
-3.41333,0.198382,0.458703
-2.81839,-0.110046,0.0732766
-2.24875,-0.431126,0.195526
-2.18947,-1.02253,0.410492
-1.75397,-1.19644,0.268486
-1.83729,-0.878741,0.299543
-2.15082,-0.903357,0.285715
-2.35439,-0.969025,0.25274
-2.52132,-0.710283,0.388919
-2.61596,-0.684699,0.400378
-2.43788,-0.427416,-0.0144121
-2.59063,-0.0719206,0.158267
-2.86546,0.115397,0.290503
-3.56199,-0.234637,-0.0689936
-3.99278,-0.13863,0.10417
-4.01343,-0.0467455,0.0946358
-3.86188,0.292796,0.128078
-3.5877,0.697427,0.304011
-3.21968,0.97131,0.500174
-2.90535,1.44556,0.687
-2.48629,1.8063,0.451712
-2.34654,1.86056,0.534744
-2.06436,1.72212,0.516184
-2.3211,1.40919,0.367765
-2.34336,0.910717,0.778195
-2.35188,0.57233,0.705265
-2.23381,0.282027,0.458104
-2.19166,-0.117529,0.463155
-2.3487,-0.579892,0.535202
-2.3628,-0.989751,0.407831
-2.25397,-1.34621,0.264834
-1.88588,-1.7143,0.0552795
-1.5922,-2.19531,-0.300844
-1.70577,-2.2414,-0.095606
-1.37697,-2.0084,0.155009
-1.17746,-1.90311,0.196069
-1.1168,-1.76198,-0.0498161
-1.22434,-1.46566,-0.234597
-1.56976,-1.14392,-0.127753
-2.02399,-0.856674,0.0939137
-2.62148,-0.420116,0.457816
-3.07473,0.117729,0.398786
-3.62938,0.999034,0.0777136
-4.14402,1.97232,-0.129564
-4.62242,3.18783,-0.449707
-5.01479,4.26512,-0.616961
-5.52579,4.88577,-0.65133
-5.98172,5.4347,-0.682779
-6.36888,6.06334,-0.923077
-6.98779,6.32917,-1.41813
-7.3441,6.65643,-1.57095
-7.9133,7.26223,-1.60838
-8.38932,7.60953,-2.08147
-8.50494,7.64716,-2.03994
-8.36395,7.57593,-2.11191
-8.25012,7.4199,-2.09621
-8.15215,7.038,-2.12608
-7.8577,6.55074,-2.13749
-7.35641,6.25171,-1.9827
-6.84337,6.15553,-1.74316
-6.18921,5.8871,-1.42323
-5.33861,5.64241,-1.24897
-4.30709,5.377,-0.903449
-3.28504,5.24471,-0.530516
-2.54686,5.14263,-0.0184676
-1.97997,4.82769,0.436599
-1.31984,4.13493,0.640437
-0.689749,3.38415,0.469423
-0.4336,2.6337,0.0669092
-0.682552,1.43727,-0.132473
-1.25952,0.0567872,0.0988678
-1.39993,-1.31823,-0.0237017
-1.95458,-2.55522,-0.0572882
-2.66655,-4.19094,-0.214887
-3.30646,-5.4268,-0.528225
-4.10619,-5.99412,-0.763625
-4.94376,-6.33437,-0.890938
-5.63724,-6.62953,-1.04344
-6.13979,-6.77221,-1.24455
-6.56309,-6.75366,-1.3107
-7.14987,-6.52165,-1.12035
-7.56828,-6.1208,-0.867151
-7.81864,-6.0584,-0.599118
-7.45557,-5.5298,-0.756376
-7.13482,-5.16041,-0.71747
-6.57319,-4.84332,-0.669517
-5.99919,-4.45997,-0.566721
-5.44185,-3.92593,-0.384171
-4.65328,-3.23909,-0.242039
-3.71415,-2.50513,-0.128494
-3.14162,-1.80549,0.233202
-2.60459,-1.25466,0.346853
-2.05155,-1.02991,0.327075
-1.75384,-0.635006,0.298277
-1.77433,-0.45269,0.325643
-1.68071,-0.495184,0.370484
-1.56121,-0.576793,0.132093
-1.50211,-0.608905,-0.28008
-1.6166,-0.67957,-0.582331
-2.03718,-0.990459,-0.783031
-2.38359,-1.66793,-0.926617
-3.09597,-1.94208,-1.02847
-3.74013,-1.88193,-1.17191
-3.86066,-2.22105,-1.14517
-3.63346,-2.50401,-1.10681
-3.10571,-2.455,-1.16837
-2.66206,-2.13163,-1.17652
-2.49009,-1.85781,-1.01332
-2.2861,-1.76418,-0.764504
-1.7665,-1.58048,-0.575916
-1.42607,-1.12308,-0.42995
-1.40895,-0.70379,-0.424393
-1.37329,-0.727535,-0.752653
-1.51895,-0.829459,-0.939436
-1.89572,-1.02415,-0.700247
-2.37247,-1.46387,-0.488913
-2.91534,-1.90692,-0.549324
-3.59114,-2.26554,-0.720499
-4.46384,-2.79123,-0.793425
-5.42985,-3.62735,-0.817671
-6.20233,-4.34423,-0.943514
-7.10532,-4.67056,-1.16107
-8.27179,-4.89252,-1.32795
-8.71168,-5.238,-1.39017
-9.20948,-5.3263,-1.51617
-9.55244,-5.34186,-1.6495
-9.35023,-5.38696,-1.74093
-8.63062,-5.20956,-1.70592
-7.7088,-4.77616,-1.58149
-6.71281,-4.54165,-1.48682
-5.43504,-4.62149,-1.23004
-3.87169,-4.39784,-0.75088
-2.29553,-3.8813,-0.386279
-1.13026,-3.24624,-0.0870478
0.122159,-2.50608,0.269762
1.38176,-1.7332,0.439886
2.09283,-0.895498,0.471803
2.29727,-0.135925,0.691083
2.33536,0.435921,1.04311
2.27352,1.01715,1.18264
2.28496,1.82843,1.4914
2.01985,2.60984,1.43624
1.06189,2.99048,1.01494
0.282366,3.31878,0.647605
-0.687484,3.29249,0.212505
-1.75379,3.34722,-0.259906
-2.78292,3.37269,-0.496883
-3.97595,3.14965,-0.728411
-5.14987,2.91015,-1.20742
-5.65667,3.07412,-1.64283
-5.69656,3.40685,-1.87541
-5.05426,3.57519,-2.31293
-4.41668,3.82578,-2.53785
-3.44217,4.22544,-2.32998
-2.33224,4.71229,-1.90346
-1.29238,5.09398,-1.52537
0.0925346,5.18003,-1.42228
1.67022,5.12046,-1.49938
2.99557,5.02464,-1.49752
4.14031,4.84886,-1.45478
5.35203,5.02569,-1.90807
6.56375,5.36061,-3.16596
7.80949,5.15154,-5.54586
9.34746,5.25326,-8.05224
9.866,4.92202,-9.87765
9.69099,4.11503,-11.2276
9.20322,3.2182,-12.1311
8.55955,2.27377,-12.8442
8.02139,1.11681,-13.7036
7.82687,-0.259736,-14.5622
7.56134,-1.86296,-14.9143
7.38342,-3.18621,-15.4948
4.82965,-4.97755,-15.97
2.47773,-7.64165,-15.3319
2.96244,-9.12588,-13.6578
4.94011,-8.528,-11.8684
6.8743,-5.54356,-10.4292
8.38825,-0.718986,-8.63576
9.35233,4.68382,-6.20303
9.41481,9.48488,-4.16276
9.33035,13.4972,-3.01069
10.194,17.2793,-2.64405
10.5562,20.0462,-2.55206
10.3008,22.1632,-2.01554
9.91319,23.3041,-1.32827
9.12285,23.4325,-1.07325
8.107,22.9319,-0.83949
6.92788,21.5461,-0.650716
5.42468,19.0532,-0.759842
3.64133,15.8478,-1.05228
2.00407,11.8476,-1.77761
0.865113,7.38183,-2.69263
0.312307,2.59695,-3.53553
-0.536858,-2.3947,-4.26086
-1.2597,-6.5184,-4.93284
-1.66022,-9.84059,-5.36078
-1.71714,-12.7525,-5.52601
-1.40277,-15.22,-5.18739
-0.703675,-16.8067,-4.45026
0.137663,-17.3528,-3.77798
0.636497,-17.4202,-2.68816
1.49095,-16.8962,-1.20775
2.59251,-16.4833,0.0558818
3.37444,-15.4468,1.79265
3.63615,-14.3661,3.71437
3.47983,-13.6534,5.59838
3.56057,-13.1571,6.75521
3.68805,-12.804,7.54339
3.42228,-12.5311,8.40438
2.99625,-12.1771,8.87327
2.56221,-11.9697,9.03629
2.39515,-11.7773,8.95503
2.25757,-11.557,8.58354
1.87454,-11.4471,8.33463
1.68806,-11.7709,7.57214
1.45276,-12.128,6.96951
1.31821,-12.1804,6.76477
1.39987,-11.8026,6.44671
1.54654,-11.2925,5.68058
1.68073,-11.0698,4.90233
2.13295,-10.8111,4.57504
2.81143,-10.2804,4.61005
3.39933,-9.80266,4.33573
3.87803,-9.24353,4.15312
4.45803,-8.84666,4.09636
5.10296,-8.80645,3.97311
5.73985,-8.59374,3.87027
6.25549,-8.15292,4.19257
6.55162,-7.52861,4.92898
6.67045,-6.3927,5.61884
6.79619,-5.11388,6.43162
6.78532,-4.44131,6.88369
5.84638,-3.06172,7.25837
5.69956,-1.92225,7.91873
5.51404,-1.11233,8.46543
5.04002,-0.400438,8.86762
4.4566,-0.262046,9.05787
3.79439,-0.862133,9.23201
3.13726,-1.69768,9.57059
2.74749,-2.31077,9.86548
2.38253,-3.03769,9.80293
1.3791,-4.16326,9.41976
1.27268,-5.37506,9.89241
1.1551,-6.54611,9.51405
1.10745,-7.59757,9.42174
1.09836,-8.32119,9.38466
1.12409,-8.90409,9.42299
1.15365,-9.62421,9.5639
1.11273,-10.3707,9.80689
1.16481,-10.8739,10.1627
1.77594,-11.4564,10.37
1.4829,-11.7416,10.5822
1.4114,-11.5848,10.4254
1.10914,-11.6658,10.044
0.957176,-11.3391,9.72097
0.601091,-10.4085,9.62846
0.0535377,-9.45016,9.55746
-0.633564,-8.5231,9.32316
-1.21623,-7.51667,9.10095
-1.40077,-6.61105,9.16237
-1.70643,-5.45778,9.27254
-2.08536,-4.72381,9.3827
-3.00564,-3.86839,9.54147
-3.4256,-2.98996,9.74935
-4.29016,-2.33703,10.1205
-4.73913,-1.93759,9.99651
-5.44683,-1.12889,9.9565
-5.76389,-0.285723,10.2824
-5.24276,0.0117096,10.7817
-5.09725,0.322646,11.3924
-4.86937,1.16113,11.8691
-4.05518,1.05956,12.0653
-3.97519,0.638906,12.6312
-3.78765,0.60244,12.8307
-2.9051,0.138157,13.1858
-2.31431,-0.266569,13.7856
-2.11958,-0.612378,13.8998
-1.987,-1.24189,14.03
-1.8091,-2.21952,14.4007
-1.6927,-3.23997,14.1801
-1.57685,-4.15454,14.3935
-1.41536,-4.834,14.5148
-1.97116,-5.49485,13.801
-2.02041,-6.06387,13.725
-1.81328,-6.05198,13.6881
-1.95795,-5.98549,13.5659
-2.00839,-5.89311,13.5772
-2.0617,-5.43086,13.5003
-2.33926,-4.64394,13.4655
-2.51813,-4.11502,13.9703
-2.90422,-4.04148,14.0968
-3.39516,-3.6197,14.1542
-3.4678,-2.91476,14.4208
-4.18472,-1.96438,15.1194
-4.54944,-1.26491,15.514
-4.95443,-0.548059,16.0084
-5.00049,0.250328,16.4312
-4.75479,1.09935,16.9503
-4.55085,2.05125,17.6233
-4.32544,3.14868,18.0767
-4.18221,4.23807,18.6544
-3.36979,5.23129,18.612
-2.92347,5.95132,19.2622
-3.25599,6.28084,19.535
-2.80312,5.87847,20.3081
-2.82024,5.53075,20.622
-2.83677,5.09599,20.8991
-2.73431,4.29564,21.393
-2.99187,3.34039,21.6128
-3.59115,2.37211,21.3575
-4.27846,0.835737,21.3961
-4.33795,0.167701,21.7237
-4.83076,-1.21118,21.783
-5.13562,-2.73962,22.1331
-5.71135,-4.53581,22.5655
-6.32429,-6.21132,23.1898
-6.50181,-7.34974,23.8464
-6.59194,-8.40062,24.5497
-7.06546,-9.8423,25.2807
-7.50638,-11.1261,25.8708
-7.21277,-11.4018,26.5638
-6.47454,-11.339,27.1164
-6.59816,-11.0262,27.7118
-5.8075,-9.84375,28.0479
-5.45564,-8.10792,27.8713
-4.84201,-6.36694,27.7882
-4.05216,-4.38082,27.5578
-3.37298,-2.38389,27.1261
-2.98798,-0.708936,26.8143
-2.95955,0.781661,26.5789
-2.86089,1.93394,25.9231
-2.82893,3.89562,25.8615
-3.13863,4.64934,25.6859
-3.19869,5.14159,25.3502
-3.52437,5.2155,24.7173
-3.68207,5.3294,24.0915
-3.91815,5.27069,24.048
-4.11949,4.80605,24.1429
-4.28464,4.04633,23.9251
-4.57924,3.1976,24.0857
-4.00803,2.24965,25.1361
-4.75824,1.02043,25.6998
-4.16499,0.204026,25.8389
-4.10842,-0.496492,26.246
-3.3757,-0.856932,26.7185
-2.73025,-0.383316,27.4101
-2.24366,0.255138,27.8579
-1.82798,0.633342,28.6209
-1.47541,0.852052,29.5539
-1.08328,1.05769,29.452
-0.652288,1.53018,29.694
-0.0948395,2.27141,29.6082
-0.338992,1.9296,29.7309
-0.440163,1.94858,29.8606
-0.928736,2.25328,29.5328
-1.0192,1.82531,29.4594
-1.06377,1.41493,29.218
-1.21506,1.30312,28.9266
-1.08775,1.29994,28.9136
-0.601964,1.63853,28.7272
-0.301754,2.07758,28.1588
-0.271643,2.35811,28.269
0.0332345,3.06517,28.2254
0.641039,3.94825,27.3951
0.504097,4.53644,26.7915
0.441017,5.40263,26.4867
0.517885,6.09116,26.4268
0.827717,6.42398,26.1103
1.17418,6.82075,25.5172
1.08588,7.44463,25.2911
1.2649,7.76227,25.0458
1.00745,7.48306,24.8127
0.878725,7.95169,25.2084
0.888612,8.03621,24.9591
0.794286,8.04557,24.8797
0.630015,8.2233,24.9535
0.554607,8.46924,24.8554
0.56245,8.71505,24.8508
0.475824,8.989,25.2242
0.168746,9.32942,25.612
-0.230954,9.81556,25.7231
-0.354555,10.0818,25.9239
-0.278341,10.997,26.581
-0.266042,11.6996,26.7004
-0.61824,12.0366,27.1484
-0.659874,12.6745,27.702
-0.859976,13.1065,27.7089
-0.966922,13.0046,27.4909
-0.618843,12.5617,27.52
-0.351993,11.8336,27.4863
-0.192025,10.5899,27.2822
-0.0741851,8.82387,26.6609
-0.0091773,7.31483,26.2895
0.352138,5.44956,25.6658
0.531444,3.82631,25.0721
0.823966,2.5664,24.3405
1.21471,1.48307,23.9528
1.49558,0.510611,23.7527
1.83597,0.120899,23.2389
2.43639,0.752695,22.6045
2.46226,1.57647,22.4406
2.21344,2.2145,22.3077
2.07511,3.48514,21.9856
2.3011,4.39642,22.1715
2.85411,5.47784,22.1734
2.32286,6.5746,22.2323
1.39031,7.57127,22.2734
0.501945,8.43978,22.4945
-0.409728,9.21952,23.0962
-1.19914,9.89687,23.7536
-2.26732,10.1916,24.1429
-3.25043,9.97899,24.9511
-3.64795,9.76159,25.9097
-4.71997,8.94555,26.2075
-5.45103,8.40774,26.4283
-5.84378,7.8155,26.8918
-5.92395,7.17729,27.3224
-5.7059,6.46622,27.5494
-5.51581,5.59573,27.5775
-5.55955,4.66381,27.2732
-5.02024,3.76885,26.5373
-4.27489,2.83552,26.1811
-3.75677,2.20724,25.8588
-3.33683,1.63321,25.887
-2.83394,1.17829,25.4559
-2.15308,1.01495,24.6773
-1.74168,0.995335,24.2765
-1.68325,1.02011,24.2046
-1.75462,1.0416,24.041
-1.93676,1.08204,23.836
-2.27506,1.50494,23.61
-2.63146,1.94786,23.0875
-3.24647,2.13634,23.2258
-3.5866,1.97978,23.5581
-4.11445,1.86036,23.4653
-4.64012,2.13436,23.4031
-5.33825,2.54244,23.5026
-5.96541,2.95097,23.5946
-6.29429,3.484,23.6628
-6.53125,4.17577,23.865
-6.57057,4.91432,24.0449
-7.35992,5.65847,24.0889
-7.27385,5.97221,24.2802
-7.51427,6.21228,24.2973
-7.82585,6.17525,24.515
-7.97191,6.00363,24.5746
-8.19996,5.83366,24.5605
-8.60466,5.55304,24.6422
-8.92905,4.95142,24.8617
-9.02175,4.07318,25.1282
-9.20575,3.26961,25.1961
-9.21534,2.29868,25.4369
-9.14561,1.71265,25.4856
-9.0922,1.55526,25.2527
-8.44587,1.36682,25.1459
-7.96435,1.05387,25.2132
-7.66914,0.629299,25.2335
-7.23072,0.35661,25.0853
-6.62131,0.38147,24.8952
-6.09686,0.548788,24.8631
-5.6672,0.902924,25.0064
-5.1262,1.3533,25.3724
-4.74065,2.0032,25.4055
-4.24769,2.74251,25.7424
-4.14013,3.75797,25.9771
-4.61289,4.71269,26.097
-5.15352,5.3317,26.391
-5.41261,5.6994,26.8382
-5.64003,5.97298,27.3098
-6.24153,6.00517,27.8797
-7.0651,5.42652,28.4665
-7.86794,4.0623,28.9198
-8.52171,2.612,29.4094
-8.78302,1.58356,29.7926
-9.01608,0.25106,30.2283
-9.38638,-1.41166,30.6607
-9.48643,-3.01222,31.2132
-9.08124,-4.32926,31.6881
-8.45027,-5.49433,31.828
-8.05844,-6.65563,31.7234
-7.98132,-7.56735,31.5325
-7.63963,-8.05181,31.5292
-7.14553,-8.43364,31.6356
-6.64573,-8.95248,31.6564
-6.25278,-9.43458,31.6928
-5.82671,-9.44329,31.4958
-5.57166,-9.29388,31.3346
-5.43051,-9.2212,31.4662
-5.27721,-9.02241,31.8093
-5.29078,-8.50038,32.1547
-5.56167,-7.9174,32.4716
-5.93058,-7.4328,32.5818
-6.04143,-6.42741,32.6656
-6.0112,-5.28191,33.1474
-6.11687,-4.45949,33.5617
-5.98414,-3.88834,33.504
-5.78361,-3.28789,33.513
-5.71723,-2.57604,33.8549
-5.57234,-1.88643,34.1704
-5.02527,-1.29538,34.1536
-4.31442,-0.662575,34.0735
-3.87389,-0.0293757,34.0183
-3.0724,0.161274,33.853
-2.57562,0.25807,34.0349
-2.14254,0.469344,34.4252
-1.39789,0.717459,34.5855
-0.992213,0.933626,34.5829
-1.11731,1.1897,34.6569
-1.4549,1.53191,34.8882
-1.9358,1.7832,35.2057
-2.6371,1.64012,35.5595
-3.74453,1.10672,35.89
-5.18953,0.390734,36.2496
-6.21871,-0.403406,36.4759
-7.01266,-0.992425,36.3362
-8.05317,-1.53241,36.0839
-9.02265,-2.08521,36.0045
-9.56544,-2.24939,36.1135
-9.65832,-1.80708,36.0981
-9.36931,-1.22246,35.6284
-8.70421,-0.91056,34.8961
-8.04905,-0.374632,34.6725
-7.13751,0.903996,34.5565
-6.11741,2.54774,33.9278
-5.30361,4.29393,33.2858
-4.44244,5.66314,32.8197
-3.58333,6.73807,32.2435
-2.94243,7.63524,31.5792
-2.48569,8.13961,31.0457
-1.9488,8.02893,30.5866
-1.36705,7.62572,30.0854
-0.911793,7.08102,29.9803
-0.782186,6.03623,29.9446
-0.959622,4.65946,30.0306
-1.31486,3.1877,30.2599
-1.93507,1.83051,30.5386
-2.54531,0.468635,30.7946
-3.00062,-0.795668,30.8662
-3.40002,-1.71654,30.7793
-3.84206,-2.31896,30.8274
-4.30464,-2.86972,31.0144
-4.58938,-3.42048,30.9355
-4.76635,-3.30302,30.5933
-4.74313,-3.15847,30.4214
-4.84961,-2.45056,30.5978
-4.99873,-1.35061,30.349
-5.23487,-0.0586095,29.9462
-5.47338,1.37834,29.8578
-5.6491,2.71432,29.9153
-5.783,3.6165,29.6828
-5.65679,4.39231,29.4293
-5.85456,4.75956,29.1805
-5.55478,4.96855,29.7208
-5.78242,5.19221,29.9335
-6.08379,5.28881,30.1247
-6.19535,5.19104,30.3795
-6.25256,4.92016,30.4398
-6.57353,4.52472,30.4891
-7.01081,3.86407,30.8096
-7.09025,2.75909,31.1044
-7.12851,1.49031,30.8426
-7.24048,-0.0635493,30.2918
-7.25929,-1.64469,29.6322
-7.61759,-3.07747,29.2463
-7.89327,-4.34887,28.812
-7.91197,-5.35865,28.2799
-8.0664,-6.28929,27.5364
-8.3003,-7.07112,27.0586
-8.37759,-7.70657,27.0254
-8.53432,-8.45662,26.7686
-9.06627,-9.0521,26.2132
-9.83986,-9.1723,26.078
-10.3266,-9.60745,25.811
-10.6745,-9.36808,25.6927
-11.0641,-8.87389,25.8612
-11.2388,-8.39917,25.8832
-11.2037,-7.89463,25.8395
-11.0079,-6.97435,26.0215
-10.6389,-5.75853,26.3808
-10.1782,-4.84483,26.6621
-9.84525,-3.81241,27.0714
-9.39101,-2.34386,27.3882
-8.76193,-0.981499,27.4128
-8.69854,0.26097,27.5762
-8.36179,1.07711,27.4315
-8.37349,1.5612,27.217
-8.32825,1.75753,27.2867
-8.26436,1.76191,27.4471
-8.29095,1.58651,27.2992
-8.07903,1.15841,26.9015
-8.19168,0.700446,26.6636
-8.2538,0.340679,26.3513
-8.07696,0.334916,25.844
-8.33234,-0.219775,25.5154
-8.56392,-0.630078,25.2123
-8.73452,-0.528174,24.8092
-8.7332,-0.611086,24.4467
-8.75069,-0.624379,24.0591
-8.76831,-0.146305,23.5171
-8.65469,0.261595,22.9391
-9.22625,0.52761,22.5093
-9.10045,1.27898,22.4874
-9.02502,1.54288,22.6396
-9.0656,2.03365,22.3534
-9.0548,2.69601,22.4849
-9.26325,3.03939,22.5925
-9.46396,3.49128,22.8993
-9.44298,4.07186,23.1122
-9.52759,4.55565,23.0294
-9.97372,5.12407,23.077
-9.86598,5.7311,22.8921
-9.53551,6.00227,22.8215
-9.33544,6.21097,22.3868
-9.55413,6.62389,22.7796
-9.23311,7.17498,22.9788
-9.03183,7.42174,22.8923
-8.94526,7.74457,22.8584
-8.61377,8.32626,23.0596
-7.99946,8.97239,23.1794
-7.32749,9.43791,22.7964
-6.59728,9.42214,22.2888
-6.65568,9.7835,22.3988
-6.25752,8.977,22.2701
-6.00409,8.46902,21.6995
-6.59706,7.29845,21.6718
-6.84517,6.07932,21.365
-7.02741,5.09095,20.9839
-7.46922,4.20299,20.725
-8.02902,3.34033,20.5233
-8.58679,2.63654,20.46
-9.0302,2.12915,20.4579
-9.64661,1.81816,20.1436
-10.1222,2.0061,20.4994
-10.5254,2.02382,20.4836
-10.9854,2.34302,20.7041
-11.3194,2.65459,21.0304
-11.4016,3.1803,21.1818
-11.5279,3.76839,21.263
-11.8209,4.41451,21.4884
-11.8726,5.43065,21.7962
-11.5904,6.00017,22.1206
-11.5857,6.30544,22.7768
-11.6885,6.62859,23.2063
-11.4571,6.87305,23.8523
-11.7751,7.05914,24.6335
-12.0518,6.67999,25.6801
-12.4582,5.98747,26.2252
-13.0173,5.20302,26.4199
-13.3636,4.38355,26.5897
-13.2711,3.46807,26.5349
-12.8958,1.93128,26.9991
-13.0866,0.475111,26.3912
-12.8701,-1.39961,25.5217
-12.4258,-2.40021,25.2121
-12.0892,-3.66009,24.6067
-11.6077,-4.2089,23.8892
-11.0993,-4.43749,23.6137
-10.65,-4.19505,23.2657
-10.1592,-3.26687,22.7467
-9.4419,-2.19993,23.0299
-8.32174,-0.637162,23.5188
-7.51375,1.51054,23.6659
-6.99578,3.56175,24.181
-6.67816,5.69135,24.9986
-5.84429,7.56011,26.1911
-5.36218,9.09376,27.4678
-5.39647,10.3976,28.6794
-5.47206,11.4786,30.0688
-5.37793,11.9103,31.4079
-5.59969,11.4815,32.1717
-6.57259,11.2638,33.2292
-7.05142,10.4272,34.1751
-7.43999,10.0144,34.7991
-7.59382,8.74409,35.6854
-7.66643,7.93517,36.1291
-7.86248,7.3508,35.82
-7.78209,6.74036,34.9734
-7.69433,5.84723,33.9833
-7.82818,4.68575,33.2383
-7.6348,3.80545,32.9138
-7.16874,3.73582,32.6071
-7.25783,3.84071,31.6403
-8.11671,4.32523,30.8628
-7.80347,4.58128,30.8062
-7.85973,4.97056,30.7728
-7.85867,5.3735,31.1503
-7.96195,5.42883,31.4495
-8.2336,5.335,31.6546
-8.49084,5.18781,32.291
-8.59033,4.72747,33.2829
-8.27635,4.63223,33.7473
-8.05539,5.12399,34.3522
-7.9449,5.89421,34.4639
-8.1267,5.93202,35.4035
-7.79181,6.21946,35.5497
-7.62442,6.52735,35.4408
-7.31639,6.4047,35.4493
-6.76978,6.13958,35.2382
-6.43713,6.17172,34.7069
-6.20447,6.09913,34.2835
-5.03962,5.20676,33.7601
-5.30874,5.35447,33.4209
-5.31156,4.73596,32.7148
-5.40282,3.71457,32.344
-5.28498,3.4054,32.0393
-4.818,2.59229,31.3017
-4.97975,2.0161,30.8637
-5.22268,2.03715,30.6044
-4.90259,1.80779,30.4474
-4.81779,0.878389,30.9851
-4.77483,0.337306,31.1971
-4.48877,0.153382,31.6634
-3.98743,-0.354944,31.5901
-3.40914,-0.169298,32.1284
-3.0374,0.0674716,32.8476
-2.36862,0.385319,33.3499
-1.81959,1.01336,33.6694
-1.64272,1.58742,33.9152
-1.58041,1.92479,34.0939
-1.41081,2.3775,34.1953
-1.20932,2.51815,34.2107
-0.87508,2.2733,33.7824
-1.78997,1.66731,33.558
-1.95037,0.493572,33.8248
-2.59341,-0.564741,33.6301
-3.24141,-1.64249,33.1755
-3.59652,-2.47499,32.5817
-3.8817,-2.83906,31.9409
-4.3862,-2.91066,31.4824
-5.11743,-2.95175,31.3728
-5.8733,-2.72277,31.3359
-5.73018,-1.8306,30.9063
-6.73694,-1.73423,30.1369
-7.38967,-0.974134,29.8066
-7.62547,-0.627589,29.5452
-7.55842,0.317486,29.4023
-7.40019,1.13023,29.387
-7.31388,1.63916,29.2037
-7.3916,2.30698,28.8368
-7.40672,2.88304,28.7291
-6.68001,2.80665,28.8231
-6.31528,2.1049,28.6717
-6.04535,1.82788,28.6024
-5.48328,1.20963,28.4479
-4.90462,0.617826,28.3057
-4.24639,0.356561,28.3224
-3.58974,-0.0459493,28.4272
-2.93338,-0.345479,28.0362
-2.26729,-0.306338,27.4099
-1.6672,-0.466494,27.6186
-1.0282,-0.683108,27.8836
-0.142014,-0.626243,27.418
0.480837,0.177931,26.9057
1.15566,0.148494,26.7795
1.62396,0.327774,26.3286
1.66917,0.428522,25.6152
1.35864,0.619698,25.0951
1.13299,0.860953,24.812
1.1597,1.0589,24.4295
1.03628,1.30696,23.8941
0.586419,1.41398,23.6967
0.139605,2.82449,23.5278
-0.110517,2.70355,23.1965
-0.54384,2.95693,23.2258
-1.09339,3.20002,23.0332
-1.15742,3.54357,22.9713
-1.15211,3.76335,23.1533
-1.20891,3.95198,23.548
-1.02699,4.22446,23.9388
-0.617658,4.3708,24.0517
-0.299425,4.40699,24.1093
0.18306,3.76949,24.2735
0.171685,3.34802,24.2867
0.152223,2.58502,24.5124
0.297023,1.66863,24.6788
0.620368,0.699591,24.7549
0.686464,-0.235918,24.8008
0.242112,-1.05714,24.893
-0.394935,-1.66476,24.9421
-0.809577,-1.95153,24.772
-1.28712,-1.97976,24.5367
-1.63769,-2.49704,24.4221
-2.65338,-2.62766,24.49
-3.24428,-2.4607,24.6069
-3.81063,-2.06637,24.6198
-4.46428,-1.4901,24.3072
-4.93286,-1.06292,24.0207
-5.2281,-0.576956,23.6571
-5.49911,0.0480884,23.0652
-5.69956,0.339156,22.6316
-5.87391,0.545831,22.4014
-6.00967,1.17987,21.6778
-6.08478,1.6536,21.7613
-6.46513,1.71537,21.9047
-6.44979,1.99371,22.0692
-6.29577,1.85031,22.2868
-6.22404,1.6229,22.5019
-6.28424,1.55887,22.8206
-6.50936,1.52002,23.1533
-6.87089,1.36888,23.3012
-7.1041,0.942165,23.7772
-7.51221,0.677974,24.0751
-8.05531,1.174,24.461
-8.37383,1.49539,24.6018
-8.49366,1.8977,24.6746
-8.483,2.26829,24.7233
-8.26973,2.78554,24.7044
-8.13301,3.58011,24.3192
-8.31724,4.46318,23.5974
-8.44175,5.16244,22.9748
-7.94163,5.76107,22.2912
-7.67515,6.16748,21.732
-7.96531,5.9166,21.3844
-8.14265,5.5278,21.2336
-8.56578,5.27553,21.4261
-8.62865,5.1489,21.4487
-8.71204,4.95581,21.4363
-8.97963,4.68075,21.6142
-9.18315,4.32826,21.9103
-9.3309,3.88135,22.3157
-9.69769,3.67586,23.1553
-10.2118,3.43757,23.0454
-10.7626,3.52978,23.4712
-11.1303,3.75348,24.0992
-11.12,4.06265,24.2468
-11.0755,4.28106,24.3186
-11.1569,4.33083,24.4325
-11.2498,4.27903,24.6495
-11.3328,4.3089,24.7977
-11.4478,4.48983,24.6007
-11.1946,4.5041,24.5862
-10.8966,4.28828,25.0792
-10.6111,4.37838,25.0992
-10.8798,4.51088,25.3658
-10.7994,4.3366,25.8147
-10.6089,4.11631,26.1753
-10.5418,3.84064,26.6429
-10.7994,3.45013,27.3693
-11.3523,2.8893,28.1774
-11.8354,2.19097,28.7216
-12.0079,1.74037,28.8433
-12.1022,1.31213,29.1271
-12.3252,1.0099,28.8102
-12.5144,0.822257,28.8553
-12.5499,0.593813,28.8406
-12.2461,0.50515,28.7011
-11.9598,0.328322,28.3736
-11.7605,0.144973,27.9572
-11.4812,0.290916,27.5905
-11.1874,0.676253,27.342
-11.0027,0.687297,27.3606
-10.7902,0.605506,27.3473
-11.1072,0.467953,27.352
-11.4753,0.316512,27.6434
-11.8007,-0.169009,27.8364
-12.5486,-0.657569,27.8969
-13.3885,-1.11685,28.0907
-13.9193,-1.68925,28.4616
-14.3008,-2.24103,28.8943
-14.8665,-2.55658,29.299
-15.3045,-3.06377,29.5378
-15.776,-3.57903,30.3914
-15.9966,-4.00733,30.8882
-16.1472,-4.2601,30.6674
-16.3437,-4.18287,30.6605
-16.3146,-3.98436,30.9601
-16.0645,-3.63811,31.431
-15.7902,-3.18355,31.7729
-15.5594,-2.74488,31.8694
-15.2332,-2.29471,31.9903
-14.7604,-1.65707,32.3492
-14.2975,-0.970328,32.6495
-13.6171,-0.383891,32.98
-13.039,0.0497716,33.4729
-12.74,0.298853,33.7359
-12.5027,0.383731,33.9114
-12.2547,0.33747,34.2538
-12.0776,0.097631,34.6638
-12.0837,-0.439457,35.0093
-12.2678,-1.27677,35.503
-12.4724,-2.2569,36.3119
-12.9621,-3.13882,36.9444
-13.9812,-4.10205,37.3317
-14.4612,-5.33532,38.1342
-14.7479,-6.40726,39.1349
-15.1233,-7.37307,40.055
-15.4715,-8.35466,40.8133
-15.9099,-9.42398,41.5649
-16.4885,-10.5838,42.4996
-16.8732,-11.7151,43.5145
-17.0211,-12.5822,44.1644
-17.2104,-13.351,44.7416
-17.2917,-13.9515,45.4656
-16.8593,-14.304,46.4844
-16.7727,-14.3904,47.139
-16.8591,-14.1668,47.067
-16.6716,-13.7731,47.0238
-16.232,-13.1617,47.365
-15.7775,-12.3023,47.7775
-15.2157,-11.281,47.9541
-14.2735,-9.83753,47.819
-13.2333,-8.16659,47.635
-12.4569,-6.66322,47.4974
-11.3117,-5.51452,47.3018
-10.39,-4.63617,46.9998
-9.49886,-3.94569,46.3381
-8.60215,-3.52069,45.7151
-8.02954,-3.59148,45.2254
-7.86204,-4.09039,44.8318
-7.81653,-4.64561,44.7541
-8.13292,-5.33008,44.8079
-8.91978,-6.15591,44.5877
-9.35774,-6.88007,44.9055
-9.98497,-7.19348,45.351
-10.4711,-7.53893,45.2203
-11.1099,-7.77534,45.2425
-11.8371,-7.85399,45.3168
-12.3109,-7.85848,45.1124
-12.5934,-7.56326,44.6088
-13.0364,-6.71137,44.0638
-13.23,-5.99932,43.8253
-13.3385,-5.28585,43.8369
-13.9332,-4.60285,43.6827
-14.3306,-4.81379,43.7057
-14.4991,-5.0872,43.7056
-14.6986,-5.47977,43.8813
-14.9719,-5.91849,44.2887
-15.154,-6.24158,44.7812
-15.1432,-6.43636,45.1228
-14.9421,-6.7241,45.1693
-14.4328,-7.35369,44.9923
-14.0044,-7.87883,44.5531
-13.4056,-8.70472,44.0161
-12.4512,-9.54799,43.608
-12.0746,-10.6279,43.1019
-12.1356,-12.1042,42.8537
-12.3206,-13.832,42.5607
-12.4248,-15.5601,42.2902
-12.4649,-17.1213,42.2543
-12.593,-18.3783,42.1556
-12.8173,-19.0737,41.7767
-13.0732,-19.3005,41.8318
-13.1338,-19.5896,41.6447
-13.2513,-19.8685,41.2153
-13.31,-19.9331,40.602
-13.0933,-19.5951,39.6032
-12.8263,-18.8297,38.642
-12.3959,-17.7847,37.9966
-11.7063,-16.5671,37.3602
-10.9203,-15.2806,36.3734
-9.70881,-14.3257,35.4219
-9.11188,-13.4987,34.6328
-8.79667,-12.9892,33.9733
-8.46954,-12.5725,33.0631
-8.12407,-11.965,32.0846
-8.1516,-11.5302,31.3816
-7.97752,-10.9702,30.6667
-7.61143,-10.3401,29.8368
-7.5425,-9.69448,28.9381
-7.62527,-8.79002,27.8624
-7.25127,-8.22857,26.7524
-7.1879,-8.24361,25.8429
-6.94572,-7.90782,24.7471
-6.32084,-7.75931,23.7547
-6.14574,-8.01608,22.3985
-5.92827,-8.28646,21.0323
-5.52813,-8.53365,19.7824
-5.08732,-8.70641,18.6844
-4.73076,-8.71166,17.4638
-4.38596,-8.596,15.8215
-3.75202,-8.42082,14.3525
-2.98093,-8.35974,12.3599
-1.89008,-7.96005,11.1258
-1.54788,-8.13946,10.1116
-1.07694,-8.09109,8.98441
-0.438652,-8.08598,7.89535
0.145045,-7.9866,7.05842
0.454746,-7.74384,6.4977
0.444593,-7.50855,5.83796
0.266426,-7.25926,4.67736
0.0658419,-6.78497,3.48653
-0.305636,-6.46785,3.12721
-0.497807,-6.12331,2.57523
-1.24523,-6.22267,1.84049
-1.88366,-6.48166,0.845208
-2.06605,-6.56602,-0.00102276
-2.17554,-6.56698,-0.829022
-2.40334,-6.35647,-1.82603
-2.68318,-6.04716,-2.77333
-2.79335,-5.99384,-3.43697
-2.11754,-5.56997,-4.32157
-1.79676,-5.33592,-5.35566
-1.21527,-4.58304,-5.15954
-1.12588,-3.74355,-6.21558
-1.04674,-3.41565,-7.20867
-0.529819,-2.98059,-8.16946
0.162741,-2.4291,-8.99132
0.451607,-2.04344,-9.76509
0.407657,-2.02597,-10.6849
0.57278,-2.24215,-11.5477
0.501398,-2.12349,-11.8454
0.292036,-2.45494,-12.1321
0.1603,-2.95064,-12.5511
-0.189309,-2.8142,-12.4362
-0.40759,-3.12565,-12.8327
-0.478995,-2.9443,-12.8177
-0.637919,-2.46707,-12.951
-0.894475,-2.00197,-13.2968
-0.992364,-1.45926,-13.3866
-0.84633,-0.834372,-13.481
-0.849833,-0.412441,-14.1164
-0.904911,-0.163598,-14.1774
-0.868534,-0.309106,-14.4788
-0.652378,0.539404,-14.9774
-0.63586,1.23243,-15.5578
-0.786555,1.45921,-15.6678
-0.818664,1.72692,-15.7904
-0.77002,2.05903,-16.1061
-0.848984,2.26148,-16.1495
-1.04972,2.35072,-15.8043
-1.25958,1.94549,-15.9201
-1.38588,2.09175,-16.1874
-1.87337,1.65963,-16.4156
-1.95437,1.62686,-16.3423
-2.21371,1.19927,-16.1891
-2.70607,1.05023,-16.1827
-3.35184,1.13936,-16.4888
-3.73999,1.33883,-16.7088
-3.84533,1.74659,-16.5389
-4.23587,2.23559,-16.344
-4.75896,2.29667,-16.3419
-4.45096,2.58072,-15.8223
-4.10755,2.61955,-15.8483
-4.3825,2.66721,-15.819
-4.27078,2.41649,-15.7301
-3.90362,2.14553,-15.8838
-3.46836,2.1634,-16.357
-3.04971,2.36566,-16.6472
-2.5448,2.19165,-16.8839
-1.94745,1.35691,-17.6613
-1.78596,0.711673,-17.8178
-1.33203,0.449635,-18.3662
-1.28648,0.279351,-19.022
-1.4152,0.24735,-19.2364
-1.73372,0.283222,-19.1226
-1.91099,0.269405,-19.0464
-1.66886,0.640392,-19.0664
-1.50643,1.17128,-19.2093
-1.7063,1.67614,-19.2355
-1.74334,2.52848,-18.9096
-1.59821,3.23007,-18.924
-1.07796,3.68972,-18.5216
-1.09282,4.59308,-18.4409
-0.914206,4.7005,-18.3371
-0.818503,4.49848,-17.9059
-0.967633,4.43511,-18.1942
-0.829725,4.62625,-18.2952
-0.705627,4.60028,-18.4021
-0.693191,4.29043,-18.8866
-0.222062,4.20138,-19.0096
-0.265082,3.86705,-19.4202
-0.478159,3.3786,-19.7555
-0.645632,3.35835,-19.6105
-0.198889,2.6026,-20.3894
-0.522091,2.05949,-21.275
-0.901172,1.89795,-21.4818
-1.09221,1.17897,-21.8068
-1.01447,0.236227,-22.0794
-1.03235,-0.238292,-22.1443
-1.6091,-0.613872,-22.7939
-1.80263,-0.987402,-23.2576
-2.13007,-1.69636,-23.4289
-2.6232,-1.97849,-23.5399
-2.58682,-1.81952,-23.8918
-3.28436,-1.6006,-24.2341
-3.67027,-1.74496,-24.4918
-3.8134,-1.58614,-24.621
-3.97813,-1.28139,-24.7984
-3.97857,-1.07918,-24.9821
-3.79587,-0.596245,-24.9955
-4.02377,-0.438998,-25.3781
-3.48313,0.483795,-25.3264
-3.9144,0.109754,-25.6011
-3.72298,0.498693,-25.8243
-3.75202,0.435777,-25.8749
-3.99222,0.242261,-25.9924
-3.61129,-0.326825,-26.4051
-2.83436,-1.17946,-26.9552
-2.46634,-1.9132,-27.3015
-2.64862,-2.57215,-27.4874
-3.10314,-3.56436,-28.0088
-2.63697,-4.56356,-28.0147
-2.9568,-5.76245,-28.2224
-3.04737,-6.68502,-29.3249
-3.24573,-7.67918,-29.6269
-3.71145,-8.39302,-30.2476
-3.99978,-9.01611,-30.8511
-4.06518,-9.34073,-30.9908
-4.26934,-9.21131,-31.0508
-4.57282,-9.05856,-31.5185
-4.32709,-8.91848,-32.0401
-3.95506,-8.61612,-32.4054
-3.75796,-7.8965,-32.4923
-3.17814,-7.14423,-32.9751
-2.91615,-6.54773,-33.2956
-2.77851,-5.94849,-33.4136
-2.15666,-4.83088,-33.4272
-1.31717,-3.50147,-33.6383
-0.855292,-2.61369,-34.1113
-0.618902,-2.09316,-34.5362
-0.165766,-1.37867,-34.9207
-0.37152,-0.714418,-35.2966
-0.456753,-1.05961,-35.5469
-0.772055,-0.647028,-35.607
-0.855654,-0.902026,-35.8608
-1.28106,-1.60318,-35.7605
-2.03014,-2.5914,-35.5622
-2.68418,-3.41724,-35.4468
-2.93465,-4.05371,-35.2841
-3.04535,-5.07537,-35.0126
-3.7018,-6.05648,-34.6923
-3.16138,-6.37429,-34.7413
-3.37766,-6.6402,-33.6567
-2.57229,-7.14899,-33.775
-2.15154,-7.24778,-33.9582
-1.21275,-6.88155,-33.8275
-0.51621,-6.62076,-33.588
-0.0989115,-6.59652,-33.5981
0.392145,-6.47809,-34.0102
0.623551,-6.17948,-34.6185
1.02546,-6.04083,-35.0774
1.56921,-5.797,-35.8885
1.19344,-5.44341,-35.9995
1.28582,-5.37333,-36.4253
0.763429,-5.84486,-36.9222
0.609776,-6.09828,-37.0655
0.50007,-6.19326,-37.0984
0.39172,-6.19452,-37.2197
0.418043,-6.08402,-37.1859
0.136426,-5.9849,-36.7878
-0.392478,-5.75811,-36.4837
-0.0806182,-5.77508,-36.2448
0.1492,-5.30596,-35.9048
0.573954,-4.75813,-35.4728
1.62096,-4.31608,-34.8784
2.72118,-3.65897,-34.3758
3.84277,-2.91477,-33.6525
4.8275,-2.40149,-33.0889
5.46504,-2.06625,-33.0358
5.9938,-1.55822,-33.174
6.73483,-0.990695,-33.8266
6.8492,-0.660196,-34.4974
6.30844,-0.362612,-35.346
6.4327,-0.261855,-35.9206
6.07563,-0.520679,-36.5888
5.45303,-0.949558,-37.2644
4.65877,-1.20402,-37.9125
3.80943,-1.80397,-38.4854
2.92173,-2.83247,-38.8971
1.86583,-3.43175,-39.0917
0.8357,-3.97586,-39.0408
-0.265016,-4.06192,-38.6193
-0.757476,-4.4475,-38.7399
-1.4283,-4.74331,-38.5351
-1.32605,-4.64435,-38.1637
-1.19902,-4.19244,-37.5182
-0.794128,-3.77427,-36.581
-0.230192,-3.21342,-35.5724
0.321257,-2.32281,-34.6676
1.35484,-1.4713,-33.7473
2.8082,-0.736267,-32.6902
3.51753,-0.0618423,-32.1149
4.80011,0.211818,-31.3861
5.13458,0.500613,-31.0467
5.79234,0.437123,-31.0369
6.32027,0.120012,-31.0305
6.53663,-0.672195,-31.3224
6.47341,-1.80194,-31.9221
6.12692,-2.94134,-32.4277
5.67189,-4.02037,-32.6355
5.64059,-4.98734,-32.8238
5.46572,-5.99896,-33.2245
4.94339,-7.05361,-33.4141
4.51861,-7.2267,-33.7311
4.23263,-7.49375,-33.9288
4.16701,-7.24507,-34.2004
4.20307,-6.79123,-34.0304
4.18934,-6.45143,-33.6542
4.17842,-5.94039,-33.4507
4.28947,-4.99517,-33.0934
4.30559,-4.16749,-32.7418
4.32698,-3.44801,-32.9735
4.73995,-2.2771,-32.5137
4.99728,-1.26172,-32.4975
4.9973,-0.0947794,-32.6952
4.85805,0.79492,-33.0795
4.56684,1.52317,-33.443
4.23448,2.16223,-33.764
4.03663,2.53098,-34.2336
3.87699,2.45268,-34.7784
3.38338,1.93363,-34.9261
3.04767,1.60119,-35.9691
2.42421,0.761527,-36.7931
2.03931,-0.114668,-36.948
1.6388,-1.29072,-36.981
1.37532,-2.161,-37.1287
1.38722,-2.75185,-37.1725
1.43805,-3.19241,-36.9917
1.4541,-3.4341,-36.7441
1.79858,-3.4745,-36.5156
2.47974,-3.4039,-36.0563
3.20636,-2.74103,-35.87
4.29581,-2.23432,-34.9453
4.79954,-1.62264,-34.2756
5.37517,-0.800665,-33.8645
5.68764,0.0944382,-33.6866
5.858,0.968108,-33.814
5.82194,1.62774,-34.075
5.5292,2.05441,-34.2888
5.25798,2.42812,-34.5521
5.02732,2.61516,-34.9182
5.16454,3.0593,-35.1004
4.87253,3.07225,-35.0307
4.67161,2.46975,-34.7385
4.4932,2.35736,-34.8809
4.52807,2.38821,-35.1223
4.55896,2.06611,-35.3146
4.40924,1.57466,-35.5577
4.28803,1.26396,-35.6475
4.42717,1.0574,-35.2388
4.58485,0.81707,-34.8571
5.73588,0.128555,-34.686
5.93172,-0.0665423,-34.2528
6.63647,-0.0772215,-33.7548
7.14402,0.0963983,-33.7608
7.58546,-0.139546,-34.4342
7.81024,-0.470889,-34.7948
7.97065,-0.683551,-34.8813
7.99582,-0.651634,-35.2047
7.61582,-0.284574,-35.5692
7.69111,-0.338882,-36.0181
7.31851,-0.344062,-36.3381
7.4208,-0.717665,-36.969
7.19861,-0.981707,-37.0873
6.94673,-1.19917,-37.4222
6.6712,-1.65057,-37.9774
6.48303,-1.76469,-38.1309
6.40151,-1.36999,-38.1057
6.27866,-0.771562,-38.1807
6.05744,-0.197857,-37.932
6.02859,0.0972675,-37.583
6.15501,0.3501,-37.2062
6.54817,0.535465,-37.2291
7.14681,0.673997,-36.6816
7.39699,1.15075,-35.98
7.86611,1.4805,-34.9163
8.42194,1.74541,-34.0194
8.99091,1.84137,-33.4967
9.55585,1.79404,-33.1993
9.80038,1.85387,-33.0894
9.62164,1.371,-32.9876
9.61365,0.584841,-32.9465
9.17682,0.333074,-32.9429
8.91437,0.113175,-33.3083
8.72366,-0.485209,-33.5825
8.55654,-1.28343,-34.0292
8.2961,-2.19131,-34.5359
7.95025,-3.07466,-34.9723
7.42174,-3.60018,-35.3087
6.60481,-3.65313,-35.4934
6.06107,-3.87624,-35.5927
6.04062,-3.97807,-36.002
5.66676,-3.58305,-36.0102
5.72856,-3.47869,-35.6875
5.8655,-3.17353,-35.2413
5.91576,-2.76287,-34.7049
6.01395,-2.44475,-34.2983
6.10398,-2.2204,-34.0883
6.17184,-1.91221,-33.9297
6.43852,-1.43578,-33.6538
6.79471,-1.10057,-33.2046
6.90598,-1.58756,-32.9069
6.88804,-1.50995,-33.2086
6.67091,-1.05845,-33.3539
6.50197,-0.985847,-33.4175
6.36335,-1.34152,-33.7561
5.99095,-1.88063,-34.1489
5.73628,-2.24362,-34.3247
5.82488,-2.3736,-34.3229
5.75431,-2.55055,-34.3117
5.47622,-2.78069,-34.3067
5.6195,-3.08788,-34.6991
5.72034,-3.27241,-34.9056
5.43277,-2.99007,-35.1177
5.42183,-2.80158,-35.477
5.52302,-2.99877,-35.6034
5.33603,-3.25668,-35.4733
5.1354,-3.18129,-35.2521
5.11722,-3.03906,-34.9208
4.829,-3.2932,-34.2874
4.35171,-3.26528,-33.4206
4.41801,-3.29139,-32.6922
4.2773,-3.62422,-32.0844
4.10248,-4.00063,-31.4765
4.03061,-3.87582,-31.1689
4.02986,-3.61471,-30.9801
4.19113,-3.40441,-30.9748
4.32426,-3.21508,-31.1098
4.27348,-3.13445,-31.2204
4.21058,-3.3311,-31.2424
4.12686,-3.61606,-31.2333
3.82746,-4.07115,-31.6047
3.91372,-4.64329,-31.7815
4.08543,-4.89547,-31.7445
4.06297,-5.31301,-31.6246
4.06252,-5.48458,-31.5463
4.34366,-5.53445,-31.4595
4.64026,-5.67046,-31.3735
4.75989,-5.75685,-31.2329
5.00218,-5.63085,-30.7951
5.31079,-5.66708,-30.0333
5.23654,-5.85242,-29.8111
5.48797,-6.15813,-29.1183
5.66053,-6.97382,-27.7134
5.57116,-7.71052,-26.7302
5.3705,-8.18877,-25.9331
5.34882,-8.91393,-25.1562
5.52404,-9.57613,-24.4468
5.63142,-9.8279,-23.8522
5.50651,-10.2321,-23.3753
5.39654,-10.9433,-23.1701
5.45061,-11.1873,-23.5507
5.52422,-11.7168,-23.7
5.58136,-12.4122,-24.0428
5.55043,-12.7987,-24.7389
5.38447,-13.1423,-25.3429
5.17447,-13.5611,-25.8363
5.03913,-14.0946,-26.5463
5.01614,-14.564,-27.3411
4.96551,-14.6758,-27.7675
4.62297,-14.6658,-28.3739
4.41245,-14.8548,-29.3135
4.31942,-14.9024,-29.4696
4.04174,-14.3844,-29.5961
3.73459,-14.0873,-29.6292
3.83238,-13.8222,-29.6607
3.97203,-13.4696,-29.5055
3.91436,-13.161,-29.2311
3.60087,-13.0613,-29.0447
3.02591,-13.0769,-28.8998
2.73996,-12.8816,-28.5958
2.52798,-12.9275,-27.9908
2.29198,-12.9115,-27.8262
2.45657,-12.6361,-27.5405
2.34096,-12.5766,-27.1618
2.56181,-12.3983,-27.1963
2.85061,-12.2766,-27.4726
2.92104,-12.3677,-27.8062
2.94663,-12.4301,-28.3146
3.19819,-12.3237,-29.1131
3.65702,-12.5953,-30.0409
3.96389,-12.6177,-31.0178
4.225,-12.0444,-31.6012
4.24392,-11.9633,-32.3125
4.63546,-12.0983,-32.9888
4.92392,-11.8554,-33.8609
4.8425,-11.4936,-34.4238
4.71336,-11.0753,-34.6018
4.84872,-10.658,-34.8702
5.00197,-10.771,-35.436
4.78959,-11.497,-35.9585
4.69854,-11.4497,-36.6095
4.82522,-11.6553,-36.6921
5.09919,-11.9832,-36.2266
5.28883,-12.2503,-35.9578
5.55802,-12.2797,-35.7145
5.65414,-12.2482,-35.6258
5.39378,-12.0849,-35.6726
5.10713,-11.8423,-35.6967
5.09924,-11.7906,-35.7449
4.65665,-11.4744,-35.9294
3.67088,-11.1207,-35.8568
3.70445,-11.2269,-35.8662
3.45663,-10.9281,-35.9941
3.08524,-10.7386,-36.1885
2.66657,-10.7128,-36.6111
2.52613,-10.5859,-37.1091
2.41771,-10.3764,-37.5677
2.19252,-10.2974,-38.0678
2.26013,-10.3451,-38.6365
2.40039,-10.3325,-39.0019
2.34094,-10.4122,-39.1527
2.27588,-10.793,-39.6236
2.42084,-10.6637,-40.1655
2.48894,-10.6818,-40.6103
2.59297,-10.6053,-40.9144
2.87259,-10.5924,-41.249
2.92009,-10.7621,-41.6077
2.57159,-11.102,-41.8093
2.29891,-11.5253,-41.8374
2.1087,-11.7337,-41.9814
2.52896,-12.5308,-42.2394
1.91632,-12.9552,-42.096
1.57047,-13.2962,-41.5521
1.54833,-13.6995,-41.2705
1.57935,-13.9779,-41.133
1.2458,-14.3445,-40.5511
0.755163,-14.8646,-39.6758
0.517645,-15.352,-39.0345
0.392848,-15.6531,-38.6733
0.06278,-15.7465,-38.4232
0.523396,-15.8494,-38.4347
0.697471,-16.1035,-38.5378
1.15703,-16.0342,-38.476
1.39496,-15.9189,-38.7476
1.81393,-15.6127,-39.0041
2.55535,-15.0006,-39.3461
3.21,-14.4381,-39.7553
3.42163,-14.0247,-40.1473
3.53039,-13.3953,-40.6723
4.195,-12.8455,-41.3506
4.38086,-12.0543,-41.9188
4.54043,-11.8211,-42.4696
3.60337,-11.1636,-43.2407
3.19588,-10.3673,-44.2542
2.41811,-9.87552,-44.8146
1.55551,-9.27121,-45.4055
0.690921,-8.53225,-46.0747
-0.116035,-7.96055,-46.3566
-0.473491,-7.53141,-46.3888
-1.01728,-7.17597,-46.8931
-1.31897,-6.69342,-47.0934
-2.00119,-6.24857,-46.8518
-1.85189,-6.1249,-47.5324
-1.73759,-5.90429,-47.0414
-1.676,-5.53144,-46.2654
-1.64953,-4.95278,-45.7699
-1.30319,-4.47629,-45.4786
-0.45945,-4.28823,-45.1341
0.258694,-4.20384,-44.6717
0.0583673,-4.38166,-44.1937
-0.112756,-4.39344,-43.0262
0.192645,-4.6549,-43.0172
-0.318916,-5.58149,-43.1118
-1.17395,-6.6198,-42.7303
-1.61362,-8.05318,-42.5412
-2.05779,-9.40009,-42.0311
-2.75509,-10.5843,-41.9408
-3.41699,-11.7405,-42.3355
-4.03225,-12.8158,-41.9724
-5.12174,-14.2581,-42.5185
-5.42313,-15.0505,-42.0565
-6.23546,-14.9087,-42.2589
-6.34201,-15.5598,-41.9986
-6.09405,-15.5702,-42.4689
-6.45178,-15.248,-42.4921
-6.40565,-14.8938,-42.3504
-5.61004,-14.4904,-42.1058
-4.83964,-13.832,-41.6319
-4.38329,-12.8804,-41.3001
-3.66339,-12.0352,-40.994
-4.21013,-11.0443,-40.8831
-3.43928,-10.2172,-40.1135
-2.71665,-9.09788,-39.7369
-1.92274,-8.0324,-39.7847
-1.86595,-7.49846,-39.1824
-1.83331,-6.94651,-38.6864
-1.92266,-6.25276,-38.6502
-2.35867,-5.76345,-38.6658
-2.50838,-5.57863,-38.5592
-2.79113,-5.66046,-38.3048
-3.12298,-5.55595,-38.1876
-3.50536,-5.65515,-37.8099
-3.80178,-5.42904,-37.6776
-4.31313,-5.36685,-37.785
-4.34043,-5.31921,-37.9727
-4.48662,-5.81718,-37.8441
-4.58787,-6.35751,-37.4093
-4.5044,-6.56579,-36.9593
-4.72769,-6.99611,-36.6707
-4.27944,-7.00962,-36.6396
-4.6892,-7.69475,-36.4445
-4.51511,-7.80785,-36.6903
-4.19928,-7.93685,-36.4701
-3.8177,-7.67156,-36.1232
-3.35527,-7.91048,-35.4294
-3.29059,-7.99215,-35.1703
-3.25386,-7.93623,-34.7002
-2.86532,-8.00703,-33.5787
-2.65518,-7.76847,-32.9256
-2.7445,-7.56448,-32.4471
-2.73192,-6.93297,-32.0406
-2.57975,-6.66196,-31.3971
-2.58286,-6.46807,-30.946
-2.80204,-6.57309,-30.6188
-3.08382,-6.57044,-30.1681
-3.39981,-6.83039,-29.7949
-3.5584,-7.12073,-29.6398
-3.62596,-7.1798,-29.4962
-3.96735,-7.45637,-29.2032
-4.22266,-7.8995,-29.1873
-3.7781,-8.5428,-29.5337
-4.18187,-8.62894,-29.4935
-3.84736,-9.33612,-29.204
-3.22816,-9.80142,-29.3088
-3.04376,-9.78697,-29.5389
-2.84819,-9.40948,-29.5666
-2.26466,-9.04999,-29.3618
-1.77532,-9.00019,-29.1898
-1.97409,-9.10453,-29.3489
-2.21482,-8.82644,-29.7731
-1.61755,-7.80177,-29.7312
-1.93774,-7.40602,-29.3865
-2.79616,-7.52256,-28.9436
-3.41062,-7.22577,-28.4778
-4.04285,-6.91064,-28.3786
-4.61863,-7.11577,-28.5134
-5.09261,-7.71416,-28.4391
-5.54005,-8.17002,-28.1398
-5.82375,-8.29854,-27.9362
-5.62446,-8.53774,-27.5153
-5.63742,-9.14815,-27.4732
-5.55448,-9.41852,-27.2064
-5.94615,-9.43848,-27.0276
-5.62239,-9.69049,-26.9651
-5.45926,-10.1935,-26.4402
-5.37453,-10.0179,-25.7409
-5.10721,-9.49954,-25.3217
-4.83689,-9.54711,-24.9428
-4.61466,-9.99306,-24.1072
-3.87481,-10.2187,-23.4509
-3.95532,-10.2794,-23.6867
-3.97055,-10.1644,-23.772
-4.27507,-10.2496,-23.9773
-4.6184,-10.5129,-24.1089
-4.82922,-11.1969,-23.9926
-4.98924,-11.4664,-24.0768
-5.35964,-11.4657,-24.2325
-5.89986,-11.7192,-24.2468
-6.2141,-11.9007,-24.4868
-6.2361,-11.8059,-24.9318
-5.91696,-10.8954,-25.2331
-5.79108,-10.4638,-24.8827
-6.034,-9.77366,-25.4745
-5.93001,-8.86062,-25.7452
-5.74604,-8.20269,-25.7491
-5.3038,-7.33241,-26.0538
-4.80827,-6.43289,-26.2606
-4.51047,-5.87761,-26.0668
-4.21316,-5.30023,-25.9841
-4.01427,-4.57956,-25.613
-4.02317,-4.09663,-25.0466
-4.12687,-3.66895,-25.1309
-4.12684,-3.20874,-25.0703
-4.57027,-2.69327,-24.7854
-4.6057,-2.46367,-24.369
-4.37149,-2.00938,-23.9215
-4.1922,-1.08849,-23.7058
-4.06811,-0.325982,-23.7022
-3.85428,-0.239844,-23.6869
-3.38803,0.0131081,-24.1231
-2.63504,0.00466163,-24.4308
-2.23506,0.34439,-24.9162
-1.96739,0.314475,-24.9529
-1.9309,0.0350897,-25.1338
-1.65748,-0.104183,-25.2321
-1.6172,-0.130409,-25.4336
-1.88869,-0.190325,-25.6464
-2.04903,-0.369704,-25.7956
-2.01784,-0.717707,-25.9165
-2.24171,-1.24635,-25.3154
-3.22557,-2.04889,-25.0792
-3.85573,-2.73969,-25.0475
-4.66015,-3.26885,-24.889
-5.41076,-4.14806,-24.5303
-5.97334,-4.87921,-24.0546
-6.42201,-5.65267,-23.6576
-6.75485,-6.43133,-23.2852
-6.90735,-7.04347,-22.7649
-6.99442,-7.74335,-22.0792
-7.2616,-8.72185,-21.3212
-7.09349,-9.25976,-20.804
-6.53651,-9.2474,-20.6227
-6.16533,-9.32676,-19.9879
-5.73323,-9.20352,-19.6371
-5.33163,-9.40789,-19.3301
-5.17654,-9.44948,-19.1105
-5.05799,-9.4443,-19.0707
-4.7406,-9.75014,-19.2586
-4.36427,-10.056,-19.6405
-3.91435,-10.2493,-19.8875
-3.11202,-10.2307,-20.1986
-3.09325,-10.4008,-20.514
-3.07586,-10.8573,-21.0035
-3.15941,-11.1364,-21.4335
-3.35656,-11.2312,-21.9106
-3.59446,-11.0985,-22.2429
-3.8602,-10.7062,-22.3643
-4.25842,-10.116,-22.4927
-4.85994,-9.42182,-22.6804
-5.46812,-8.66624,-22.4541
-5.81337,-8.12053,-22.3391
-5.92549,-7.74052,-22.4437
-6.26995,-7.16386,-22.2562
-6.28989,-6.35415,-21.9587
-6.09788,-5.68325,-21.88
-5.82491,-4.99748,-21.6559
-5.26217,-4.30587,-21.1619
-4.37168,-3.62655,-20.8085
-3.54695,-2.70211,-20.8877
-2.95855,-1.60698,-20.9625
-2.92104,-0.719084,-20.7972
-2.35055,-0.0386352,-20.8917
-1.89248,0.356268,-21.1684
-1.95623,1.0876,-21.4058
-2.17209,1.74122,-21.9052
-2.30744,2.15479,-22.432
-2.57196,2.37861,-22.8098
-3.02584,2.48813,-23.1899
-3.38716,2.49616,-23.6588
-3.89054,2.31961,-23.9016
-4.97871,2.09961,-24.113
-5.51532,1.60917,-23.9797
-5.94595,1.1163,-23.88
-6.37497,0.231384,-23.8224
-6.7553,-0.877485,-23.969
-6.85961,-1.67393,-24.1982
-6.65306,-1.91018,-24.2189
-6.29346,-1.8532,-24.0948
-5.86196,-1.89925,-24.1163
-5.26749,-2.01407,-23.9138
-4.57054,-1.95264,-23.5335
-3.78738,-1.73195,-23.4909
-3.3542,-1.44231,-23.255
-3.03161,-1.08203,-22.9108
-2.70988,-0.70864,-22.8581
-2.46499,-0.576959,-22.9966
-2.31958,-0.475157,-23.1506
-2.36414,-0.137216,-23.2891
-2.73904,0.237329,-23.5054
-3.1657,0.469351,-23.992
-3.24512,0.445573,-24.383
-3.09637,0.180353,-24.6072
-3.31454,0.199842,-25.1035
-3.39085,0.336679,-25.7665
-3.40284,0.379782,-26.5039
-3.56401,0.263212,-26.922
-3.67465,0.081455,-27.0854
-3.68239,-0.118417,-27.4266
-3.93582,-0.381771,-27.9597
-4.16872,-0.61494,-28.0214
-3.78619,-0.943599,-27.8241
-3.81018,-1.11053,-27.7705
-4.05739,-0.859737,-27.7157
-3.73135,-0.385034,-27.5084
-3.38629,0.026209,-27.2448
-3.15512,0.307471,-27.201
-2.87491,0.765772,-27.251
-2.58552,1.56848,-27.2516
-2.45002,2.41015,-27.3414
-2.22995,3.01413,-27.3169
-2.04283,3.39064,-27.2203
-2.01658,3.81531,-27.7
-1.78178,4.11504,-27.6426
-1.92763,4.158,-27.3149
-2.30708,4.07122,-27.3597
-2.68186,3.71669,-27.4419
-2.9337,3.27087,-27.3461
-3.14663,3.03296,-27.1787
-3.48371,2.83757,-26.9502
-3.87204,2.21253,-26.7167
-4.07249,1.7027,-26.6264
-4.2571,1.32024,-26.5217
-4.29442,1.06364,-26.5422
-4.51736,0.72004,-26.3268
-4.83487,0.179855,-26.114
-4.66395,-0.334726,-26.1277
-4.24382,-0.815533,-26.2378
-4.0197,-1.26336,-26.33
-3.71045,-1.5432,-26.4973
-3.10939,-1.92804,-26.5708
-2.61369,-2.25774,-26.6578
-2.40317,-2.28943,-26.553
-2.63453,-2.14376,-26.51
-2.66061,-1.84944,-26.4495
-2.45795,-1.79772,-26.2005
-2.25976,-1.90721,-25.7635
-2.20914,-1.96771,-25.2371
-2.24464,-2.08319,-24.8527
-2.37481,-2.43994,-24.7368
-2.9175,-2.64964,-24.4207
-3.17301,-2.66048,-23.7489
-2.96386,-2.64932,-23.8608
-3.05994,-2.48082,-23.9579
-3.37279,-2.0428,-23.7129
-3.75112,-1.56674,-23.3642
-4.0429,-1.08524,-23.2679
-4.2123,-0.629056,-23.409
-4.3111,-0.246289,-23.367
-4.30645,0.0533264,-22.9697
-4.08015,0.228908,-22.9245
-4.34094,0.641535,-23.1038
-4.4006,0.749746,-23.1934
-4.32941,0.56594,-23.5172
-4.43414,0.210058,-23.8185
-4.5175,-0.0885113,-24.0942
-4.4679,-0.378327,-24.3979
-4.16772,-0.799737,-24.6027
-3.77263,-1.07029,-24.6334
-3.57535,-0.878017,-24.6665
-3.19326,-0.988625,-24.7992
-2.71142,-1.02143,-24.6972
-2.68562,-0.674094,-24.3858
-2.41209,-0.774573,-23.8648
-1.9725,-0.587504,-23.709
-1.27636,-0.246219,-23.805
-0.591485,-0.0410388,-23.6553
-0.305529,0.0653657,-23.1707
-0.317298,0.323013,-22.817
-0.131761,0.75587,-22.8882
0.146628,1.02236,-22.8023
0.161333,1.24421,-22.6581
0.649427,1.66913,-22.3787
1.18876,1.6897,-22.2385
1.03699,1.90868,-21.9767
0.695016,2.42299,-21.8096
0.516605,2.75184,-21.7113
0.539038,2.76277,-21.6349
0.581031,2.69792,-21.6394
0.537471,2.66778,-21.7655
0.660218,2.60433,-21.8964
0.449976,2.64866,-21.7526
0.242041,2.60371,-21.6712
0.0172271,2.77763,-21.8005
0.0869879,2.745,-21.6721
0.149535,2.31902,-21.5022
0.314524,2.11893,-21.0329
0.421929,2.18321,-20.5587
0.302604,2.02603,-20.4801
0.0814716,1.46278,-20.5502
-0.352078,0.661088,-20.506
0.0120657,0.204902,-19.9859
0.220879,-0.231082,-19.5912
-0.400883,-0.397617,-19.4101
-0.640746,-0.647444,-19.5104
-0.419269,-1.02594,-19.7517
-0.253549,-1.23358,-19.8459
-0.54964,-1.36658,-20.017
-1.00238,-1.62613,-20.4406
-0.988875,-1.8699,-20.7097
-0.828368,-1.99684,-20.6461
-1.1461,-1.7068,-20.8396
-1.55867,-1.59855,-20.8793
-1.72481,-1.58652,-20.983
-1.83027,-1.1634,-20.6481
-2.07601,-0.728777,-20.2214
-2.38562,-0.641137,-20.0669
-2.995,-0.769519,-19.735
-3.75054,-0.858626,-19.1407
-4.05153,-0.866347,-19.0256
-4.48079,-0.753694,-19.068
-5.27583,-1.00387,-18.9092
-5.34143,-1.68984,-18.3026
-5.54648,-2.18336,-18.4029
-5.65118,-2.55389,-18.5185
-5.73271,-2.65689,-18.2898
-5.7599,-2.90274,-18.3004
-5.66579,-3.2893,-18.4964
-5.3075,-3.59192,-18.5065
-4.67525,-3.84623,-18.5575
-4.30637,-3.9249,-18.8398
-4.07517,-4.10151,-18.9162
-3.54473,-3.56859,-19.2707
-2.59164,-3.38676,-19.2669
-2.06662,-2.8356,-18.9542
-1.67118,-2.39011,-18.6802
-1.24892,-1.77006,-18.8665
-1.18898,-0.837687,-19.1623
-1.442,0.156782,-19.2057
-1.32647,1.04073,-19.1945
-1.11032,1.81884,-18.9017
-1.29032,2.49877,-18.6528
-1.9312,2.65704,-18.6153
-2.02754,2.88658,-18.5296
-1.84083,2.72443,-18.4951
-2.15913,2.92903,-18.5506
-2.21168,3.23193,-18.5499
-1.72766,3.63369,-18.6451
-1.12183,4.25813,-18.9478
-0.53674,4.72437,-19.2988
-0.00538538,5.04342,-19.7874
0.678147,6.19458,-19.736
0.828861,6.10317,-19.7121
1.06266,6.4296,-20.1717
1.51563,6.71483,-20.5003
1.64114,6.66227,-20.7067
1.43948,6.86791,-20.6099
1.18509,7.16158,-20.414
0.893319,7.05401,-20.3005
0.391256,6.8096,-20.1917
-0.16435,6.71404,-20.4352
-1.14433,6.18137,-19.8105
-2.1423,5.67264,-19.3794
-2.83115,5.2188,-19.0322
-3.63713,4.20605,-18.4339
-4.14824,3.62439,-18.4848
-4.34356,3.48787,-18.8375
-4.41162,3.34639,-19.0413
-4.58237,3.05511,-18.8306
-4.84934,2.72016,-18.2984
-4.62462,2.28181,-18.6421
-4.24941,2.52939,-18.8385
-4.51467,2.35924,-18.7033
-3.63244,2.27843,-18.3182
-2.74001,2.57285,-18.314
-2.03921,3.43759,-17.9228
-1.59433,3.97643,-17.5207
-1.07823,4.32132,-17.7383
-0.262972,4.94995,-18.2079
0.376214,5.56708,-18.1674
0.264384,6.32474,-18.3291
0.810985,6.68858,-18.6485
0.437634,7.27677,-18.5151
0.739796,7.88071,-18.3994
0.845708,8.0832,-18.4095
0.958343,8.35712,-18.2532
0.858544,8.41559,-18.16
0.589027,8.46888,-18.1356
0.189991,8.65941,-17.8208
-0.596381,8.49064,-17.2257
-1.42656,8.27822,-17.002
-1.46448,8.53132,-15.6785
-2.10066,8.22356,-15.6799
-2.04983,7.94287,-15.729
-2.34731,7.75001,-15.3692
-1.92548,7.51226,-15.3073
-1.23987,7.50661,-15.4343
-1.01932,7.88737,-15.5453
-1.12001,8.50545,-15.6734
-0.846394,9.12948,-15.886
-0.0368817,9.7484,-16.3166
0.30116,11.3307,-17.1368
0.740634,11.5658,-17.745
0.889665,12.8566,-17.9625
1.08567,12.7517,-18.5123
1.12242,12.8275,-18.8428
0.977447,13.4563,-19.1313
1.09936,14.0847,-19.5914
1.40883,14.3589,-20.2137
1.29172,14.4383,-20.7837
1.23872,14.5629,-20.741
0.413379,14.3968,-21.1798
-0.35672,14.1691,-21.4946
-1.07017,13.5977,-21.1105
-1.45205,12.6879,-21.4448
-2.08694,11.6272,-20.9415
-2.54437,10.682,-20.0808
-2.88678,9.84578,-19.3122
-3.41121,8.80053,-18.4481
-3.76923,7.63527,-17.5428
-3.72274,7.31382,-16.7688
-3.72746,6.09414,-16.2904
-3.82501,5.89861,-14.971
-3.66269,5.15679,-13.7317
-3.04401,4.59341,-13.0708
-2.65108,4.15746,-12.5253
-1.92679,4.07168,-11.7934
-1.02114,4.29982,-11.0622
-0.559039,4.71234,-10.4248
-0.359071,5.28596,-9.7934
0.0747676,5.63992,-9.57753
0.454083,6.09348,-8.60382
0.0613983,5.95933,-8.56384
0.176624,5.60822,-8.04759
-0.0171626,5.77696,-7.31828
-0.0984686,5.61628,-7.32521
-0.290659,5.121,-7.12709
-1.08383,4.71879,-6.66318
-2.20699,4.40253,-6.5059
-2.83071,3.7236,-6.28259
-3.17699,2.74358,-5.5287
-4.03707,2.67128,-4.83057
-4.67617,1.41534,-3.83326
-5.16892,0.282661,-3.18274
-5.88316,-0.578932,-2.22255
-6.71969,-1.44219,-1.36765
-7.4638,-2.15865,-0.479306
-7.88712,-2.59724,0.352559
-8.08638,-2.88986,1.03473
-8.27915,-3.27541,1.86609
-8.03557,-3.77623,2.77952
-7.71186,-3.56103,3.38624
-7.40867,-4.03496,3.69686
-7.01016,-3.80336,4.50685
-7.07577,-4.07261,5.09436
-7.37229,-4.27997,5.8427
-7.36794,-4.45814,6.47394
-7.11214,-4.47634,6.89733
-7.12438,-4.26675,7.25202
-7.64628,-4.33015,7.60758
-8.28154,-4.91217,8.21757
-8.65886,-5.25091,8.19822
-9.07355,-5.61965,8.76131
-9.83434,-5.87491,9.33577
-10.3537,-5.95091,8.61042
-10.9296,-5.9049,8.43642
-11.4045,-5.90851,8.44181
-11.8578,-5.96925,8.24612
-12.3221,-5.83768,8.15097
-12.4389,-5.40886,8.15828
-12.2428,-5.14341,8.10928
-11.8765,-4.61205,8.64707
-10.8696,-4.19118,8.71898
-10.1484,-3.88641,8.43872
-9.80221,-3.73623,9.02341
-9.11624,-3.58452,9.65404
-8.63098,-3.29236,10.3764
-8.25521,-2.9558,11.2149
-7.45662,-2.58629,11.8558
-6.40619,-2.13794,12.2112
-5.49838,-2.05585,12.6274
-4.9065,-1.67121,13.463
-4.82341,-1.33545,14.0855
-4.24376,-0.693594,15.2478
-4.08942,-0.709713,16.2247
-3.90869,-0.404502,17.1714
-3.62248,-0.294012,18.1177
-3.28687,-0.34769,19.1288
-3.12646,-0.159812,20.2403
-3.27544,0.0400187,21.3372
-3.03804,0.302295,22.43
-3.04608,0.277052,23.7781
-3.18971,0.218008,24.7998
-3.15373,0.228915,26.0971
-3.19589,0.0598113,27.2899
-3.32396,0.0193285,28.9575
-3.77815,0.181702,30.372
-4.30314,0.308245,31.3527
-4.66064,0.398605,32.389
-5.07659,0.698706,33.6186
-5.36665,0.896103,34.8444
-5.33865,1.12947,35.5268
-5.12946,1.32451,35.4809
-4.74193,1.68694,36.1427
-4.5561,1.97719,36.4695
-4.37913,2.33181,36.6483
-3.8517,2.72159,36.7315
-3.02151,3.05134,36.6893
-2.19777,3.35652,36.768
-1.59082,3.7454,37.1717
-1.18321,4.16592,37.3313
0.229367,4.74485,37.4004
1.16557,5.43263,37.1517
1.90666,5.87856,37.5722
2.3545,6.82653,37.8068
2.96969,7.48575,38.0216
3.37705,7.83533,38.2753
3.36229,8.08258,38.5833
3.28692,8.04713,38.8507
3.38024,7.5628,38.9455
3.07255,7.19662,39.1726
2.5122,6.67712,39.8046
2.26628,5.91867,40.7713
2.11421,5.31109,41.2075
1.86617,4.79208,41.892
1.55893,4.3803,42.6023
1.28244,4.21798,43.3112
1.40327,4.50606,43.9043
1.90157,5.11332,44.1439
2.22688,5.65317,44.0667
2.47617,6.25705,44.0738
2.80451,7.13332,43.6506
3.5202,8.47472,43.5215
4.07186,9.26013,43.3591
4.29161,9.99051,42.8964
4.7031,10.7244,42.5391
5.1371,11.449,42.1936
5.27963,12.0201,41.9347
5.25815,12.1512,41.8879
5.32676,11.7448,42.0267
5.05242,11.2259,42.5713
4.13118,10.4618,42.3165
2.76998,9.55733,42.8199
1.83937,8.05097,43.2657
1.15354,6.55423,43.5067
0.6593,5.35946,43.905
0.217254,4.38938,44.527
-0.188765,3.56326,45.4093
-0.448607,3.00161,46.3042
-0.474424,2.86965,46.7642
-0.229967,3.07196,47.091
0.373671,3.45746,47.5542
1.31683,4.09532,48.0308
1.67767,5.13394,48.1403
2.14538,6.09284,48.0505
2.99366,6.86763,47.6738
3.78457,7.81981,47.3048
4.17839,8.90791,46.9869
4.32794,9.59052,46.5366
4.48374,9.62196,46.0064
4.39252,9.61506,45.6823
3.83508,9.36312,45.4961
2.68271,7.84127,45.2839
1.47852,6.16322,45.2506
-0.338496,4.27344,45.4182
-2.25356,2.15646,45.4849
-3.77893,-0.0851508,45.8153
-5.00841,-2.18313,46.4344
-6.14987,-3.74668,46.9741
-7.03512,-4.61392,47.304
-7.5041,-5.24135,47.6012
-7.88296,-5.72761,47.8842
-7.75533,-5.6227,48.2001
-7.1193,-4.88344,48.3488
-6.63332,-3.66825,48.1631
-6.3309,-2.23464,47.8552
-6.21286,-0.554062,47.4151
-5.87533,1.28983,46.9326
-5.13478,3.12137,46.6759
-4.45891,4.85985,46.7287
-4.07034,6.39107,46.6966
-3.85949,7.63268,46.4464
-3.68103,8.74306,46.2007
-3.77451,9.45307,46.1099
-3.97712,10.0135,46.023
-4.4029,10.4318,45.9421
-5.0417,10.2986,45.946
-5.7829,9.6816,45.9333
-6.54001,9.00524,45.8659
-7.20338,8.40559,45.7855
-7.5166,7.70024,45.3413
-7.65707,6.85116,44.907
-7.92633,5.96685,44.8328
-7.94201,5.3747,44.6255
-7.88936,5.12063,44.575
-7.88955,5.1555,44.5751
-7.62859,5.3386,44.6513
-7.10872,5.64486,44.7149
-6.52088,6.3811,44.7341
-5.87811,7.8095,44.9014
-5.31457,9.3585,45.2571
-4.84385,10.5723,45.6197
-4.15336,11.8659,46.0563
-3.41644,13.2366,45.9713
-2.71669,14.5446,45.7093
-2.4677,15.4212,45.6702
-2.60019,16.0969,45.7517
-2.82326,16.5526,45.7953
-3.03001,16.4681,45.6309
-3.41446,15.8752,45.094
-4.18087,15.3207,44.496
-4.85786,14.707,44.4644
-5.02309,14.0799,44.4136
-5.08234,13.6002,44.0612
-5.51591,13.4076,43.8882
-5.83259,13.2014,43.64
-5.7988,12.8846,43.1687
-5.59366,12.7035,42.5773
-5.35151,12.9331,42.1391
-5.03969,13.5416,41.9542
-4.89442,14.1858,41.6221
-4.70207,14.3586,41.3526
-3.97455,14.6908,41.2381
-3.45689,15.2809,40.876
-3.5307,15.5544,40.4216
-3.68708,15.8966,40.2915
-3.80587,16.0517,40.3782
-4.14709,15.8265,40.3411
-4.68455,15.2854,40.1153
-5.14788,14.4119,40.0265
-5.97806,13.1835,40.3428
-7.3419,12.1529,40.7221
-8.70886,10.969,40.6173
-9.91953,9.68077,41.038
-10.6324,8.32148,41.4492
-11.2353,7.02545,41.6744
-11.6303,6.1499,41.7436
-11.7425,5.79392,41.7054
-11.5536,5.84745,41.6436
-11.0412,6.28994,41.6651
-10.5377,7.17385,41.6939
-9.73056,8.57067,41.5124
-8.11152,10.4606,41.182
-6.84307,12.8761,40.7909
-5.58193,15.1963,40.8659
-4.33651,17.3909,40.6515
-3.24586,19.4494,40.2455
-2.61101,21.2654,39.813
-2.4419,22.671,39.3829
-2.43241,23.3886,39.116
-2.79265,23.0764,38.965
-3.75065,22.3911,38.3266
-4.4474,21.2546,38.027
-5.51658,19.666,37.6005
-7.28201,17.763,37.0286
-8.70798,15.7328,36.8887
-9.92172,14.1465,36.8754
-11.0068,12.9871,36.8095
-11.6214,12.0396,36.7397
-11.7527,11.5991,36.4837
-11.9833,11.9118,35.9282
-12.0208,12.4077,35.6153
-12.1132,13.0691,35.6155
-11.8594,13.4666,35.4017
-11.798,14.0514,35.1927
-11.6357,14.6063,35.0526
-11.3755,15.1199,35.0465
-10.9343,15.3091,35.2128
-10.5821,15.0729,35.5335
-10.8395,14.8162,35.964
-11.1436,14.4936,36.5012
-11.6556,13.3806,37.2042
-11.951,11.9318,37.5548
-12.9008,10.3273,37.7406
-13.6741,8.63843,38.1457
-14.474,7.2149,38.6558
-14.9797,5.83901,39.0149
-15.0933,4.61769,38.98
-15.085,3.93158,38.6099
-15.1714,3.7133,38.3087
-15.3398,3.42847,38.3349
-14.8407,3.38286,38.3816
-14.1732,3.53267,38.2626
-13.9145,3.76698,37.6778
-13.3902,4.06667,37.3276
-12.7148,4.04426,37.0415
-12.3026,4.10322,37.1436
-11.9163,4.3057,37.6414
-11.2317,4.51528,38.0048
-10.5816,4.83723,37.8181
-10.327,5.05771,37.3182
-10.176,5.68579,36.7674
-9.96962,5.52581,36.6686
-10.1175,5.6541,36.0832
-10.1918,6.02271,35.8018
-10.2241,5.95987,35.8072
-10.0816,6.28231,35.5171
-9.82985,7.08111,35.059
-9.7837,7.66622,34.6944
-9.9347,8.13024,34.2661
-9.59771,9.34027,34.2304
-9.4581,9.89058,34.4677
-9.41555,9.98324,34.5729
-9.47576,10.4981,34.8614
-9.54433,11.1812,35.2971
-9.68956,11.2086,35.7273
-9.82182,11.0672,36.0276
-9.74252,11.0244,36.2963
-9.52101,11.0366,36.6071
-9.36102,11.3153,36.7282
-8.93585,11.7514,36.4372
-8.60429,11.984,36.5992
-7.88877,12.5014,36.1375
-7.58532,13.0582,36.0091
-7.06433,13.0252,35.6189
-6.41735,13.0861,35.234
-6.37197,13.157,34.8311
-6.78393,12.7545,34.5777
-7.18901,12.0341,34.4627
-7.41964,11.4682,34.231
-6.82644,10.461,34.3916
-7.1943,10.1003,34.667
-7.30959,9.52583,34.5332
-7.56579,9.11786,34.8903
-8.09739,8.70355,35.5542
-8.73979,8.36101,35.7615
-8.73455,8.22719,35.8447
-8.50424,8.35526,35.6433
-8.5781,8.54805,35.1639
-8.56652,8.69533,35.1014
-8.74088,9.29634,34.9478
-8.27626,9.55298,34.5487
-7.99891,10.1876,34.2489
-7.81411,10.8945,33.8452
-7.53683,11.2798,33.4466
-7.37223,11.7765,32.6791
-6.90361,12.1987,32.0171
-6.38189,12.1765,31.6536
-6.09148,11.8881,31.4851
-5.73095,11.6777,31.5349
-5.67486,10.9717,31.5849
-5.67486,10.3867,31.9225
-5.96522,9.40033,31.8725
-6.20493,8.66262,31.8985
-6.42815,7.83993,31.7598
-7.0721,7.13007,32.0389
-7.86366,6.29244,32.6579
-8.48378,5.66639,33.0829
-8.87818,5.34334,33.1832
-9.19332,4.8237,33.2581
-9.68185,4.79269,33.122
-9.54235,5.09084,33.3489
-9.82057,5.57089,32.8266
-9.52281,6.10933,33.1192
-9.44918,6.30775,33.3583
-8.88546,6.88095,33.5333
-8.35175,7.70258,33.2777
-8.14342,8.3737,32.9701
-7.82406,8.88577,32.9205
-7.10395,9.45907,32.8155
-6.49794,9.91091,33.0839
-6.80491,9.94626,32.3993
-6.36959,9.53584,32.3465
-6.33803,9.46453,31.9289
-6.18435,8.77566,31.9222
-6.1769,8.13512,31.901
-6.48016,7.62771,31.5386
-7.07931,6.85429,31.4115
-7.614,5.8784,31.6583
-7.70942,5.25586,31.5661
-7.81718,4.88762,31.6175
-7.92733,4.76483,31.7251
-8.56449,4.97089,31.7299
-9.12877,4.95469,32.0123
-8.97955,5.80918,32.0924
-8.85383,6.66704,31.9547
-8.61091,7.18241,32.0341
-8.27317,7.66226,32.4023
-7.67318,8.19162,32.7156
-6.67845,8.5824,32.8025
-6.87763,9.31319,33.0193
-6.77538,9.81449,33.6701
-6.71934,9.60684,33.4112
-6.32656,9.09859,33.3306
-6.31045,8.80287,33.5287
-6.52752,8.21746,33.9847
-6.65021,7.50949,33.9871
-7.04143,6.79944,33.5744
-7.31608,6.37687,33.2075
-6.67649,6.54141,32.9992
-7.03637,6.3973,33.1116
-7.19989,6.83661,32.3969
-7.13608,7.11664,31.8368
-6.35753,7.78744,30.5188
-6.2413,8.72047,30.1868
-5.87307,9.82004,29.2378
-5.38281,10.8517,28.3847
-4.68188,11.7634,27.5783
-3.94088,12.6658,26.4654
-3.74527,13.655,25.6779
-3.2238,14.7974,24.8118
-3.56365,15.8529,25.067
-2.61197,17.1667,24.7425
-2.59843,18.2633,24.5615
-2.59648,18.7401,24.4147
-2.90642,19.4994,23.8173
-3.2409,19.7363,23.6606
-3.90007,19.1107,23.9634
-4.76378,18.3713,24.1039
-4.94624,17.9445,24.1191
-5.20121,17.1724,24.1816
-5.63534,16.9779,24.2788
-5.94888,17.1441,24.1653
-5.9918,16.6443,24.0372
-5.52862,16.9028,24.2594
-5.48205,16.9582,24.0537
-5.38753,17.168,24.1414
-5.18975,17.4536,24.3072
-4.9605,17.4718,24.3607
-4.37824,17.4947,24.916
-4.19576,17.4239,24.8538
-4.43455,17.2629,25.2578
-4.82255,16.6138,25.8158
-4.72319,16.4591,25.9531
-4.65338,15.2358,26.2757
-5.02162,14.0263,26.6996
-5.44486,13.0128,27.1222
-5.86503,12.0388,27.4078
-6.44767,11.1714,27.5929
-6.89205,10.3,27.8118
-6.86079,8.8269,27.7933
-7.74884,7.41902,27.8801
-8.24454,6.33116,27.4903
-8.75717,6.02769,28.1118
-9.28435,5.29937,28.1296
-9.26532,4.69082,28.342
-9.55549,4.14309,28.5763
-10.2328,3.85149,28.3247
-10.6127,3.82386,27.9914
-10.5771,3.57908,28.3687
-10.4661,3.43335,28.7319
-10.3485,2.88157,28.4715
-10.2443,3.25528,28.2529
-10.3945,3.06479,27.8428
-10.2524,3.34291,27.942
-10.5608,3.45887,28.0669
-10.8797,3.1724,27.9259
-10.9674,2.95392,27.5085
-10.9652,2.88547,27.2795
-10.9316,2.52359,27.5421
-11.1634,2.35342,27.2796
-10.9342,1.89162,27.624
-10.7675,1.91879,27.2921
-11.0343,2.04411,27.4838
-11.0546,2.07468,27.7597
-10.7439,2.08739,27.631
-10.265,2.14091,27.6198
-10.0564,2.13082,27.5639
-10.2599,1.92795,27.4095
-10.5648,1.6385,27.6352
-11.0094,1.57671,27.2771
-11.3226,1.34607,27.2874
-10.7429,1.02873,27.2166
-10.811,0.514998,26.7554
-11.2842,-0.11108,26.5732
-11.333,-0.621714,26.5437
-11.2766,-1.17843,26.4634
-11.3824,-1.77861,26.15
-11.5694,-2.2635,25.8778
-11.7416,-2.6982,26.0703
-11.6417,-3.27731,26.0504
-11.5545,-3.43451,25.4323
-12.1842,-3.64577,25.401
-12.7617,-3.55931,25.468
-12.941,-3.65558,25.4428
-13.0865,-3.63057,25.039
-13.2807,-3.42984,24.8931
-13.2367,-3.2736,24.9346
-13.1032,-3.27329,24.7034
-13.2709,-3.24702,24.4109
-12.9539,-3.01047,24.4169
-12.5357,-2.74828,24.3664
-11.7028,-2.48791,24.2479
-11.2833,-2.02019,24.631
-10.5049,-1.32109,24.4408
-9.81162,-0.692091,24.1888
-9.28916,-0.197841,24.218
-8.869,0.0209969,24.3557
-8.38509,-0.019772,24.3463
-7.74519,-0.0915496,24.295
-7.49346,-0.456465,24.5102
-7.87557,-1.49698,24.5911
-8.08109,-1.51842,24.6946
-8.17109,-1.71022,25.0222
-8.22384,-2.60532,25.2802
-8.41928,-3.30087,25.3489
-8.4255,-3.87118,25.2114
-8.67193,-4.23658,25.0861
-9.40638,-4.44505,25.1306
-9.90134,-4.97461,25.245
-10.0878,-5.38425,25.3522
-10.2485,-5.42796,25.0632
-10.0575,-5.17212,24.4123
-10.1647,-4.9744,24.4578
-10.1968,-4.39663,24.4015
-10.3093,-3.90344,24.1122
-10.1913,-3.59841,23.7703
-9.89498,-3.28274,23.4128
-9.73092,-2.84926,23.1395
-9.64795,-2.4009,22.9737
-9.37232,-2.00745,22.2451
-9.11974,-1.68915,21.8812
-8.94357,-1.79273,21.9979
-9.04534,-2.11684,21.9257
-8.87352,-2.40724,22.0469
-8.84722,-2.88899,22.1342
-8.99986,-3.50688,22.1202
-8.96486,-4.0274,22.2763
-8.56232,-4.34514,22.6495
-8.15314,-4.50716,22.8582
-8.15596,-4.46581,22.8071
-7.67142,-4.39344,22.5413
-7.71824,-4.10774,22.7935
-7.2954,-3.5465,23.0775
-6.90023,-3.1802,23.4528
-6.84785,-2.54362,23.4853
-6.86247,-1.63536,23.5273
-6.74742,-0.7762,23.6875
-6.52396,-0.0313466,23.7774
-6.20146,0.755118,23.77
-5.84502,1.29954,23.635
-5.83947,1.58908,23.8178
-6.36976,1.43497,24.0065
-6.79596,1.28998,23.8254
-7.19894,0.465151,23.9583
-7.62451,-0.645707,24.3188
-8.07519,-1.75542,24.5113
-8.57716,-2.72943,24.5932
-8.8566,-3.47138,24.7724
-8.56055,-3.90339,24.937
-8.19555,-4.00689,24.9884
-8.03185,-4.03872,24.8378
-7.41693,-3.63501,24.5934
-6.90821,-2.69925,24.6641
-6.72711,-1.93627,24.6458
-6.11504,-1.06456,24.6801
-5.31543,-0.0577604,24.8307
-4.74522,0.863525,24.9951
-4.35453,1.56216,24.9988
-3.94418,2.08757,24.735
-3.7045,2.48734,24.3053
-3.45549,2.85528,24.0707
-3.22459,2.83837,24.0431
-3.31044,2.59623,24.2576
-3.43619,2.57278,24.2998
-3.3989,2.76437,23.9358
-3.29944,3.25028,23.4171
-3.22989,3.66024,23.1421
-3.247,3.76263,22.9985
-3.4029,3.98318,22.5343
-3.5169,4.55954,22.0369
-3.25491,5.2011,21.6269
-3.27183,5.69894,21.0627
-3.19317,6.35119,20.7615
-3.27039,6.79251,20.6825
-3.37814,6.89349,20.4843
-3.44546,6.86519,20.3504
-3.69134,6.96407,20.2805
-4.15519,7.22118,20.0471
-4.47414,7.39687,19.7054
-4.58765,7.16354,19.6714
-5.0448,6.3437,19.9436
-5.36606,5.69483,19.9606
-5.56305,5.0954,19.5986
-5.80212,4.62775,19.1427
-6.08357,4.14825,18.8521
-6.34206,3.56523,18.7338
-6.57619,3.18032,18.6077
-6.73041,3.09713,18.3698
-6.66138,2.97364,18.0824
-6.4582,2.94641,17.7525
-6.65079,3.38534,17.4217
-6.26549,4.15636,16.8435
-5.66139,4.77949,16.4143
-5.09037,5.47352,16.3443
-4.579,6.03773,16.4467
-4.31627,6.25464,16.4742
-4.25882,6.3427,16.2304
-4.19313,6.50802,15.923
-3.98406,6.51258,15.9516
-3.57524,6.16596,16.0043
-3.48982,5.75909,15.964
-3.58327,5.45479,16.2105
-3.60465,5.12726,16.5629
-3.68778,4.86504,16.7796
-3.78101,4.67399,16.8817
-3.7314,4.5416,17.2141
-3.49959,4.45817,17.607
-3.32115,4.39314,17.9005
-3.49098,4.30927,18.4208
-3.8765,4.20846,19.0693
-4.26201,3.94216,19.4956
-4.49588,3.56223,19.7127
-4.40298,3.25339,19.5252
-4.49757,2.7104,19.387
-4.69215,2.18571,19.3417
-4.89333,1.79425,19.2059
-4.99191,1.36536,19.1503
-4.99422,0.98723,19.1849
-5.06753,0.961352,18.9055
-5.2137,0.848682,18.481
-5.14247,0.645285,18.2526
-5.51669,0.827287,17.882
-6.07357,0.468696,17.7894
-6.56999,0.368558,17.7235
-6.88625,0.205763,17.6675
-7.18443,0.130519,17.6706
-7.50598,0.234818,17.7103
-7.69291,0.433569,17.7176
-7.81294,0.705025,17.6306
-8.40599,0.994531,17.4049
-8.8479,1.37939,17.3053
-9.21237,1.45506,17.0953
-9.43628,1.36664,16.7885
-9.41328,1.34244,16.6855
-9.46715,1.61125,16.5436
-9.63821,1.78254,16.5253
-9.75175,1.54866,16.6526
-9.68943,1.16241,16.6677
-9.51702,0.992846,16.5406
-9.38127,0.735425,16.749
-9.37426,0.54918,16.8872
-9.25666,0.445573,16.9152
-9.20196,0.0405044,17.1087
-9.12597,-0.393555,17.1265
-9.15107,-0.734388,17.1303
-9.36757,-1.09686,17.2135
-9.54721,-1.50123,17.3034
-9.57819,-1.77656,17.1049
-9.6848,-1.77241,16.633
-9.79302,-1.61448,16.8404
-9.70482,-1.6449,16.8096
-9.97138,-1.30637,16.7626
-9.89543,-0.730188,16.7604
-9.94992,-0.434948,16.5625
-10.2173,-0.31749,16.5246
-10.2304,-0.162811,16.4444
-10.0235,0.0818503,16.2024
-9.85825,0.357254,16.1181
-9.64291,0.59141,16.3889
-9.43624,0.696078,16.3955
-9.62607,0.919795,16.0634
-9.63714,0.538748,16.2395
-9.65865,0.495142,16.3833
-9.27932,0.428686,16.5907
-9.23278,0.267322,16.7854
-9.69052,0.277342,16.8625
-10.1156,0.131791,16.9037
-9.97605,-0.226495,16.9857
-9.45107,-0.26405,17.1532
-9.36799,-0.477786,17.682
-9.98192,-0.369821,17.8107
-9.99093,-0.840366,17.9957
-9.97605,-0.932359,17.8932
-10.3019,-0.850162,17.6054
-10.3639,-0.537545,17.6427
-10.0529,-0.0054888,17.7
-9.50374,0.444015,17.6426
-9.00149,0.718058,17.357
-8.8034,1.08367,16.7349
-8.58137,1.40356,16.6556
-8.18532,1.59853,16.423
-7.46202,1.88491,15.7805
-7.51214,2.03031,15.6132
-7.58207,2.25984,15.6432
-7.52462,2.4029,15.5396
-7.46005,2.23565,15.2337
-7.49936,1.88341,14.8897
-7.45762,1.68125,14.6737
-7.14708,1.82568,14.5682
-7.07418,2.24116,14.4131
-7.17095,2.33347,14.1228
-7.03004,2.86421,13.7924
-6.66918,3.07425,13.91
-6.01057,3.37441,13.6808
-5.66603,3.44197,13.5375
-5.32355,3.64376,13.6741
-5.05682,4.06894,13.6543
-5.04472,4.25925,13.3605
-4.82205,3.98295,13.2152
-4.15725,3.84067,12.8905
-3.9663,4.11882,12.6224
-3.87968,4.0713,12.4454
-3.81078,3.68728,12.3562
-3.71918,3.10522,11.9905
-3.81722,2.74768,11.4156
-4.13079,2.44084,11.0333
-4.31758,2.13531,10.8318
-4.18492,1.88926,10.5709
-4.14239,1.6531,10.3476
-4.6641,1.6222,10.4436
-4.72144,1.49883,10.3963
-4.79038,1.51269,10.3757
-4.37669,1.60313,10.0139
-4.5367,1.25506,10.1698
-4.83658,1.29586,10.3643
-4.85602,1.17443,10.6813
-4.40618,0.86931,10.961
-3.88428,0.808503,10.8537
-3.75841,0.825717,10.5385
-3.30701,0.750305,10.5546
-3.42884,0.73224,10.2594
-3.33461,1.14805,9.64283
-3.17727,1.22278,9.2341
-3.22912,1.07853,9.00056
-3.28388,1.30242,8.45337
-3.11295,1.30656,8.14037
-2.94744,1.04408,7.93078
-3.00908,0.84905,7.29039
-3.23487,0.497554,6.45782
-3.8538,-0.132246,5.98578
-4.37993,-0.191342,5.50532
-4.6375,-0.374378,5.29537
-4.98935,-0.548069,4.7854
-5.14631,-0.640348,4.60267
-5.11947,-0.539862,4.44824
-5.25989,-0.361877,4.02589
-5.4607,0.108371,3.78259
-5.47561,0.933894,3.74166
-5.3498,1.77428,3.25846
-4.96498,2.73819,2.98215
-4.67103,3.29578,2.66408
-4.68992,4.57615,2.13745
-3.77881,4.41162,2.15792
-3.07323,4.36724,2.42135
-2.66657,4.48753,2.48199
-2.26845,4.34672,2.33641
-2.31632,4.29349,2.23285
-2.77529,4.32823,2.02049
-2.8661,3.65073,1.50935
-3.2581,2.77667,1.61169
-2.85303,2.24283,1.47985
-2.55921,1.99947,1.46602
-2.64176,1.14664,1.32949
-2.64109,0.840557,1.87815
-2.55778,0.727181,1.93142
-2.64818,0.505321,1.6999
-2.72584,0.365947,1.63972
-2.54672,0.455715,1.72
-2.20828,0.623167,1.82376
-1.71885,0.941388,2.03495
-1.99239,0.861369,1.84478
-1.70022,1.68516,1.93579
-1.42028,1.91234,2.22886
-1.63144,2.15373,2.0288
-2.04038,2.53095,1.86517
-2.27554,3.05547,2.06543
-2.2001,3.11858,2.28254
-1.98716,2.81148,2.32993
-2.00131,2.83969,2.50618
-2.43527,2.00508,2.63178
-2.55891,1.60028,3.27149
-2.82898,0.841602,3.07949
-3.15129,0.452108,3.29005
-3.10603,0.243907,3.5205
-2.65834,0.399909,3.74129
-2.68639,0.335628,3.84173
-2.69494,-0.137859,3.77213
-2.21116,-0.632573,3.60886
-2.149,-0.815055,3.54037
-2.44383,-0.612105,3.74433
-2.50143,-0.0648873,3.41944
-2.17341,-0.22559,3.25317
-2.3799,0.53667,2.7463
-2.22829,1.0748,3.04969
-2.53868,1.58575,2.72223
-2.74508,1.6169,2.62539
-2.63682,1.50229,2.89454
-2.65853,1.64933,3.05837
-2.96001,1.7361,3.25527
-3.35871,2.01916,2.94394
-3.84789,1.59377,3.52586
-4.00688,1.90802,2.94746
-3.94039,1.61024,3.40296
-4.2988,1.56503,3.37008
-4.59679,1.4815,3.40931
-4.494,1.58913,3.54422
-3.95562,1.70077,3.67263
-3.59546,1.7656,3.68155
-3.94425,2.13833,3.4367
-3.77293,2.17944,3.31651
-2.93666,2.45483,3.46202
-1.96,2.70605,4.30298
-2.18155,2.53307,4.43527
-2.33338,2.22816,4.32347
-2.19848,1.90798,4.26296
-2.19452,1.24792,4.14233
-2.19803,0.693226,4.02732
-2.18057,0.478796,4.01882
-2.48553,-0.135105,3.91584
-2.43398,-1.14983,3.56056
-2.41061,-1.74379,3.3561
-2.74667,-2.12256,3.37259
-2.60395,-1.85621,3.53219
-3.02807,-1.86132,3.33533
-3.16786,-1.89952,3.26781
-2.89925,-1.58757,3.5634
-2.83929,-0.964171,3.55545
-2.82747,-0.329641,3.19209
-2.11232,0.22046,3.26667
-1.64354,0.929887,2.98828
-1.03334,1.81759,2.68588
-0.0546737,2.22485,2.17403
-0.428531,2.36293,1.97537
-0.466847,2.41983,1.80851
0.112585,2.40157,1.35586
0.221436,2.366,1.02316
0.240521,2.26279,0.68636
0.607982,2.10158,0.224475
0.543643,1.97874,0.0231358
0.687802,1.71693,-0.26583
0.770238,1.5103,-0.609976
1.00363,1.33715,-0.966606
0.93606,0.906647,-0.8804
0.626902,1.13814,-1.10327
0.552932,1.29638,-1.25532
0.531667,1.38966,-1.68784
0.579881,1.49745,-2.14754
0.609398,1.50743,-2.32073
0.269732,1.27447,-2.65522
0.067458,0.588199,-3.22164
0.1254,0.55254,-3.78324
0.451884,0.777778,-3.80855
0.534011,0.383426,-4.00409
0.816124,0.563938,-4.431
1.17831,0.36555,-4.91679
1.27689,0.157838,-5.55039
0.909531,-0.129534,-6.32291
0.326038,-0.622083,-6.88835
0.0177536,-0.840592,-6.98745
-0.0447959,-1.29597,-7.09667
-0.495207,-1.92775,-7.33319
-0.407427,-2.63079,-7.38827
-1.05632,-3.92792,-7.52361
-1.51781,-4.38176,-8.016
-1.28252,-4.83354,-8.62372
-1.09805,-5.44903,-8.94856
-1.7339,-5.93859,-9.29895
-2.50227,-6.14572,-9.86254
-2.28201,-6.08876,-10.1105
-2.33709,-5.83484,-10.0928
-2.39216,-6.28595,-10.6422
-2.33421,-6.3918,-10.7524
-1.94829,-6.01586,-10.9644
-1.70683,-5.86471,-11.4471
-1.43686,-5.62902,-11.8448
-1.08713,-5.40071,-12.4493
-0.764439,-5.35041,-13.19
-0.414246,-5.2643,-13.8002
0.111693,-4.99054,-14.4235
0.520646,-5.22839,-15.1391
0.688876,-5.40798,-15.4241
0.921358,-5.21757,-15.6236
0.579487,-5.36099,-16.5073
1.03311,-5.4078,-17.178
1.12454,-5.58801,-17.4481
0.750659,-5.6082,-17.5789
0.581198,-5.36257,-17.9723
0.842262,-5.06829,-18.5244
1.03471,-4.81461,-18.6513
0.934428,-4.44905,-18.4244
1.23596,-4.13259,-18.7978
1.22023,-3.71561,-19.3596
0.959018,-3.11311,-19.5777
0.497353,-3.07762,-19.6661
0.135756,-3.37722,-20.0057
0.20353,-3.32495,-20.3051
0.295093,-3.01306,-20.4053
-0.140514,-2.96021,-20.5882
-0.810228,-3.13302,-21.0634
-0.900127,-3.10338,-21.4794
-1.09836,-3.45141,-21.8472
-1.12954,-3.77981,-21.7578
-1.20292,-4.52962,-22.0834
-1.26989,-5.19154,-21.9598
-1.363,-5.76443,-21.8402
-1.25604,-6.19724,-21.8179
-0.98743,-6.67212,-21.6864
-0.842411,-7.3376,-21.481
-0.756697,-7.92818,-21.5022
-0.123006,-8.12251,-21.6327
0.346826,-8.49569,-21.1268
0.820552,-8.73301,-21.5343
0.96795,-8.69881,-22.1308
1.02816,-8.29728,-22.3431
0.998445,-8.20858,-22.4667
1.19455,-8.24768,-22.8533
1.47131,-8.17438,-23.4093
1.54616,-7.89753,-23.9302
1.55705,-7.47731,-24.4874
1.58537,-7.56116,-25.0803
1.38314,-7.89184,-25.079
1.47564,-8.13059,-25.6108
1.51439,-8.53421,-25.9477
1.10962,-8.99565,-26.4046
0.900888,-9.10254,-26.8083
1.03,-9.03131,-26.8785
1.32478,-9.05744,-26.9066
1.69359,-9.1336,-27.176
2.0831,-9.05597,-27.3893
2.28308,-8.9011,-27.3598
2.87264,-8.67265,-27.4074
3.21673,-8.1128,-27.718
3.75341,-7.59668,-27.8014
4.05226,-7.28334,-27.7607
4.10378,-6.67171,-28.2528
3.98581,-5.82302,-29.0498
3.83747,-5.08939,-29.5342
3.85517,-4.52218,-29.8054
4.01253,-3.84145,-30.5455
3.82873,-3.09794,-31.5069
3.76919,-2.95266,-32.4394
3.77287,-3.27653,-33.0364
3.53106,-3.14144,-33.5815
3.32951,-3.38605,-34.0547
3.31437,-3.83459,-34.4547
3.28931,-4.16738,-34.9813
3.35185,-4.39073,-35.6408
3.69693,-4.67447,-36.2313
4.10129,-5.11593,-36.5909
4.14142,-5.76638,-36.6865
4.09163,-6.0192,-36.5836
4.59418,-5.80788,-36.5939
5.0997,-5.55839,-37.0154
5.07581,-5.57197,-37.3377
5.05799,-5.18844,-37.7149
5.25865,-4.7744,-38.2169
5.34447,-4.50443,-38.6585
5.32584,-4.07664,-39.0381
5.70101,-3.46504,-39.5191
6.15269,-3.12821,-39.7619
6.20512,-2.76482,-40.2681
6.06404,-2.93004,-41.114
6.20961,-3.11687,-41.4844
6.43103,-3.74878,-41.92
6.51335,-4.54599,-42.2724
6.70769,-5.14597,-42.6014
6.80897,-5.76356,-42.8723
6.62632,-6.55962,-42.9341
6.61631,-7.20087,-42.7791
7.0495,-7.73358,-42.5675
7.29498,-8.36055,-42.3342
7.70029,-8.82093,-42.2557
7.93468,-8.90465,-42.0546
8.0579,-8.90762,-42.1149
8.11912,-8.68378,-42.148
8.05842,-8.26623,-42.2655
7.73275,-7.7601,-42.6389
7.3048,-7.09281,-43.2003
7.2034,-6.19086,-43.74
7.34776,-5.4647,-44.1697
7.32522,-5.12568,-44.6554
7.21285,-4.88284,-45.5366
7.20036,-4.14988,-46.4419
7.39145,-3.62621,-47.0535
7.74889,-3.56938,-47.5039
8.0548,-3.59992,-48.1155
8.17661,-3.55743,-48.9359
8.25099,-3.52071,-49.6682
8.51718,-3.5332,-50.0618
8.87798,-3.81626,-50.3141
8.84265,-4.30628,-50.5542
8.93826,-5.03613,-50.4423
8.90711,-5.68831,-50.5623
8.60232,-5.93726,-50.5583
8.2138,-6.24872,-50.2698
7.71677,-6.61575,-49.985
7.333,-6.49261,-49.8187
7.29317,-5.62303,-49.7578
7.44139,-4.46963,-49.956
7.52821,-3.53402,-50.4836
7.39671,-3.01311,-50.9665
7.39899,-2.69871,-51.1478
7.58635,-2.11215,-51.2702
7.64845,-1.84355,-51.4712
7.59809,-1.90681,-51.8714
7.61745,-2.03385,-52.4384
7.70185,-2.07588,-52.9762
7.64418,-2.14382,-53.3083
7.40631,-2.5418,-53.4733
7.34415,-3.50303,-53.6897
7.09063,-4.22662,-53.9579
6.77369,-4.72838,-54.4597
6.82921,-5.67205,-54.5372
6.67925,-6.4679,-54.28
6.30157,-7.30956,-53.703
5.8672,-7.9318,-53.2198
5.66751,-8.10174,-53.1583
5.61563,-7.92544,-53.3002
5.29892,-7.65238,-53.1364
4.96876,-7.34167,-52.6916
4.97879,-6.51536,-52.3687
4.96844,-5.68417,-52.6287
4.83068,-5.20963,-52.9427
4.98485,-5.04544,-52.9883
5.0787,-4.66903,-52.9335
4.94092,-4.36221,-52.8673
4.93478,-4.24956,-52.9004
5.25344,-4.15509,-53.0036
5.54512,-4.13712,-53.0626
5.68234,-4.47796,-53.3285
5.49475,-4.93967,-53.4245
5.15658,-5.20954,-53.4091
5.08771,-5.2949,-53.2613
5.246,-5.60367,-53.1554
5.36226,-5.83383,-52.793
5.38103,-5.9771,-52.4602
5.30762,-6.04933,-52.2051
5.10587,-6.12018,-51.9392
4.71205,-6.30376,-51.7456
4.06419,-6.26133,-51.404
3.2931,-5.45832,-51.117
3.16266,-4.87115,-50.651
2.96265,-4.02087,-50.2977
2.32218,-3.16148,-50.1217
1.90026,-2.17213,-49.8128
1.7694,-1.19954,-49.2491
1.74965,-0.50822,-48.5522
1.76735,-0.108801,-48.0735
1.6919,0.174503,-47.8755
1.29082,0.248151,-47.1273
1.9395,0.469837,-46.4136
2.35364,0.78132,-45.8619
2.3507,0.994603,-45.1628
2.44087,1.05158,-44.3456
2.68166,0.970125,-43.3011
2.82908,0.946077,-42.3192
2.96443,1.03647,-41.451
3.18876,1.33542,-40.5159
3.23573,1.91192,-39.5081
3.02362,2.28806,-38.5562
3.25105,2.89626,-37.4451
3.32357,3.60701,-36.5411
3.61144,4.34216,-35.6866
3.61437,4.7439,-34.6015
3.59905,4.9192,-33.4766
3.59113,4.59479,-32.597
3.92676,3.72845,-32.0187
4.51242,2.66916,-31.6541
4.56999,1.56873,-31.2819
4.27434,-0.0207263,-30.5012
4.32601,-1.57537,-30.4972
5.02518,-3.3266,-29.8604
5.42322,-5.1145,-29.4292
5.56925,-6.69593,-29.3983
6.06496,-7.88842,-29.1569
6.78416,-8.78992,-28.7101
7.46737,-9.61332,-28.3538
8.00108,-10.4073,-28.1453
8.35194,-11.0046,-27.8848
8.6699,-11.2346,-27.538
9.00036,-10.755,-27.276
8.95882,-9.74963,-26.9317
8.99174,-9.21202,-26.7351
9.21638,-8.43782,-26.2535
9.0551,-7.87212,-25.6425
8.68938,-7.40015,-25.2114
8.4452,-6.78911,-24.9318
8.35559,-6.26946,-24.6695
8.11187,-6.16386,-24.4555
7.27449,-5.99672,-24.1884
6.96996,-5.6486,-23.7852
6.61555,-5.77621,-23.3446
6.1082,-6.11148,-23.0184
5.79739,-6.15655,-23.1706
5.95008,-6.03131,-23.098
6.23798,-6.15539,-22.5969
6.44214,-6.30221,-21.9809
6.46165,-6.22178,-21.465
6.38872,-6.14583,-21.0294
6.90393,-5.88399,-20.8712
6.55224,-5.89475,-20.3428
7.0403,-6.75616,-20.3005
7.58281,-6.87534,-19.6053
7.60577,-6.77909,-19.4924
7.58815,-7.0788,-19.5597
7.74063,-7.62514,-19.5127
7.97894,-8.10733,-19.2446
7.92006,-8.37441,-19.015
7.4521,-8.48116,-19.2396
7.46878,-8.7494,-19.6064
6.61724,-8.98893,-19.901
6.33687,-9.30048,-20.3133
5.43465,-9.95438,-20.4252
4.96042,-10.0301,-20.6918
4.55597,-10.0891,-21.3326
4.03283,-9.91376,-21.664
3.53993,-9.45223,-21.8098
3.49109,-9.04391,-22.2305
4.02603,-8.704,-22.5496
4.26321,-7.95567,-22.282
3.96772,-7.40267,-22.2634
4.14677,-6.85993,-22.9772
4.70519,-6.43595,-23.0355
5.16967,-6.19253,-23.307
5.59974,-6.11207,-23.5926
5.90454,-6.07551,-23.9853
5.9202,-6.38602,-24.5752
5.8274,-7.07327,-24.9407
5.92326,-7.51115,-24.8511
5.7957,-7.60943,-25.4386
5.58215,-7.99599,-25.7748
5.55575,-8.87291,-25.6139
5.12049,-9.02442,-25.7028
5.03946,-9.29872,-25.8201
5.12449,-9.60224,-26.1934
5.09822,-9.82849,-26.6951
4.4897,-9.91275,-27.1941
3.62811,-9.7743,-27.7887
3.35079,-9.41512,-28.5333
2.81541,-9.04618,-29.0864
2.80117,-8.80988,-29.4382
2.35723,-8.58957,-29.8684
1.8673,-7.8798,-31.0643
1.25444,-7.02686,-31.7192
0.665554,-6.68461,-31.966
0.166765,-6.25814,-32.4516
-0.211301,-5.70265,-33.0421
-0.681896,-5.6539,-33.3311
-1.54961,-5.96093,-33.5337
-2.4371,-5.39192,-34.0041
-2.55867,-5.59299,-34.4998
-2.81904,-4.84192,-34.7389
-2.86395,-4.66477,-34.9613
-3.10892,-4.31736,-35.7037
-3.15625,-4.05743,-36.1762
-2.82686,-4.05809,-36.6752
-2.61422,-4.09711,-36.9355
-2.75459,-3.94457,-36.7297
-2.72301,-3.79224,-36.8385
-2.40306,-4.01487,-37.5625
-2.43821,-4.02732,-38.2284
-2.54603,-3.86909,-38.2564
-2.46783,-4.59808,-38.1655
-2.44214,-4.85109,-38.2627
-2.7601,-5.05816,-38.389
-2.89252,-5.35989,-37.9663
-2.85759,-5.66561,-37.6493
-3.14157,-5.92412,-37.8143
-3.51647,-6.22926,-37.6417
-3.10376,-6.69544,-37.5534
-4.01009,-6.11315,-37.2283
-4.0256,-5.94062,-37.5478
-3.93075,-6.4023,-37.0562
-3.56669,-6.35766,-37.1735
-3.41868,-6.50439,-37.2456
-3.44756,-6.58936,-36.6135
-3.42929,-6.79782,-35.8814
-3.41065,-7.23677,-35.7509
-3.45245,-7.27274,-35.7186
-3.10596,-7.06536,-35.0602
-3.05496,-6.95572,-34.8379
-3.43049,-6.89997,-34.4013
-3.08789,-6.7988,-34.2402
-3.07825,-6.86225,-33.2911
-3.22621,-7.04269,-33.1068
-3.42686,-7.11613,-33.0365
-3.79448,-7.35374,-32.7776
-4.22389,-7.66264,-32.6792
-4.31988,-7.274,-32.4451
-4.19244,-6.47664,-31.8076
-5.3066,-6.53557,-32.3256
-5.24109,-6.70289,-31.9255
-4.94805,-6.89535,-31.2255
-4.79281,-6.64831,-31.097
-4.72188,-6.45378,-31.002
-4.68042,-6.40106,-30.8202
-4.38645,-6.31756,-30.3985
-4.00132,-6.40853,-30.0685
-3.99752,-6.88249,-30.2155
-3.70065,-6.86622,-29.5321
-3.5704,-7.05824,-29.844
-3.17189,-7.59743,-29.0669
-3.33321,-7.35366,-28.9219
-3.65176,-8.0054,-28.7299
-3.63796,-7.97132,-28.4336
-3.63963,-7.67259,-28.1077
-3.75895,-7.50312,-27.8557
-3.88704,-7.44488,-27.8816
-4.04086,-7.60561,-28.0703
-3.91707,-7.36782,-27.5376
-3.97693,-7.31982,-27.3316
-4.15132,-7.88121,-27.2815
-4.82798,-8.07324,-27.2623
-4.95164,-8.45437,-27.0813
-5.23938,-8.62189,-26.5628
-5.53502,-8.72803,-26.6711
-5.8776,-8.52533,-26.9779
-6.14761,-8.10443,-26.6366
-5.77328,-7.91885,-26.1749
-5.27619,-6.87634,-26.1526
-5.41122,-6.21363,-26.0486
-5.64601,-4.79902,-26.0637
-5.24891,-4.19206,-26.491
-4.88608,-3.38667,-26.5077
-4.56019,-2.94296,-26.125
-4.28286,-2.56704,-25.7307
-4.15255,-2.38684,-25.3766
-4.17325,-2.62183,-24.9749
-4.19206,-2.94315,-24.5823
-4.05314,-3.45896,-24.032
-3.4626,-3.93489,-23.3451
-3.13885,-5.28838,-23.1408
-3.63299,-6.45913,-22.7619
-3.64188,-7.3709,-22.5443
-3.37809,-8.41944,-22.3791
-3.38129,-9.17336,-22.1951
-3.36748,-9.45717,-21.9629
-3.16203,-9.48403,-21.8702
-3.23605,-9.27511,-22.0812
-3.25011,-8.74064,-22.1104
-3.30518,-8.50318,-22.3135
-3.32325,-7.63119,-22.0857
-3.29552,-6.87524,-22.6609
-3.72208,-6.35665,-22.8129
-4.14785,-5.60469,-23.0167
-4.51714,-4.96667,-23.2155
-4.70229,-4.17944,-22.8367
-4.79911,-3.21801,-22.3883
-5.11521,-2.95412,-22.9469
-5.0675,-3.12333,-23.1793
-4.45194,-2.61468,-23.2085
-4.5456,-2.25214,-23.5406
-4.13246,-1.86768,-23.5211
-4.2322,-1.82447,-23.1042
-4.41508,-1.83487,-23.2769
-4.43051,-1.72063,-23.6361
-4.48069,-1.58917,-23.4153
-4.66994,-1.37001,-23.1042
-4.75921,-0.913894,-23.5896
-4.7775,-0.806474,-23.5358
-5.28761,-0.689244,-23.4927
-5.4771,0.125803,-23.6018
-5.78663,0.417086,-24.0109
-6.13781,0.24896,-24.3824
-6.32684,0.0819636,-24.7517
-6.66189,-0.0636533,-24.8762
-6.73035,-0.314431,-25.1794
-6.27391,-0.623407,-25.7353
-5.98585,-0.807267,-25.7222
-6.01568,-0.745642,-25.3159
-6.07221,-0.107146,-25.0778
-6.07057,0.0971426,-25.3117
-6.24215,0.560944,-25.5458
-6.15693,0.800794,-25.6404
-6.13008,1.35311,-25.6132
-6.28005,2.06939,-25.6372
-6.58797,2.4321,-25.8469
-7.01738,2.50485,-26.2266
-7.55441,2.83778,-26.551
-8.14732,3.19843,-26.5348
-7.95892,3.38907,-27.0368
-8.4846,3.5742,-27.2421
-8.97378,3.85665,-27.3983
-9.11471,3.88159,-27.3863
-9.14133,3.65422,-27.2015
-9.30877,3.39597,-27.2098
-9.21323,3.20411,-27.1534
-8.79774,2.96279,-26.6898
-8.53801,2.59253,-26.1335
-7.80695,2.29851,-25.6763
-7.77442,1.98432,-24.7086
-7.61499,1.79105,-24.241
-7.47041,1.79906,-23.572
-7.51512,1.80096,-22.8571
-7.64637,1.75023,-22.1341
-8.02017,2.02693,-21.3468
-8.57772,2.50715,-20.7069
-9.24457,2.53498,-20.4424
-10.1753,1.86031,-20.4622
-11.3147,1.15908,-20.5381
-12.6562,-0.103702,-20.2607
-13.6016,-1.50151,-20.0776
-14.1115,-2.70186,-19.7493
-14.7847,-3.65027,-19.3284
-15.287,-4.04298,-19.1319
-15.5096,-3.80205,-19.2122
-15.7004,-3.12807,-19.5613
-15.9302,-2.1894,-20.044
-15.8496,-0.985482,-20.4464
-15.334,0.302411,-20.9451
-15.2866,1.08802,-21.7422
-15.0443,1.46247,-22.5132
-15.2075,1.40327,-22.5787
-15.4379,1.17623,-22.3994
-16.0887,0.935287,-22.1834
-17.0991,0.61361,-22.1999
-18.1419,0.186282,-22.3144
-19.065,-0.0876902,-22.0486
-20.0484,-0.0766008,-21.2665
-21.31,-0.397385,-20.6405
-22.6605,-0.412156,-20.3421
-23.3276,-0.433806,-20.4236
-23.9315,-0.919084,-19.8941
-24.8264,-1.08808,-19.4845
-25.6418,-0.699216,-19.4458
-26.1913,-0.218159,-19.4667
-26.3625,-0.0931334,-19.2338
-26.3546,-0.269395,-18.854
-26.5268,-0.45093,-18.7158
-26.5469,-0.763639,-18.9186
-26.4703,-1.39147,-19.1725
-26.1626,-1.80883,-19.0402
-26.0106,-2.12221,-18.6804
-25.8003,-2.42352,-18.0372
-25.3818,-2.36209,-17.4871
-24.8147,-2.1644,-17.2056
-24.3749,-1.95235,-17.1806
-24.1172,-1.57165,-17.3499
-23.7667,-0.991003,-17.5996
-23.3681,-0.441733,-17.6685
-23.3446,0.164113,-17.3586
-23.3839,1.1,-16.6813
-23.5562,2.30141,-16.4449
-23.8811,3.42691,-16.0417
-24.3054,4.48261,-15.6494
-24.839,5.21751,-15.5124
-25.5218,5.57851,-15.3353
-26.1441,5.67542,-14.8491
-26.5293,5.49263,-14.3772
-27.3022,5.03918,-14.2666
-28.4181,4.7549,-14.3501
-28.5483,4.33428,-14.4853
-28.7112,3.74739,-14.0399
-28.9564,3.10105,-13.3543
-29.0115,2.6616,-12.7282
-28.7992,2.50236,-12.2636
-28.4207,2.56796,-11.983
-28.0466,2.73691,-11.7769
-27.7148,3.01899,-11.4515
-27.1609,3.76979,-11.0358
-26.4951,4.74212,-10.5664
-25.9973,5.14224,-10.3378
-25.4792,5.3289,-10.1939
-24.8714,5.66323,-10.0752
-24.4718,6.12102,-10.1998
-24.3921,6.66194,-10.5379
-24.3291,7.39798,-10.8662
-24.0277,8.27784,-11.1147
-23.688,8.98884,-11.4355
-23.5872,9.49739,-11.7311
-23.336,10.1022,-11.312
-23.0656,10.0666,-10.7968
-22.8846,9.8481,-10.4395
-22.6129,9.52925,-10.2465
-22.3658,8.88133,-10.2834
-22.1455,8.14682,-10.184
-21.3112,7.67607,-9.84428
-19.2598,8.01883,-9.48048
-16.2396,9.98115,-9.18716
-13.0421,13.9027,-8.74511
-10.3622,18.9908,-7.69335
-8.79126,23.653,-6.50422
-7.75,27.2191,-5.58873
-6.40131,28.3541,-4.45289
-3.85947,26.6713,-3.51728
-0.903395,22.8439,-3.25695
1.16203,17.7544,-3.53179
1.97073,12.129,-3.71939
2.1652,6.73733,-3.3816
2.24423,2.47205,-2.7253
3.34525,-0.506371,-2.05796
4.44308,-2.26109,-1.58904
4.39581,-3.02121,-1.7614
3.92509,-3.23103,-2.0888
3.3952,-3.16092,-2.17391
3.11675,-2.42897,-2.11391
3.04025,-0.99108,-1.75059
3.03257,0.880344,-1.18208
3.27266,3.03594,-1.17123
4.04348,5.12359,-1.99498
5.33397,6.2051,-2.88055
6.48796,6.64574,-4.26643
8.12217,6.30596,-6.70093
10.4585,5.49648,-9.7718
13.0539,4.11491,-12.2147
15.7541,2.64404,-13.6737
18.2917,1.59721,-14.3499
20.4385,1.10668,-14.4064
22.2452,1.14038,-14.0431
23.577,1.87566,-13.857
23.8923,3.05678,-13.4501
23.3,4.32357,-12.7804
21.8053,5.46956,-11.7749
19.8202,6.29586,-10.4609
17.7958,7.20668,-8.95139
15.6299,8.42994,-7.5657
13.2531,9.62507,-6.46757
10.8603,10.4376,-5.52427
8.61005,11.012,-4.67266
6.4012,11.5648,-4.32462
4.54413,11.8548,-4.25444
2.84112,12.6348,-4.07378
1.49444,13.4663,-3.85788
0.66781,14.3602,-3.55457
-0.178755,15.1706,-3.04561
-0.71379,16.1443,-2.68028
-0.603402,17.4485,-2.61451
-0.103685,18.736,-2.65814
0.395653,19.5024,-2.61624
1.12683,19.8582,-2.48833
2.15419,19.3856,-2.35963
2.70542,18.1191,-3.0933
3.24073,16.2141,-3.28583
3.72939,13.7001,-3.44547
4.07071,10.4067,-3.87008
4.46006,6.99437,-4.34837
4.89692,3.9212,-4.82811
5.07954,1.13898,-5.36848
4.93279,-1.38628,-5.74571
4.96395,-3.35128,-5.70611
4.5351,-4.56139,-6.05903
4.03089,-5.11646,-6.83434
4.07457,-5.45278,-7.51873
4.11731,-5.43661,-8.25912
3.6912,-5.34535,-8.9859
3.27856,-5.15799,-9.47497
3.09307,-4.64559,-9.70447
2.97872,-3.61632,-9.91659
2.95512,-2.06967,-10.2642
3.03435,-0.207944,-10.5254
2.80555,1.75918,-11.1084
3.44864,3.90022,-11.4047
3.88535,6.02582,-11.1118
4.16722,7.87744,-11.6567
4.40578,9.16988,-12.2724
4.56578,10.0516,-12.6934
4.55596,10.3716,-13.1977
4.24963,9.88437,-13.7697
3.54657,8.74524,-14.0632
2.52324,7.16497,-14.3108
1.1092,4.91428,-14.3553
0.551019,2.02578,-14.8333
-0.841003,-0.621984,-15.2178
-1.99796,-3.42064,-14.8078
-2.7271,-5.96643,-14.7743
-3.46121,-8.27728,-14.8667
-4.19964,-10.3608,-14.904
-4.64488,-11.9932,-14.8531
-4.90049,-13.0264,-14.4124
-5.36509,-13.6638,-13.9975
-5.63272,-13.9314,-13.8656
-5.33115,-14.0542,-13.174
-6.04189,-13.8629,-12.7303
-6.97086,-13.0558,-12.3246
-7.96258,-11.9608,-11.696
-8.89711,-10.5409,-10.8599
-9.73073,-8.64039,-9.78314
-10.5531,-6.14192,-8.64294
-11.1621,-3.13215,-7.80823
-10.8252,-0.210612,-7.05715
-11.1031,2.27118,-6.37355
-11.4784,3.80597,-6.41443
-12.1659,5.11225,-6.38004
-12.695,6.24396,-5.735
-12.9028,7.09804,-5.15643
-13.208,7.66881,-4.99105
-13.6301,8.30194,-4.84542
-13.9771,9.08232,-4.37026
-14.2866,9.71989,-3.77246
-14.4408,10.548,-3.16165
-14.9018,11.5194,-2.51076
-13.1448,12.6917,-1.53316
-10.7811,14.2621,0.110951
-9.09096,16.4815,1.95118
-8.24211,18.9063,3.24463
-7.15301,21.083,3.66562
-5.90717,22.843,3.31752
-4.87648,24.0923,2.71173
-3.6684,24.5548,2.53189
-2.8566,23.8962,2.95652
-2.18714,22.0182,3.051
-1.89937,19.5057,2.81781
-1.5884,17.2169,2.50554
-1.22513,14.3439,1.88483
-1.34475,12.3289,1.4809
-1.41617,10.806,1.46048
-1.53874,9.38676,1.6293
-1.714,8.18697,2.0533
-1.56541,7.14429,2.93201
-2.36315,6.18434,3.65991
-2.55501,5.15237,4.51228
-2.51403,4.34613,4.38486
-3.14577,3.48555,4.25442
-3.19547,2.2691,4.36525
-3.70853,1.23577,4.47509
-4.25421,0.623653,4.45786
-4.58955,0.477967,4.18492
-4.96251,0.901204,3.83083
-5.27163,1.64702,3.6632
-5.30327,1.70295,3.11025
-5.254,2.08543,2.45519
-5.19893,2.52601,2.6344
-5.05573,2.74627,2.50251
-4.89296,2.9176,2.09985
-4.8275,2.3845,2.01215
-5.04295,1.83081,1.56594
-5.79573,1.01369,0.878782
-6.7115,-0.21674,0.491023
-7.00819,-0.850367,0.275635
-7.0739,-1.10882,0.334447
-7.07832,-1.37976,0.642779
-6.46865,-1.29948,-0.19533
-5.81347,-1.01146,-0.124095
-5.39113,-0.287118,-0.22664
-4.54009,1.05936,-0.400878
-3.60891,2.00222,-0.539216
-2.73201,2.65639,-0.353381
-1.61207,3.34383,0.118666
-0.373926,3.44942,0.28278
0.204955,3.35638,0.00662213
0.186256,3.29828,-0.115647
0.235575,2.40807,-0.0170095
-0.175325,1.24429,-0.14081
-0.460743,-0.372644,0.391222
-0.720418,-1.24875,0.480673
-1.02405,-1.6024,0.343055
-1.21198,-1.62132,0.636079
-0.919357,-1.14694,1.17356
-0.127267,-0.180526,1.40848
0.35733,1.28744,2.00591
1.49103,2.34859,2.66518
2.59402,3.55583,3.48689
3.74349,4.95814,3.69135
4.56432,6.38893,4.47624
5.31945,7.24414,5.06488
5.9093,7.80203,5.09379
6.3769,8.23193,5.13829
6.8903,8.29142,5.33657
7.31909,7.85007,5.15165
7.3285,7.16034,5.13757
7.38336,6.22512,4.15051
6.7244,6.44382,3.15944
6.6498,6.46583,2.31888
6.38823,6.03785,2.21968
5.57942,5.59575,2.07605
4.59224,5.06165,2.13599
3.51179,4.75466,2.21404
2.48583,5.12419,1.82352
1.7297,5.78698,1.12648
0.392414,5.8272,0.620432
-0.31267,6.50446,1.14121
-0.559161,7.843,0.500068
0.0824294,9.6873,0.476294
0.358192,11.0793,0.492444
0.0327113,11.8635,0.592469
0.172926,11.6556,0.4851
0.676339,10.9208,0.377495
0.808319,10.106,0.389294
0.620962,9.06363,0.22177
0.148017,8.50752,0.46335
-0.79326,7.92951,1.44138
-0.71975,7.9009,3.23909
0.553632,8.32792,5.50754
2.54035,9.32217,6.59932
4.09847,9.67032,7.55488
5.33111,9.25643,8.27933
6.50306,8.96997,8.47238
7.48512,9.27636,8.47661
8.10323,9.56916,8.58531
8.42683,9.40615,8.06147
8.48146,9.75386,7.163
9.20617,9.64807,6.73112
9.97686,9.59941,6.40947
10.3535,9.6904,6.24367
10.8893,9.93754,5.63702
11.3549,10.0821,4.99334
11.9883,9.90542,4.5817
12.8932,9.38383,4.24474
13.6282,8.60661,3.74028
14.7282,7.6175,2.87007
15.3722,6.20239,3.11057
15.839,4.93565,2.64073
16.1237,3.68474,2.73685
16.6531,2.60736,2.58819
17.2005,1.94582,2.54948
17.3213,1.37975,2.65574
17.0655,1.18585,2.89733
16.9755,1.48716,3.23707
17.1978,1.71398,3.6275
16.8417,2.11161,4.35949
16.5004,2.71618,4.9442
15.1167,2.94368,5.35601
14.5842,3.16142,5.52564
13.7223,3.06349,5.33859
12.9487,2.81129,5.41009
12.0708,2.72839,5.21828
11.0635,2.96341,4.84663
10.2639,3.18062,4.67791
9.74705,3.02247,4.40043
8.25937,2.73938,3.49813
