-2881.55,-467.06,18656.6
-2353.22,-1338.31,17460.1
-2042.76,-504.907,19815.3
-373.668,-654.612,18195.1
-989.208,-360.388,17800.6
-2125.17,-266.697,17462.8
-1817.82,-539.874,17189.9
-794.16,-442.487,17869.7
-618.858,78.9842,18149.7
-1387.28,307.591,19123.2
-956.746,-478.373,19154.8
11.0672,919.976,19026.6
-1325.26,1056.74,18765.9
-705.282,315.628,16825.4
-1180.99,0,17335.2
-1681.65,-605.22,18598.5
-1186.8,-505.998,18662.4
-867.375,297.823,18090.5
-1212.35,-233.715,17928.9
-21.6637,32.3632,18054.3
-216.637,323.632,17637.9
-1546.43,283.53,19362
-735.837,-142.686,19247.3
-897.976,424.962,19565.7
-164.559,1944.78,18808.7
-163.273,1382.84,17227.6
-459.425,-163.286,17218.4
0,-379.559,18547.1
-202.767,-47.3899,18572.2
-1168.57,912.451,19494.4
-2561.24,0,18229.7
-1405.36,-430.536,17179.9
-1188.54,-95.6746,18364.1
-633.031,-264.087,19967.8
-1009.37,-433.441,19965.3
-1909.31,-778.899,19120.4
-1803.03,-831.872,18108.9
-1328.87,-240.348,17456.6
-1910.03,175.88,17641.3
-226.117,-98.6479,17021.1
-288.21,0,17221.4
-1052.47,325.154,16905.3
-1526.89,-159.127,18833.3
-487.279,-86.769,17129.6
0,253.383,18176.3
0,211.152,20275
-760.577,279.794,19704.4
-1655.41,452.267,17978.4
-865.055,-102.855,19026.5
-104.935,-52.9626,20321.2
-1049.35,-385.769,18656.6
-104.935,-38.5769,19610.1
-269.746,0,18598.7
-1356.6,-42.0017,16547.4
-892.306,-53.1527,16419.3
-1580.88,-184.892,17341.8
-2508.8,-277.763,17743.4
-1439.07,125.678,18087.1
-547.305,731.099,18746.2
-1713.92,-4.11118,16892.7
0,0,17951.9
0,1260.21,19310.4
-355.294,-366.918,17696.8
-2142.4,-857.104,18181.1
-2375.8,-842.22,19240.5
-1289.68,-586.962,19620.5
-779.43,-174.153,18736.8
-804.163,68.4592,18075.3
-10.048,-181.301,19151.8
-223.195,-808.131,18199.8
-1779.78,77.2467,18846.7
-1469.59,656.328,19083.7
-1435.12,-238.564,19181.4
-456.993,-1108.41,19167.5
-122.747,-551.37,18353.2
-387.109,420.141,18774.6
-739.601,504.169,19109.1
-1425.03,0,17679.6
-2164.64,173.08,16953.5
-964.19,714.039,18583.4
-2870.24,-648.224,17514.4
-1275.88,408.307,17335.9
-1876.59,105.14,18046.3
-624.792,0,18858.5
-1150.08,574.048,17939.3
-1954.2,368.957,17860.9
-2405.43,-252.061,17690.9
-2152.96,-211.334,17495.4
-306.269,-82.4298,19535.3
-981.386,-318.49,17257.1
-607.12,524.439,18306.9
-1448.21,52.4439,18333.9
-446.544,0,20022.4
-2107.63,-350.405,19769.2
-2192.77,-511.965,19690.1
-1087.34,98.7064,19960.7
-965.156,430.181,19552.3
-1206.78,19.631,18313.2
-661.549,-104.289,17761.2
-2978.58,-733.175,19490.3
-2371.79,-283.008,18764.3
-1057.85,1263.31,19057.5
-287.701,497.682,19628
-9.56762,168.789,18288.7
-346.129,142.118,17486.5
-848.788,75.6734,18685.3
-1994.76,15.5911,19712.1
-2916.19,-686.873,18808.6
-1748.38,-1756,17721.3
-1119.09,667.88,17997.1
-1172.66,0,19706.4
-1393.78,707.497,19499.2
-428.561,-189.254,17051.9
-187.286,-129.928,17569.8
-1443.91,412.558,18759.9
-1420.43,764.53,19142.2
-1186.18,193.617,20019.1
-1923.11,-682.431,20309.6
-1137.95,-182.546,16902.7
18.3324,902.179,14436.5
-967.602,709.418,17463.3
-1339.15,1002.74,16765.9
-1443.89,207.065,17840.8
-555.536,552.111,18380.7
-872.428,199.905,19390.7
-1388.58,-397.603,19864.8
-943.219,75.5988,19660.4
-729.859,764.988,18956.3
-1652.23,191.349,17725.5
-479.041,835.326,18386.4
-772.359,-257.453,19208
-279.347,-126.801,18839.1
-44.9135,-13.7026,18299.2
0,787.39,18324.1
-256.35,704.411,18451.7
-853.129,697.017,18170
-1858.53,388.721,17461.7
-2376.7,-353.209,18219.6
-1431.1,-48.9286,20825
-988.812,-19.994,18832.8
-1556.57,-199.94,19170.5
-1897.47,144.352,17682.5
-2286.7,-1097.71,15791.4
-3126.71,-425.336,17615.1
-1672.15,0,18182.3
-893.762,-343.242,19040.4
-1311.65,-592.641,21167
-1360.93,-33.6327,21441.6
-1186.25,926.376,18552.7
-207.492,818.495,18383.3
-357.919,419.868,17641.3
-35.7919,105.278,18859
-1469.49,14.0646,18785.4
-1015.05,-205.729,18318.4
-878.545,110.427,18717.5
-511.171,361.216,18479.8
-576.254,11.9169,16848.7
-1101.25,-400.594,16196.9
-438.841,-218.317,18274.8
-876.426,-47.7175,18349.3
-153.543,1922.36,16571.8
-787.609,192.236,18701
-503.656,-47.4348,18712.8
-1011.55,-17.788,17652
-780.418,331.879,18248.4
-846.081,83.9649,18555.6
-1538.08,-231.121,19122.6
-1717.83,-106.281,19411.1
-1012.06,-573.02,17203.7
-690.615,-1269.08,19000.5
-273.998,341.374,19885.1
-1749.54,1730.75,19031.3
-2293.58,-259.933,18011.3
-2258.65,819.037,17529.8
-2137.77,247.457,18954
-1453.34,-297.546,18489.9
-1017.73,-353.542,16958.5
-1158.61,-531.649,17419.2
-1188.88,333.619,18644.9
-2606.42,456.693,18423.1
-232.037,0,16844.8
-3878.09,834.496,17607.7
-856.642,788.834,17477.6
-1616.16,872.114,16947.3
-1976.41,177.937,16934.2
-1355.78,-159.263,18611
-1722.14,0,19444
-2545.28,231.261,18555.2
-1755.53,521.021,18853.1
-1581.46,-440.04,18230.7
-1150.01,-95.0381,17509.7
-139.477,51.6881,17311.5
-201.014,-84.1894,18025.8
-96.6249,148.223,18176
-587.353,355.613,17356.7
-523.718,880.514,17453.8
-854.347,326.698,18635.1
-1456,-983.442,19254.3
-267.906,-441.834,18793.7
-613.086,-306.543,18644.4
-808.631,-404.315,16891.2
-2077.94,-1269.8,18142.8
-2396.27,-1038.59,18313.5
-1207.87,-445.589,18221.1
-1058.07,-593.925,17529.3
-1837.26,49.6934,17651.3
-1992.52,602.703,18234.6
-1254.21,7.16385,18266.4
-855.67,-229.75,18194.3
-998.492,-290.301,17999.9
-1435.12,-53.0774,17912.1
-1485.12,94.6982,18482.1
-1063.53,22.2236,17891.7
-862.541,381.964,18521.9
-1248.08,218.265,18622.5
-783.609,-23.4618,18769.5
-593.925,592.802,19241.7
-1570.35,1017.97,19090.2
-1823.99,-183.203,18617.7
-1631.91,-133.883,20356.7
-2391.87,-1338.83,19452.8
-1461.91,-495.533,17634
-1419.81,-524.788,19436.3
-559.722,-319.637,18270.8
-346.691,-178.373,17582.9
-722.244,-75.7974,18194.4
-820.558,170.053,18622.3
-772.486,222.453,18389.8
-1719.94,-9.02228,18306.7
-3324.98,864.192,18043.1
-935.945,31.2025,20060.5
-1727.22,-173.915,19227.5
-1014.07,-256.354,19478
-1791.86,-81.3798,18499.3
-2032.51,-764.307,18314.4
-1674.31,-1271.99,18180
-1238.62,-751.779,18110.8
-660.709,-41.9445,18245.9
-1.44097,-216.75,18006.3
-6.48437,-258.055,19221.2
0,-23.2767,19123.3
-1933.1,-538.34,17522.8
-1059.85,-517.877,18776.9
-433.015,-149.536,18327
-1528.47,0,17812.2
-1782.08,-401.338,18541
-722.409,-481.606,19911.2
0,110.298,20310.8
-513.987,198.454,19250.4
-2456.45,-437.271,18643.9
-1435.12,-67.355,18279.2
-1260.96,1889.57,19095.3
-2085.02,421.401,19326.9
-1192.68,-82.9037,17021.6
-299.567,-12.526,17853.5
-1535.37,-350.26,18726.6
-2321.75,-538.29,18264.1
-1239,236.519,18124.7
-1289.48,997.448,18465.8
-1370.67,-10.9357,19576.7
-1267.97,845.313,19724.7
-126.797,528.602,19449.3
218.58,535.842,16731.4
-1522.34,96.4585,18882
-3433.22,241.05,18421.4
-3647.22,-124.253,16429.1
-2503.81,-130.505,17083.5
-1335.98,683.11,19470.1
-577.607,608.942,19654.4
-233.799,813.051,19378.5
-1501.04,77.7559,17544.3
-1945.29,-160.083,19311.6
-1400.54,-273.513,18737.1
-1380.19,-140.628,18288
-1947.25,-29.7422,18423.9
-2652.83,143.152,18597.7
-2666.18,373.308,18647.6
-1568.6,677.263,18584
-482.532,1051.56,18182.1
-1475.29,799.025,17688.2
-1514.31,-378.578,17341.8
-151.431,337.53,18304.5
-2546.16,977.673,17326.7
-2069.26,298.724,16350.2
-1312.46,164.51,17613.1
-1758.96,154.53,18804.5
-2418.02,0,17903.6
-2552.45,-57.4057,16913.2
-2597.12,-145.234,17885.1
-1698.6,10.95,16359.2
0,-243.669,16621.2
-1706.67,-24.3669,18375.6
-3427.67,-382.699,17331
-1834.07,-79.9301,17161.3
-1015.94,996.084,17551
-2088.01,799.793,17475.5
-2677.39,-309.743,17534
-1961.65,-475.78,18286.4
-1729.17,176.723,18263.5
-1022.17,-28.7747,16357.8
-1294.86,-287.747,18656.6
-2461.14,1108.05,19014.5
-3579.73,142.385,18056
-2175.75,-52.8741,18072.4
-2309.37,53.7193,18347.9
-2062.93,244.643,18316.9
-1647.05,425.681,18626.1
-2137.98,352.212,18993
-1599.38,209.762,18176.5
-483.415,695.694,17878.2
-1747.58,-624.921,18969
-3316.24,-62.4921,19062.7
-1925.05,0,18815.8
-192.87,0,17996
-715.475,419.873,17461.1
-2174.36,226.362,18104.1
-2697.8,-284.264,18931.4
-1700.91,31.2461,19450.9
-470.11,957.612,19868.9
-2008.13,1115.36,17475.5
-2118.43,375.904,19049.4
-1814.05,37.5904,18919.3
-1296.44,324.368,18290.8
-1432.49,121.638,19664.6
-1391.37,86.7567,18807.6
-1278.63,72.2972,18622.4
-1623.77,-144.841,19031.2
-1509.27,-246.698,18632.5
-521.993,-16.881,19216.9
-2519.57,-70.8745,19365.4
-1435.12,863.659,18295.1
-3157.26,86.3659,18621.5
-1777.09,-341.967,18192.6
-1125.47,420.038,19030.8
-1453.98,126.223,20105.1
-1076.51,-699.658,19225.8
-1354.03,-501.628,18242.1
-2652.05,124.87,19140.1
-2319.48,-392.905,20248.4
-1930.94,-97.9252,20764.3
0,0,18207.2
-867.459,1102.53,20764.3
166.773,-114.535,19517.6
-144.473,981.176,18688.3
-1376.87,289.924,18471.2
-2417.08,-677.66,18885
-3022.67,-465.399,19348.1
-2609.21,43.6939,19317.9
-765.202,116.517,18897.4
-433.13,67.3408,17877.6
-1718.46,673.408,17250.9
-3303.68,-585.429,17432.7
-3363.69,-550.085,15736.9
-2197.37,-415.507,16526.2
-936.6,974.362,18185.3
-687.851,1735.66,19278.8
-2002.87,403.882,18314.8
-3636.59,-860.844,17647.7
-3382.42,289.29,20056.4
-1935.09,0,17761
-3219.48,0,18104.8
-2305.87,-776.693,18947.5
-1206.27,-172.598,20168.3
-1291.61,-248.245,19281.2
-1271.5,161.257,18582.6
-2116.74,525.25,19681.1
-1899.44,349.908,20223.5
-577.02,-150.849,18863.6
-1235.86,-583.919,17769
21.2649,-363.833,16728.2
-1489.2,-234.618,19198.2
-816.17,105.753,19119.5
-854.539,146.987,16275.5
-468.836,918.063,16084.2
-1057.03,499.263,16244.6
-1443.7,0,17554.1
-807.396,-191.349,19175.2
-570.353,-365.556,18821.8
-1949.81,-124.067,17371.3
-2636.35,-93.746,18688
-3824.3,962.111,18971
-606.609,1639.01,16849.2
-1292.2,1349.51,18871.9
-900.871,377.5,19560.3
-2104.75,-452.876,19160.4
-1733.23,-38.8332,19527.9
-260.991,1140.59,19377.2
-203.148,1285.06,18698.8
-951.577,-139.819,19865
-2812.02,-519.853,19137
-1844.9,1093.34,16947.7
-309.81,109.334,17674.7
-157.284,830.115,16180.2
-452.76,576.794,18528.6
-1092.06,-27.319,18285.4
-1399.5,461.509,17687.8
-1876.4,732.844,18505.4
-2381.8,486.295,19087.8
-1503.14,1398.79,18518.6
-545.582,589.064,17375
-1435.12,1300.63,17316.2
-2684.39,1421.67,17693.2
-729.225,369.317,18908.5
-1510.69,30.8597,19000.6
-1881.27,574.048,18472.6
-1306.84,1122.03,17914.4
-1185.16,1251.27,17957.8
-2010.31,838.048,17939.6
-2681.23,161.123,17063
-2160.17,725.054,18194.9
-1435.12,0,19706
-186.95,832.113,21257.8
-858.146,1316.24,20442.5
-2662.21,252.892,18799.1
-2735.08,310.223,18434.7
-2065.17,1125.93,18835.5
-1689.2,751.624,19037
-1346.88,-75.498,18877.4
-904.315,619.861,18525
-1081.93,-200.678,17906.9
-4359.6,1223.05,17080.1
-709.969,914.874,18430.4
-1443.87,971.895,17993.4
-1413.04,298.413,17633.7
-1495.83,-68.4468,17950.4
-600.082,1125.56,18909.8
16.4359,1419.12,18579.7
-881.091,381.889,17805.1
-1285.82,1018.37,19603.9
-783.504,-47.8373,19483.6
-3583.44,-478.373,16791.8
-1649.95,1189.66,18578.3
-2223.33,252.19,19647.9
-1708.94,380.362,18662.7
-1709.71,222.238,17536.7
-2374.77,-230.639,18602.1
-2376.42,-135.79,19457
-1321.75,392.874,18208.3
-1074.97,333.194,18010.2
-3152.24,-158.925,20066.9
-51.8723,956.746,18630.6
-1428.89,319.503,18786.1
-1083.32,356.515,17615.3
-1627.05,115.041,18589.9
-848.158,-736.931,18972
-766.593,-614.109,18560.7
-1100.89,659.339,18502.7
-594.037,1595.39,19004.6
-780.832,1397.28,19294.4
-2065.99,990.477,19094.6
-1422.47,12.6511,18184.5
-427.563,481.915,17032.4
-578.223,528.995,18596.2
-1532.5,592.401,19218
-1681.9,331.196,18044.3
-1481.31,131.932,19115.3
-1474.86,717.809,20446.3
-1326.42,1159.36,18940
-619.216,146.182,17735.9
195.031,57.4023,18798.3
-458.763,-1835.05,18178.2
-508.282,1391.17,19836.6
-1253.9,729.578,18727.4
-1379.14,142.369,19043.7
-569.51,545.943,18704.3
-1945.5,625.783,18475.9
-2838.8,521.599,18202
-931.519,893.666,17794.2
-369.408,985.369,18438.5
-1662.34,410.914,18599.5
0,520.757,19879.8
-544.39,52.0757,21067.7
-1577.28,-208.044,19098.4
-1550.7,-78.0165,18966.4
-1435.51,-286.636,19134.2
-347.699,-76.5805,19134.3
-129.826,21.1199,18977.2
-1200.1,-401.591,18415.9
-799.663,-434.565,17753.4
-1271.84,-658.486,18151.9
-195.472,1239.65,18308.5
-332.734,1728.76,18895.7
-69.5971,825.929,18387.8
274.165,83.9152,19719.6
130.114,795.182,19100.7
-22.1262,771.978,18222.4
-191.838,270.415,17509.7
-661.662,231.126,16903.7
-1060.54,174.381,18277.8
-1073.88,2109.09,20241.7
-2128.07,692.954,21780.1
-160.827,1083.08,18639.1
-264.883,958.73,18966
-549.609,543.573,18979.1
-828.874,153.446,18471.8
-632.108,0,17947.6
-443.445,592.755,18043.9
-1091.41,1371.59,18059.3
-1704.56,891.375,17769.4
-269.14,0,20671.7
-2573.68,0,17332.1
-3108.9,0,18954.6
-2569.87,-119.998,18894.9
-726.073,567.095,20326.7
40.6037,349.768,20238.4
122.091,529.525,19142.3
105.905,635.43,18574.6
-405.278,430.536,18290
-989.994,1329.59,17558.6
368.315,816.716,17898.4
-400.432,0,17911.2
396.12,1509.69,18582
-106.634,897.324,18351.2
-89.2073,1859.25,18580.7
-472.868,1640.3,17926.1
-1085.41,1140.07,18408.2
-1313.7,916.313,18825.7
-1227.94,431.364,17800.3
-1049.82,258.575,17399
-190.387,1257.34,17197.6
-1903.87,937.504,17836.8
-3012.18,93.7504,16707.1
-627.065,2692.24,18756.3
-995.377,1009.59,18840.4
-568.787,438.184,17722.3
-1213.06,254.126,16925.6
-1455.68,43.7459,16905.7
-694.372,298.119,17108.8
-2057.04,-2.84217,16976.1
-1043.98,180.047,16985.5
-1197.4,537.072,18418.8
-203.59,53.7072,17855.6
-1166.73,0,18801.2
-1750.96,19.0219,19799.2
-1984.3,10.8697,18627.7
-1987.44,367.611,18046.1
-1403.86,441.134,17921.6
-722.245,0,17161.6
-975.457,384.822,17314.5
-1109.03,1897.22,17589.9
-1637.62,1655.23,18380.7
-2406.21,165.523,19229.9
-637.454,-46.3774,17108.5
-1847.23,880.138,18026
-1601.49,512.874,18276.1
-1824.18,209.495,17592.3
-2348.19,251.394,18092.6
-1439.71,422.971,18813.4
-767.033,1174.86,17231.3
-1686.66,286.86,17354
-781.966,756.203,18708.1
-983.386,590.844,17844.8
-1376.58,-240.87,19923.8
-1727.88,76.129,19764.9
-1596.56,119.652,19266.4
-1620.81,0,18256.9
-2430.52,-481.959,17377.3
-3293.52,-785.451,18017.4
-2959.64,154.605,19440.3
-2234.83,152.25,19020.8
-1597.85,1522.5,17993.6
-3282.93,-170.903,17511.4
-1858.71,-80.1028,19906.1
-1126.86,459.582,20219.6
-1266,264.395,19068.1
-1521.24,875.803,17649
-1549.05,1731.66,17206.1
-1505.78,1191.22,18287.2
-1587.42,-62.6819,19803.8
-1546.28,-248.122,19735.6
273.914,339.465,18313.2
-1522.83,2703.12,20430.3
-2619.18,199.699,18621.9
-2854.34,23.8026,18072.3
-2588.15,116.743,19176.2
-2537.79,15.692,17992.8
-2772.22,0,16943.7
-2480.49,287.024,18430.8
-1377.2,991.918,18786.8
-1246.74,1060.82,18542.7
-2157.74,414.78,17402.1
-2626.59,902.55,17605.5
-2185.71,47.0158,18098
-2525.57,252.884,19221.8
-1089.62,2184.6,19380.5
-1013.89,1788.58,18153
-2553.98,143.528,17724.8
-2770.83,-7.9763,17928
-1233.12,33.9193,16787.5
-685.338,413.999,18816.3
-3027.09,313.703,17386.1
-2024.85,1193.64,18701.4
-724.571,355.961,17937.4
-2375.37,922.214,19064.4
-1858.14,1367.12,18812.6
-1448.12,717.56,19562.6
-1737.74,36.9513,19401.7
-1004.58,64.6647,17437.9
-530.146,94.5503,17971.5
-2584.93,444.163,17863.2
-1992.72,186.864,17408.3
-1469.19,1740.83,18057.8
-1856.29,1351.74,19069.7
-997.266,2236.9,17575.1
-1696.78,1404.79,17476.9
-1220.18,2131.17,18486.9
-523.312,2206.28,18172
-1602.8,106.511,17436.5
-2127.42,493.867,19035.2
-1479.69,699.861,19775.2
-1502.96,1107.39,20023.8
-151.088,110.211,20513
-591.722,347.584,18430.2
-799.651,130.388,17393.6
-421.273,1357.78,17035.7
-140.208,2066.8,17298.8
-130.026,957.46,18439.5
-470.543,-274.584,18923.8
-1124.7,154.016,17598.1
-524.851,524.851,18624.4
0,0,17665.5
-84.6389,451.696,20173.8
-18.8087,1760.76,19634
0,1624.11,18046.6
-1701.94,572.268,16837.4
-1226.75,937.684,17264.2
229.837,1579.83,18479.2
-178.954,795.565,18701.1
-825.793,-68.2341,17933.8
-1872.66,-270.072,17953.6
-3040.44,369.811,16866.3
-1855.85,-138.054,18132.2
-1750.63,78.4525,17564.4
-1273.22,1714.86,18279.2
-301.267,954.774,18721.1
814.655,1901.64,18928.9
998.408,3394.02,19303.5
-11.9079,2606.79,18828.9
-712.49,1960.79,17080.3
0,1203.75,17520
0,3084,18543.2
0,1041.39,17609.8
-1292.19,1927.63,17805.2
-1684.32,1066.49,18235.6
-735.962,231.262,18836.2
-702.305,1124.38,19991.5
-1610.27,1894.52,20954.5
-1431.32,1088.9,21081.1
-49.1488,236.29,20605.8
-229.517,-410.803,19075
-83.4745,1421.21,19641.1
-179.432,142.121,19182.7
-364.429,270.122,18971.1
315.748,448.651,17631
-441.356,2072.18,16538.4
-576.44,2171.06,16541
-700.809,860.76,17349.5
-1226.42,1030.89,18768.2
-574.048,2357.37,19886.6
-2589.2,948.161,17526.2
-59.8583,-19.9528,18636.6
101.056,1291.98,19411
-395.043,1089.08,18606.2
78.7368,1007.97,19008.6
76.1358,939.203,18845.9
-48.8384,1651.73,17526.4
0,1298.81,16359.1
0,435.919,16829.5
161.312,2252.18,18480.3
725.902,1929.85,18665.1
0,1401.25,17390.8
603.987,1605.18,21029.6
-268.635,1534.13,18688.4
101.45,1968.33,18207.7
-701.168,876.189,18522.7
-1082.64,8.67015,18904.4
-286.302,334.798,18991.5
54.6103,1016.43,18741
-686.773,1510.31,18945.3
-253.526,1725.65,19942.4
-231.016,956.746,18598.8
-23.1016,937.156,20112
-499.455,835.637,19701.3
-56.0584,1044.2,19544.2
-749.554,485.085,18417.2
-687.122,209.095,18818.4
98.0942,998.596,19737.4
-361.5,1458.17,19314.2
-1257.74,648.662,19026.1
627.292,1713.89,18504.7
-1108.55,163.286,17629.6
-887.836,275.322,18557.2
-172.663,629.751,18417.7
-1004.58,165.677,18085.1
-1534.43,1600.34,19769.6
-948.383,2535.75,20052.6
-588.922,1843.04,18986.4
-964.334,749.738,18115.1
-842.406,188.607,17204.1
-966.754,848.731,19496.5
-1118.52,0,18445.5
-111.852,-193.042,19882.6
-1035.04,-42.8982,17785.6
-1025.69,0,17717.2
-862.766,974.465,17368.9
-673.311,1118.47,17710.1
-197.154,367.701,17931.4
-127.697,79.6487,17630.6
-852.624,236.95,17990.9
55.2445,97.5469,15661.2
0,-129.42,18656.6
0,630.684,18653.7
-209.654,457.509,19526.1
-78.6203,-201.479,19271.4
-156.393,547.921,17986.7
-1228.34,1075.84,17286.8
-1317.61,491.134,17969.4
-868.903,-82.7326,18458.8
-2751.1,312.465,17386.5
-2018.12,1040.27,17969.1
-650.128,993.638,19594.9
-842.989,877.34,19417
-87.1676,172.884,19570.1
32.1435,3.8102,18611.3
-595.214,908.547,17318.6
-496.012,1363,16891.8
-525.908,1303.28,17878.3
-1207.36,1065.67,17797.5
-1120.8,190.179,14885
-1689.67,32.4768,16004.2
-903.526,-903.526,18585.8
-1120.52,-90.3526,17957.5
-1892.93,948.281,16606.2
-940.871,1623.08,16695.9
-585.056,1136.72,16624.4
-571.408,478.828,17919.1
-1127.9,403.807,19079.8
-1772.92,417.866,18505.8
-1220.39,-13.4657,18164.7
-2047.16,110.936,18072
-603.097,1109.36,18933.9
-60.3097,668.422,20078
908.186,793.319,19539.7
-561.735,1590.48,19411
-323.01,1343.17,19063
293.527,799.938,18260
-305.956,981.749,17441.5
-814.795,1049.3,17389.7
-218.78,145.853,18848.5
-1061.29,723.066,21257.5
-767.854,667.266,18623
-872.04,331.812,18255.6
-176.723,-45.9598,17864.5
-1094.12,107.872,18254.1
-2022.61,84.113,19009.4
-1977.52,572.746,18969.4
-1292.53,785.976,18797.3
-570.464,443.846,19289
-96.369,723.08,19436.5
-365.14,71.2935,18676.2
-1219.06,712.935,18196.7
-348.489,-41.9982,18950.4
-1581.15,-394.116,18308.1
-2120.28,674.115,16281.6
-1410.78,965.041,16936.3
-902.624,756.363,17575.8
-555.925,382.524,18791.3
0,402.296,20267.1
31.3039,1315.11,18385.1
98.2334,685.417,18635
-426.343,1060.81,18599.5
-42.6343,106.081,18556.8
-1134.68,-741.923,18625.6
-741.552,1256.88,18317.9
-446.464,877.199,17583
-517.827,660.474,17335
-179.959,1877.54,16660.8
82.5243,1981.77,16210.3
-779.529,221.528,18152
-1050.22,0,18530.2
-2389.7,0,17891.6
-3234.52,149.58,18018.1
-2476.84,1119.94,18511.2
-679.187,-74.2413,19330.4
-1148.1,-147.562,19756.8
-956.746,120.744,19234.6
-913.392,937.784,18830.7
-2083.34,2157.94,19216.5
-1691.74,1577.88,19432.1
-1766.42,726.177,19445.8
275.178,1880.69,18656.6
-139.1,354.687,16934.4
-37.0262,2107.75,18236.3
-677.712,1648.18,19187.2
-1089.73,754.936,18877.3
-638.07,826.242,18605.3
-253.233,743.955,17542.8
-433.34,455.933,16614
-511.703,1304.78,18630.9
-1149.45,823.283,19158.1
-564.644,2274.23,19699.6
-129.042,445.155,20877.2
-16.1283,1360.42,20275
123.93,2129.39,18243.4
-503.231,1968.15,17719.9
-478.373,1057.63,19179.8
0,781.034,19366.2
-56.5834,1343.2,17566.7
-245.407,1571.64,17825.5
-450.853,2424.45,20156.5
-255.225,382.838,18561
387.975,123.473,17768.9
-1343.41,784.328,17074.2
-538.237,91.0655,18054.5
-411.021,-420.242,18177.5
-530.248,127.62,18566.8
-916.906,844.108,19326.9
-1543.81,809.03,18919.9
-961.346,754.187,17893.3
-462.7,1902.87,19419.9
-1381.64,1807.27,19613.3
-2279.78,180.727,17900
-920.477,0,18965.8
-2284.32,0,17630.9
-1012.96,698.489,19021.8
-491.527,1142.82,18561
-786.935,1055.6,17265.4
0,669.722,18312.3
0,116.109,18775.6
-300.928,483.136,18778.1
-3009.28,-393.54,19050.1
-300.928,434.109,17382.8
23.227,2318.61,19300.8
-323.315,2343.99,18847.2
-189.729,2565.94,18796.2
0,2793.07,20244.8
-538.494,1721.98,20558.1
-1694.22,233.652,18757.3
-2188.7,291.238,17873.9
-862.018,0,18815.2
-351.486,0,19901.3
354.673,1949.11,20072.6
99.9172,1730.95,18041.8
-297.061,1405.87,17530.4
-300.933,781.926,19320.6
-106.02,219.452,19820.6
1.11171,139.453,19100.5
0,830.099,18849.5
0,1725.25,18417.8
79.1456,615.646,18712.7
791.456,247.935,19217.6
79.1456,1134.21,18834.1
-483.355,-35.5043,19489.3
-181.258,1162.62,19357.8
320.554,724.789,20083.4
494.164,251.337,20336.7
59.4816,737.544,19229.3
-517.823,908.033,18522.1
-578.39,463.645,19439.3
-952.972,352.268,18754.1
-918.998,75.4958,19632.2
-10.9669,2241.16,19184.7
-776.915,943.795,18304.8
-298.087,167.789,19134.6
74.4592,611.277,19599.6
-585.385,1466.14,19951.4
-776.922,1330.07,18990.7
143.512,635.666,17636.2
340.609,845.917,18948.6
-428.234,0,18706.9
-2388.29,0,19159.9
-542.239,1063.35,16756.5
-67.4245,1293.92,18371.2
230.981,1505.07,17349.4
-34.3339,1781.5,18547
-138.603,1025.95,19557.1
-360.45,630.384,18805.6
-974.945,986.761,17910.1
-917.752,77.0829,17795.5
0,271.41,18213
0,2714.1,18526.4
-485.362,271.41,17849
-671.261,2310.39,19057.6
-863.195,3051.89,17798.2
-372.525,3462.72,18052.6
-580.089,2369.08,19199.4
-936.643,629.036,19551
-707.962,911.81,18812.9
-765.397,2946.06,18034.2
-24.236,2530.51,19414.9
-242.36,2149.51,19800.8
-24.236,2361.73,18198.9
-1062.07,1455.32,18105.9
-1972.73,1181.47,18615.2
-2044.61,465.501,19294.6
-1318.38,171.144,19121.3
-437.133,1059.93,18554.2
0,1826.5,18456.5
-15.1516,1273.01,18451.1
-341.022,1667.65,18219.4
-2728.4,-885.826,18249.1
-58.76,1364.77,17861.8
-414.058,1234.27,17723.6
-1841.85,738.903,17370.5
-1881.23,276.893,19133.9
-1422.34,554.361,18573.3
-1348.27,894.926,17807.8
-1538.31,526.63,18617.5
-1464.76,284.561,16979.5
-55.3127,977.962,17920.9
280.107,1446.65,19216.8
-881.748,641.833,18282
-355.166,2770.3,17642.5
-645.049,3006.6,18606
-1363.44,2990.7,20426.1
-1015.35,1774,19753.5
-573.49,546.192,17988.5
-1408.66,607.678,18121.2
-1976.11,687.13,19016.2
-23.7558,1512.3,18652.8
15.102,2522.79,18555.8
-1492.25,963.644,19709.7
-865.414,737.907,18394.2
-1179.32,293.365,17799.8
-1002.88,1591.19,18273.9
-732.293,1496.05,18681.3
-435.46,1053.69,18385.3
-335.337,1770.06,17842.8
-1091.47,957.698,17813.2
-941.787,205.176,18243.9
-541.947,2051.76,18039.9
-678.725,1274.42,17927.8
-138.784,-331.774,18802.3
-994.988,484.991,18422.4
-568.564,744.978,19436.7
-274.483,699.915,19611.8
-1168.52,552.872,19142.4
-1519.69,137.035,19893.7
-307.104,548.621,20745.3
-895.441,2298.04,19822.2
-1278.18,2388.09,18331.3
-667.534,990.701,18866.6
182.714,407.229,20223.7
119.612,765.894,18913.6
-1945.01,522.313,16963.7
-2001.8,491.483,16511.5
-1219.06,262.312,17751.7
-1472.82,239.187,19182.2
-355.668,1591.22,19114.3
-117.406,327.381,17632.5
-1174.06,554.572,18612.8
-1243.24,1579.62,19877
-1780.98,984.309,19371.3
71.5575,3542.48,19157.4
110.12,2747,18761.6
-919.311,1393.38,18837.8
-937.138,1912.7,20114.2
-451.344,1926.01,20249.4
-770.7,206.586,16959.1
-15.768,953.497,15971.8
-157.68,0,17009.4
-1166.05,578.413,18485.3
-1289.21,243.039,18310.6
-1640.78,712.661,18484.2
-613.545,1817.82,18181.1
-112.646,2152.68,18940.4
-344.286,1361.19,20106.9
-479.644,784.979,19828
-781.823,1307.93,18453
-95.6781,988.838,17781.9
-956.781,478.39,21287.6
-680.103,908.911,20408
-1594.91,-442.532,19320.7
-673.672,-113.422,17815
-1485.9,763.925,18272.4
-2101.32,458.199,18864.9
-1440.1,338.241,19145.8
-1100.26,942.442,19871.9
-1409.58,875.459,20120.7
-221.215,2844.25,19252.2
-799.015,1065.35,19026.3
-1432.28,782.725,17586.8
-316.395,144.976,18766.9
-1020.78,759.139,18962.7
-1187.38,434.927,18586.6
-1270.79,1625.91,18181.5
-1450.15,1773.53,18746.4
-1295.36,-243.365,19395.3
-1409.99,231.312,18267.7
-1986.92,320.546,18316
0,880.496,18222.1
-203.99,292.039,17616
-2233.45,810.728,18079.3
-1221.21,991.11,17484.2
-834.752,1518.68,17974.9
-1041.52,930.285,18892.6
-1029.65,753.701,18639.2
-561.931,1380.18,17207.3
301.088,332.289,16531.8
-158.76,953.727,18485.6
-1587.6,1929.18,20249.4
-245.865,-106.961,17567.8
-19.3566,30.8507,18810.7
0,825.459,17791.1
119.277,640.886,17640.9
-34.8113,113.668,18015.4
-161.051,679.953,17749.7
-155.008,1283.86,17797.9
-557.28,143.926,18912.4
-699.89,647.668,18241
-522.216,0,18831
-52.2216,2880,19439.5
-694.924,921.893,18232.6
-1047.28,105.71,17429.2
-861.458,-205.962,18207.4
-551.301,-171.635,18739.5
-729.663,75.2168,18113.6
-933.847,272.33,18181.2
-802.814,332.657,19794.1
-2374.57,-3.95538,18513.2
1124.94,1874.9,17699.8
112.494,198.162,18996.8
382.699,1745.35,18661.2
-54.6028,298.301,18109.5
-373.264,311.293,18163.3
-811.24,516.49,18064
-713.433,913.861,18426.1
-43.2649,1570,19290.7
-115.373,414.121,18900.7
57.5579,22.8701,17874.2
575.579,228.701,17069
1349.17,141.992,18408.5
287.024,1101.55,19174.2
-299.725,403.153,18347.1
-100.882,0,17568.4
58.6574,-470.381,17769.9
0,-564.458,18440.6
447.655,177.751,18713
1257.74,410.007,18597.6
207.027,-258.535,18725.9
-809.527,294.439,17896.1
-26.7279,29.4439,21214.7
12.0499,0,19958.8
0,-139.634,18116
-574.048,331.979,17137.6
-918.41,161.46,17345.7
-93.9485,-218.018,19016.9
1046.69,573.224,20621.6
487.687,1528.6,20587
-1560.35,-34.6319,22216.1
-3106.51,-346.319,19046.9
-75.864,278.418,19360.9
365.656,69.5666,19099.6
330.98,-121.436,19010.1
121.957,-643.44,18601.8
673.105,-478.373,18973.6
1121.81,-267.205,19107.9
915.392,-467.608,18413.9
975.308,117.078,18518.1
0,526.851,18416
0,0,19140.8
661.42,99.8259,18274.4
767.354,849.346,19026.8
441.969,163.787,19061.5
168.281,-83.6567,20125.9
279.74,0,20933.1
527.818,-141.905,20794.5
507.294,-249.347,19671.3
482.879,-81.7656,18415.4
1152.47,-395.848,20797.1
103.639,-400.644,16472
10.3639,324.104,18868.6
562.869,-106.697,19900.3
809.616,193.321,20003.8
619.091,180.543,18913.3
323.263,24.8913,18480.1
221.661,-50.2592,19618.5
287.015,377.508,20394.2
427.776,1492.8,18700.9
1009.21,1147,17131.5
2013.23,149.607,19563.4
1637.56,877.71,20038.8
824.531,620.208,19785.9
260.634,160.682,19378.4
1171.06,0,19749.6
1355.7,116.332,18475.5
496.422,38.3696,18704.1
430.536,281.017,20756.5
1509.71,1221.78,18722.4
1851.69,136.129,17404
2244.21,1361.29,18730.4
1477.54,629.678,16637.3
278.47,809.909,19139.8
1909.23,986.659,19567.7
1952.06,1524.26,19956.1
886.6,756.381,19513.7
386.14,-294.494,19113.1
535.695,126.644,19440
860.186,1419.47,18940.5
1367.72,3019.44,19266.3
761.171,761.171,20548.9
995.565,565.029,21056.8
1099.84,368.888,18635.1
335.819,-384.24,17722.7
132.682,-275.332,17603.9
738.812,628.244,18610.9
1191.04,972.467,19230.6
1252.49,841.898,18054.4
1305.06,950.802,17335.3
106.504,-1197.57,19926.2
834.999,365.242,18552
498.786,1312.88,18884.2
746.73,1320.78,19907.4
328.644,368.122,19713.1
765.992,322.68,18477.1
1410.36,945.392,18413.9
1092.87,1037.64,19393.4
351.537,524.391,18824.9
419.438,332.999,16529.2
65.5274,183.822,17629.7
-997.999,-145.707,18989.2
990.478,1707.57,19578.8
533.197,382.699,19803.1
101.022,-330.826,20017
220.491,-414.146,18864.9
320.687,24.5849,18006.5
285.51,511.514,17988
765.217,707.655,18240.6
1526.4,915.936,18483.2
327.774,932.346,17545.8
0,-926.121,18826.2
359.532,2168.83,20357.9
389.976,502.542,20561.7
90.8074,-258.443,20158.8
483.195,1556.3,19110.6
657.036,2255.61,18347.7
1002.78,1821.46,18032.8
1231.57,1440.03,17671.5
118.591,19.4473,17279.8
794.111,37.587,17451.5
854.243,375.87,19522.2
515.96,37.587,19015.4
424.923,1094.65,19535.9
1039.53,440,17988.5
1006.84,605.915,18401.4
532.857,360.833,20498.9
287.234,106.307,20417.8
229.671,459.131,18972.3
83.0114,65.1706,20335.2
437.568,567.174,19496.2
652.755,2739.06,20397.2
495.811,273.906,19397.8
2357.58,1216.66,18468.5
848.216,456.248,20697.7
182.008,182.008,20646.3
151.673,577.602,19331.4
177.509,442.718,18382.1
454.153,412.18,17686.9
451.902,1625.94,17655.1
310.578,910.12,18919.3
-8.37732,-241.281,18902
-116.188,-769.85,18996.3
-25.6334,-134.93,17609.3
-481.386,137.103,18237.6
60.6387,71.7473,18868
450.602,51.278,18679
322.06,-438.219,18114.1
204.845,-314.623,17841.9
-31.1877,1684.53,18318.8
-60.8853,993.504,19513.3
794.591,1324.32,19826.8
509.995,2002.73,17522.1
474.9,415.623,19888.4
142.209,158.574,19143.5
153.708,490.56,18703.8
275.346,664.407,19304
146.042,382.01,19195.6
-53.6617,526.038,18524.5
59.7704,1617.93,19042.5
374.493,732.81,19040.2
1055.27,865.34,19803.2
1608.97,232.336,18632.3
1415.17,1901.21,20067.1
405.404,700.805,18384.9
589.861,442.396,17602.6
730.737,1086.22,17447.4
855.173,2015.07,18537.3
994.261,2019.49,20444
327.645,246.403,19781.7
1474.4,1108.81,17890
0,0,19073
0,0,20764.6
259.081,641.78,18815.5
209.458,1353.46,18876.8
64.1731,635.881,19546.2
189.142,0,18672
230.505,939.074,19290.3
41.5136,1714.04,20703.4
94.2092,364.768,18029.8
33.5612,860.696,18916.6
335.612,671.225,18992.2
33.5612,867.291,21182
-967.879,117.743,19975.7
-362.955,982.057,20154.2
175.765,796.566,20033.7
347.404,61.0054,18902.3
267.055,-480.14,18992.6
146.495,-383.235,20214.9
169.515,376.177,19408.7
-426.65,-536.102,18632.8
238.356,1196.76,19017.4
1709.07,119.676,21220.5
453.435,911.28,20749.1
1078.41,341.73,18895.7
886.342,0,18469.5
504.835,744.022,18234.7
510.127,1377.27,17785.7
522.929,654.789,18456.6
542.418,-432.832,19804.6
184.068,425.574,18541.7
0,574.366,17508.2
0,45.4392,18577.7
382.699,2276.48,18273.3
316.546,1340.16,18521.1
-67.0429,277.418,18656.3
-587.299,44.0113,19129.4
-156.14,52.8136,20060
813.234,56.553,20134.2
382.699,461.132,18881.4
110.077,1528.14,19591.4
1100.77,1316.81,21022.7
507.391,1290.4,18032.1
88.292,1055.58,18964.6
-200.144,590.525,20496.3
-1205.44,-51.7888,19382.6
-667.159,296.528,17284.5
331.746,1324.46,16886.9
582.637,2141.78,18409.7
1231.45,2272.43,19751.5
-602.291,307.453,19352.4
-187.797,242.147,18420.3
357.31,1152.48,17613.6
83.5754,250.726,18246.7
140.018,0,18922.7
189.331,163.981,19599.7
578.386,854.211,20168.5
584.743,1423.67,20574.4
-68.5963,1121.74,20661
-87.2487,557.196,20163.3
430.536,866.041,19439.4
0,49.6929,19588.5
151.342,2489.02,19355.1
718.516,397.608,19932.6
468.183,-57.9013,18379.2
120.772,-246.513,18091.4
218.483,-205.428,18958.5
322.305,-60.126,19694.8
-50.2899,-105.221,19866.9
-407.276,66.192,19508
33.6738,107.676,18659.7
2.90219,-1901.88,17695.5
764.686,477.531,18797.6
688.954,1605.9,19165.2
-127.098,1001.79,17796.8
-157.252,260.125,18301.3
22.1742,749.82,18676.7
-243.987,1143.77,18657.5
-191.639,779.983,19345
645.016,1150.15,19953.4
80.6833,1035.27,20702.2
21.6235,956.746,19156.5
-467.611,-217.418,19998.2
-870.63,-69.5761,18562
-287.339,364.4,20158.2
-1632.79,-301.998,20106.6
-1360.66,-1011.36,20341.7
0,-252.346,19908.8
131.288,789.345,17902.8
554.285,0,18114.1
918.826,130.103,19840.8
0,1301.03,19000.8
584.651,1421.71,18414.6
339.871,1953.37,18977.8
1228.4,1889.38,19469.8
942.899,1866.34,19896
422.138,1063.81,19352.7
308.438,339.871,18977.2
-231.869,362.368,19246.6
-1052.78,166.691,18912.6
-110.96,750.111,19945.5
0,0,18999.4
317.955,0,18213.9
299.065,80.1717,18248
-131.617,147.655,17773.7
-124.154,111.971,17687.6
-95.1743,688.001,18320.9
77.14,780.825,19074.2
372.928,489.156,19280.2
186.374,1580.63,19244.5
400.046,1270.2,19931.9
181.694,272.542,18656.6
448.705,1247.81,20161.3
1243.77,1666.2,20435.5
722.754,2276.42,18236.3
282.062,2149.99,18222
170.351,1752.72,18509.3
89.3416,1210.39,18067.2
0,671.373,18623
0,979.969,19955.1
0,1747.23,18654.3
0,341.765,18679.2
-401.023,34.1765,19749.9
558.91,882.768,19281.7
190.028,384.02,18906
-476.479,-12.3391,18356.1
-12.0494,85.0882,19132.6
431.744,224.042,19588.8
-167.734,-99.7664,17750.7
-357.243,-613.709,16353.4
302.808,67.1206,18876.2
-1024.13,-341.377,15788.5
-102.413,-255.416,18591
481.61,-49.1731,18619.8
201.282,-293.505,19263
298.84,-54.7985,19078
239.187,-14.5565,18797.9
249.47,2.84223,18511.8
505.772,106.939,18291.6
-242.636,-49.5409,18952.2
-1858.61,1355.64,18949
636.605,640.283,18658.4
63.6605,1355.64,19706.3
-321.806,1052.42,19192
225.811,968.373,19416.4
485.017,822.782,18738.9
591.394,752.839,18743.3
250.496,1044.02,18741.5
-301.269,994.206,18264.4
0,-270.132,19186
-51.9392,-1020.81,19405.6
-519.392,702.538,19542.2
-913.011,70.2538,17643.7
450.064,962.12,18101.8
262.495,1365.38,18293.3
-37.0201,910.643,18312.5
-280.496,883.428,18238.4
-859.802,723.518,18692.2
-998.906,0,19119.2
-162.665,287.024,18217.3
-704.996,1353.47,17982.8
684.593,618.66,16949.3
362.371,1090.56,19336.6
-952.185,228.598,18288.8
-457.797,0,19596.6
-715.605,0,19600.1
-560.035,1294.95,19068.9
226.999,2468.48,18257.9
400.715,1621.26,17588.4
9.24526,103.642,18757.8
99.6314,341.305,19409.8
996.314,1245.39,20799.3
225.819,1364.17,20214.4
28.0418,990.729,19695.5
0,-12.3699,18490.8
0,365.215,19361.2
147.635,254.856,19195.1
266.243,311.443,17787.3
565.647,1493.2,17691.2
1035.28,1617.89,18732.1
-235.708,541.854,18917.1
225.999,252.374,19108.6
347.719,1641.96,17392.4
-679.932,359.273,18029.1
-282.068,546.141,19129.7
0,940.517,19321.7
0,1401.28,19163.8
20.4621,1798.04,19154.4
213.949,1946.94,19549.3
250.375,1715.48,19899.4
-1031.29,60.876,17875.2
-202.92,608.76,17569.4
410.244,752.657,18117.3
-2129.39,224.861,18991
-1579.23,448.118,18794.9
-581.065,519.894,19775.6
-95.7676,744.7,20659
760.997,254.332,19949.8
1212.36,-557.702,18026.8
-147.393,309.388,16892.1
-81.5543,651.321,18912.9
0,1316.43,20329.1
-255.496,1487.12,18648.8
234.965,2707.24,21698.1
314.878,3040.81,20017.2
-956.263,2157.52,20209.1
-780.865,2579.2,18098.3
132.642,1986.19,16559.6
280.029,820.119,18264.6
659.145,2921.72,17382.7
-493.003,-110.757,17763.3
-148.672,2235.1,18334.9
-14.8672,395.921,18065
1335.67,1186.41,17864.4
263.089,1100.26,18762.8
-135.878,1937.61,20535.1
-387.586,1295.76,20291.3
-1031.92,0,18560.9
-1144.27,439.366,18273.9
-500.575,1407.47,19369.4
-424.479,1047.83,18521.4
0,-133.682,19669.7
-1224.61,-829.777,17169.7
-1466.7,154.803,17807.2
86.7115,925.336,18335.3
698.498,1211.84,19621.5
1252.58,1211.42,20107.2
902.309,2097.65,19196.7
-346.707,3326.42,18334.3
-241.777,2341.44,18492.6
-1218.05,235.59,18569.4
735.541,2355.9,19759.9
73.5541,2388.27,17487.8
-422.561,906.918,18543.7
-709.432,463.112,19055.7
-704.691,1710.75,18078.9
-324.875,1370.88,17125.9
-662.611,107.108,18225.7
-1550.46,0,19835.4
-1155.17,338.376,18805.6
-525.069,1796.29,18660.7
-175.047,2735.95,19694.8
-467.252,3191.29,19621.5
-1492.57,440.032,18429
-187.375,926.028,19337
974.17,1121.56,19109.1
859.213,913.289,18841.8
248.235,861.031,18071
0,893.355,16851.6
0,1148.36,18012.9
-12.8889,1125.62,19888.7
-128.889,1085.63,18436
377.664,1440.15,19886.1
86.7896,816.034,19194.8
183.515,745.592,18882.8
104.866,982.458,18571.9
1.53012,1038.75,17811.7
149.026,961.337,17742.1
335.313,1333.45,18852.5
499.841,2218.27,19494.9
1189.54,2017.47,18826.8
-1269.66,0,18509.1
-126.966,1109.35,18884.8
-564.397,669.819,18287.3
587.033,1362.99,19167.5
608.058,1650.33,18802.8
316.358,838.734,18661.8
5.43752,-369.576,18716.9
-244.008,-582.663,18984.1
387.757,639.232,20578.6
0,1180.82,19500.7
0,36.5715,18214.8
0,3.65715,19391.9
1052.11,638.251,17522.1
-37.0668,239.344,17950.4
3.61058,500.486,18319.8
1141.54,1925.2,19293
1244.62,1430.89,19575.1
346.764,-407.011,18664.4
383.15,832.189,19059
188.613,674.574,19285.6
4.23096,16.9238,20100.1
532.67,205.114,16600.8
939.333,1099.35,17635.3
1002.1,1089.51,19175.6
420.1,133.076,19160.9
19.5088,-219.678,18530.3
311.281,214.254,18508.4
860.196,604.201,18453.1
874.119,611.352,17374.3
148.079,180.743,17458
0,1807.43,19586.8
674.069,798.282,18758.3
149.793,137.231,19580
175.721,1268.17,19512.7
417.557,724.666,19799.3
1027.87,1158.98,19512.9
1299,1390.77,18882.8
720.352,422.161,18490.3
99.0214,1125.76,18136.9
-104.355,0,19593.9
575.971,0,21038.8
346.311,-288.714,19031.5
1168.78,-64.1587,18600
79.3699,978.136,18144.6
95.6746,568.925,18392.6
-306.876,829.692,18311.4
-566.03,1406.92,18041
355.315,737.234,18608.7
619.165,256.865,19774.5
389.499,1129.38,20271.4
-71.0827,-265.125,18940.9
316.647,348.927,17713.7
71.9455,855.312,19978
56.663,402.781,21571.9
49.0793,909.129,18828.3
82.2246,1558.04,18642.9
-315.633,1304.85,19618.5
-695.803,601.027,19292.2
-185.183,298.07,21391.1
-717.823,154.003,19554.7
1155.02,1540.03,19998.3
479.368,1742.81,18475.5
80.8591,2094.27,19505
-587.594,1534.34,19964.5
-395.91,503.652,19357.5
-50.118,319.474,19021.9
-168.554,383.369,18409.2
-151.458,225.877,17463.2
384.072,790.94,17789.6
78.7269,848.707,17797.9
725.445,0,18309.6
-384.55,-403.977,19307.5
164.994,907.881,18508
409.36,1429.63,20141.6
420.38,2551.81,20126.6
202.986,1623.89,18642.3
150.727,231.971,17781.1
24.5255,764.82,18248.6
-548.148,1615.05,18471.5
404.298,3016.45,16408.4
0,551.738,18859.1
208.492,1124.74,20204
899.523,1385.78,17377.3
654.808,2075.24,20314.7
535.185,1513.88,21158.8
286.529,203.467,19011.6
257.799,201.713,18257.4
72.2225,930.301,19257.5
-1000.18,232.499,18483.3
205.371,1317.25,18671.3
1590.77,2710.02,18340.7
-136.685,2370.02,18220.6
14.7491,466.448,17418.6
41.6417,34.3918,16586.1
574.302,440.743,17643
586.001,1028.16,19084.6
135.45,1042.85,18462.6
0,402.755,17539.8
14.7442,397.443,19271.6
77.6858,1906.84,18292.6
113.369,1183.48,17995.7
-176.211,1166.97,18347.5
83.6165,546.261,18087.7
110.977,2461.49,20408.7
537.88,2080.6,19361.1
160.878,1574.37,18450.3
-502.751,1148.1,18387.8
-41.8381,977.754,17903.4
796.06,2836.76,18799.3
20.4786,1244.22,19467.8
204.786,2118.28,19886.9
451.014,1622.88,19477.9
771.432,1213.42,18587.6
253.409,337.446,18459.2
0,861.072,18304.8
-717.56,1435.12,18885.1
-900.763,861.072,18907.4
220.464,855.271,18690.3
867.985,2759.92,20314.5
411.125,2281.83,19125.6
-157.122,1254.55,17974.2
-399.147,1417.06,18332.7
-32.2227,287.024,17174.9
19.8694,-175.72,17840.4
0,75.8053,18495.5
293.576,1174.36,18640.2
352.291,2733.45,19502.6
0,2625.76,19721.1
230.266,403.774,17515.7
986.039,1816.98,19045
-501.584,0,19840.9
-804.414,647.44,18988.6
-2041.96,-230.993,19820.8
93.5725,1072.14,18809.9
205.506,443.371,18130.4
348.084,108.897,18260.8
858.659,422.343,18152.3
258.941,504.135,17612.3
-169.41,1339.44,17914.3
107.85,861.072,19539.8
-408.505,0,20365.8
-40.8505,1550.5,18395.5
10.8335,409.557,17434.1
253.216,2781,18740.4
-135.23,2269.23,18529.4
108.897,578.341,17969.3
611.326,1066.22,18416.2
355.331,2320.31,19046.2
95.6746,1443.68,19120.6
430.536,1294.2,19650.5
0,2508.39,19199.3
0,1347.97,18905.3
0,1303.41,17169
0,1401.94,18446.1
0,1245.17,19401.2
181.781,1688.23,20012.9
598.47,1921.71,19182.7
696.478,1186.5,18037.3
188.984,836.714,19991.1
382.894,1480.43,20285
-967.922,472.786,19134.9
-184.449,1681.77,21199.9
697.758,2035.91,19690.1
268.964,941.881,20253.5
-213.365,753.831,19873.7
-177.804,478.373,18415.6
0,-156.519,18172.4
143.512,-273.909,19065.9
382.699,-97.2655,18947.4
13.4266,-273.199,19791.6
134.266,1644.96,21468.1
2935.85,2248.68,18122.3
582.605,463.152,18226.3
444.5,669.722,17631.6
1023.16,1743.26,17369.4
868.221,1236.03,18882
209.757,822.883,19873.3
-27.7622,1870.81,18937.7
286.546,1772.9,19066.6
0,181.385,21168.6
0,-512.995,18878.4
426.863,1670.84,17828.7
986.498,1742.52,17535.3
-768.636,1481.71,18306.9
-343.262,1016.47,18656.6
672.735,1318.64,18028.6
520.258,1223.72,18362.6
0,777.772,19607.6
95.6746,1713.56,19109.4
625.918,839.146,18972.5
1953.82,3085.79,19047.3
606.759,1600.19,19107
195.565,2200.52,20835.9
-128.593,1554.79,20276.6
-121.719,1104.78,18900.2
456.773,1228.78,17786.4
261.27,953.055,16925.3
-319.226,437.41,17289.9
677.629,1033.27,19313.7
311.72,1603.33,18656.6
0,0,18656.6
510.846,1951.9,18266.2
1001.73,925.001,18678.3
1088.94,940.083,18848.4
911.664,1515.78,18742.9
400.7,905.047,17939
383.798,-203.332,17015.9
669.722,-72.6549,17459.3
131.41,1082.39,19227.5
647.371,1522.15,19070.2
560.276,956.746,17139.5
-621.591,95.6746,18196.6
473.341,1148.1,17282.2
1234.06,1430.63,18627.6
1332.07,571.48,19242.7
1955.72,453.212,19630.6
2603.98,1386.02,19747.5
1705.83,1911.11,19306.2
-200.395,1498.28,19462.3
3.52951,1499.7,19633.3
35.2951,52.9427,18674.2
3.52951,497.718,21303.4
160.021,1925.55,20009.8
157.556,1545.87,18769.6
164.952,2535.55,18880.6
91.0086,2179.51,18638.7
-122.654,834.092,18766.1
199.899,933.382,19276.4
1201.13,1870.27,18750.4
431.564,2678.6,21090
10.2798,20.5596,17730.6
328.985,1068.29,18113.2
-131.568,362.799,18378.1
-487.489,458.019,18871.1
293.831,1624.41,19414.1
546.917,1911.08,19322.1
462.895,903.643,18882.8
586.566,113.848,18494
350.335,368.323,18141.6
1582.09,381.364,18928.9
55.8548,900.892,19924.1
-240.046,951.705,19152.6
-54.5848,191.47,18004
173.508,0,17872.7
99.1476,824.838,19172.8
-140.609,687.365,19422.6
162.224,463.729,18937.9
772.772,1091.8,19045.5
707.615,999.544,19169.5
861.072,1134.68,20024.7
0,0,20468.6
1722.14,2008.83,19555.5
476.146,446.406,18171.9
563.16,792.175,18698.2
306.395,471.127,19110
727.537,1398.37,19623.3
1149.93,2424.98,18973.1
866.143,1799.47,17273.9
1364.64,1602.38,17640.8
1780,1649.86,19182.8
1214.61,-404.871,19613.3
1351.29,287.724,19408.7
506.236,838.333,19418.1
1311.34,1571.62,18722.9
735.996,880.345,18220.6
1017.44,121.91,18371.7
1744.06,0,19032.1
1086.58,214.193,19313.7
290.61,578.71,18654
127.889,33.8777,18549.9
1053.04,0,17702.9
1088.99,737.765,17330.9
218.597,32.4204,18754
412.662,1251.22,18834.5
1096.88,1891.26,17977.5
1276.98,1122.82,18704.7
888.06,1022.25,19938.8
636.76,1499.35,19487.9
981.736,532.261,18620.9
1328.47,1900.65,19484.6
0,2153.71,18418.4
-225.413,911.9,19944.6
403.098,154.784,18678.7
-96.0675,206.543,18670.3
330.777,254.919,19009.1
494.765,114.079,19667.6
332.51,0,19126.2
720.267,672.074,18076.4
1064.83,2237.54,19527
812.178,2004.05,20066.9
105.558,0,19844.2
461.819,902.527,20435.3
865.678,1156.09,18162.5
1277.61,351.326,18326
1140.1,173.913,18930.1
821.398,554.304,18847
664.841,675.721,17965.9
187.909,377.538,18091.8
-562.561,465.299,20060.4
593.747,1567.49,18230
627.442,462.79,18193.8
555.025,46.279,17564.8
263.071,153.675,18425.7
736.304,691.538,18992
314.838,508.187,19854.9
648.024,954.419,20435
1400.19,1740.28,19912.7
979.913,1287.56,19053.1
319.679,327.07,19447.4
1220.87,1503.73,20187.2
0,-769.307,18863.5
163.887,-76.9307,18657.8
1184.51,1206.7,19741.7
790.302,1742.15,20540.2
492.604,1137.68,20046.4
365.813,587.21,18873.2
1113.99,924.464,18033.3
1683.57,1085.98,17646.6
40.556,347.858,17456.9
245.57,1565.36,18317.3
630.682,0,18656.6
637.384,1435.79,18226.4
208.381,1467.16,19366.7
324.267,430.536,20379.9
1201.57,933.2,20014.5
861.32,777.667,20307.3
74.5977,770.252,19634.4
264.66,2060.8,18277.4
598.817,2258.75,19825.4
1156.49,1730.19,18930.6
711.855,1201.64,19334.2
-114.584,-2.21936,17550.7
-19.625,1416.97,20179.3
-317.88,541.562,18272.4
215.186,919.198,17766
513.276,765.998,18145.1
270.303,490.281,18032.7
194.314,857.992,17893.3
316.77,-29.6028,18112
343.503,-133.213,19182.8
770.772,0,19613.3
-328.065,202.571,19891.8
-87.1278,1572.91,19286.7
597.115,1390.07,18911.7
657.607,1357.99,19672.6
1220.93,1382.48,18576.3
858.125,1206.24,16992.1
-345.173,1054.11,17932.2
876.817,1121,19277.7
1942.3,1600.23,17253.5
-560.731,0,19332.9
104.303,1051.04,17943.3
801.036,2115.36,19950.4
287.024,1594.59,18911
433.335,1663.51,18344.9
1012.76,1243.59,18430.4
973.322,336.75,18892.1
334.861,-14.5305,19320
170.085,248.276,18994.7
852.667,1487.49,19951.2
872.83,1958.82,19484.1
-225.072,373.153,17684.1
-34.8093,143.202,19535.5
226.005,38.9282,19195.9
565.398,234.496,19587.2
369.723,1043.77,19297.5
382.699,827.925,19137.8
1001.77,-365.508,19516.2
781.452,-87.5434,18196.8
-422.724,60.4497,18254.6
453.373,604.497,18103.2
83.3304,22.4566,19500.3
8.4429,650.242,18144.3
0,861.624,17999.6
0,583.84,18728.3
590.137,938.233,19337.9
708.164,1438.54,19724.9
207.301,667.241,19937.7
549.69,-813.753,19525.1
68.8978,133.088,18725.5
829.064,3506.91,19485.6
445.86,350.691,20014.2
80.6563,931.767,19322.5
0,349.413,19609.1
287.024,369.548,19508.1
864.486,307.956,18625.6
98.7291,37.9223,18938.6
-996.841,66.364,20614
425.329,233.979,20740.6
229.249,1186,19461.3
374.132,1330.88,19030.7
33.2113,1846.83,19550.8
582.738,854.392,19631.6
397.996,1423.52,20002.1
190.539,1706.16,20714.9
293.641,1306.87,19670.1
264.185,900.071,18500.2
251.365,857.564,19074.1
498.747,1360.88,19505.2
-772.012,2703.9,19377.8
0,242.398,19930.1
481.135,-1.05965,16301.9
106.919,-278.704,17612.7
1483.27,548.435,18127.6
1125.15,520.149,19089.1
470.493,819.158,18724.5
785.643,1524.72,19297.4
955.136,1225.21,21184.9
440.659,117.98,19951.8
998.062,396.135,19027
57.3576,784.674,17871.9
866.807,1230.88,18810.1
319.719,512.832,18577.3
236.699,369.356,18526.2
227.859,836.952,19471.2
100.092,563.013,19365.3
-432.774,88.8914,18310.4
-689.364,769.211,17578.2
142.766,1898.74,17375.8
-36.7208,1424.94,18655.2
1367.29,1333.37,17357.1
702.253,2286.02,19252.7
861.287,2362.98,18170.7
221.041,1711.31,19213.5
737.769,1630.16,18057.4
1277.82,880.096,17776.5
494.5,0,18578.1
-397.15,0,18395.2
343.483,47.8343,18564.7
786.102,355.539,19920.9
1402.85,1402.85,20537.8
747.346,581.598,19606.7
517.601,98.0697,18877.6
364.519,669.722,18448.2
413.314,127.967,18081.6
505.877,634.456,18607.5
833.795,1212.68,19671.7
899.091,589.45,20086.1
0,959.582,19646.8
0,1382.92,19125.8
0,95.558,18226
643.681,9.5558,19257.2
342.059,535.702,18799.6
-636.066,396.812,19326.3
186.605,-387.409,19881.7
532.787,68.2921,19564.9
-410.688,931.518,18871.7
-690.494,887.366,19161.2
403.323,651.193,20279.3
534.741,-220.262,19179.7
374.431,1435.12,18247.5
37.4431,1951.96,20294.6
0,401.878,20560.5
669.722,0,19736.2
382.699,881.268,17812.5
995.107,1767.86,18102.2
1110.43,1981.6,19148.3
-146.468,1632.64,19032.1
-41.1819,883.346,19481.3
-143.216,158.447,18286.5
421.023,2047.76,17871.9
-220.729,1645.94,19235.2
266.981,588.337,18697.2
390.704,100.529,18075.7
414.839,1426.55,18912.7
94.6394,2268.65,19305.4
49.4054,1295.83,18863.9
140.539,306.694,18339.7
-725.073,1087.61,17681.9
-809.277,1213.92,18030.5
0,0,19453.2
861.072,1382.16,19517.8
1390.34,740.742,18592.1
734.197,1016.32,19622.1
1177.54,643.204,19479.8
845.775,-16.3512,17635.4
203.717,93.4908,17988.5
425.444,538.767,20017.6
183.839,561.68,18757.1
47.8373,1700.28,18965.4
478.373,0,17221.4
287.948,-380.85,18082.5
309.687,-84.6334,18943.6
96.1233,103.182,19933.1
0,812.585,20093.5
239.187,1372.77,19455.8
287.024,893.7,18615.5
287.024,82.9771,18144.3
772.049,244.556,18277.2
65.227,79.6828,18661.3
352.915,-250.917,18554.6
-368.782,-446.807,18619.9
-89.7942,671.683,18817
18.5021,324.028,18998.3
-702.186,644.631,18103.4
-785.189,1380.39,18158.5
-972.229,1032.98,18629
-1135.47,735.982,18652.2
533.968,2657.22,19119.4
511.394,3125.68,17825.1
808.585,0,18952.9
312.149,0,19212.9
141.443,0,19358.9
1362.77,1323.78,17868.8
570.253,1428.34,18528.9
-371.575,559.911,19086.3
-314.353,454.159,19307.5
70.7149,1053.73,20310.6
407.935,1073.23,20977.9
-223.331,1756.32,21547.2
0,341.728,19100.7
0,1325.78,19383.2
-143.766,502.673,20601.2
267.667,1367.19,20615.2
30.3978,735.039,19027.9
-487.86,1427.45,18474.3
-644.736,2265.67,19078
-372.165,1239.85,18745.8
-236.18,1013.88,17936.7
-1062.81,1291.61,20321.9
0,0,20376.5
272.155,1336.21,18239.6
60.4789,2102.99,18915
0,735.617,18642.7
-770.769,304.249,18745.8
-642.308,614.755,18199
0,466.798,17381.9
-428.873,2.07864,16557.3
-1143.66,493.637,16197.2
-43.2513,2196.42,21358.1
-432.513,0,18872.8
-457.205,0,19815.2
-786.162,1530.79,18455.3
-395.313,574.048,17816.6
-651.19,-103.851,18560.9
-478.373,238.042,19233.2
-312.549,963.55,18697.9
-409.783,1827.65,17509.5
365.808,2551.56,16989.9
-95.4858,1796.95,17213.5
-954.859,1917.27,17939.5
-1935.4,545.044,18235.4
-1315.44,425.921,18614.2
-1162.39,555.318,18822.5
-1148.75,307.834,19539.9
-1131.05,989.017,19602.5
-1504.75,1174.05,19708.8
-1706.89,352.201,19774.2
-630.482,860.808,18047.9
293.401,882.182,17435.1
0,1391.15,18178.2
-958.632,139.115,19079.5
551.086,-382.378,20672.8
28.1228,-143.392,19966.7
-1085.01,0,18788.5
-1522.33,641.774,18799
-889.463,770.129,18843.2
-39.6178,430.536,18237.6
-348.482,1269.51,18458.1
-1131.7,700.475,18781.3
-389.485,1540.97,18745.4
-866.469,2108.28,19284.2
-183.894,1199.66,19158.5
-184.323,1743.22,19822.4
-961.816,1688.6,19385.9
-1237.63,1063,18819.8
-669.293,968.784,18878.1
-177.28,961.927,19310.4
-440.991,157.831,19570.7
-710.238,662.4,18526
0,-478.373,19613.3
57.1355,-623.231,19670.4
-96.0629,710.038,16363
-721.723,1664.87,16477.2
-303.676,1733.67,18649.7
-88.79,694.901,18841.9
-574.678,443.487,18553.2
-769.574,1320.39,19548.1
-398.118,1089.45,19264.3
-638.263,1124.55,18747.2
-449.479,657.094,19913
-906.02,176.479,18991.2
-1339.44,-740.782,18811.4
-1311.52,-498.283,18326.4
-1530.77,967.004,18162.6
-1024.52,1300.61,18744.9
-40.2479,1743.57,19255.6
163.131,2550.52,19312.9
-414.637,872.12,19856.7
-399.63,140.402,20625.7
254.737,1404.02,18783.9
42.1848,1381.88,18702.7
-855.638,1517.93,18974.5
-740.226,744.415,19442.7
-136.516,528.627,19224
-454.842,1141.1,19049.7
-1090.41,1344.97,18692.7
-680.466,1131.13,17783.7
196.447,1353.17,17426.5
-339.744,-57.3379,18256.6
-1015.48,1808.58,17955.8
-2247.22,187.861,18169.9
-2412.4,-20.5324,18339.5
-1190.97,456.848,19062.3
21.2345,67.6144,19155.2
258.827,532.773,18360.4
23.5686,837.503,18816.8
53.496,0,19440.5
180.906,114.752,17378
219.965,516.382,18868.8
478.373,0,18194.5
71.5507,1003.35,19807.1
-269.31,222.967,18589.6
-102.967,1168.68,19358.9
-634.949,818.566,17981.1
-1452.22,817.949,16982.2
-1254.88,830.79,18376.9
-590.651,120.467,19387.1
-702.558,692.739,18048.7
811.864,1797.24,19437.4
-239.977,1255.14,19373.3
-199.7,1285.34,19246.6
-291.216,1.127,18645.7
-94.564,-96.2299,17269.8
225.125,0,17891.2
663.159,709.107,19604.8
616.441,1279.4,19832
233.187,979.451,18798.8
320.417,612.329,19169.1
-395.109,279.517,20048.2
0,2795.17,18694.1
-732.796,1140.59,20968.5
75.8032,47.2975,18836.3
-175.747,559.33,17653
-151.565,1450.25,18199.9
-1420.94,888.119,18694.4
-2387.37,-34.0205,17619.9
-1046.22,295.389,16390.9
464.864,1000.74,17283
86.1318,1100.74,18030.8
-2334.23,1420.71,20034
-1269.89,142.071,18273.4
-555.764,1530.79,18809
96.5723,457.798,19645.5
377.644,691.741,18440.3
210.603,1588.55,18266.6
0,1529.38,19677.9
0,766.318,20695.3
-59.9562,304.175,20198.7
-366.375,179.869,17390.2
-965.723,0,20516.2
-745.46,0,18742.6
-144.197,-382.699,19399.7
-199.761,-143.512,18643.9
-914.412,-533.509,18157.8
-666.886,361.914,18862
-309.089,1026.77,19907.7
-628.784,565.96,19698
-153.976,1264.7,18224.1
368.121,153.956,18483.8
64.7233,161.808,19167.3
-374.944,397.597,19265.3
-84.7591,485.029,19145.6
83.5107,2242.78,18877
60.1974,2063.13,18404.8
1339.93,2530.67,18829
1136.48,2277.88,19379.8
-895.738,717.447,18987.3
-491.303,1407.39,19122.2
-1105.82,0,21349.8
-55.7469,0,18800.4
-5.57469,0,16398.1
491.566,875.372,18370.3
-16.2417,2403.73,17802
-99.0314,2062.64,18951.3
191.229,669.602,19591.9
213.889,665.408,18269.3
-22.898,1496.27,17179.9
-55.107,591.151,18345.7
26.7943,214.354,20686.2
0,0,18498.3
-507.696,599.768,20285.7
177.473,1716.82,19589.6
240.636,593.827,17448.9
318.677,530.4,16497
535.91,442,17439.5
501.388,-89.6773,18848.9
-257.774,268.436,19551.7
-1161.87,1515.75,19810.3
0,1904.32,19566.5
0,1879.28,19203.2
430.536,908.699,18620.9
-925.982,156.79,17614.8
-383.121,-35.6697,17706.9
35.8549,-19.6582,18045.8
-307.444,0,19289.8
-244.141,240.97,19994
513.012,879.804,19744.8
341.525,1228.42,20578.3
-1114.79,68.3688,20257.5
1309.22,377.707,17750.3
-283.844,1532.82,18143.3
123.292,655.426,18131.7
714.456,193.326,17263.7
449.57,852.402,17528.6
647.297,1775.9,18301.2
809.656,1801.41,18626.6
-158.203,1416.71,18874.3
-967.495,1858.2,19876.6
-22.9832,1473.34,20757.7
-956.746,0,16743.1
300.653,2022.93,19196.5
88.0728,333.91,18053.7
996.271,1289.43,18031.3
633.215,1654.02,18527.2
-78.2064,959.121,18733.6
-546.967,702.832,17715.3
-591.754,1283.9,17035.3
346.698,1637.28,18648.2
518.498,1291.61,17701.4
305.7,0,18577.3
-122.033,0,18041
36.4029,281.259,19599.3
41.0751,-185.268,20035.9
-225.441,-166.137,19734.7
-194.87,599.259,18611.1
-365.004,719.111,17246.6
-1186.71,704.51,16778.6
-1704.84,2087.47,17378.2
-1135.6,1017.93,17961.9
-392.116,784.232,19134.9
784.185,2623.96,20195.1
514.069,2075.02,17560.2
427.944,1235.73,18939.3
-32.5394,566.657,19606.1
-433.978,-23.8339,18232.6
-146.508,-212.559,17982.3
294.235,572.136,18925
117.768,1790.63,17725.7
573.826,1140.38,17942.7
438.687,-518.059,19134.9
179.008,1079.54,17843.3
511.799,601.086,19448.2
180.663,273.081,18166.2
423.532,443.397,19102
592.13,729.922,20343.2
62.0142,513.624,19676.9
21.9344,29.6691,18902.5
1161.98,504.051,20078.3
121.215,1912.2,20569.7
-1192.64,0,17463.9
-146.012,2529.72,19741.3
-5.94387,1666.7,17126.8
0,604.73,16625.8
334.525,563.159,18862.1
-338.185,633.415,19898.7
-573.406,712.918,19548.9
-195.761,712.436,20015.1
-1076.76,191.349,20841.6
966.939,882.348,20286.6
-425.535,212.767,19293.4
294.479,208.282,19694.4
453.608,41.5568,19634.4
907.498,79.7009,18575.1
704.698,352.311,18427.1
75.9695,1617.38,17664.3
-176.117,1664.4,17661.8
122.216,116.932,19661.2
457.556,350.229,20465
543.718,982.619,18362.9
-486.938,1732.42,17889.4
-909.766,463.982,19290
-641.522,1910.63,19895
-646.752,740.966,18057.2
-273.107,725.359,18058.5
61.8166,1175.2,19069.2
85.9862,527.266,19749.9
-179.321,-324.531,19774.1
-762.4,-121.796,19082.4
-1076.73,-548.08,19298.5
-457.231,0,19467.9
-45.7231,-653.604,17549.8
0,1002.85,18392.6
336.253,430.536,20553.6
-507.53,484.192,20099.2
-1149.87,-62.8108,19534.2
-686.866,-559.565,20321.3
58.6266,322.198,20457
278.047,859.196,19167
253.861,100.5,19773.7
-1531.62,1005,19181.8
-1751.11,899.473,19907.5
-355.099,177.55,18514.5
876.308,513.104,18218.5
165.504,516.698,19067.8
-279.37,710.378,18610.8
-536.243,628.958,18767.8
-1344.02,0,20036.1
-985.905,282.997,19026.7
418.512,1380.92,19298.9
-120.243,1074.39,18531.1
-12.0243,107.439,19474.4
-1218.77,-141.35,18387.7
-837.826,-53.0063,18539.2
-1169.95,-182.571,18197.3
-1272,-16.5425,17851.8
-1421.52,-6.7751,18010.6
-1622.95,-296.617,18454.4
-372.972,0,19127.7
37.4073,172.646,19872
374.074,1726.46,20944.1
-802.491,225.58,20145.2
-186.644,-274.425,18647
334.861,736.604,18695.1
275.34,482.242,19328.6
-1110.39,223.632,18907.3
-1897.18,268.359,18752.2
-841.274,287.024,19382.3
0,706.294,19042.3
-121.318,-291.608,19772.2
-1213.18,-256.43,19174.4
-919.58,-25.643,17080.4
625.657,1873.78,18600.1
67.768,860.678,19384.3
-133.357,90.2914,19217.3
11.9669,952.757,18823.9
165.351,1596.28,18838.3
425.393,1034.44,19296.1
429.761,772.101,19628.4
-128.257,573.566,19389.1
-1282.57,0,18809.1
-23.8115,0,18880.7
23.2101,729.672,18970
-90.5934,1238.84,18756.7
4.46565,1013.13,18313.3
54.4376,399.804,19035
483.917,868.611,19177.6
764.843,1639.3,18680.8
-80.5955,812.939,19997.5
430.536,1859.49,18643.2
0,138.829,19134.9
0,1086.73,19062
-923.392,7.56171,20187.8
-890.155,-86.568,18992
-310.79,127.766,18739
37.8086,144.28,16766.6
-115.116,338.566,16436.8
-510.7,819.558,19160.9
-758.601,794.401,19153.4
-654.978,-103.317,20044.7
5.40659,-5.40659,18205.2
58.898,953.576,19623.9
438.889,1915.71,18835.2
-1078.13,638.882,18745.1
-449.493,-287.024,19174.4
214.876,-687.476,19634.9
0,-290.414,19226.7
60.1879,349.858,18150.1
197.236,-167.095,17927.2
69.6318,256.436,18369
-956.746,84.7631,18605.7
-1296.25,574.316,19286.2
-1047.09,125.742,16884.1
-292.61,0,17844.5
-845.314,0,19416.3
-704.428,123.79,19169.7
0,1028.7,18803
-160.44,2330.93,19436.9
-427.841,2136.23,19155.7
-11.7935,312.478,18810.5
-117.935,1874.18,19017
-114.422,945.861,20117.5
-554.364,522.915,19823.6
-711.287,-379.063,18659.9
-292.544,-297.228,18478.6
-425.93,-56.3464,18897.7
-767.527,-62.9317,18308.3
-589.036,193.479,17204.6
-220.525,860.948,18036.4
537.099,1510.85,19979
-1543.47,-416.702,18964.9
-0.932187,-195.085,19147.6
-2102.8,603.102,16653
-466.474,1515.16,17450.1
135.982,718.19,19003.5
-61.4439,-9.22794,18808.3
-503.042,193.871,18825.1
-664.607,339.274,19052.8
494.489,9.90371,16688.1
115.377,106.629,17133.1
930.938,620.625,19529.3
-761.361,1096.67,19431.4
434.107,1219.79,18485
233.995,371.204,18725.2
-525.07,787.605,19552.9
-1095.1,656.337,19895.6
-949.662,263.975,19382.4
-147.653,131.491,18339.2
165.417,-499.502,17782.5
-878.029,1717.82,19248.7
-212.779,0,20250.9
-408.6,0,18299
555.802,1271.62,18665.2
336.494,2183.09,17220.2
54.7383,1971.47,17424.8
-564.355,1394.75,18863
-1138.97,564.925,19109.9
-808.056,37.1984,18928
0,647.219,20310.4
-92.0125,107.779,19070.6
-920.125,0,18491.2
-92.0125,1288.64,19720.8
-765.397,1051.76,19385.1
-2631.05,1242.77,17916.5
-1309.02,2616.15,17636.7
25.3529,1919.33,17670.8
121.245,233.188,18189.4
-218.357,0,19087.6
-1181.95,261.633,18596.9
-152.346,1220.18,17758.7
0,428.274,17146.3
-1647.58,436.084,18654.6
-629.377,87.3903,18187.5
-100.601,1002.7,18134
-1056.35,508.236,17956.3
-879.399,1033.65,17622.9
-244.642,1488.59,17152.2
-428.124,347.56,17016.3
-248.217,161.128,18012.7
-1177.96,429.018,19098.9
-609.812,215.495,17610.4
-1684.15,-154.955,18904.9
-500.427,170.362,19673.5
-37.3726,123.665,18703.7
86.7361,129.487,19239.7
304.313,804.438,19167.9
287.024,1748.61,18617.2
-273.972,2008.91,18578.4
-1000.21,1217.7,17952.1
-1252.44,17.3441,18663.3
-391.652,173.441,19112.5
117.216,2052.25,18897.1
157.578,1444.37,17480.9
46.0601,433.611,18230.2
-861.072,-160.055,18295.3
-933.896,276.068,18426.2
-259.604,1037.96,19184.6
0,1469.1,18972.9
0,1942.7,17286.4
-65.9439,1941.51,17570.2
-659.439,879.252,18035.9
-1061.59,626.207,20182.1
-1972.81,119.618,18211.6
-656.832,0,19218
-115.196,-541.411,19328.8
-238.317,-163.556,18663.6
-645.582,477.478,18768
-312.137,231.585,18482.4
1164.93,108.293,16692.5
-1005.25,462.876,17956.2
-223.537,-244.403,19613.3
-658.547,-342.537,18527.3
-1251.32,-810.653,19027.4
-416.23,-277.487,18479.5
0,861.072,18542.1
-789.59,717.56,18959.8
-1353.45,0,18897.1
-869.193,30.5511,19088.1
-487.117,241.425,20343.4
-340.374,842.375,20175.9
-537.987,1225.74,19494.1
-1255.1,122.574,18920.9
-260,2268.37,19469
589.918,2107.67,18693.7
471.667,1806.8,18331.5
113.385,1120.93,17645.8
-889.689,256.619,17063.8
-1315.24,0,17962.5
644.583,382.699,19789.6
0,1817.82,20399
0,956.746,19537.3
-204.532,-266.684,19831.7
-18.8235,2055.9,19690.2
9.98549,701.533,19822.5
-603.263,-56.9289,19123.9
-679.684,0,18452
-223.083,14.3019,18451
-108.86,-5.00136,18848.9
-365.719,-80.079,19579.9
-564.89,159.309,20792.8
-2.22588,1593.09,19292.9
-0.222588,481.632,18920.5
46.3001,1417.22,19083.8
-216.315,855.114,17826.8
197.61,-42.613,18100.4
275.95,-62.3444,18469.8
-25.0423,155.574,18451.2
-362.14,-21.912,18652
-995.631,-48.9294,18605.7
-831.929,-228.085,18972.4
-1713.82,-79.0237,19613.3
-171.382,-7.90237,19565.5
65.9722,-118.81,18282.9
-912.013,357.602,17042.5
-535.287,770.775,17746.3
-68.7958,860.387,18395.6
-82.555,491.493,18800.7
-179.135,107.889,19521.3
-581.019,662.751,19371
-461.54,1709.91,18899
34.2953,222.039,19100.6
3.42953,31.1233,20844.7
0,304.438,17562
-453.795,-253.772,18035.1
-844.545,-117.879,18431.8
-620.312,510.789,18940.9
-159.141,650.664,18925.1
0,513.935,18611.9
0,865.189,20069.7
-112.961,466.35,19776.6
-1129.61,172.859,19486.7
-112.961,17.2859,21139.7
-870.713,1148.1,17697.7
-1337.39,1262.45,17591.5
-423.255,861.34,17296.8
358.032,1068.62,18003.3
132.18,1661.78,19410.3
-250.381,1507.39,19305.4
-389.55,693.86,18092.5
-1752.97,1106.99,18271.2
0,0,20029.8
-169.913,127.435,20000.5
-537.712,1449.59,19315.1
-187.483,532.977,19771
-861.072,187.313,19247
-717.56,636.955,18685.1
-136.814,431.288,18016.1
-172.51,165.801,17387.7
119.925,1239.31,18131
-270.766,677.593,18357.9
-74.4983,1509.62,20936.7
-136.669,344.79,18324.8
-318.036,1242.45,17962.7
-372.41,845.638,17702.3
-150.808,369.263,18089.3
0,119.209,17624.2
-271.88,-55.409,17395.4
-624.247,-96.9658,18434.9
-823.477,213.798,18580.7
-1835.08,1101.66,17526.2
891.046,1395.7,19082.4
777.802,3238.71,17580.3
-121.153,1126.63,17368.3
116.676,1261.72,18531.1
-888.509,947.704,18927
-924.454,1170.88,18597
-292.637,825.438,18401
-345.151,-328.805,18686.7
0,391.294,19762.2
-93.6256,219.565,22052.3
-936.256,-468.128,20081.4
13.6081,1569.7,18799
206.271,1636.32,17873.3
-403.322,1072.86,18461.8
-843.612,1141.95,18713.1
-478.373,1271.76,17776.2
-253.354,1044.26,17433
86.1845,1256.53,18684.1
1382.03,2015.41,19474.5
-152.307,821.255,18322.5
-168.151,956.746,16911.2
-16.8151,1863.51,18912.6
-39.2022,937.499,18771.8
-523.548,617.356,19338
-318.157,1069.75,20476.9
166.477,1262.64,20131.3
227.159,1088.58,19408.5
190.549,1094.73,19530.4
678.725,1190.06,19039.3
815.51,894.081,18673.7
478.373,1264.07,18827.6
-250.817,2094.87,20923.3
-717.73,1097.01,18985.4
-244.261,1321.77,18724.9
-34.2151,605.408,17601.3
-213.252,-7.12815,17775.6
-517.259,556.952,18631.9
-497.404,892.222,18525.4
52.9233,50.072,18299.5
79.5945,1238.77,16435.8
795.945,241.202,17462.6
339.757,1145.35,18716.7
-806.981,249.163,17687.5
-1649.42,0,17423.3
-757.213,883.657,19051.7
-385.732,1234.12,19339
-539.038,775.63,18643.9
-420.304,380.507,19068.8
-1049.35,749.317,19321.8
-1383.84,2465.68,17989.1
-1060.53,-852.961,20592.7
-680.314,-85.2961,19615.2
-2298.38,-257.274,18952
-780.524,1175.94,18937.9
-127.313,1337.76,19505.1
-430.496,763.782,18789.4
-1278.78,305.874,18069.6
-1562.94,232.642,18511.9
61.5483,620.38,18433.5
-205.551,143.512,18815
-1562.29,1435.12,19583
-793.63,579.65,19185.3
-141.645,-9.79665,18139
-102.865,1866.28,18975.8
-767.91,2642.66,19004.5
-1262.63,1294.45,18298.1
-946.95,211.385,18504.8
-511.179,780.285,19200.7
-697.172,1260.65,18563.1
-73.2428,978.081,18439.8
-1107.3,2294.72,20419.5
-110.73,229.472,18584.8
-796.064,1029.42,17541.3
-298.524,387.582,19596.9
-444.691,0.885147,19263.4
-587.277,171.729,18850.2
-443.364,849.256,19229.9
-320.815,1165.05,19107.7
-261.009,144.3,18564.8
-1157.15,227.785,16627.3
173.941,521.824,18134.6
-510.532,1579.55,18409.6
-255.917,339.414,18369.2
-418.026,988.989,19904.5
-1616.48,565.136,18954.4
-1052.71,957.645,18746.2
195.805,1304.44,19459.1
96.7129,702.242,19060.7
-54.3542,1183.46,18726
-374.533,159.162,18875.6
-562.093,0,18459.2
-56.2093,1997.75,20566.1
0,1873.56,19619.7
-191.789,2050.59,18857
-109.593,1253.99,18943.6
-693.275,108.904,18739.7
-682.981,486.866,18767.2
-595.181,1307.67,18600.3
-2591.63,371.956,17323.9
-1366.45,1577.4,19667.6
257.817,-441.113,19430
-511.211,279.968,17872.8
-1520.49,266.478,18945.1
-2248.41,1221.58,18309.9
-1346.46,356.877,19291.6
-1300.63,-102.908,19818.4
-1198.86,964.198,19329
-680.999,1243.13,18479.2
-1816,-363.199,17115.2
0,47.339,18155.4
0,473.39,16753
-1606.9,1223.71,18666.3
-357.09,261.415,19435.4
544.757,-62.4826,19391.8
479.566,1300.36,19968.3
226.134,1113.39,19530.8
168.122,166.087,18248.6
113.814,810.105,17826.4
-64.8451,1385.21,18340.3
-291.803,165.069,18553.8
0,1650.69,17915.4
45.6181,691.835,19636
769.997,1261,19653.3
-487.833,738.049,20179
-835.851,45.1912,19255.9
-656.238,116.513,18793.2
-218.688,372.12,19136
245.481,176.546,19060.8
-281.123,70.1076,18606.8
-630.764,315.484,18087.8
-851.763,0,20002.2
-394.057,231.66,20634.9
660.194,1144.73,20141.3
457.418,686.127,19788.1
105.203,13.7111,19354
239.187,487.861,19414.1
303.755,746.257,20024.7
29.2787,29.2787,19899.4
157.113,387.74,18420.5
602.322,1653.32,18174
-1046.84,-915.128,18136.6
-1849.89,-1639.02,17662.2
-387.823,909.74,18829.8
-684.07,470.112,19455.4
-260.64,521.03,19057.6
401.956,880.642,19157
351.924,1109.37,19804.5
-554.561,1003.85,19295.6
-1478.05,156.517,18048
-91.3254,689.104,20270.2
-913.254,-152.209,18352.1
-208.929,-15.2209,17569.7
-1018,-661.245,17255.5
-1011.67,56.887,18006
-196.112,174.202,17518.1
53.8772,-130.983,17114.6
-104.787,-348.529,17980
-65.5229,44.2141,18827.2
-126.78,1106.32,18425.6
215.766,377.106,18680
0,-524.35,16743.1
369.96,8.14094,17193.8
220.16,13.4613,19001.5
51.7299,-136.408,19090.3
-209.823,286.277,20310
-174.853,303.52,20385.2
-399.679,348.738,18842.1
-601.257,413.929,18257.7
138.873,-567.356,19080.9
-409.733,-163.766,17903.9
1435.12,329.898,17402.9
1431.57,3467.82,19389.9
-729.336,763.295,17620.8
-197.171,820.915,17743
299.738,1237.93,18212.9
378.968,1985.66,19107.7
-237.784,1563.1,19905.6
-543.88,278.376,19623.8
760.185,940.176,18767.1
-688.043,-177.747,18560.8
-1824.65,0,18923.1
-182.465,-412.709,19473
0,1587.87,18580.5
663.912,1791.69,18897.1
635.163,1445.42,18305.1
165.238,424.047,18216.2
-159.132,-272.649,18232.4
-177.858,598.557,17947.1
120.799,1837.75,19027.7
420.402,1107.51,19781
-1231.95,203.169,20159.4
-1697.99,1275.09,19520.6
176.112,996.827,18432.5
-419.117,269.246,19363.5
-352.224,200.679,19515.9
237.768,-308.305,18250.1
456.389,-592.688,17688.8
378.539,515.624,18326.3
50.8257,1736.37,18046.4
-903.373,1134.03,17690.2
-1820.29,-291.967,19228.1
-931.41,720.184,18881.2
-1397.21,1314.62,19268.6
-1243.45,430.536,17393.3
-1362.25,-426.2,17578.8
-789.727,105.294,19153.4
-685.574,501.984,19586.5
-1077.96,271.56,18974.5
174.333,1097.53,19483.8
-95.6746,525.165,20586.8
-956.746,-930.326,17647
-391.2,-166.914,16846.2
469.507,444.018,18506.9
451.659,967.87,18575.8
185.861,219.965,18476.2
35.376,465.557,17685.7
-234.03,894.295,17959.1
-543.709,933.651,19460.4
-334.734,2086.58,19159.6
101.603,315.328,19499.2
-19.721,46.0157,20543.8
-277.201,865.673,19522.9
-397.877,528.064,18592.8
-461.217,1242.62,19469.3
-1473.8,637.914,20162.3
-1011.06,1472.69,18883.7
-138.201,2407.72,18417.4
-280.434,1609.86,19542.8
181.605,1609.62,18743.4
-171.428,1383.32,18522.4
0,79.6357,18191.5
-328.814,7.96357,17318.4
-1263.85,0,18369.5
-1158.03,0,18028.6
-1267.64,249.753,18048
-1118.48,162.568,17607.9
-481.107,-171.636,17701.2
0,-204.688,19037
-322.385,0,19855.1
-1450.73,-3.31189,20605.7
0,-33.1189,18656.6
-1212.28,1288.3,19741.4
-86.8082,1687.81,18514.9
151.912,190.432,18178.2
47.6812,-198.077,17637.8
0,1283.57,17249.5
-135.73,1793.98,17822.2
-335.96,715.082,19219.8
-306.925,754.363,20287.7
-199.962,127.622,19777
0,1276.22,18444.7
-721.192,418.278,18775.2
-493.685,496.567,19237
-334.774,371.733,19127.5
-119.853,683.541,17967.6
-478.373,-72.1045,18439.5
-574.048,-751.301,19496.4
230.037,-90.3781,18938.4
790.503,230.735,18106.6
808.245,150.793,18210.3
114.316,1507.93,18178.2
11.4316,640.362,17272
0,259.626,19496.4
0,1061.15,20254.3
-34.1754,556.96,20152.8
108.51,429.341,20336.1
154.286,532.296,20144.7
-166.913,212.406,19037.4
-598.822,566.417,18548.2
-894.608,-77.1431,19659.7
92.6578,-771.431,16342.3
620.853,647.062,20646.2
270.864,160.934,18519.7
50.6084,0,17708.3
0,0,19771.9
-482.306,-160.769,20081.8
-578.767,316.843,18589.1
125.42,892.089,17904.1
426.933,0,17743.2
438.659,-182.935,18216.5
225.008,-1829.35,18740.7
254.124,413.804,18367.9
604.173,1161.63,18786
207.263,385.881,19734.4
0,492.241,19928.1
265.023,675.225,19705.3
432.105,240.756,19144
393.949,17.1801,18924
518.171,248.444,19631.8
13.235,-710.88,18255.8
132.35,0,18310.5
-628.049,427.523,19275.3
-39.3057,1243.1,17829.9
359.218,473.569,17651.1
-753.699,885.662,18267.3
-780.71,717.56,17919.9
382.699,854.109,17795.5
441.04,1246.56,18904.7
-514.145,-609.255,19135.6
430.536,235.906,17782.6
0,0,18134.6
-703.909,0,17823
-210.35,590.747,18308.3
-1023.45,222.434,18591.1
-350.968,889.737,18721.3
578.252,1003.02,18750.2
532.946,54.3977,18689.7
250.873,-455,18671.2
382.699,38.402,18802.2
-61.1364,172.809,18685.8
-611.364,0,17221.4
-61.1364,1291.61,18335.7
0,287.024,18687.8
28.5353,1004.58,20328.8
303.33,596.793,20193.8
-4.28438,620.491,18916.1
-985.058,721.844,18371.2
-1226.51,-143.512,18663.5
-194.351,-461.283,19163.7
-784.918,-410.478,20816.4
-776.55,-568.471,18268.3
238.331,215.696,19435.4
-36.7562,1546.16,20048.1
-40.1157,557.097,18411.3
-361.24,0,18921.5
27.7195,219.168,19210.2
953.971,528.155,18700.7
550.145,321.044,18874.7
-1122.41,-295.748,18979.2
74.6478,384.825,18578.8
-215.584,0,20260.1
-605.248,0,19247.4
216.659,-36.3306,18023.2
-135.866,-13.624,18225.5
31.9867,-206.355,18301.9
-127.446,-592.939,18295.8
-336.781,-576.399,17998.6
137.616,-106.959,17799.9
366.975,250.189,18880.6
0,1009.26,19616.8
0,956.746,18178.2
358.169,334.454,21550.1
-628.283,110.583,20783.5
344.964,1674.91,18814.9
348.81,712.674,18718.3
-113.366,-193.409,19525.2
55.3107,0,19438.9
47.8373,-12.33,18335
-765.397,-32.8801,17631.3
-143.512,0,18507
-1435.12,0,19030.8
1278.37,1822.23,19124.5
696.655,404.94,18746.2
663.844,781.633,19472.6
613.986,59.9076,19756.6
425.29,-90.0382,18691.3
-497.444,105.801,17929.9
-1210.25,-53.0659,18474.9
-150.036,481.04,18793.6
-647.172,-705.608,18530.2
279.922,1236.67,17979.7
270.351,42.8805,18857.8
1095.97,717.164,17704.5
993.642,275.669,18120.9
60.9236,580.972,18843.9
-236.302,656.638,19310.3
0,206.994,18982.9
523.652,455.734,18220.7
1396.41,1369.43,18245.4
-150.684,663.513,18231.3
-1506.84,-301.369,18709.2
-519.593,-891.209,17493
268.422,-191.349,18779.5
822.959,1004.58,19282.9
395.176,838.798,19087.1
-916.089,205.314,19136.6
-1101.91,-19.6739,19842
-4.54903,-65.5378,20441.2
20.0478,-52.9795,20275.5
138.052,631.982,20761.6
478.373,1112.3,20558.3
90.0205,195.597,17073.7
9.37405,18.7481,16645.8
0,0,18385.1
167.516,502.549,18799.9
-190.081,315.341,18842.8
-763.754,258.559,19664.3
-644.247,783.919,19868.9
-100.011,397.308,18403.5
-622.18,444.349,18452.5
-1721.31,268.224,18866.7
-149.249,-788.486,19992.1
-1076.4,-364.044,18882.1
-136.824,603.258,19102.9
-748.359,203.52,19606.6
-1195.45,-219.365,18405.1
-1122.53,-98.7112,18583.3
-987.835,-171.262,20500.1
207.207,-205.615,19432.8
398.437,870.016,19020.7
0,731.415,17672.1
0,-353.814,18995.8
0,-94.8791,17904.7
-819.101,-149.379,17333.5
-749.374,102.185,18750.3
411.732,227.685,20242.4
441.567,802.203,20201.2
-440.685,1406.72,19299.9
302.735,765.894,18824
-457.828,1649.34,18119.1
-979.938,364.145,17972.9
348.677,2156.82,17711
200.773,471.202,18438.3
-801.418,0,18473.4
-893.488,493.915,18556.9
-1252.38,436.187,18442
-1089.08,502.31,18815.5
314.534,827.401,19757.9
475.998,-15.2758,19780.9
-1481.34,-68.7413,19464.6
1510.83,0,20847.1
151.083,1178.6,20129.5
-786.134,141.258,19862.7
-1022.19,-227.092,17971
-349.873,-103.912,19016.8
54.8142,717.56,19450.2
-296.059,1453.19,19077
-439.771,749.184,19246
-52.0925,-695.765,18325.9
-1108.97,400.381,18790.9
654.463,870.38,17656.6
436.78,829.705,18675
-336.867,25.242,19028.9
-554.46,1014.49,20063.4
-226.966,815.349,19930.5
-455.111,171.404,18042
-407.675,0,18193.2
97.5901,144.713,20300.8
-290.228,488.479,19196.9
200.978,467.371,18636.8
-2295.58,57.7706,19613.3
-1628.76,-344.023,18402.4
-952.935,110.488,18290.2
-240.751,309.618,18740
37.0653,247.787,18516.1
-686.672,810.223,17323.1
-1173.38,1505.51,17751.5
-641.623,1286.84,19323.2
-316.155,860.84,18859.7
-423.705,2060.62,20729.4
-1421.11,956.746,16757.1
-142.111,95.6746,18590.3
-534.232,0,19627.5
-972.828,-102.769,18287.5
-441.424,560.742,17518.7
-106.672,923.481,18291.7
-272.069,1015.47,19134.9
-165.397,1268.68,18991.4
231.234,1084.14,18895.4
44.9777,716.41,19871.8
449.777,0,20063.1
351.71,1533.66,17145.3
277.12,1129.69,17524.1
327.2,295.828,19202.1
142.195,1688.73,19132.3
-142.562,1215.61,19662.4
-905.491,-10.5045,20029.6
-1660.79,483.359,19090.6
-1001.5,636.058,18921
-138.26,1649.77,18076.6
-1382.6,-215.761,18178.2
-848.517,414.436,18614.2
-656.851,429.569,17243.3
-1191.71,921.522,17317.9
-3121.25,-363.759,17638.6
-2780.74,215.968,18971.5
-789.691,1478.92,19772.9
0,701.238,19252.6
-13.0059,13.0059,19312.4
-146.556,-29.5033,18177.3
-880.297,-880.297,17584
-1740.09,-88.0297,17327.8
-2457.23,-471.002,19238.8
-3167.26,-19.0558,18661.6
-1402.7,2203.01,18209.8
-1543.59,1521.62,18959.3
-2295.03,770.466,20051.9
-1170.76,2245.88,19960.7
-865.971,1057.49,18277.2
-188.999,226.883,17564
-1889.99,2114.24,20570
-754.214,965.045,16264.7
-2042.04,1826.32,18084
-263.589,1889.96,17915.8
155.9,689.798,18529.3
-420.426,688.631,18842.2
-1334.64,1464.4,18943.2
-2068.58,1055.82,18566.3
-2193.38,-3.06764,16457
-4907.94,92.417,17572.8
-2410.7,1062.21,20321.4
-1344.05,515.441,18381.8
-2267.52,199.853,19544.7
-1801.04,40.8432,18805.7
-693.932,721.258,19244.3
-1038.53,1654.67,18918.4
-1648.35,1264.35,18351.4
-899.213,613.011,18944.5
-326.84,1898.16,18536.5
-1185.59,1457.79,16704.5
0,2722.01,19249.5
-925.891,966.619,18549.2
-654.624,-25.233,20353.5
-168.326,1594.59,18632.1
126.016,2293.77,18369
-1676.08,641.707,18447.8
-2652.69,-386.539,18308
-1160.33,385.386,18398.2
-689.068,201.334,18301.5
-157.47,202.107,20016.1
-1574.7,-169.398,17221.4
-907.933,2025.13,17943
-2478.17,291.588,19237
-543.59,1266.94,18933.4
-115.877,758.725,18751.9
-617.348,489.181,18613.6
-440.263,587.017,18268.7
-717.56,0,17674
-1801.61,588.658,17574.4
503.494,2677.84,20358.9
0,288.757,18458.3
-1397.77,1857.18,17613.5
-597.233,1554.39,17185
-1034.58,1769.98,19039.6
-704.31,1339.44,19254.5
-145.449,1420.31,17950.2
0,1222.98,18514.2
136.97,440.45,20092
405.765,1008.9,18703.1
182.308,1322.98,18783.4
0,1225.29,18354.3
1005.06,982.169,20059.1
906.446,191.031,19316.5
176.201,924.622,19749.2
-45.6924,241.332,19428.9
0,67.0452,19558.4
-459.324,482.202,20091.8
-803.818,-218.116,19250.3
142.749,-1068.42,17370.4
596.361,310.721,17800.5
-460.104,920.207,18638.3
331.368,1383.63,19211.1
108.836,1077.4,18039.8
-1059.41,15.6616,18551.4
138.811,285.708,17175.7
1011.02,371.77,16530.8
786.077,483.586,18360.1
697.745,1246.96,19837.7
356.165,1068.5,18858.5
93.458,68.431,19763.5
934.58,684.31,20636.5
-875.36,-362.105,18208.7
-206.493,-95.6746,19955.8
269.875,-396.578,18924.5
-342.319,-677.002,18253.1
-330.347,-375.322,18683.2
458.863,610.93,18766.6
280.647,1069.13,19061.9
-934.557,254.637,20272.7
-14.5283,1145.86,17579.3
-145.283,0,19342.8
488.942,755.206,16589
494.581,189.947,18196.6
225.951,3.18956,17817.3
485.363,676.045,17417.6
-137.096,828.925,17763.3
-602.771,399.624,18410.7
22.0808,102.624,18271.1
-59.6054,-17.6667,17457.3
-485.357,487.973,19353.7
478.373,375.335,18656.6
-1389.49,37.5335,19232.8
-295.857,-194.308,19502.9
1155.09,23.7256,18591.1
-206.065,55.195,18169.4
-717.56,184.924,17823.1
185.457,36.4515,18131.8
324.55,-121.964,18422.1
-80.9489,705.828,17579.8
-333.178,962.849,20474.3
310.924,2176.47,19445.8
786.148,2158.29,19437.5
167.79,550.425,19881.2
-672.352,44.6886,18833.2
-892.08,253.939,18495.4
-423.232,586.925,17554.6
-576.243,450.37,17178.1
-899.124,327.901,18646.8
291.468,1154.79,19742.4
-66.2284,1228.62,19607.1
-662.284,-331.142,17847
-857.677,140.944,16201.3
-1809.88,38.6796,16709.9
-1242.65,-209.965,18039.4
-704.456,-119.98,18952.5
-682.624,124.27,18663
-454.068,190.252,18077.1
-354.272,192.806,18380.3
-993.577,609.24,19341.3
212.008,1329.71,20053.3
0,381.04,19643
661.687,21.4885,20030.2
219.113,1049.99,18413
166.076,1064.85,19489.1
-125.959,14.0667,19634.9
-1127.93,316.424,18981.3
-1148.1,840.449,18082.5
0,346.939,18183.8
-583.785,581.27,19979
-2701.31,354.888,18337.7
-742.752,-318.322,19773.3
-74.2752,-36.5659,21334.9
-267.281,2295.14,18408.9
-307.734,861.072,16883
78.7314,0,16006.5
164.421,539.565,17324.7
-164.172,1139.99,19252.8
-287.301,1232.93,19008.3
0,1294.92,18056.9
-78.8309,1374.82,19602.7
-788.309,0,16938.4
-78.8309,861.072,17667.8
0,1019.63,18644.5
-1008.51,310.606,18215.9
-920.583,1014.24,18521.6
-286.908,892.468,19895.1
-310.834,56.7178,19655.4
-543.959,167.883,18142.1
95.6746,1055.95,18598.4
430.536,2820.38,17675.1
0,832.086,19904.7
0,1416.58,18864.9
-517.166,544.536,19937
-9.2204,1063.1,20353.6
105.553,744.65,20791
-719.051,161.614,21048.4
-422.877,1897.58,21411.6
615.222,4086.96,21397
-412.666,2179.23,20002.2
-218.966,493.251,19676.8
-2189.66,-437.932,19970.3
-1449.11,-43.7931,19403.1
-2045.23,0,17729.5
-664.45,0,17587.9
100.639,-136.065,18389.4
58.9947,-340.139,19899
214.947,141.617,19969.9
286.771,865.622,18477.2
-479.476,377.644,18965.4
-412.263,11.1318,20960.6
459.82,111.318,19301.9
-197.515,-151.2,19232.8
328.588,600.475,19630.4
-214.989,669.428,19983.7
82.1664,-104.802,18954
239.187,401.739,18355.9
71.7044,1158.27,19400
125.483,489.922,20139
-84.3214,236.178,19206.6
-331.942,1919.71,20674.9
475.038,-943.404,18188.2
1036.51,-94.3404,20789.5
13.7297,618.152,17404.1
-263.299,231.807,18362.4
156.668,-24.0533,18214.5
424.005,151.577,18322.9
245.835,418.808,18760.5
-371.509,372.51,18063.5
-816.044,552.804,17878.6
921.855,2628.61,19345
1359.45,1409.9,19185.4
-483.997,502.685,20552.1
616.394,474.314,19082.9
1198.54,1664.88,17521.7
799.377,866.947,17408.6
469.273,672.291,18263.4
398.663,806.749,18318.2
728.122,369.614,17662.5
1504.02,892.887,18379.7
470.748,-398.53,19542.3
956.746,188.451,17794
666.475,18.8451,18570.3
126.845,0,17931.8
0,1151.65,18384.8
289.237,1232.13,19517.6
367.792,478.373,19303.6
152.113,0,18866.1
44.5419,133.626,19413.9
-224.184,356.336,19040
-1543.33,-40.9372,17472.2
0,-409.372,18656.6
-529.252,1041.35,19308.3
-805.153,240.508,18420.9
-141.404,1223.02,18601.5
-1276.51,698.869,18147.9
-1052.04,1061.62,17368.5
177.809,1462.2,17861
275.673,215.524,18894.3
557.746,-310.942,18386.8
1243.42,-13.9472,18530.9
0,181.78,17881.6
-718.657,770.792,18328.2
-567.723,167.248,18550.2
-1028.92,875.913,18466
-241.977,-16.5673,17927.5
59.251,-430.908,17969.6
-570.142,-105.976,17697.9
-575.496,262.955,17299.2
-223.062,1195.77,18511.6
-2171.06,22.544,17976.8
-365.653,225.44,16237.2
426.028,-208.753,19179.5
630.852,212.628,17387.7
616.216,1773.32,18089.2
-169.542,1326.54,17365.8
-518.056,308.16,17054.2
-213.156,230.503,17855
-405.507,403.381,19198.6
-1081.35,287.024,20542.3
0,1421.73,17341.5
0,1301.24,17967.6
0,-82.1257,16635.2
0,514.749,17941.7
321.898,828.587,17868.5
183.942,353.068,18461.9
577.77,975.359,18841.2
515.732,1170.43,18368.4
-61.1212,-268.344,17856.8
665.772,-801.981,18067.9
-96.9976,-357.774,18747.6
-969.976,310.096,16096.4
-290.199,31.0096,19454.8
126.685,84.8095,18338.5
-1601.44,28.1009,17448.6
-510.971,-2.11582,18458.3
37.1345,-109.979,19556.3
-395.925,-191.878,19434.1
0,-104.831,18556.4
-191.349,-82.1636,17782
-951.72,-309.304,17320
-906.484,604.323,17599.3
-90.6484,757.049,18807.2
-629.64,154.804,19701.3
-1542.23,-16.666,19010.3
-1112.85,-296.547,18024.4
-1022.98,235.316,18141.6
-935.144,878.029,19080.9
-422.631,396.585,19235.6
-781.347,-449.841,18429.5
-174.625,-417.555,19477.6
-1746.25,-1154.12,18429
-1000.91,-115.412,19219.4
-234.567,-561.608,18965.6
796.594,699.539,19602.3
466.114,909.773,18748
0,324.744,18160.1
0,-148.377,17835
-1.10349,-260.395,17543.1
-415.386,-223.056,18495.9
-1856,-1008.52,17973
0,-135.951,19093.6
-408.178,-421.773,18814
-754.055,-22.6737,18299.1
-480.233,-597.915,16446.8
-132.273,-461.12,18071.9
-292.385,-326.583,18834.5
-316.355,-374.853,17612.1
-363.432,-413.857,16937.7
-1130.18,-763.214,17039.7
-71.6009,-408.062,18179.7
-716.009,-954.679,19372.6
-698.649,180.545,19785.7
-938.911,-321.362,19708.2
308.775,130.239,19297.7
-160.571,38.855,18443.3
-597.384,206.635,18124.2
-286.635,339.495,18665.7
-136.716,-332.596,19239.1
-39.1387,-1056.77,18948
-154.374,-1363.35,18250
217.506,-521.734,20265.8
-233.464,-346.066,20109.1
-1586.89,-1212.94,17795.9
-1457.71,-506.287,18150.3
-818.586,-721.227,19160.7
-566.444,-956.65,20482
-1635.37,-1200.38,20231.2
-2221,-1336.18,18393.5
78.9746,-363.372,18351.6
327.183,-936.222,18825.9
-282.031,0,16853.7
-343.871,-588.37,16402.5
329.327,-164.303,18494.5
393.925,-1233.19,19166.1
-436.714,-1560.73,19313.7
-480.177,-916.511,18710
-747.177,-1156.88,18673.4
-1660.8,-2512.06,20110.1
-941.98,-2595.42,20842.3
0,-891.391,19091.8
0,-303.195,18703.7
872.522,-1071,19342.7
193.894,-962.951,18425.3
229.307,-485.492,16256.4
-574.37,-431.972,17474.1
-771.888,-608.903,19666
-796.844,-422.568,20909
-1072.19,-149.151,20173
-433.944,-774.791,17882.8
-1243.63,-1923.33,21357.9
-616.057,-1589.13,21356.4
-61.6057,-1881.06,18536.8
-996.178,-1226.96,19053.9
-614.332,-1012.61,19387.4
-711.628,-259.996,18465.3
-1524.15,-513.759,17440.3
-1645.49,-945.584,17877.8
-501.466,-163.339,19107.4
485.367,457.391,19041
-217.883,-204.616,18645.9
-2178.83,-2046.16,18471.6
-2327.39,-678.329,19412.8
723.232,-105.27,18131.1
40.9071,-1204.08,19335.4
-1349.82,-1775.47,19118.5
-1308.4,-1007.63,18149.1
-452.319,-504.427,17816.8
0,-804.488,18281.5
-51.6846,-462.744,19041.9
-199.201,-501.872,18509.8
333.8,-367.106,19168.2
889.802,-41.3609,18277.2
318.375,-85.9133,17965.2
48.022,-31.83,18699.7
0,-472.912,19095.9
216.075,-394.093,18988.2
117.909,-499.096,18293.4
-523.924,-1057.76,18227.1
-697.642,-332.73,19835.8
23.2876,550.376,19235
-1554.04,-1643.9,19404.5
-1379.26,-577.988,18283.9
8.72796,-295.917,19501.2
-1064.65,-572.495,18502
-1002.27,-523.729,18332.5
-278.119,-666.218,17960.8
-100.637,-592.702,17922.1
-347.61,-487.443,18861.5
-467.932,-1249.59,19116.8
-61.4406,-478.285,19847.9
-136.918,0,20364.7
-1196.69,-788.668,18541.6
26.0033,-175.26,18116.6
-252.293,309.095,18297.6
-609.629,-110.398,18638.8
-809.546,-720.975,17793
-652.114,-578.146,17405
-385.355,-79.3266,17756.8
-728.056,-371.739,16795.2
-439.316,-735.024,18657.4
-188.221,-141.166,21769.9
245.318,-14.1166,18592.8
58.6978,-136.249,18437
-446.324,-720.816,18940.3
-255.042,-437.116,18793.5
-44.971,-275.54,18841.4
47.3722,-264.905,18944.1
323.151,19.8197,18537.5
457.637,275.231,18408.7
173.818,1107.85,19245.6
-1358.17,-1306.86,19032.3
219.99,-280.144,18918.3
232.441,-185.121,21307.8
-947.069,-1567.8,18829.9
-657.197,-1108.79,17461.8
-69.2911,-204.541,17485.8
-118.46,0,17751
-438.389,-77.0277,18584.9
-571.049,-227.993,19548.5
200.302,-196.463,18365.3
-29.7323,-948.251,16760.1
-2.97323,-1198.45,18803.4
-1273.22,-881.859,18901.8
-1494.17,-689.252,19164.9
-1556.68,-228.71,18594.8
-1056.27,441.521,18363
-538.936,939.557,18484.5
-432.451,623.8,18539.4
154.738,-346.088,19172.4
513.552,70.7895,19312.5
-1827.71,-939.59,16419.1
-69.5153,-207.215,17571.7
25.168,-25.168,17902.3
-960.978,-815.35,17630.1
-660.36,-465.914,16930.3
-92.6917,0,17449.3
0,-267.703,18964
-107.284,-575.763,19290.9
-260.539,-559.09,18006.2
27.0194,-1372.01,18438.5
-879.626,-1435.12,17738.4
342.573,-276.031,17273.1
-438.196,326.465,19900.3
-120.568,-201.393,19820.7
45.5051,-484.469,18706.7
239.187,-296.068,18979.5
159.07,-211.636,18863.5
-318.361,-450.461,17932.7
-509.637,-761.481,19414.2
-1178.05,-1255.74,20855.2
-179.892,-956.746,17879.7
-473.337,31.2957,18730.7
-988.647,-676.151,19233.8
-1619.2,-933.86,18666.4
-1596.16,-382.699,19090.4
-1310.11,0,18039.5
-991.578,-195.688,16784.4
-799.188,-753.503,17794
-1087.48,-1096.13,19112.2
-1194.21,16.3444,18919.8
0,163.444,20558.1
-1718.32,-326.554,16777.8
-381.849,-362.754,18579.5
-807.691,-107.458,19223.7
-507.688,-46.1503,20894.8
-38.4586,-38.4586,20375.4
-266.832,-369.237,18976.3
-685.83,-974.477,18888.3
-775.015,-1065.89,18381.1
-861.072,-867.145,20015
0,-103.973,19238.9
-1052.55,-393.348,18235.5
-861.281,-712.482,16642.8
-2343.76,-235.268,16536.2
-1350.56,-72.8515,18856
-500.005,-399.684,19900.6
-360.516,-469.294,18955.6
164.127,-219.016,18902.3
-287.024,-302.728,20289.9
-1362.04,-213.209,18921.7
-704.299,-1661.05,17473.9
-493.432,-1472.78,17677.2
-417.027,427.021,18249.9
-121.135,269.023,18186.7
-237.248,-524.271,19245.5
-484.341,-580.211,19188.3
-343.962,-171.981,18287.2
-82.8963,-634.663,18928.6
-221.057,-1692.44,20481.3
0,-62.6848,19415.9
0,-626.848,17996.8
-694.581,-525.739,18822.1
431.296,-688.548,20172.1
219.618,-222.114,19540.5
-1119.48,-512.347,18302.5
-932.904,-985.937,18365.6
-516.426,-1117.15,18986.6
-903.746,-750.55,18730
24.7793,74.9268,17944.7
128.579,-112.747,17312.1
170.726,-1127.47,17973.7
-1492.24,-1046.39,19018.8
-1722.05,-1666.2,17914.8
-1163.56,-1460.05,18046.9
-922.912,-885.231,17874.9
-698.875,-542.104,17546.5
-283.488,-393.709,18711.9
-14.747,-466.349,20299.3
-73.005,-779.414,19529.1
-123.019,-113.777,19235.2
285.397,377.816,19621.4
-514.618,355.696,19004.7
-449.127,-1243.05,20354.6
-1041.78,-635.914,19301
-704.581,-1067.85,18942.4
-149.713,-1170.78,19508
0,-418.953,18950.9
-574.048,-145.607,17285.9
-1743.43,-452.154,17277
-956.877,-387.882,19290.6
0,-1004.66,18775.9
-125.189,635.416,18502.1
318.406,163.529,18546.6
129.835,-871.891,19141
-735.381,-1152.94,19442.4
-1033.93,-966.708,19546.1
-959.117,-590.06,18954.5
-794.118,-172.176,18609.9
-139.869,-63.7556,19706.5
-700.653,-47.8373,18167.7
-712.436,-478.373,18904.3
-309.054,-404.554,18607.5
-1182.27,-1171.35,18985.5
-148.479,-744.391,17960.9
435.6,158.238,16875
-31.0491,-123.244,17413.4
-778.307,-906.82,19271.7
-1058.66,-1134.23,20232.6
-855.527,-1114.36,19206
-839.207,-77.9189,18982.6
218.644,-779.189,18970.6
-542.569,585.394,18821.9
-125.43,-234.425,18302.7
-778.437,-737.526,17843
-185.062,-626.647,18301.1
-654.223,-698.575,18985.5
-1601.13,-724.874,19006.3
-1470.27,-323.143,18567.5
-1446.7,-208.249,18337
-844.889,-705.189,17827.1
-2955.83,0,17785.4
-295.583,-1055.05,19509.4
-50.7895,-285.244,18814.6
-233.979,38.8941,20067.9
20.4113,33.1087,19614.9
119.359,130.878,18013.6
-939.066,-207.964,19195.3
-1721.37,-716.79,21430.2
-208.024,-247.114,18845.4
-130.516,-236.742,16680.8
-1305.16,-608.336,18482.3
-1245.25,-1547.15,18951.8
-1047.67,-295.741,18691.5
-299.98,331.914,18888
0,51.5858,19265.3
-902.198,-436.184,19416.7
-1465.02,-775.124,19291
-1224.28,-734.141,18912.9
-1480.3,-173.275,18481.7
-97.7069,-208.65,18766.1
-977.069,-2086.5,18198.5
-176.883,-990.545,17670.5
-1444.85,-1166.55,17279.2
-1175.65,-615.066,17762.2
-873.745,-256.487,19374.7
-813.952,-141.923,19991.1
-651.859,-52.5447,20193.7
-475.858,0,20269.2
-655.277,47.703,18497.9
-1079.36,214.663,15929.8
