-2520.97,-46.0837,9440.93
-2457.13,59.2432,9512.59
-2471.73,44.2404,9446.59
-2460.95,25.4973,9544.72
-2484.36,30.2099,9511.43
-2504.65,101.718,9473.67
-2497.45,114.032,9469.92
-2486.16,65.1656,9439.01
-2496.79,136.938,9452.91
-2535.6,149.028,9498.51
-2466.79,197.414,9518.11
-2526.51,99.6293,9454.51
-2529.7,115.331,9440.07
-2490.47,66.7702,9488.67
-2461.21,23.9025,9501.96
-2443.07,-19.2319,9457.25
-2383.81,-69.0558,9474.85
-2365.15,-114.079,9548.45
-2495.38,-129.331,9517.37
-2500.18,-49.4935,9492.16
-2545.4,-107.367,9412.72
-2580.48,-64.1409,9521.78
-2637.34,-54.1311,9607.98
-2606.59,-114.502,9605.82
-2580.95,-128.587,9582.38
-2510.87,-61.6238,9462.53
-2430.91,-35.4774,9410.21
-2434.45,-35.5547,9504.96
-2489.72,67.6221,9527.55
-2481.07,36.5646,9540.18
-2527.61,142.137,9514.92
-2532.48,75.2221,9544.47
-2510.23,2.51519,9494.75
-2494.38,5.83364,9531.25
-2535.91,100.41,9489.62
-2595.39,124.407,9423.63
-2679.63,86.8056,9395.77
-2745.57,26.467,9385.71
-2713.14,-79.0669,9377.05
-2733.34,-6.16403,9399.81
-2648.49,-95.3888,9557.27
-2682.79,-68.9722,9532.04
-2703.64,-18.127,9540.9
-2795.29,-54.5193,9389.55
-2778.85,-39.1483,9337.33
-2724.24,-30.0901,9433.44
-2638.21,-73.0874,9534.08
-2486.2,-117.58,9571.04
-2377.47,-143.52,9573.58
-2419.62,-207.993,9429.18
-2431.32,-65.3214,9402.9
-2614.87,-28.2644,9373.85
-2663.19,-32.9004,9449.19
-2647.53,-119.996,9433.39
-2683.45,-28.4754,9468.44
-2659.25,5.54038,9514.67
-2605.36,-63.9324,9484.08
-2637.68,-91.9993,9421.73
-2708.87,-86.8268,9440.88
-2684.06,-54.7803,9487.73
-2520.62,-15.0036,9443.37
-2602.38,-23.0482,9334.35
-2574.38,-30.6193,9376.13
-2510.17,-113.227,9519.52
-2501.32,-205.956,9624.37
-2555.5,-160.878,9562.99
-2641.8,-55.8123,9434.92
-2701,-10.8576,9383.51
-2684.4,1.49766,9405.12
-2646.98,-64.673,9492.3
-2602.48,-11.8155,9452.48
-2658.75,-31.3485,9379.18
-2612.32,-28.5654,9435.33
-2594.14,12.9434,9402.86
-2594.28,42.4819,9505.54
-2555.69,84.3524,9512.65
-2504.06,128.496,9437
-2481.41,148.091,9445.33
-2480.89,166.39,9470.92
-2531.11,188.038,9480.39
-2551.51,52.1373,9398.26
-2686.63,140.994,9333.15
-2810.25,138.885,9364.73
-2971.89,135.141,9355.12
-3063.57,81.6857,9407.04
-3080.65,51.4689,9461.38
-3006.2,36.529,9471.3
-2911.45,28.1085,9456.52
-2915.21,50.6262,9453.83
-2835.41,-51.7657,9522.82
-2696.02,47.1793,9541.61
-2699.09,44.7983,9576.05
-2594.29,56.3247,9433.86
-2605.88,92.146,9457.93
-2580.63,130.12,9456.58
-2471.06,99.812,9416.55
-2398.92,41.7614,9414.78
-2380.5,7.95085,9479.38
-2313.52,-33.3504,9536.95
-2358.89,-44.2521,9431.13
-2399.42,-6.45498,9305.12
-2519.43,-21.2023,9366.66
-2540.05,-41.2675,9441.37
-2644.48,0.829448,9483.71
-2675.54,8.80116,9514.86
-2645.48,29.3813,9515.77
-2632.87,37.3097,9496.76
-2673.96,-5.76396,9486.49
-2742,-24.0254,9509.3
-2757.19,10.8033,9600.88
-2784.8,-30.6953,9549.02
-2679.87,-57.0884,9522.07
-2684.92,-9.75803,9464.61
-2674.64,-6.0257,9437.22
-2632.21,-11.3817,9474.54
-2591.45,29.0922,9476.42
-2577.65,90.6717,9438.17
-2555.57,91.7013,9434.04
-2496.97,36.4537,9457.08
-2518.26,83.8828,9435.64
-2611.63,58.7439,9493.84
-2594.29,52.5989,9435.57
-2610.94,125.271,9417.88
-2590.4,82.4076,9365.17
-2514.54,67.0034,9431.73
-2507.92,-19.5563,9532.71
-2554.96,-124.118,9543.3
-2568.82,-120.877,9488.37
-2583.94,-65.511,9479.97
-2660.47,-29.4044,9512.12
-2675.24,-66.4377,9490.96
-2652.34,-3.10508,9519.06
-2697.15,-45.3807,9454.47
-2718.87,0.869034,9418.6
-2749.67,30.5249,9415.65
-2759.71,2.14867,9436.45
-2756.9,7.53011,9464.19
-2771.99,36.3876,9454.94
-2777.59,-39.8341,9402.01
-2721.02,-97.8163,9429.93
-2665.19,-87.385,9500.94
-2635.01,-22.8483,9480.62
-2608.65,-26.6088,9448.19
-2629.27,-6.42336,9424.81
-2644.87,19.8913,9403.97
-2641.56,62.4429,9397.64
-2634.14,94.6743,9443.32
-2612.43,114.954,9523.76
-2566.97,155.654,9550.04
-2564.56,133.521,9500.07
-2512.75,87.6421,9489.48
-2397.82,88.0545,9453.53
-2332.51,146.124,9461.73
-2300.96,114.086,9457.03
-2309.85,85.2326,9477.69
-2374.27,137.661,9445.41
-2403.69,200.062,9391.47
-2371.73,188.491,9396.19
-2365.68,137.344,9418.05
-2317.17,100.266,9379.85
-2415.16,127.549,9359.66
-2559.48,41.0555,9336.82
-2668.84,-54.3875,9357.48
-2678.53,-88.631,9394.6
-2729.86,-47.8401,9427.09
-2807.46,-67.9763,9453.59
-2844.32,-164.323,9463.05
-2833.91,-238.09,9452.03
-2807.15,-246.432,9453.26
-2767.39,-225.794,9499.25
-2831.17,-220.267,9489.39
-2862.21,-240.697,9560.92
-2873.99,-252.072,9568.46
-2864.01,-225.405,9623.54
-2843.31,-220.233,9564.93
-2853.99,-214.236,9433.6
-2901.24,-180.363,9357.67
-2932.27,-133.44,9374.25
-2915.77,-99.1719,9420.3
-2937.32,-69.9016,9458.36
-3027.81,-3.24566,9462.95
-3097.81,41.4639,9456
-3078.7,8.70412,9443.83
-2993.96,14.9417,9440.77
-2886.81,59.8067,9445.94
-2792.14,100.194,9426.88
-2714.43,117.09,9402.18
-2637.83,103.377,9410.4
-2579.78,61.7728,9437.8
-2614.59,40.4804,9438.5
-2638.73,-50.0057,9418.14
-2640.61,-154.704,9412.6
-2603.32,-193.571,9436.58
-2588.78,-169.363,9435.66
-2597.72,-165.229,9452.39
-2563.35,-168.383,9489.05
-2504.02,-174.182,9505.42
-2477.43,-196.602,9508.81
-2476.61,-215.306,9543.76
-2478.4,-195.27,9547.72
-2499.21,-122.565,9508
-2507,-180.449,9495.89
-2518.67,-191.441,9454.38
-2559.67,-191.699,9425.67
-2635.17,-153.675,9411.01
-2647.24,-108.521,9398.14
-2616.56,-60.5372,9375.91
-2629.76,-28.6605,9347.36
-2674.82,-66.5309,9340.47
-2685.97,-116.077,9394.35
-2696.57,-39.9148,9467.02
-2687.32,11.2366,9444.31
-2682.7,-21.0742,9418
-2668.75,-96.2151,9455.76
-2673.15,-140.891,9505.15
-2669.98,-148.608,9502.49
-2657.29,-166.101,9476.99
-2661.15,-200.871,9497.25
-2668.14,-207.926,9552.85
-2627.41,-201.841,9552.18
-2693.5,-192.291,9548.8
-2758.67,-93.6595,9568.38
-2744.27,-22.2644,9512.5
-2727.31,4.47951,9492.79
-2720.83,19.5884,9503.52
-2720.95,52.8202,9484.45
-2704.81,71.1997,9398.12
-2684.16,43.5922,9302.08
-2706.49,17.1602,9289.12
-2742.42,54.779,9316.07
-2706.45,46.9572,9343.5
-2684.72,6.49256,9427.7
-2698.83,-3.28281,9476.22
-2671.59,-34.6365,9478.73
-2607.67,-106.773,9468.89
-2597.76,-213.001,9475.65
-2636.91,-314.649,9526.64
-2644.63,-365.819,9609.39
-2616.31,-360.28,9670.89
-2650.07,-353.424,9698.11
-2680.76,-388.261,9670.68
-2661.14,-385.385,9683.34
-2595.95,-416.802,9789.13
-2571.69,-440.28,9806.3
-2552.22,-362.358,9737.89
-2481.41,-258.076,9683.14
-2422.29,-193.572,9672.54
-2430.03,-150.893,9661.03
-2448.45,-106.411,9615.29
-2461.19,-96.2351,9554.73
-2418.5,-114.064,9551.76
-2459.91,-57.4678,9540.09
-2498.09,100.591,9535.23
-2500.23,138.099,9514.66
-2540.46,143.803,9500.26
-2585.21,147.339,9542.83
-2583.35,137.304,9593.34
-2574.78,83.9772,9583.79
-2618.21,-25.1369,9569.04
-2617.53,-102.614,9666.57
-2598.78,-136.216,9773.54
-2681.94,-253.955,9679.65
-2692.13,-310.137,9647.09
-2744.32,-332.222,9680.01
-2819,-363.001,9702.25
-2836.97,-407.695,9713.34
-2816.81,-448.428,9709.22
-2802.8,-453.437,9713.83
-2788.04,-415.51,9754.27
-2807.71,-399.92,9707.98
-2741.68,-366.391,9652.7
-2649.53,-375.692,9649.65
-2670.96,-301.737,9668.79
-2746.11,-154.813,9654.86
-2899.35,-49.2316,9659.55
-3011.85,-16.1727,9707.97
-3040.03,-56.1456,9750.19
-3059.02,-95.116,9761.32
-3106.81,-50.3856,9788.69
-3102.19,-69.4694,9822.83
-3109.73,-177.523,9790.91
-3130.68,-218.776,9780.21
-3138.21,-289.333,9805.68
-3190.93,-410.704,9754.05
-3172.04,-566.785,9667.95
-3056.82,-613.384,9462.85
-2862.99,-440.137,9225.4
-2653.89,-181.834,9140.45
-2551.82,-84.5105,9202.61
-2613.43,-59.8592,9221.53
-2619.08,-9.43186,9227.33
-2664.31,161.19,9319.88
-2765.46,158.801,9446.75
-2858.71,198.234,9559.66
-3012.62,205.741,9608.08
-3116.19,255.686,9654.31
-3221.13,336.019,9707.32
-3401.71,379.016,9705.27
-3572.36,400.196,9651.99
-3760.85,395.945,9675.33
-3874.01,359.349,9723.16
-3912.14,361.271,9718.61
-3924.47,289.358,9685.46
-3926.49,239.928,9638.96
-3776.16,160.612,9561.55
-3588.34,128.265,9506.76
-3468.6,115.428,9485.54
-3388.49,97.9346,9436.46
-3281.11,134.561,9341.99
-3142.08,107.304,9333.79
-3077.36,147.852,9429.36
-3035.82,155.503,9431.71
-3041.89,144.449,9443.72
-2980.87,144.543,9397.65
-2945.86,189.547,9384.12
-2945.19,183.845,9430.26
-2979.39,159.448,9471.1
-3025.46,194.256,9498.92
-3031.69,240.505,9574.96
-3040.76,243.54,9615.87
-3021.55,215.551,9623.48
-3022.58,190.682,9643.99
-2930.23,203.372,9634.66
-2973.8,154.642,9657.26
-2975.8,87.6612,9646
-2942.47,68.8326,9646.91
-2901.45,60.6965,9612.76
-2898.52,29.1248,9524.11
-2964.34,29.5647,9477.46
-2896.27,49.7526,9430.18
-2867.18,-50.6246,9518.38
-2844.68,-62.5202,9549.42
-2818.28,-25.8325,9576.8
-2784.25,10.1408,9580.77
-2768.9,37.1355,9582.57
-2718.02,25.538,9564.56
-2677.12,43.8281,9578.32
-2674.03,101.808,9613.2
-2644.98,100.899,9582.48
-2646.83,114.955,9595.88
-2473.25,64.0239,9526.82
-2479.98,136.196,9510.63
-2525.99,82.4739,9503.39
-2525.37,153.534,9522.48
-2607.62,236.988,9519.24
-2648.07,251.313,9431.85
-2700.87,248.118,9334.07
-2771.02,263.986,9305.68
-2709.89,249.912,9326.8
-2800.15,239.198,9412.2
-2810.11,293.321,9355.45
-2820.75,154.638,9242.44
-2853.28,144.089,9161.31
-2829.62,181.73,9152.13
-2858.34,159.013,9151.1
-2880,122.547,9155.07
-2824.39,136.972,9174.55
-2727.24,185.832,9221.76
-2647.57,204.67,9284.64
-2544.86,188.758,9282.12
-2515.99,278.872,9380.24
-2454.94,232.197,9397.7
-2413.07,244.18,9369.94
-2470.11,301.44,9329.36
-2415.48,368.144,9356.11
-2369.34,412.665,9357.87
-2374.21,402.332,9301.85
-2373.46,373.728,9262.02
-2374.41,393.273,9276.61
-2322.86,384.689,9271.06
-2292.24,416.301,9191.22
-2342.6,405.613,9192
-2367.96,429.883,9166.19
-2404.27,409.379,9237.36
-2410.57,420.422,9268.81
-2503.59,410.077,9232.21
-2593.2,366.614,9186.78
-2584.7,356.365,9186.7
-2623.33,381.406,9214.99
-2738.69,334.209,9183.45
-2701.54,424.847,9140.63
-2720.02,352.123,9191.73
-2874.8,350.978,9331.81
-2919.09,227.709,9351.35
-2952.99,233.253,9354.02
-2918.6,253.26,9362.78
-2911.05,241.124,9365.9
-2988.29,243.21,9415.52
-3003.57,217.695,9534.18
-3017.14,203.605,9536.14
-3070.11,254.527,9431.67
-3098,278.376,9420.35
-3005.25,307.439,9490.91
-3026.5,268.008,9408.51
-2994.11,264.864,9316.63
-3018.36,304.087,9311.52
-3023.26,331.604,9347.56
-2982.82,341.531,9351.08
-3075.57,369.145,9323.53
-3053.83,388.948,9293.29
-2908.47,488.611,9230.12
-2889.99,492.746,9273.18
-2832.03,544.99,9198.16
-2731.93,449.193,9178.91
-2714.98,438.56,9263.01
-2735.83,416.872,9302.29
-2765.98,375.818,9296.54
-2800.28,381.431,9307.35
-2812.5,347.32,9275.79
-2857.76,228.449,9226.46
-2858.68,276.868,9462.66
-2952.33,183.985,9338.56
-2959.97,248.534,9406.86
-2952.59,351.123,9394.77
-3029.82,298.821,9383.47
-3131.31,297.105,9413.96
-3177.56,384.882,9473.31
-3192.05,416.54,9504.95
-3237.03,384.201,9475.51
-3254.54,399.062,9501.29
-3241.32,492.965,9590.74
-3203.92,472.243,9554.22
-3266.21,510.699,9678.38
-3193.18,475.251,9690.27
-3129.14,481.865,9665.74
-3099.47,530.582,9694.12
-2983.27,585.358,9705.78
-2856.49,548.046,9684.11
-2906.55,380.599,9722.43
-2824.86,374.993,9677.87
-2693.01,256.474,9519.85
-2616.77,326.435,9530.53
-2479.1,407.246,9485.26
-2371.36,335.177,9353.49
-2429.01,290.305,9338.21
-2431.86,277.361,9322.95
-2409.52,309.39,9274.43
-2463.13,381.431,9262.97
-2451.92,404.846,9292.95
-2401.12,399.586,9388.72
-2464.48,411.515,9355.78
-2376.73,406.651,9420.35
-2385.43,390.309,9525.59
-2398.83,326.478,9476.32
-2436.95,332.726,9467.92
-2510.91,355.499,9559.81
-2541.71,392.33,9622.47
-2539.38,424.202,9606.17
-2623.41,343.988,9617.48
-2679.03,215.783,9613.82
-2511.27,174.933,9536.76
-2563.89,247.037,9471.79
-2436.28,265.183,9442.58
-2389.92,261.535,9397.15
-2327.61,245.289,9376.6
-2288.41,327.653,9361.65
-2252.86,375.557,9309.4
-2247.82,301.654,9284.25
-2345.12,251.818,9361.81
-2296.24,151.085,9358.78
-2235.62,314.984,9413.97
-2335.25,281.168,9522.82
-2350.79,333.337,9589.69
-2371.09,329.062,9719.66
-2314.95,283.23,9776.66
-2282.56,267.193,9792.84
-2303.07,249.537,9793.61
-2305.35,221.609,9756.69
-2258.32,239.55,9699.34
-2189.82,213.17,9653.44
-2197.68,380.522,9542.71
-2207.43,439.618,9615.37
-2127.77,394.598,9610.22
-2137.97,351.863,9688.7
-2083.77,409.379,9699.1
-2016.84,412.193,9671.89
-1969.32,400.492,9665.84
-1934.99,450.796,9662.92
-1947.9,443.6,9627.75
-1961.64,408.626,9578.23
-1938.62,502,9558.54
-1909.08,495.529,9713.61
-1897,494.992,9719.41
-1932.44,556.504,9742.97
-1935.61,605.629,9767.25
-1983.09,606.646,9707.84
-2029.67,557.799,9622.56
-2038.68,514.265,9617.19
-2072.03,527.084,9648.27
-1996.08,496.38,9586.85
-2071.56,470.924,9634.77
-2072.04,417.878,9596.52
-2110.41,413.728,9577.66
-2172.37,466.228,9556.61
-2241.45,453.412,9535.4
-2274.79,425.149,9571.31
-2328.2,412.347,9570.83
-2426.55,399.908,9514.97
-2503.66,388.084,9541.03
-2595.8,347.585,9529.65
-2464.63,366.558,9536.15
-2607.3,467.888,9583.37
-2566.91,432.911,9666.84
-2465.19,438.062,9693.82
-2380.13,448.692,9684.83
-2272.43,501.603,9651.47
-2192.33,509.003,9588.83
-2156.49,455.316,9534.09
-2075.61,509.178,9513
-2039.46,620.351,9413.05
-2126.82,615.15,9385.8
-2046.71,520.616,9264.13
-2008.7,525.98,9280.16
-2044.29,627.436,9196.78
-2093.49,685.61,9206.1
-2124.6,690.954,9256.57
-2183.81,699.933,9263.49
-2275.38,701.794,9242.64
-2292.07,673.016,9227.29
-2189.18,748.755,9206.13
-2223.45,787.5,9251.76
-2296.47,874.276,9363.67
-2438.25,786.863,9373.62
-2441.16,745.692,9335.8
-2386.6,729.339,9324.27
-2395.58,676.891,9351.24
-2463.25,641.81,9358.2
-2502.72,637.736,9349.86
-2471.14,577.454,9392.69
-2417.41,539.187,9397.59
-2475.62,599.411,9350.33
-2497.87,650.473,9313.51
-2451.06,622.327,9337.92
-2443.22,616.042,9301.91
-2406.6,659.559,9224.81
-2380.9,706.415,9182.79
-2358.24,724.62,9194.19
-2321.36,730.444,9185.83
-2330.2,752.178,9125.24
-2392.75,786.436,9171.52
-2394.64,834.341,9261.11
-2538.85,853.453,9181.45
-2527.19,850.486,9210.82
-2446.18,834.772,9237.67
-2483.6,821.718,9215.25
-2549.68,849.165,9182.56
-2544.79,910.59,9173.75
-2515.85,953.448,9178.28
-2549.95,940.263,9150.21
-2613.14,901.452,9054.1
-2655.18,922.131,9076.8
-2715.88,912.945,9125.81
-2727.45,917.238,9102.2
-2716.21,877.604,9095.88
-2794.87,831.831,9134.4
-2866.15,806.024,9150.95
-2879.47,785.875,9167.28
-2883.14,767.776,9222.29
-2888.28,751.97,9285.56
-2846.61,669.166,9380.32
-2842.88,629.976,9403.3
-2870.55,698.661,9393.54
-2857,697.039,9386.1
-2849.42,659.964,9388.4
-2824.09,638.806,9426.31
-2809.42,632.2,9435.11
-2806.58,632.629,9397.64
-2829.41,657.779,9363.75
-2909.44,711.682,9356.05
-2954.27,737.203,9319.38
-2907.62,778.4,9203.51
-2897.25,857.922,9147.33
-2945.29,902.08,9130.89
-3004.65,905.064,9070.36
-3053.39,923.578,9018.63
-3069.19,1012.32,9032.2
-3057.41,1099.8,9074.71
-3063.73,1104.4,9094.16
-3123.67,1066.48,9123.46
-3178.59,1050.83,9223.33
-3120.58,1054.32,9312.43
-3102.02,1009.89,9381.59
-3186.66,937.439,9419.44
-3239.43,925.05,9427.05
-3228.84,975.603,9427.34
-3191.29,1000.37,9453.32
-3163.28,981.558,9493
-3132.7,971.624,9501.74
-3078.94,997.657,9466.49
-3058.06,1034.09,9432.54
-3042.54,995.988,9382.89
-2949.37,1025.29,9373.38
-2850.69,1079.18,9307.01
-2848.72,1071.89,9256.61
-2870.95,1046.82,9241.56
-2854.55,1063.44,9258.29
-2798.35,1083.54,9288.66
-2742.02,1063.63,9299.87
-2720.12,1047.78,9274.59
-2726.56,1068.34,9255.11
-2712.29,1102.7,9251.88
-2721.13,1030.11,9271.37
-2666.87,954.401,9331.31
-2618.73,940.451,9407.44
-2589.55,938.05,9491.74
-2523.51,930.198,9552.34
-2482.44,905.463,9574.4
-2537.42,881.369,9586.55
-2610.6,878.522,9607.7
-2606.12,814.912,9565.89
-2616.97,756.726,9444.9
-2651.46,808.469,9458.65
-2637.54,843.006,9515.17
-2627.12,894.275,9441.62
-2609.11,960.53,9328.08
-2581.69,1009.65,9266.42
-2567.23,1021.15,9237.02
-2575.81,1032.02,9198.81
-2585.22,1091.59,9191.05
-2582.28,1150.62,9280.66
-2605.04,1210.69,9486.53
-2531.6,1230.55,9647.74
-2410.84,1188.13,9691.87
-2353.14,1180.19,9720.71
-2316.99,1155.24,9762.64
-2282.52,1101.94,9796.94
-2231.29,1046.65,9794.53
-2145.22,988.238,9745
-2056.06,912.88,9674.74
-2047.6,876.516,9639.46
-2034.71,818.016,9595.6
-1888.3,825.573,9585.93
-1864.19,867.536,9564.51
-1905.71,826.26,9497.44
-1949.44,788.974,9430.38
-1977.06,809.659,9372.89
-2003.5,879.128,9331.91
-2045.34,923.047,9329.99
-2107.12,885.337,9378.12
-2181.66,875.319,9449.68
-2183.45,961.282,9520.66
-2161.58,988.585,9552.15
-2162.66,970.167,9559.5
-2125.27,972.24,9599.31
-2067.19,974.7,9628.25
-2026.24,991.097,9659.01
-1981.43,1006.7,9699.42
-1907.13,1027.13,9729.06
-1862.03,1074.41,9737.7
-1937.23,1047.05,9742
-1983.15,975.692,9711.5
-2032.47,919.221,9652.69
-1938.15,917.882,9620.47
-1845.85,954.582,9553.81
-1867.51,1001.03,9443.77
-1926.52,1004.67,9377.92
-1941.84,956.944,9365.03
-1926.45,944.898,9357.52
-1943.6,1029.31,9346.22
-2020.27,1048.14,9326.18
-2060.78,1013.88,9323.77
-2083.79,991.573,9318.05
-2067.23,1011.02,9376.31
-2005.87,1051.62,9400.27
-2021.09,1061.2,9427.95
-2025.27,1069.27,9447.64
-1988.89,1112.74,9514.43
-1949.01,1159.65,9626.26
-1927.63,1151.18,9668.95
-2019.43,1115.9,9677.39
-2061.05,1043.28,9682.28
-2034.9,1103.26,9740.47
-2019.17,1122.36,9694.24
-2037.15,1102.99,9673.99
-2002.94,1133.74,9648.81
-1932.59,1143.48,9603.7
-1904.26,1112.48,9570.95
-1954.82,1092.73,9568.75
-2025.71,1114.22,9567.45
-2017.47,1184.06,9557.95
-1981.91,1120.82,9636.72
-1896.79,1141.18,9727.92
-1903.67,1149.91,9702.98
-1898.63,1071.25,9651.47
-1844.16,1035.43,9617.21
-1837.67,1050.66,9613.7
-1857.84,1016.76,9593.39
-1832.31,955.257,9547.44
-1793.79,1000.92,9527.46
-1773.24,1049.89,9490.4
-1718.71,989.625,9471.46
-1817.27,960.875,9492.97
-1882.09,861.713,9472.89
-1839.14,900.735,9461.62
-1865.24,960.07,9458.73
-1933.57,978.153,9501.13
-1937.24,991.741,9568.17
-1853.46,1020.32,9595.21
-1784.84,1012.04,9587.6
-1850.54,951.829,9644.39
-1798.77,959.412,9635.06
-1842.24,954.857,9487.65
-1760.21,912.403,9534.45
-1737.22,960.583,9557.28
-1720.42,1044.92,9525.03
-1741.88,1077.28,9536.81
-1776.02,1065.4,9586.45
-1798.4,1033.24,9588.03
-1829.19,971.737,9516.7
-1763.99,958.264,9416.85
-1716.29,951.518,9410.83
-1805.78,879.188,9424.59
-1844.75,896.408,9439.69
-1899.3,875.609,9389.33
-1882.49,889.704,9356.27
-1886.78,919.225,9384.15
-1890.85,923.495,9405.5
-1855.14,913.934,9422.84
-1869.85,937.386,9510.51
-1917.63,998.234,9512.92
-1962.7,920.004,9501.21
-1859.25,1002.73,9459.36
-1769.66,1046.61,9539.46
-1773.17,1022.61,9496.5
-1776.81,978.045,9388.29
-1817.86,902.894,9313.88
-1847.79,815.155,9297.94
-1828.55,774.314,9323.49
-1867.96,786.294,9385.05
-1993.9,758.205,9459.25
-2017.69,796.821,9468.45
-2188.76,800.951,9456.28
-2273.42,787.44,9437.12
-2334.5,787.061,9448.98
-2439.08,794.158,9485.63
-2410.5,882.214,9508
-2335.7,961.042,9559.67
-2328.32,957.266,9607.18
-2267.47,960.229,9542.64
-2244.28,931.551,9516.15
-2253.05,928.188,9408.14
-2233.29,892.515,9580.26
-2201.56,859.863,9598.69
-2244.16,928.814,9573.45
-2244.42,914.777,9549.88
-2246.54,862.9,9468.25
-2249.11,888.131,9408.47
-2209.26,945.728,9410.26
-2165.54,915.595,9350.7
-2167.02,916.335,9290.45
-2128.28,1049.64,9365.81
-2256.89,1074.05,9367.77
-2218.96,1017.1,9373.18
-2164.65,1003.3,9384.13
-2120.33,994.755,9495.34
-2135.81,989.686,9547.29
-2228.81,924.812,9580.35
-2302.27,817.046,9674.74
-2307.01,797.445,9720.73
-2472.83,792.815,9772.92
-2435.93,697.57,9904.64
-2389.94,639.702,9919.88
-2411.82,662.903,9928.46
-2391.4,679.752,9882.51
-2324.97,725.939,9815.98
-2216.52,735.972,9729.45
-2139.1,738.799,9658.93
-2092.8,787.548,9604.59
-1999,809.011,9520.32
-1976.5,744.577,9474.7
-1955.61,855.047,9388.64
-2069.06,790.06,9206.51
-2012.43,851.529,9166
-1946.04,908.204,9244.38
-1943.48,980.888,9269.72
-2033.1,1001.28,9241.66
-2080.68,977.967,9301.89
-2091.01,998.927,9448.35
-2228.82,1039.55,9517.1
-2282.18,918.982,9579.16
-2414.49,954.779,9716.54
-2352.65,851.191,9577.33
-2335.1,841.766,9711.26
-2383.23,804.262,9634.26
-2401.65,750.641,9585.68
-2424.46,795.608,9590.77
-2409.83,847.596,9564.39
-2325.53,810.503,9526.41
-2249.57,803.847,9513.77
-2175.62,885.749,9377.4
-2164.64,997.157,9343.15
-2244.12,971.037,9363.26
-2097.72,1072.2,9317.35
-1973.54,1077.41,9304.3
-2045.58,1045.51,9371.61
-2098.4,1013.33,9408.35
-2042.58,994.389,9466.06
-1906.77,964.186,9570.13
-1727.6,907.526,9589.11
-1771.4,941.197,9627.81
-1771.71,1010.12,9701.05
-1862.19,1010.33,9770.22
-1917.95,987.379,9812.66
-1839.59,984.941,9908.04
-1872.07,980.063,9910.26
-1875.11,918.512,9823.33
-1889.99,835.159,9792.15
-2001.26,823.071,9855.2
-2050.53,885.988,9895.63
-2046.89,889.818,9908.1
-2135.19,919.483,9771.17
-2118.01,925.352,9696.03
-2106,979.806,9714.33
-2134.67,928.867,9845.47
-2109.3,922.82,9830.54
-2023.98,984.94,9750.09
-1976.02,1015.41,9708.76
-1968,977.187,9684.83
-1901.99,950.918,9663.7
-1878.07,965.724,9718.37
-1912.57,1012.48,9764.02
-1864.48,888.604,9762.45
-1877.3,988.285,9605.53
-1873.78,922.994,9611.78
-1758.99,944.581,9601.63
-1717.47,947.801,9585.04
-1766.56,967.304,9596.57
-1814.57,1051.67,9581.35
-1891.22,1032.09,9498.45
-2005.06,974.595,9441.99
-2239.34,1012.85,9585.88
-2160.21,1031.43,9648.07
-2074.59,940.992,9805.73
-2061.28,987.9,9833.88
-2029.73,1070.44,9858.1
-1982.58,1130.74,9887.68
-1932.63,1182.01,9844.82
-1859.35,1201.62,9780.76
-1770.82,1129.08,9814.32
-1743.97,1041.26,9796.42
-1748.73,1234.43,9794.69
-1748.48,1174.56,9816.3
-1678.08,1069.73,9837.91
-1609.25,1080.77,9858.06
-1667.61,1079.32,9865.91
-1710.79,982.319,9842.6
-1699.88,939.195,9729.67
-1686.19,974.621,9645.9
-1658.91,897.201,9788.27
-1682.73,854.093,9905.84
-1799.88,842.759,9986.75
-1827.35,841.09,9961.46
-1825.45,832.412,10026.6
-1751.42,834.047,9880.89
-1693.84,816.623,9830.55
-1704.87,839.884,9855.81
-1717.83,850.335,9873.63
-1675.07,854.189,9861.74
-1628.49,931.252,9812.05
-1627.01,850.777,9797.09
-1669.7,888.878,9762.52
-1660.39,866.005,9729.95
-1641.18,917.463,9701.68
-1604.65,957.446,9666.77
-1629.4,969.39,9690.92
-1686.62,948.575,9668.77
-1753.81,923.67,9631.14
-1763.87,948.575,9621.92
-1654.42,1016.64,9562.59
-1632.51,1020.84,9534.99
-1734.91,1165.61,9531.35
-1771.6,1174.46,9471.62
-1740.14,1114.61,9408
-1746.35,1157.77,9332.08
-1766.53,1158.49,9305.97
-1739.9,1186.08,9284.66
-1735.95,1221.34,9240.8
-1803.12,1210.86,9200.05
-1830.87,1213.94,9181.86
-1767.14,1201.66,9176.11
-1829,1174.44,9172.83
-1944,1216.81,9208.3
-1897.02,1192.68,9239.57
-1921.73,1237.62,9267.82
-2016.19,1275.76,9343.59
-2054.82,1281.87,9383.71
-2044.68,1327.67,9379.21
-2015.14,1406.91,9386.1
-1935.62,1405.9,9404.9
-1925.89,1372.69,9400.93
-1858.25,1440.56,9295.39
-1866.99,1443.96,9309.77
-1800.85,1405.75,9334.63
-1763.91,1490.85,9322.86
-1759.53,1541.4,9341.35
-1784.87,1494.43,9366.08
-1759.51,1472.12,9357.17
-1717.98,1533.12,9306.47
-1814.97,1577.53,9232.52
-1923.72,1615.72,9190.14
-1952.66,1540.64,9262
-1871.39,1535.2,9266.32
-1900.17,1506.8,9268.63
-1881.63,1452.58,9263.95
-1897.84,1446.89,9258.5
-1915.15,1458.49,9278.27
-1909.83,1476.26,9337.57
-1909.54,1493.96,9409.6
-1919.56,1471.24,9453.95
-1908.16,1440.61,9480.18
-1903.61,1468.88,9463.77
-1944.97,1456.99,9491.01
-1974.13,1510.18,9469.94
-1952.72,1483.93,9437.64
-1904.96,1486.51,9385.84
-1885.62,1479.33,9340.91
-1919.84,1408.46,9264.59
-1979.6,1331.01,9173.2
-2027.16,1328.53,9180.91
-2086.3,1337.23,9245.06
-2198.31,1369.75,9229.43
-2179.7,1377.21,9205.13
-2085.15,1475.26,9214.13
-2079.4,1439.5,9248.91
-2083.66,1380.83,9226.58
-2051.4,1429.6,9240.69
-2041.02,1485.98,9316.77
-2053.32,1449.28,9396.21
-2005.19,1419.33,9465.97
-1972.54,1433.26,9533.2
-1955.3,1359.83,9514.37
-1990.07,1322.39,9446.92
-2046.26,1305.78,9433.28
-2056.17,1312.46,9465.84
-2048,1317.98,9500.22
-2080.21,1318.92,9502.83
-2106.29,1281.17,9515.72
-2103.65,1201.86,9527.76
-2132.95,1167.38,9458.92
-2123.75,1247.1,9406.64
-2110.56,1307.34,9471.05
-2180.12,1299.08,9454.94
-2141.12,1298.43,9425.49
-2109.84,1271.24,9411.41
-2170.04,1288.54,9421.12
-2213.63,1281.43,9406.52
-2184.45,1250.28,9388.65
-2148.42,1264.86,9431.52
-2158.96,1305.2,9524.56
-2150.36,1264.71,9567.86
-2075.24,1267.28,9547.53
-2093.06,1312.59,9611
-2143.22,1207.53,9639.11
-2173.15,1126.74,9635.76
-2130.11,1143.16,9654.05
-2061.37,1182.87,9621.12
-2023.36,1191.72,9552.34
-2024.97,1165.28,9539.72
-2045.05,1133.57,9586.07
-2070.59,1195.14,9584.39
-2098.79,1263.25,9511.39
-2154.59,1316.56,9566.22
-2143.26,1368.97,9612.17
-2136.81,1423.91,9587.87
-2191.91,1462.7,9583.58
-2240.16,1457.63,9586.75
-2234.47,1425.03,9572.15
-2214.73,1399.94,9558.36
-2232.33,1379.11,9575.18
-2256.31,1334.82,9623.17
-2275.5,1348.67,9655.81
-2310.55,1309.37,9716.38
-2266.11,1248.93,9722.71
-2180.55,1173.58,9727.48
-2134.49,1123.86,9693.58
-2126.85,1143.91,9651.17
-2129.61,1170.39,9641.94
-2128.65,1154.48,9629.77
-2127.51,1146.76,9564.88
-2142.13,1128.64,9546.18
-2148.39,1066.87,9535.31
-2193.89,1023.66,9491.85
-2200.97,1002.28,9479.74
-2299.18,953.647,9445.28
-2392.55,930.875,9437.61
-2417.34,921.954,9457.73
-2441,917.636,9459.8
-2517.68,935.407,9432.84
-2588.12,968.077,9421.31
-2615.58,965.783,9430.66
-2583.71,993.186,9406.96
-2531.69,1025.9,9424
-2514.39,985.335,9496.99
-2474.3,954.364,9500.72
-2469.34,926.674,9471
-2491.3,870.681,9458.28
-2462.37,847.009,9488.41
-2379.76,876.934,9551.85
-2325.42,861.1,9579.97
-2263.63,787.751,9473.92
-2215.62,747.747,9428.48
-2134.43,780.345,9505.24
-1996.86,867.24,9543.46
-1939.3,875.901,9569.88
-1891.73,853.192,9571.89
-1792.69,858.332,9579.99
-1685.6,857.542,9587.29
-1627.2,820.637,9547.36
-1591.31,792.987,9466.03
-1537.95,781.253,9442.11
-1538.17,788.088,9416.77
-1586.36,790.05,9436.83
-1541.78,740.837,9512.14
-1480.73,691.5,9521.1
-1465.41,682.821,9522.8
-1495.89,750.663,9537.79
-1524.21,840.995,9548.03
-1525.3,899.992,9555.02
-1524.95,954.607,9570.28
-1532.49,1002.61,9557.17
-1515.81,988.379,9595.55
-1497.33,1008.46,9625.94
-1446.04,1042.28,9644.58
-1421.12,1020.71,9624.36
-1410.21,1001.58,9595.55
-1359.6,999.161,9578.75
-1261.95,979.033,9583.12
-1202.08,924.627,9595.76
-1228.67,868.227,9590.26
-1176.92,845.754,9570.03
-1116.61,880.972,9534.75
-1162.42,873.217,9587.44
-1136.43,940.47,9663.03
-1127.96,967.209,9719.47
-1124.2,889.221,9753.24
-1121.88,814.427,9791.41
-1089.34,760.26,9833.18
-1041.52,685.824,9850.53
-1063.36,633.968,9824.15
-1135.12,640.396,9762.41
-1076.4,614.196,9727.05
-1069.87,631.998,9728.13
-1159.99,672.31,9681.46
-1256.5,696.948,9697.89
-1257.14,763.117,9805.68
-1196.73,817.812,9986.69
-1097.3,768.261,10124.9
-949.52,655.135,10134.3
-797.194,609.252,10089.9
-723.841,580.016,10126.2
-654.698,584.842,10204.2
-548.391,604.297,10252.4
-536.976,575.205,10228.3
-504.831,563.346,10178.2
-423.837,539.991,10133.9
-356.342,480.858,10095.8
-295.37,386.88,10051.3
-190.445,301.461,9997.57
-61.3416,283.542,9954.4
3.45869,322.842,9950.21
-68.0761,352.884,9934.06
-5.25395,437.243,9969.48
67.1367,386.354,9941.18
76.0767,424.084,9948.22
166.885,457.641,9977.17
254.825,407.368,9985.29
268.712,337.759,9984.1
255.37,314.491,9959.86
250.557,306.981,9884.21
201.623,326.549,9884.05
249.826,336.63,9855.1
177.708,314.163,9866.31
243.06,344.152,9828.84
203.408,360.015,9771.9
175.9,397.546,9755.83
200.596,448.206,9770.32
238.864,468.657,9751.28
277.198,438.39,9755.32
329.49,393.096,9874.75
347.352,385.893,9880.35
358.649,341.901,9841.97
297.525,313.521,9892.5
361.208,402.411,9824.51
388.942,480.701,9791.07
401.967,486.652,9759.6
458.206,484.96,9696.9
505.986,572.601,9663.16
451.881,704.525,9701.41
354.569,748.223,9744.42
433.374,773.474,9726.99
436.873,743.331,9688.09
432.677,661.148,9756.42
350.951,640.927,9769.23
296.82,640.598,9791.12
259.845,582.478,9833.14
193.915,571.691,9843.75
133.225,584.625,9805.67
143.316,559.485,9778.56
181.323,552.292,9812.54
109.171,544.79,9818.83
167.534,605.954,9722.65
136.284,598.249,9715
91.4999,611.657,9734.2
90.4383,604.503,9682.24
93.5643,664.222,9725.29
29.4253,722.256,9703.15
-24.4706,740.459,9657.66
-26.1558,752.491,9681.74
-67.4536,774.139,9693.99
-84.4809,792.207,9810.44
-112.184,802.57,9714.05
-157.187,887.673,9667.13
-216.849,877.72,9708.56
-212.874,797.134,9795.79
-256.129,734.798,9745.09
-224.238,662.815,9710.74
-218.79,688.528,9730.87
-304.784,782.646,9728.25
-318.882,712.137,9735.54
-406.836,654.32,9779.38
-314.208,778.259,9803.39
-473.001,680.549,9774.03
-452.921,708.071,9729.79
-580.32,798.399,9660.08
-629.714,798.672,9633.03
-551.525,764.528,9671.54
-510.228,718.597,9684.29
-583.787,698.614,9621.4
-640.662,767.031,9594.86
-613.808,752.745,9686.69
-632.029,851.486,9561.3
-677.089,865.788,9566.08
-744.164,850.33,9653.47
-724.082,846.65,9686.76
-710.472,889.663,9636.89
-656.248,898.551,9582.94
-602.594,911.085,9616.16
-603.488,941.736,9677.59
-597.814,872.593,9659.53
-594.661,760.024,9718.4
-635.439,759.099,9679.91
-705.868,745.873,9677.12
-697.368,650.805,9724.87
-699.614,503.803,9706.32
-698.133,490.254,9663.78
-677.657,555.971,9663.07
-629.109,591.689,9651.24
-589.418,607.567,9614.04
-609.837,668.749,9646.08
-635.673,715.93,9695.95
-688.581,739.996,9739.99
-732.991,765.53,9802.83
-625.865,784.418,9790.45
-557.569,740.445,9798.93
-564.312,668.498,9755.67
-527.061,694.782,9745.84
-477.16,711.819,9745.64
-510.609,640.989,9709.62
-589.067,608.228,9727.48
-615.708,533.434,9805.79
-418.164,571.102,9740.56
-573.287,533.908,9739.43
-582.788,494.957,9807.9
-608.25,471.786,9803.67
-645.922,459.491,9768.74
-637.172,455.163,9729.96
-617.214,493.13,9729.29
-651.268,543.753,9778
-688.278,527.797,9793.23
-610.43,520.755,9684.42
-672.026,467.026,9608.87
-708.013,369.39,9755.1
-713.18,462.353,9665.74
-788.064,614.975,9749.3
-719.02,591.951,9757.87
-693.329,554.667,9686.83
-666.78,537.499,9659.21
-567.427,498.217,9683.33
-565.904,508.201,9670
-537.406,485.603,9649.59
-583.375,582.492,9738.07
-724.537,588.271,9867.12
-571.094,551.026,9769.1
-524.022,521.255,9766.66
-550.565,569.669,9809.29
-524.287,595.979,9811.36
-467.421,544.037,9813.38
-454.391,509.633,9845.02
-457.615,576.553,9854.57
-428.501,596.808,9882.63
-407.993,542.166,9797.12
-493.247,632.405,9801.78
-499.366,401.869,9827.06
-521.114,416.464,9740.2
-510.785,398.307,9671.97
-592.785,388.331,9753.63
-667.01,489.102,9848.42
-670.701,622.813,9835.46
-761.437,656.214,9822.9
-778.363,628.029,9817.65
-634.971,665.074,9859.32
-596.094,654.94,9861.65
-738.152,704.258,9915.7
-680.238,696.461,9974.42
-617.6,724.391,10002.8
-643.671,718.228,10066.7
-645.377,671.234,10102.5
-573.649,621.615,10065
-534.503,556.385,10052.6
-502.44,525.016,10037
-527.313,486.735,9985.96
-532.348,396.638,9948.45
-491.935,375.391,9930.98
-467.659,409.856,9936.61
-511.259,428.014,9889.63
-508.433,480.308,9748.66
-512.664,534.857,9694.3
-584.628,589.568,9727.57
-621.928,718.202,9645.08
-667.491,787.62,9750.62
-722.922,909.797,9819.15
-770.864,920.443,9728.86
-826.642,1015.95,9855.14
-918.634,1037.67,9869.19
-1000.47,994.22,9899.8
-1003.19,943.494,9969.08
-987.427,954.161,10030.5
-1042.77,955.138,10077.4
-1092.5,798.949,10128.1
-958.914,614.546,10141.6
-927.482,506.464,10064.1
-932.978,483,10057
-820.65,373.858,10054
-802.94,353.822,10005.2
-800.272,475.012,9908.71
-796.011,604.349,9872.61
-791.537,697.426,9890.1
-802.181,797.556,9866.22
-852.647,878.172,9819.74
-884.159,868.898,9896
-874.919,920.71,9861.36
-859.24,1019,9898.94
-944.581,961.051,9906.96
-953.689,926.711,9910.26
-995.232,914.93,9923.05
-1028.26,879.648,9996.05
-1062.7,797.241,10058.8
-1071.84,727.666,10041.2
-964.407,737.756,10010.9
-902.103,718.091,10014.5
-854.424,644.749,9960.23
-798.634,416.058,10029
-858.677,341.568,9981.91
-810.126,269.221,10014.7
-779.631,114.352,9928.38
-759.765,149.798,9870.79
-785.926,311.989,9862.99
-885.328,463.989,9815.89
-951.304,696.369,9781.61
-910.071,793.455,9785.45
-931.931,945.756,9744.96
-932.669,1033.21,9816.88
-1037.18,1029.4,9759.72
-1098.11,1129.3,9727.65
-1059.22,1252.37,9697.93
-1063.7,1213.91,9740.44
-1143.44,1153.53,9783.98
-1186.61,1174.19,9775.35
-1156.77,1112.79,9802.8
-1179.79,1100.73,9797.01
-1123.63,1081.33,9830.59
-1130.94,924.635,9842.32
-1182.1,855.035,9858.03
-1075.75,822.05,9818.42
-958.665,706.352,9838.56
-932.315,641.886,9817.91
-983.655,602.816,9748.76
-1001.57,502.243,9712.04
-922.213,430.285,9715.71
-918.277,448.084,9760.24
-1009.3,551.525,9807.96
-979.02,641.986,9782.05
-960.529,739.038,9799.69
-958.42,824.997,9890.6
-1057.24,856.981,9941.94
-1147.74,903.711,9943.7
-1169.64,927.357,9954.31
-1133.85,925.288,10000.9
-1084.22,988.346,10044.4
-1159.62,959.38,10034.9
-1022.44,788.179,9959.88
-1123.61,760.243,9958.83
-1095.01,782.39,9962.3
-1004.91,713.732,9956.71
-1035.18,641.702,9897.55
-1043.06,582.524,9869.18
-986.399,560.798,9843.42
-899.787,555.872,9790.09
-776.22,521.343,9772.48
-787.915,581.383,9701.84
-771.299,583.408,9628.2
-885.672,717.105,9649.38
-861.001,804.348,9518.45
-857.335,921.592,9568.62
-912.057,958.287,9604.25
-903.452,981.128,9601.13
-918.05,1014.38,9577.54
-978.328,1027.89,9559.46
-939.076,1028.24,9609.31
-1046.35,996.73,9687.5
-1172.35,1010.96,9669.78
-1130.14,937.628,9688.09
-1227.76,940.626,9847.57
-1277.19,886.455,9861.65
-1227.58,805.853,9788.31
-1162.06,723.678,9750.31
-1142.66,691.258,9762.43
-1130.73,695.131,9786.08
-1068.58,648.448,9787.13
-1001.79,582.24,9683.74
-850.162,443.49,9635.36
-923.727,483.584,9588.63
-934.501,585.764,9591.03
-1002.97,778.025,9667.79
-1055.72,926.556,9693.57
-1063.63,964.509,9724.32
-1041.7,950.134,9739.43
-1021.57,935.476,9721.64
-1018.02,907.414,9743.6
-1003.9,909.283,9714.71
-1084.57,863.66,9671.05
-1107.52,822.1,9689.84
-1067.74,851.292,9731.59
-1058.35,846.23,9780.4
-1041.48,804.313,9789.95
-957.992,753.855,9770.73
-924,739.033,9770.86
-1016.26,730.516,9796.37
-1104.08,651.692,9814.97
-1110.04,567.636,9842.63
-975.859,477.724,9723.71
-1041.41,474.988,9736.03
-1078.89,615.109,9657.03
-1113.24,804.719,9660.39
-1172.62,936.661,9697.54
-1187.59,1038.99,9744.4
-1138.41,1138.54,9757.64
-1104.14,1215.5,9728.41
-1140.65,1212.73,9716.92
-1155.9,1064.48,9732.23
-1160.93,1126.09,9786.89
-1079.9,1122.92,9814.33
-1103.85,1081.43,9806.13
-1110.38,1109.88,9763.73
-1100.4,1127.89,9748.42
-1106.03,1134.03,9761.82
-1143.91,1138.62,9779.76
-1187.61,1107.64,9800.54
-1176.68,1032.67,9822.4
-1092.45,1001.58,9799.89
-1110.17,894.673,9845.96
-1205.34,895.172,9811.49
-1154.24,890.979,9833.09
-1076,815.38,9758.71
-1096.6,778.723,9698.44
-1140.01,828.256,9670.02
-1175.43,928.636,9651.99
-1219.76,1033.38,9687.52
-1233.21,1137.1,9781.23
-1200.81,1245.47,9734.49
-1161.89,1274.69,9771.65
-1113.55,1226.99,9753.07
-1189.73,1227.22,9741.37
-1273.83,1238.86,9749.78
-1328.02,1217.2,9713.38
-1333.5,1245.74,9688.53
-1311.71,1269.84,9666.14
-1268.64,1216.58,9633.37
-1195.57,1158.55,9650.55
-1171.37,1115.1,9678.11
-1142.54,1087.96,9692.72
-1155.27,1109.27,9703.52
-1135.14,1062.52,9640.37
-1052.49,987.839,9589.42
-982.024,986.156,9578.39
-1005.29,1015.9,9586.51
-1059.32,1015.04,9583.3
-1080.78,1042.76,9558.77
-1122.66,1167.08,9536.18
-1167.39,1214.97,9553.53
-1126.29,1248.68,9561.68
-1126.51,1308.33,9640.67
-1185.41,1317.75,9667.85
-1209.03,1295.54,9633
-1271.69,1277.64,9608.16
-1301.35,1254.83,9608.93
-1284.37,1233.35,9633.96
-1292.77,1241.21,9666.19
-1343.58,1272.34,9662.97
-1359.51,1258.57,9619.31
-1313.36,1185.3,9659.88
-1291.22,1087.72,9718.56
-1311.57,1091.89,9713.35
-1348.53,1075.52,9696.93
-1390.07,1009.65,9665.72
-1429.78,994.172,9646.02
-1488.74,998.666,9646.96
-1532.18,942.851,9659.46
-1480.66,887.559,9682.99
-1406.51,946.332,9713.98
-1453.81,1069.16,9731.32
-1417.06,1147.42,9731.37
-1381.22,1256.92,9722.03
-1377.57,1320.3,9744.36
-1395.55,1287.34,9752.89
-1397.55,1274.48,9752.24
-1403.76,1327.21,9754.49
-1448.06,1361.43,9756.26
-1493.48,1317.51,9761.56
-1469.52,1281.66,9791.8
-1453.01,1293.13,9827.12
-1486.16,1259.2,9823
-1490.48,1215.22,9790.04
-1464.24,1212.78,9742.07
-1398.39,1221.21,9714.36
-1324.45,1194.41,9706.08
-1321.8,1174.58,9714.29
-1379.29,1187.3,9730.46
-1385.3,1156.4,9737.31
-1364.84,1052.05,9744.56
-1393.44,981.177,9738.74
-1410.67,968.649,9728.15
-1358.44,937.728,9769.89
-1245,913.798,9823.82
-1206.63,918.723,9906.53
-1216.38,920.161,9916.08
-1198.45,952.076,9883.16
-1143.98,1035.7,9885.09
-1091.9,1109.82,9894.37
-1036.81,1163.89,9915.11
-954.926,1157.42,9889.97
-925.796,1141.42,9889.64
-826.564,1093.56,9910.09
-875.039,1091.27,9879.17
-892.32,1128.81,9840.91
-887.328,1117.65,9808.77
-861,1066.71,9770.65
-803.435,1039.18,9731.38
-770.298,1029.6,9711.34
-742.223,1010.98,9704.54
-693.07,1067.01,9736.07
-697.809,1053.22,9790.91
-754.477,999.374,9783.13
-751.922,963.624,9721.66
-735.775,1008.74,9737.71
-710.998,980.32,9770.67
-686.764,922.804,9792.87
-669.806,928.103,9796.9
-625.106,917.801,9768.96
-534.374,931.468,9851.08
-593.075,931.003,9855.9
-471.77,937.208,9849.79
-355.058,983.605,9853.45
-361.756,936.417,9781.84
-358.248,918.69,9728.89
-346.584,959.635,9723.74
-362.274,1011.85,9735.71
-407.273,1040.58,9753.33
-452.364,1056.36,9778.04
-436.627,1072.66,9743.12
-469.753,1023.17,9691.05
-435.317,993.41,9749.18
-355.737,910.002,9720.15
-344.01,917.176,9699.26
-401.827,975.661,9691.24
-445.974,976.057,9682.71
-447.874,965.354,9665.99
-458.935,985.379,9652
-510.737,950.701,9669.34
-533.159,894.635,9715.49
-525.297,785.391,9606.14
-449.373,781.649,9649.65
-453.981,809.011,9688.44
-460.464,881.03,9637.68
-485.122,986.359,9610.15
-519.579,1036.08,9632.47
-508.454,998.888,9680.35
-467.805,984.591,9728.5
-480.985,1095.04,9730.62
-492.297,1175.5,9629.19
-493.206,1169.56,9644.27
-534.318,1123.07,9622.56
-514.689,1154.32,9642.85
-479.714,1208.49,9615.04
-534.321,1152.11,9612.89
-556.866,1075.08,9660.01
-523.052,1015.64,9687.06
-537.376,953.869,9658.87
-617.522,909.629,9622.86
-645.552,857.301,9580.24
-688.665,931.138,9629.05
-602.511,1003.8,9621.13
-659.679,987.424,9546.69
-733.865,927.701,9537.5
-734.966,905.814,9590.73
-739.899,904.18,9613.37
-737.477,891.576,9581.07
-715.756,926.597,9548.72
-753.556,1066.93,9549.4
-779.241,1154.65,9539.4
-729.431,1124.63,9490.72
-785.111,1167.72,9522.18
-713.875,1154.63,9493.02
-686.691,1220.51,9567.49
-721.074,1256.7,9576.62
-712.323,1268.27,9578.27
-681.538,1243.86,9607.28
-681.004,1201.93,9601.72
-665.683,1218.56,9566.22
-646.679,1225.73,9617.5
-588.686,1193.1,9649.71
-561.502,1199.38,9600.34
-606.424,1073.94,9621.65
-618.724,973.613,9664.92
-668.865,1001.27,9570.33
-705.718,1008.26,9475.66
-754.944,944.274,9492.75
-821.448,928.069,9530.78
-804.129,1034.78,9490.61
-752.1,1165.37,9507.9
-734.107,1280.03,9484.5
-678.486,1307.1,9624.86
-729.176,1311.64,9675.41
-740.157,1369.7,9616.29
-717.075,1396.96,9617.51
-698.677,1461.72,9570.95
-698.076,1508.68,9514.52
-704.639,1489.65,9549.58
-727.754,1477.3,9576.04
-805.576,1394.59,9498.09
-805.188,1524.19,9486.2
-836.451,1447.99,9569.67
-763.908,1483.11,9577.78
-842.731,1491.09,9545.78
-866.952,1470.66,9444.29
-851.497,1425.34,9367.23
-840.521,1400.15,9340.83
-837.323,1396.67,9357.07
-892.984,1376.79,9429.26
-1039.88,1445.55,9467.53
-1012.54,1563.8,9575.28
-1096.75,1512.47,9404.51
-1131.9,1646.89,9505.72
-1225.95,1610.72,9524.98
-1192.22,1591.12,9616.37
-1167.55,1543.49,9688.27
-1211.53,1485.06,9662.99
-1224.26,1506.18,9636.02
-1188.9,1554.4,9671.11
-1215.29,1515.04,9605.83
-1132.46,1643.49,9670.65
-1046.03,1638.41,9685.02
-1015.94,1468.64,9668.09
-1036.86,1341.01,9603.81
-1031.41,1314.57,9591.55
-998.817,1371.19,9621.89
-920.126,1377.8,9666.36
-848.291,1292.65,9676.69
-862.712,1245.27,9623.12
-812.311,1237.33,9625.62
-1010.27,1168.39,9548.11
-752.066,1228.53,9651.68
-807.709,1186.07,9712.75
-874.97,1246.88,9711.22
-849.726,1259.11,9649.29
-858.256,1306.81,9682.81
-934.73,1436.2,9744.19
-998.642,1501.47,9730.27
-1014.04,1410.71,9738.2
-1008.51,1408.39,9765.37
-994.882,1448.06,9743.54
-957.46,1519.17,9715.62
-966.025,1643.41,9757.66
-1010.27,1594.15,9783.65
-1002.56,1472.1,9827.22
-1035.87,1420.79,9758.87
-1032.26,1444.08,9694.27
-975.407,1482.04,9784
-1037.47,1506.35,9875.09
-1063.44,1454.5,9803.06
-1065.13,1333.86,9809.73
-1023.85,1377.46,9778.55
-1076.82,1352.74,9734.35
-1085.09,1233.71,9712.31
-1083.38,1216.49,9719.29
-1060.29,1252.49,9742.58
-1020.44,1316.14,9753.76
-977.071,1364.97,9762.16
-928.753,1296.53,9806.65
-913.533,1251.2,9852.35
-907.236,1354.02,9880.84
-877.326,1352.32,9653.16
-859.123,1447.58,9706.97
-923.198,1371.04,9781.95
-1000.28,1340.29,9859.56
-948.185,1363.77,9886.99
-876.899,1378.7,9892.79
-923.878,1372.66,9882.03
-974.964,1343.16,9823.87
-920.502,1282.34,9888.16
-922.129,1334.82,9849.83
-853.964,1264.08,9884.03
-741.701,1347.47,9846.95
-731.191,1232.32,9788.12
-766.389,1153.11,9761.2
-805.048,1160.22,9741.62
-827.42,1190.55,9675.67
-823.491,1216.38,9629.01
-787.402,1261.58,9689.92
-727.168,1345.74,9662.33
-813.42,1407.47,9656.3
-804.059,1291.01,9626.68
-767.146,1308.52,9680.16
-745.918,1362.74,9634.24
-761.445,1408.63,9698.88
-819.623,1386.12,9794.49
-866.941,1312.63,9842.9
-860.711,1258.16,9825.63
-825.802,1249.55,9742.78
-780.981,1254.91,9762.5
-733.741,1285.88,9825.86
-718.868,1254.72,9718.2
-726.662,1162.23,9632.63
-691.5,1166.82,9579.62
-658.402,1142.12,9653.47
-690.583,1153.2,9680.61
-711.565,1218.96,9641.42
-678.966,1297.75,9612.16
-647.846,1362.25,9587.71
-505.885,1303.6,9651.98
-450.675,1223.25,9561.18
-578.716,1226.83,9700.54
-627.092,1278.59,9682.31
-642.115,1275.49,9722.73
-618.114,1288.02,9703.41
-552.305,1321.5,9714.34
-476.795,1320.47,9751.68
-454.768,1279.44,9761.11
-472.019,1237.08,9785.91
-357.549,1149.65,9783.16
-328.054,1161.6,9712.86
-413.266,1167.4,9704.36
-480.232,1212.88,9673.89
-389.253,1203.87,9716.86
-353.118,1121.7,9671.81
-357.541,1118.39,9622.59
-360.494,1173.27,9610.51
-385.817,1188.22,9593.01
-424.296,1185.37,9588.03
-413.792,1166.33,9632.16
-488.928,1197.89,9656.26
-425.617,1239.84,9734.57
-431.567,1293.88,9739.43
-406.655,1251.24,9746.46
-361.642,1257.47,9793.67
-364.341,1266.63,9853.15
-398.609,1241.51,9860.38
-424.593,1230.58,9821.43
-467.933,1245.02,9801.67
-542.779,1201.24,9759.39
-628.561,1184.31,9723.09
-697.547,1147.23,9668.52
-638.09,1210.23,9695.57
-566.621,1268.21,9724.96
-499.655,1300.98,9755.48
-470.265,1336.14,9735.12
-512.937,1365.27,9704.1
-598.243,1384.57,9715.36
-649.289,1430.34,9736.01
-650.943,1487.78,9757.38
-570.548,1469.31,9693.76
-664.904,1389.9,9678.53
-711.28,1383.46,9709.67
-704.632,1403.64,9727.76
-686.78,1429.23,9733.08
-696.154,1433.02,9742.45
-703.01,1374.51,9766.46
-681.347,1300.42,9809.48
-647.23,1295.47,9834.78
-566.393,1253.21,9746.06
-501.899,1231.82,9715.98
-524.28,1246.39,9781.68
-417.374,1216.65,9845.08
-372.828,1161.83,9841.19
-368.339,1168.57,9808.23
-364.044,1155.28,9823
-363.277,1088.97,9833.68
-387.877,1010.82,9795.91
-419.56,955.448,9803.06
-400.597,979.04,9884.84
-469.105,1041.65,9828.65
-447.591,1130.88,9807.81
-436.316,1130.22,9813.43
-433.063,1156.13,9770.81
-399.252,1172.4,9751.08
-322.579,1182.15,9769.35
-270.88,1179.54,9801.03
-284.35,1149.7,9834.39
-300.837,1107.12,9858.06
-269.996,1078.22,9832.54
-186.366,1064.92,9916.11
-193.986,1088.22,9798.57
-174.463,1064.37,9790.55
-128.884,1102.11,9801.08
-89.3178,1119.69,9726.2
-63.7096,1101.93,9656.76
13.8776,1049.46,9647.11
76.1624,979.932,9646.95
-15.0505,925.029,9619.83
-16.9004,858.906,9606.64
66.6265,891.675,9542.48
15.5348,950.168,9466.57
-20.9561,946.099,9543.78
-66.9171,950.058,9567.29
-122.989,1000.1,9548.66
-131.384,1020.1,9517.64
-109.068,993.191,9500.36
-137.696,992.023,9535.2
-234.082,1045.66,9623.45
-292.592,1057.56,9662.28
-290.842,1079.85,9670.58
-256.804,1054.4,9675.31
-246.115,951.996,9702.55
-242.282,907.352,9744.78
-237.311,881.614,9780.2
-217.53,856.429,9803.97
-202.637,842.759,9794.15
-217.221,839.615,9729.17
-230.536,840.559,9643.01
-163.679,873.636,9622.04
-33.5188,873.219,9613.57
-39.2916,819.106,9579.02
-70.3963,880.254,9603.25
-99.3003,912.199,9644.15
-68.3894,909.99,9645.06
-58.0393,922.655,9651.88
-114.326,938.318,9671.48
-175.17,937.895,9667.13
-176.395,946.359,9649.33
-174.868,946.398,9669.44
-194.524,959.865,9658.5
-268.936,970.438,9664.12
-294.394,963.177,9742.25
-345.975,1004.62,9791.38
-371.766,994.459,9785
-359.733,947.945,9766.1
-336.16,902.794,9777.76
-311.086,854.465,9809.85
-277.73,816.543,9806.36
-269.981,873.742,9742.57
-284.659,943.084,9746.7
-280.649,971.3,9718.86
-230.264,937.912,9683.13
-145.28,910.605,9707.09
-87.6245,899.583,9698.36
-54.6768,897.902,9644.45
-16.0099,889.026,9603.57
10.9964,872.143,9590.32
-18.1048,871.924,9567.7
-62.4284,892.255,9579.77
-98.8998,842.94,9638.03
-181.182,892.427,9651.24
-269.186,938.174,9637.74
-323.904,937.338,9650.4
-367.903,920.274,9693.73
-418.785,908.274,9719.43
-450.223,891.573,9752.49
-426.652,870.816,9823.18
-388.254,882.508,9877.48
-458.075,944.34,9880.79
-502.971,969.422,9917.38
-480.635,924.737,9864.35
-488.074,888.807,9757.14
-474.13,935.181,9752.65
-456.902,947.074,9798.85
-432.602,880.975,9805.89
-425.86,805.649,9786.11
-459.392,782.142,9779.77
-493.137,770.369,9770.12
-462.923,705.999,9764.99
-436.454,687.667,9784.13
-457.53,774.876,9746.71
-508.977,881.211,9688.95
-541.288,932.222,9697.17
-528.968,924.274,9734.26
-480.164,862.505,9771.29
-447.759,802.179,9791.64
-471.62,798.44,9797.75
-513.254,833.561,9803.44
-493.914,844.674,9794.98
-515.242,818.812,9792.29
-577.42,791.184,9829.49
-522.945,879.511,9820.18
-486.451,943.56,9864.94
-505.567,919.96,9895.17
-518.008,893.917,9840.55
-451.061,901.43,9773.63
-352.361,932.025,9783.75
-341.074,978.562,9823.34
-367.508,956.285,9800.18
-356.714,888.184,9756.93
-428.883,882.403,9794.45
-512.003,903.391,9850.82
-503.368,958.757,9892.34
-513.559,970.006,9946.7
-521.395,950.019,9922.27
-498.518,937.494,9867.1
-471.92,917.171,9857.29
-454.638,858.929,9844.64
-409.863,822.306,9853.88
-422.003,795.5,9900.13
-581.316,683.205,9884.06
-600.756,687.488,9877.83
-579.173,757.997,9932.25
-549.777,757.219,9953.67
-536.385,734.39,9957.58
-541.413,727.154,9941.24
-530.24,732.035,9898.06
-490.99,766.859,9864.63
-513.482,804.698,9833.71
-546.041,789.597,9881.32
-529.665,797.647,9878.03
-563.807,828.051,9855.13
-505.694,933.644,9860.13
-493.106,998.991,9810.68
-489.351,975.235,9772.24
-500.282,946.214,9776.88
-561.779,981.047,9801.53
-623.352,1033.33,9830.27
-648.676,1052.6,9808.86
-617.025,980.264,9760.03
-612.568,1001.78,9666.86
-622.008,1019.01,9678.81
-635.985,1039.85,9729.17
-640.12,1025.08,9786.21
-595.296,1000.77,9781.52
-541.596,1011.89,9718.46
-552.579,1053.1,9656.48
-615.139,1054.31,9647.12
-620.016,955.393,9716.92
-519.155,877.518,9651.94
-533.291,904.439,9677.51
-506.348,926.439,9715
-517.06,999.656,9691.08
-557.91,1034.54,9727.39
-565.575,1024.98,9722.11
-550.892,1024.97,9687.51
-561.709,1040.25,9711.82
-585.548,1034.12,9746.69
-575.903,1037.48,9713.09
-566.211,904.25,9668.83
-499.955,935.761,9616.9
-503.012,967.475,9625.17
-483.039,1022.12,9633.39
-506.905,1059.21,9619.34
-528.94,1080.66,9606.53
-534.796,1088.78,9607.82
-572.706,1065.61,9613.58
-640.277,1008.86,9615.86
-635.938,977.184,9616.7
-569.733,1065.83,9597.53
-542.468,928.426,9554.76
-597.024,944.276,9621.93
-591.573,898.16,9646.23
-559.232,865.362,9648.15
-541.719,831.933,9684.19
-546.59,770.064,9722.21
-564.384,731.623,9762.19
-571.296,752.802,9843.19
-524.832,711.2,9803.64
-534.519,743.427,9708.53
-502.187,772.638,9730.82
-397.415,823.002,9760.79
-404.708,813.765,9749.71
-454.679,801.17,9728.33
-430.673,840.347,9699.82
-401.548,893.953,9691.43
-426.226,903.318,9703.17
-416.534,884.85,9683.08
-417.758,882.115,9652.89
-471.358,792.202,9702.58
-439.377,805.328,9775.31
-492.054,895.722,9832.71
-435.774,879.015,9829.23
-479.013,807.585,9842.86
-444.798,806.222,9823.95
-360.203,829.838,9768.21
-395.153,794.278,9700.44
-482.735,739.12,9642.03
-495.188,690.297,9711.04
-573.687,700.421,9669.33
-539.383,685.063,9670.41
-502.112,736.695,9698.55
-504.494,836.137,9665.85
-513.546,903.525,9645.46
-523.076,957.637,9628.95
-555.467,973.433,9634.68
-595.685,979.296,9646.9
-620.066,1032.35,9598.52
-708.999,947.069,9562.34
-756.26,1029.15,9487.01
-829.478,1011.9,9553.58
-740.141,1054.06,9617.42
-719.034,1076.32,9642.77
-714.299,1022.7,9650.78
-707.3,990.781,9616.67
-736.933,998.995,9594.3
-794.969,982.623,9633.4
-813.483,940.694,9689.45
-799.55,931.19,9751.76
-782.26,830.193,9831.86
-651.039,796.383,9874.7
-509.668,755.559,9822.94
-566.944,746.505,9788.57
-586.204,823.533,9715.23
-593.833,856.017,9740.53
-677.621,842.697,9815.54
-761.992,835.328,9806.86
-748.991,807.045,9777.73
-805.017,822.38,9823.58
-853.727,668.057,9723.7
-751.629,831.127,9736.7
-773.829,920.69,9771.78
-917.333,926.058,9680.65
-973.777,917.183,9638.33
-1017.93,887.405,9613.77
-1032.1,822.311,9628.12
-998.172,808.444,9666.31
-1020.49,922.103,9619.62
-992.139,976.868,9633.1
-986.591,958.582,9712.25
-953.147,932.809,9765.25
-989.173,880.927,9806.12
-980.741,756.596,9809.31
-930.387,714.16,9722.78
-896.463,682.978,9697.6
-851.344,711.251,9729.12
-774.525,797.106,9749.81
-749.452,805.45,9780.12
-821.074,914.746,9733.73
-894.555,848.372,9886.2
-732.854,903.219,9793.79
-786.19,1024.07,9687.56
-871.238,976.288,9656.48
-925.954,923.328,9776.74
-905.182,940.928,9699.06
-909.609,966.346,9603.88
-1025.46,966.837,9685.27
-1107.11,1013.43,9650.26
-975.012,1120.53,9642.94
-1226.91,1158.95,9521.89
-1286.36,1166.85,9662.23
-1298.16,1141.09,9696.02
-1355.43,1120.31,9676.86
-1390.24,1081.61,9644.64
-1467.27,1087.62,9719.12
-1536.62,1112.99,9767.91
-1528.08,1137.29,9678.79
-1542.23,1204.15,9646.89
-1673.77,1198.3,9780.56
-1688.72,1083.26,9737.09
-1561.85,1007.64,9780.28
-1570.15,969.155,9745.25
-1643.97,884.081,9743.76
-1641.19,834.659,9775.5
-1594.73,824.052,9734.02
-1624.15,798.218,9739.99
-1692.07,771.057,9788.85
-1679.69,796.505,9654.09
-1743.67,791.435,9590.9
-1597.88,826.505,9640.06
-1642.05,915.882,9655.85
-1701.84,897.039,9701.39
-1808.49,928.41,9726.57
-1850.2,996.743,9746.74
-1878.37,1093.21,9712.72
-1984.25,1138.86,9656.31
-2087.64,1114.81,9645.17
-2041.77,1141.71,9670.82
-2011.84,1234.22,9706.68
-2128.81,1129.12,9810.37
-2258.25,1228.28,9722.12
-2153.8,1133.25,9715.19
-2110.28,1133.81,9664.42
-2084.97,1100.17,9688.46
-2021.88,1059.6,9748.01
-1937.24,1046.07,9742.56
-1883.5,1012.22,9685.35
-1882.32,941.365,9649.16
-1897.92,941.299,9558.17
-1909.68,1041.51,9552.45
-1748.3,1018.22,9462.92
-1714.63,971.888,9470.69
-1720.09,1009.54,9414.6
-1749.89,1084.35,9458.45
-1798.78,1090.28,9504.65
-1831.63,1067.07,9499.15
-1827.82,1083.07,9477.02
-1825.53,1086.95,9456.66
-1851.67,1054.61,9526.95
-1706.18,1105.4,9684.75
-1858.64,1102.4,9603.17
-1852.33,1105.91,9612.47
-1776.41,1113.97,9651.59
-1789.76,1142.86,9711.65
-1826.34,1176.31,9759.47
-1827.95,1144.55,9778.11
-1834.23,1072.36,9789.38
-1873.21,1063.48,9812.89
-1877.72,1012.57,9815.76
-1805.29,853.184,9819.07
-1889.64,838.873,9824.59
-1976.72,765.049,9726.14
-1924.48,741.376,9714.65
-1914.64,730.421,9666.98
-1938.63,749.14,9670.5
-1948.96,720.789,9725.38
-1937.32,685.914,9754.85
-1947.29,775.97,9765.65
-2115.12,712.482,9750.78
-2256.22,618.489,9714.01
-2247.85,592.076,9766.63
-2269.17,611.569,9799.01
-2287.97,645.292,9808.71
-2298.61,669.048,9828.73
-2311.17,678.55,9854.6
-2308.21,698.23,9877.16
-2308.8,725.75,9838.27
-2361.42,743.081,9734.12
-2379.53,802.847,9802.99
-2237.28,762.784,9750.23
-2242.61,813.017,9743.57
-2224.73,873.081,9643.84
-2148.52,905.105,9776.56
-2094.66,908.929,9822.72
-2032.09,864.09,9785.91
-1963.53,852.186,9779.62
-1898.57,910.204,9817.42
-1819.66,919.609,9856.21
-1814.33,829.96,9888.46
-1851.33,749.525,9901.95
-1778.83,787.669,9847.72
-1758.75,832.269,9875.27
-1664.95,804.881,9899.97
-1618.39,761.005,9901.54
-1657.05,778.426,9895.31
-1697.13,821.551,9867.52
-1681.22,837.799,9822.58
-1636.84,849.237,9796.74
-1551.41,834.207,9747.29
-1507.98,749.486,9628.52
-1424.28,704.709,9658.33
-1491.31,734.785,9630.46
-1533.33,794.304,9569.09
-1540.09,801.095,9598.82
-1565.16,795.791,9698.62
-1623.27,827.993,9756.65
-1692.18,833.308,9756.93
-1732.9,759.118,9793.15
-1680.55,797.882,9849.92
-1624.73,794.875,9914.75
-1603.85,789.57,9996.81
-1558.56,766.477,10076.6
-1538.15,728.289,10071.6
-1471.25,692.037,10033.2
-1397.09,672.804,10018
-1375.6,687.281,10022.1
-1363.59,728.978,10000.3
-1298.91,750.334,9929.09
-1308.22,711.659,9850.8
-1346.84,722.766,9848.5
-1413.17,754.655,9796.45
-1416.56,731.417,9769.97
-1376.65,762.995,9675.39
-1350,804.672,9610.58
-1337.87,813.368,9603.35
-1367.87,834.026,9620.06
-1421.55,886.296,9628.98
-1405.85,905.582,9631.57
-1334.19,902.411,9654.74
-1294.75,940.227,9727.75
-1350.94,926.041,9833.01
-1321.43,919.513,9944.88
-1245.43,914.797,10032.4
-1221.12,855.561,10046
-1240.23,815.546,9995.22
-1253.49,796.937,9934.08
-1218.63,759.866,9897.09
-1149.43,736.255,9859.23
-1148.64,741.486,9780.33
-1068.65,678.133,9743.53
-971.069,627.603,9681.14
-972.637,568.215,9628.41
-973.346,551.918,9592.97
-1016.4,530.321,9509.32
-1122.76,568.133,9416.53
-1208.65,666.288,9352.99
-1226.62,746.785,9281.1
-1255.23,789.987,9174.02
-1335.8,879.112,9145.62
-1416.47,995.808,9185.35
-1442.73,1089.6,9216.4
-1475.98,1171.16,9315.47
-1454.14,1257.69,9430.77
-1381.98,1304.69,9521.29
-1322.99,1296.33,9647.92
-1294.86,1239.13,9736.49
-1254.48,1175.54,9715.49
-1172.26,1160.62,9671.48
-1090.81,1165.33,9627.79
-1039.61,1083.36,9539.92
-985.71,1067.69,9549.14
-931.189,1087.32,9527.16
-945.776,1079.91,9499.06
-972.541,1038.88,9483.16
-936.341,1006.39,9462.42
-864.366,982.709,9441.85
-812.908,977.553,9421.35
-787.293,1026.64,9374.45
-808.244,1054.52,9327.41
-818.012,983.623,9378.9
-854.83,1054.07,9463.53
-1002.5,1115.33,9460.13
-1102.12,1121.14,9469.6
-1130.16,1139.68,9511.59
-1143.68,1160.84,9559.88
-1181.99,1155.41,9617.66
-1236.36,1148.26,9696.94
-1283.58,1156.01,9761.59
-1314.9,1067.53,9753.11
-1280.13,910.426,9742.34
-1185.04,913.901,9804.53
-1193.28,1015.78,9828.35
-1153.48,1038.23,9783.46
-1044.18,986.807,9697.08
-979.244,931.562,9670.19
-938.879,906.861,9684.89
-864.826,897.539,9663.3
-807.725,888.819,9600.4
-769.73,902.723,9514.78
-745.165,924.575,9442.83
-761.715,939.228,9420.49
-775.776,994.405,9419.4
-802.121,1077.54,9449.64
-865.534,1117.75,9439.21
-913.961,1124.06,9442.47
-924.567,1157.38,9545.76
-954.409,1211.07,9696.27
-1042.59,1194.07,9751.57
-1091.85,1103.33,9753.05
-1144.6,1139.36,9767.28
-1172.55,1177.63,9773.92
-1106.68,1168.55,9822.03
-1079.8,1118.95,9862.05
-1104.97,1080.99,9851.52
-1120.19,1040.23,9821.79
-1093.27,996.14,9790.81
-1048.81,978.959,9729
-1016.88,983.45,9629.05
-989.255,951.641,9579.42
-1002.92,1000.88,9597.78
-1089.71,1041.6,9579.8
-1100.01,1011.03,9546.95
-1125.93,983.981,9509.02
-1183.38,972.035,9501.12
-1236.31,1018.06,9468.3
-1271.93,1085.95,9397.13
-1311.34,1126.8,9378.75
-1367.6,1146.18,9474.58
-1415.21,1105.9,9541.88
-1409.16,1068.41,9561.92
-1453.69,1124.18,9648.52
-1417.08,1127.31,9698.06
-1364.54,1066.81,9774.81
-1303.91,978.977,9820.27
-1226.11,906.343,9829.19
-1119.64,852.457,9849.62
-1024.84,808.117,9891.34
-975.135,771.773,9877.62
-851.207,720.806,9737.25
-750.676,711.255,9606.29
-686.092,691.55,9571.76
-650.027,722.678,9487.41
-691.352,771.503,9414.09
-705.318,815.15,9404.61
-718.733,845.522,9429.36
-766.853,896.132,9452.9
-862.22,993.263,9448.28
-1001.5,1103.26,9428.69
-1104.38,1158.55,9509.65
-1228.94,1096.76,9587.37
-1379.61,1072.9,9606.21
-1447.42,1035.18,9574.09
-1496.41,1022.54,9640.28
-1515.77,1036.43,9706.19
-1456.82,1021.87,9734.03
-1369.05,972.45,9738.21
-1309.67,967.876,9718.46
-1266.74,1033.28,9663.68
-1279.62,993.308,9605.48
-1262.5,980.063,9532.06
-1222.21,1013.14,9540.92
-1185.69,948.372,9504.19
-1161.01,917.601,9469.48
-1262.24,930.897,9502.57
-1376.69,909.107,9433.66
-1423.53,871.72,9319.72
-1437.23,898.216,9312.52
-1465.72,991.252,9349.64
-1532.13,1071.13,9361.65
-1671.33,1023.13,9513.33
-1695.88,1002.08,9607.39
-1685.46,940.133,9629.83
-1749.39,893.961,9720.89
-1811.14,894.19,9851.06
-1791.87,888.599,9864.42
-1706.14,831.814,9835.39
-1605.65,777.321,9861.76
-1523.07,778.054,9846.36
-1506.18,695.914,9815.12
-1492.47,658.111,9879.73
-1416.74,700.989,9924.33
-1343.25,719.59,9873.5
-1318.04,725.489,9839.28
-1313.67,702.12,9847.39
-1310.91,671.083,9863.74
-1286.84,654.283,9856.2
-1253.96,677.78,9873.05
-1253.65,745.985,9944.72
-1258.53,767.721,9890.13
-1283.11,738.815,9834.34
-1230.63,809.547,9900.82
-1295.67,789.724,9881.47
-1286.17,757.679,9883.36
-1296.64,811.515,9945.59
-1312.19,827.122,9929.45
-1304.84,751.634,9881.63
-1273.65,688.688,9869.88
-1236.12,713.492,9809.34
-1280.45,724.881,9785.09
-1437.43,698.27,9829.66
-1463.01,703.76,9693.17
-1446.64,645.253,9770.28
-1495.69,614.831,9779.02
-1523.62,619.385,9761.54
-1507.83,672.797,9797.29
-1457.91,678.196,9866.65
-1418.64,617.706,9871.46
-1440.4,630.032,9814.7
-1464.4,685.337,9896.23
-1492.01,762.173,9796.41
-1387.58,778.676,9821.24
-1416.33,820.567,9799.96
-1405.02,812.045,9799.61
-1453.83,847.453,9828.08
-1526.62,833.322,9846.1
-1589.71,821.278,9839.78
-1587.93,854.62,9838.86
-1503.54,824.167,9861.09
-1581.79,823.352,9858.88
-1527.61,808.64,9839.57
-1531.68,794.166,9785.84
-1462.88,911.542,9878.88
-1379.42,965.614,9925.69
-1418.95,889.959,9851.47
-1434.47,884.866,9816.19
-1414.44,929.526,9816.09
-1423.96,881.576,9790.07
-1413.77,758.944,9798.45
-1418.98,622.036,9785.15
-1409.92,738.44,9774.55
-1382.22,781.789,9784.32
-1266.84,766.395,9734.52
-1306.65,688.776,9659.35
-1377.14,680.308,9687
-1412.81,691.348,9721.07
-1398.08,682.946,9735.91
-1359.99,698.597,9768.54
-1380.16,764.289,9765.42
-1503.74,818.767,9692.62
-1564.18,807.367,9744.07
-1569.95,759.172,9699.82
-1702.69,846.578,9661.44
-1703.28,895.896,9644.02
-1722.55,908.716,9659.95
-1772.13,918.349,9711.61
-1760.66,907.127,9695.19
-1723.21,869.217,9623.31
-1760.11,819.253,9672.96
-1722.27,702.551,9766.56
-1812.99,757.943,9696.51
-1705.88,640.133,9703.55
-1561.27,727.384,9744.12
-1539.06,627.286,9696.1
-1513.89,660.171,9658.4
-1471.77,740.656,9677.85
-1432.27,776.897,9700.81
-1393.37,796.517,9671.49
-1379.37,784.49,9618.79
-1456.63,747.802,9622.23
-1566.83,804.307,9726.27
-1522.19,857.057,9681.63
-1592.92,819.283,9630.32
-1654.29,796.178,9698.1
-1698.93,844.598,9744.74
-1683.85,901.218,9658.49
-1669.54,904.745,9588.51
-1714.37,846.584,9662.23
-1729.52,798.771,9720.79
-1625.16,903.397,9624.51
-1586.62,864.188,9733.82
-1601.67,742.207,9619.1
-1618.71,705.735,9664.55
-1441.86,689.67,9645.64
-1534.07,634.874,9574.58
-1614.79,618.521,9507.34
-1536.74,652.977,9492.17
-1492.61,658.119,9519.47
-1520.75,617.912,9529.6
-1413.27,648.545,9517.26
-1478.26,632.408,9538.08
-1560.14,602.385,9500.25
-1699,708.403,9431.19
-1719.53,687.097,9480.72
-1671.5,780.041,9506.56
-1542.45,794.485,9547.94
-1501.07,803.708,9600.56
-1586.76,891.026,9623.72
-1567.45,845.573,9644.82
-1500.42,833.477,9649.6
-1350.33,794.949,9657.84
-1349.96,803.547,9615.53
-1318.93,809.065,9647.5
-1269.23,859.372,9577.08
-1304.9,858.711,9532.71
-1340.26,882.585,9570.23
-1408.03,947.531,9604.27
-1476.59,943.368,9560.39
-1396.23,859.5,9484.48
-1391.67,939.085,9441.25
-1412.42,975.401,9397.88
-1409.19,936.194,9352.21
-1435.01,899.569,9353.36
-1531.89,1066.72,9408.14
-1635.66,1040.21,9402.98
-1665.94,976.934,9428.22
-1736.6,980.534,9517.93
-1858.41,991.359,9613.47
-1838.73,1000.11,9655.04
-1811.18,910.124,9576.94
-1952.82,803.327,9630.61
-1944.37,782.325,9582.92
-1985.37,720.711,9640.25
-1893.74,773.306,9582.88
-1905.58,781.024,9543.47
-1966.32,740.015,9568.59
-2003.17,712.798,9611.89
-2013.44,723.33,9600.74
-1990.39,733.734,9520.42
-1992.23,686.212,9478.12
-2038.65,809.694,9440.31
-2036.56,867.378,9423.76
-2120.72,923.944,9486.99
-2084.48,852.563,9497.58
-2067.04,814.819,9534.24
-2094.72,899.59,9437.82
-2175.61,969.864,9323.98
-2265.57,977.965,9352.02
-2251.85,1037.84,9408.22
-2166.22,971.141,9498.52
-2142.88,871.961,9552.81
-2250.09,914.209,9569.84
-2140.4,938.564,9456.02
-2024.03,897.06,9471.56
-1967.65,903.188,9503.18
-1850.82,928.613,9576.26
-1825.85,957.032,9581.11
-1942.78,976.096,9502.22
-1935.05,933.801,9527.79
-1919.65,877.694,9533.75
-1949.76,933.739,9583.13
-1914.86,919.979,9556.13
-1843.87,862.118,9512.38
-1846.84,939.484,9544.53
-1903.44,916.813,9624.71
-1949.94,871.01,9639.17
-1901.99,856.231,9635.96
-1851.43,851.607,9657.27
-1943.84,896.211,9611.13
-1909.62,969.978,9566.89
-1885.35,926.891,9635.31
-1855.4,879.116,9618.33
-1922.34,907.098,9717.52
-1842.85,938.38,9734.35
-1819.6,968.501,9708.35
-1891.34,998.58,9656.1
-1945.25,985.92,9635.92
-1957.67,930.697,9669.5
-1979.89,897.551,9692.09
-1874.21,877.465,9699.24
-1872.6,932.838,9610.37
-1912.73,907.939,9671.29
-1906.31,838.708,9692.94
-1861.23,871.451,9692.39
-1911.16,886.829,9711.96
-1958.53,888.751,9688.86
-1973.34,904.175,9655.12
-1968.51,929.822,9683.27
-1897.15,968.074,9740.31
-1843.37,1029.59,9747.62
-1906.83,1144.46,9666.08
-1825.68,967.907,9646.6
-1851.34,981.853,9705.64
-1851.04,952.145,9724.3
-1798.29,889.067,9716.17
-1748.79,843.906,9763.22
-1746.09,862.553,9823.59
-1782.56,874.075,9862.33
-1800.26,783.61,9916.67
-1730.83,768.334,9864.83
-1744.88,742.763,9819.49
-1710.43,727.573,9822.5
-1730.23,763.35,9769.63
-1689.81,695.209,9766.4
-1667.8,671.385,9794.51
-1683.44,701.659,9826.26
-1741.47,752.775,9817.45
-1811.4,815.545,9781.02
-1846.54,864.34,9784.97
-1911.64,859.731,9798.03
-1946.02,919.108,9826.81
-1944.45,851.057,9729.44
-1949.78,933.462,9739.58
-1888.81,934.536,9768.41
-1895,897.342,9812.16
-1893.6,886.639,9816.24
-1890.07,937.39,9769.24
-1890.14,980.563,9767.43
-1817.31,921.299,9857.83
-1795.42,887.828,9820.23
-1730.9,956.649,9684.95
-1773.55,928.19,9699.96
-1721.05,938.111,9693.12
-1764.88,950.122,9657.73
-1747.71,967.138,9659.99
-1749.67,982.316,9626.07
-1809.92,980.82,9595.28
-1853.46,969.79,9608.17
-1848.09,972.98,9592.23
-1837.66,973.91,9605.92
-1784.33,926.995,9604.66
-1762.54,860.439,9620.56
-1782.54,809.425,9602.04
-1927.41,761.62,9645.05
-1993.84,744.334,9692.85
-2001.54,763.579,9726.04
-2004.08,740.922,9769.8
-1999.3,668.139,9803.93
-1983.85,660.505,9787.99
-1951.31,710.305,9803.31
-1895.02,722.896,9763.55
-1862.34,730.855,9757.58
-1772.82,735.152,9750.92
-1784.7,703.859,9731.15
-1819.02,719.624,9684.25
-1807.51,757.661,9641.05
-1787.1,753.49,9606.23
-1809.24,727.139,9589.96
-1841.36,769.794,9603.79
-1824.95,871.657,9554.87
-1818.91,875.955,9475.53
-1952.61,849.29,9530.86
-1943,869.834,9632.58
-1953.61,923.215,9726.17
-2040.53,962.291,9755.74
-2086.9,942.125,9712.22
-2033.79,887.671,9671.73
-1959.77,848.402,9687.17
-1931.16,815.812,9715.19
-1846.34,744.647,9721.4
-1729.72,726.52,9709.78
-1706.33,753.63,9736.59
-1667.61,722.837,9721.89
-1598.78,700.339,9682.05
-1528.22,680.285,9671.46
-1515.25,671.559,9671.04
-1551.79,691.742,9658.74
-1557.39,715.452,9644.53
-1508.59,701.067,9651.28
-1538.04,695.187,9693.64
-1563.79,687.993,9748.95
-1537.53,648.762,9771.89
-1501.03,660.196,9743.42
-1495.52,714.092,9684.3
-1517.78,728.455,9639.17
-1540.88,682.395,9608.51
-1540.01,629.751,9568.3
-1531.93,606.27,9522.34
-1540.04,604.819,9509.58
-1503.03,667.721,9532.65
-1455.02,734.886,9484.7
-1453.23,772.287,9453.39
-1415.98,805.069,9449.67
-1524.68,823.84,9428.83
-1620.79,837.55,9399.87
-1603.15,868.297,9403.2
-1559.4,918.939,9433.27
-1584.01,950.265,9472.96
-1631.1,915.459,9536.96
-1655.12,843.688,9608.44
-1703.89,841.72,9594.88
-1699.07,837.342,9537.32
-1680.46,814.763,9558.96
-1717.89,825.376,9582.24
-1771.83,854.147,9644.25
-1772.34,855.068,9664.55
-1710.56,823.778,9624.27
-1631.99,815.696,9614.1
-1580.83,856.508,9688.52
-1570.07,842.884,9744.15
-1544.37,794.799,9720.55
-1531.39,792.654,9644.93
-1504.66,779.123,9638.92
-1487.26,772.254,9687.92
-1512.54,823.744,9680.59
-1560.47,882.611,9647.21
-1633.87,880.609,9629.97
-1733.4,811.338,9626.75
-1811.41,730.431,9647.19
-1832.08,699.854,9713.74
-1839.43,735.134,9629.67
-1867.64,757.617,9529.49
-1889.54,756.143,9560.62
-1906.11,732.245,9563.54
-1908.88,700.138,9523.01
-1885.02,679.481,9489.97
-1867.79,696.756,9481.16
-1893.77,732.3,9475.27
-1946.74,732.027,9460.77
-1983.59,732.156,9454.12
-1950.62,821.606,9497.98
-1889.3,800.435,9534
-1868.35,738.056,9500.54
-1852.11,709.957,9493.51
-1876.1,737.348,9488.11
-1880.77,797.484,9464.03
-1850.27,829.286,9428.68
-1823.73,808.224,9384.83
-1807.22,787.401,9339.03
-1766.12,808.493,9352.91
-1722.27,776.682,9399.76
-1729.51,799.955,9425.03
-1761.45,881.796,9398.11
-1812.88,937.79,9362.87
-1816.06,917.876,9378.88
-1772.64,875.563,9368.78
-1753.68,871.004,9350.37
-1804.2,891.507,9377.77
-1855.46,890.004,9387.02
-1783.37,890.688,9315.93
-1754.52,891.594,9344.16
-1779.43,876.028,9355.09
-1796.21,875.187,9400.85
-1747,787.51,9427.81
-1738.8,797.728,9448.61
-1778.83,855.206,9423.32
-1794.93,849.733,9415.2
-1783.54,789.605,9467.89
-1813.26,767.056,9500.87
-1836.91,805.617,9507.93
-1830.96,822.982,9470.76
-1756.18,804.084,9469.44
-1772.4,827.755,9537.17
-1802.12,860.88,9552.41
-1813.52,877.566,9523.37
-1858.39,853.467,9508.29
-1877.86,824.562,9523.06
-1841.69,825.355,9546.74
-1838.14,829.238,9550.32
-1807.61,820.124,9505.55
-1714.24,829.645,9578.91
-1770.13,741.13,9659.94
-1682.45,676.306,9641.69
-1683.54,695.649,9637.64
-1711.04,728.289,9597.97
-1724.7,742.995,9561.01
-1746.9,725.5,9542.91
-1797.85,709.341,9554.62
-1828.27,746.87,9608.98
-1751.31,770.563,9604.31
-1740.61,782.4,9643.54
-1804.06,821.644,9562.31
-1850.38,805.302,9575.19
-1884.78,772.561,9608.13
-1802.36,804.984,9637.76
-1763.18,808.135,9641.39
-1812.41,788.644,9637.16
-1850.82,789.237,9651.33
-1852.37,760.413,9657.48
-1872.6,732.148,9623.31
-1891.98,702.216,9772.78
-1776.69,733.55,9770.02
-1706.72,719.952,9736.35
-1678.01,663.365,9685.36
-1594.34,649.675,9649.02
-1571.8,618.089,9652.87
-1611.98,626.341,9679.66
-1618.63,719.218,9703.86
-1585.66,754.213,9705.59
-1544.07,666.359,9645.68
-1521.77,664.571,9703.72
-1556.33,634.054,9799.4
-1555.37,650.4,9821.83
-1509.16,655.926,9777.42
-1576.32,642.516,9773.68
-1610.26,657.175,9791.5
-1559.58,668.095,9813.6
-1521.3,643.797,9826.47
-1511.63,625.553,9807.76
-1452.26,603.525,9823.51
-1448.75,639.854,9789.29
-1481.25,588.723,9827.29
-1468.72,597.034,9863.68
-1530.44,598.906,9822.4
-1495.36,584.467,9804.97
-1440.29,565.153,9839.63
-1460.38,572.607,9870.87
-1495.29,581.906,9860.01
-1459.59,551.461,9816.26
-1446.85,589.389,9740.89
-1395.48,589.317,9844.26
-1387.5,628.88,9828.39
-1409.46,655.932,9820.54
-1462.67,709.665,9764.49
-1563.5,680.728,9751.64
-1584.27,614.016,9769.25
-1543.37,579.203,9794.84
-1496.88,581.554,9808.29
-1426.39,596.188,9774.48
-1453.58,624.176,9727.05
-1340.48,688.619,9757.56
-1461.64,705.881,9781.32
-1436.57,595.664,9824.4
-1416.29,562.214,9819.8
-1386.19,520.362,9797.55
-1416.02,502.262,9715.52
-1450.81,509.99,9694.5
-1410.44,509.908,9770.04
-1375,509.318,9751.88
-1422.58,504.938,9680.29
-1251.7,546.169,9687.09
-1353.26,550.901,9742.02
-1339.14,570.221,9691.96
-1361.87,649.032,9729.94
-1365.39,682.015,9778.99
-1318.48,681.391,9813.64
-1319.7,670.12,9822.59
-1428.44,656.592,9821.89
-1505.07,666.315,9830.14
-1399.71,701.364,9752.76
-1513.03,769.462,9690.6
-1478.62,753.246,9724.1
-1387.17,724.552,9740.09
-1366.51,720.631,9776.21
-1365.99,715.014,9827.11
-1369.2,675.917,9861.77
-1398.9,673.105,9793.28
-1428.71,686.173,9709.22
-1401.89,609.056,9775.04
-1384.43,620.411,9703.12
-1446.73,597.444,9536.12
-1485.57,590.282,9647.57
-1400.5,674.875,9718.5
-1474.17,726.034,9719.59
-1525.5,704.578,9740.54
-1577.77,719.608,9758.8
-1651.42,769.623,9757.3
-1692.92,766.305,9758.21
-1716.35,718.024,9779.56
-1822.26,730.727,9822.68
-1868.65,771.701,9760.81
-1745.18,680.277,9715.06
-1820.39,683.85,9678.62
-1791.08,701.253,9733.77
-1716.91,684.123,9730.67
-1750.35,622.598,9672.71
-1837.07,566.669,9643.4
-1838.79,589.216,9667.63
-1782,667.102,9695.46
-1806.53,631.336,9699.69
-1877.11,636.301,9687.77
-1861.01,620.516,9630.02
-1919.88,643.327,9606.12
-1893.42,714.418,9572.37
-1854.42,813.576,9511.94
-1901.35,797.516,9498.75
-1984.85,705.76,9525.57
-1977.74,717.996,9546.24
-1926.7,841.898,9548.8
-2104.28,826.369,9480.98
-2111.69,800.589,9494.79
-2044.76,749.558,9503.71
-1931.1,843.232,9605.62
-1898.79,798.461,9649.61
-1941.27,758.698,9598.9
-1979.08,688.438,9549.29
-2013.45,659.724,9602.85
-2020.88,728.13,9683.99
-1941.36,776.073,9623.52
-1906.54,802.203,9532.79
-1739.37,657.043,9643.06
-1751.19,711.945,9605.11
-1809.97,767.989,9524.21
-1861.19,843.98,9531.85
-1859.77,797.112,9557.46
-1846.45,816.749,9534.12
-1895.52,882.189,9558.15
-1947.79,891.015,9629.27
-1892.69,923.951,9604.15
-1905.02,916.971,9637.33
-1972.63,861.723,9660.53
-1965.85,850.435,9552.96
-2026.38,741.988,9626.42
-1964.95,759.288,9625.39
-1977.15,727.938,9631.38
-1946.92,626.09,9681.45
-1887.84,635.915,9677.47
-1913.58,726.035,9660.02
-1975.2,649.74,9744.28
-1991.52,607.008,9629.09
-1929.07,689.09,9595.46
-1915.89,677.706,9505.22
-1898.46,623.973,9641.72
-1876.81,649.668,9687.77
-1933,723.666,9645.73
-1921.7,765.261,9653.66
-1898.11,757.257,9698.95
-1919.1,770.71,9741.87
-1860.81,812.742,9812.27
-1849.99,699.708,9784.01
-1808.63,730.307,9764.54
-1787.14,804.568,9723.79
-1717.95,700.551,9759.78
-1630,622.336,9815.93
-1568.02,698.497,9777.58
-1545.51,622.77,9784.42
-1510.08,508.139,9805.87
-1434.42,493.418,9759.63
-1336.02,365.228,9737.94
-1184.29,358.275,9741.79
-1276.07,373.103,9712.22
-1303.79,334.288,9753.13
-1379.07,354.177,9702.69
-1437.75,309.899,9830
-1391.2,300.097,9782.71
-1414.55,348.635,9717.1
-1450.7,368.5,9757.29
-1390.51,359.496,9783.48
-1354.4,390.958,9746.09
-1355.39,316.617,9821.51
-1369.52,383.002,9764.78
-1301.46,479.017,9710.31
-1242.61,346.264,9693.74
-1213.38,347.197,9692.21
-1254.88,328.815,9709.23
-1254.13,249.665,9700.55
-1211.52,227.297,9731.48
-1162.85,301.69,9787.97
-1119.25,339.071,9758.54
-1270.83,266.65,9808.24
-1315.3,232.147,9681.62
-1251.33,416.011,9638.99
-1300.69,555.334,9682.4
-1215.46,532.565,9709.88
-1252.88,521.483,9655.28
-1329.06,597.836,9602.8
-1350.92,626.013,9605.56
-1328.74,583.23,9642.41
-1264.95,612.942,9670.53
-1207.31,563.633,9643.59
-1246.71,567.937,9667.49
-1319.53,688.698,9639.24
-1344.02,575.394,9613.42
-1316.87,554.421,9630.91
-1260.8,554.832,9648.22
-1225.31,498.891,9668.82
-1281.95,432.107,9704.99
-1355.94,420.851,9737.76
-1284.16,445.189,9739.77
-1197.79,447.375,9720.48
-1195.37,362.465,9643.08
-1225.83,478.483,9717.78
-1179.74,490.907,9815.75
-1170.39,456.834,9814.43
-1202.13,429.324,9756.45
-1247.03,410.206,9757.39
-1243.02,428.351,9773.7
-1217.53,485.213,9721.77
-1247.31,521.422,9680.37
-1207.24,535.863,9770.97
-1238.52,531.916,9793.09
-1199.36,515.627,9764.51
-1263.84,508.586,9745.56
-1260.78,508.778,9709.42
-1212.55,475.653,9697.1
-1203.88,423.022,9731.41
-1249.18,385.554,9749.19
-1285.52,391.078,9685.12
-1271.51,436.828,9594.37
-1256.43,454.149,9621.71
-1199.73,352.837,9710.5
-1248.51,311.096,9663.57
-1305.56,331.428,9653.75
-1331.94,416.408,9610.3
-1314.25,474.27,9599.61
-1309.47,456.049,9623.28
-1345.93,433.607,9622.86
-1373.81,459.192,9616.7
-1360.12,464.802,9680.49
-1399.89,408.505,9725.7
-1367.23,355.094,9727.23
-1369.43,329.895,9637.45
-1352.7,273.856,9636.82
-1426.24,219.382,9704.9
-1416.11,179.649,9748.92
-1361.77,115.057,9720.65
-1367.07,37.7386,9675.24
-1401.4,1.58952,9672.99
-1360.77,12.112,9692.2
-1307.23,19.2289,9693.6
-1307.23,127.016,9656.03
-1285.87,191.458,9629.46
-1242.39,228.154,9626.02
-1230.19,307.739,9630.88
-1234.31,423.669,9645.28
-1242.75,442.217,9687.81
-1218.62,410.032,9713.98
-1171.92,427.052,9704.71
-1158.99,428.032,9731.33
-1136.02,355.568,9807.78
-1160.35,351.129,9790.74
-1222.08,375.469,9729.2
-1205.94,331.917,9779.47
-1181.02,240.376,9787.25
-1155.78,135.941,9785.1
-1141.93,70.4133,9790.34
-1138.37,35.5944,9812.2
-1134.42,4.57572,9825.38
-1119.1,-18.4464,9789.37
-1077.49,-36.9322,9758.3
-1056.52,43.9573,9735.19
-1036.6,114.801,9721.65
-1015.88,173.666,9709.67
-1043.75,246.586,9749.41
-1044.16,337.636,9769.2
-981.128,452.947,9752.59
-923.25,530.014,9726.01
-904.422,512.857,9704.32
-887.316,450.787,9686.04
-949.609,429.905,9698.12
-1029.51,372.014,9762.43
-1066.27,322.687,9733.28
-1114.47,313.697,9739.01
-1096.82,360.181,9757.47
-1060.13,351.13,9748.01
-1043.87,328.562,9730.64
-1050.03,322.792,9737.97
-1073.71,298.638,9743.4
-1121.05,260.105,9709.54
-1180.61,300.65,9723.01
-1224.98,372.56,9785.71
-1142.71,429.72,9846.16
-1087.33,380.287,9849.1
-1155.4,402.287,9812.83
-1182.71,552.958,9752.5
-1188.83,655.924,9730.04
-1198.58,686.073,9785.25
-1178.5,699.743,9868.87
-1140.41,659.669,9883.09
-1165.07,605.664,9824.01
-1189.89,523.277,9815.76
-1211.2,462.398,9890.68
-1230.97,478.912,9884.65
-1274.53,425.016,9891.53
-1339.7,332.055,9874.5
-1371.14,269.853,9837.58
-1330.31,227.309,9828
-1277.29,178.604,9855.45
-1311.09,157.749,9858.86
-1379.44,177.902,9792.32
-1366.49,200.817,9738.12
-1287.16,253.612,9694.44
-1222.81,344.285,9646.06
-1205.96,459.855,9671.87
-1208.31,557.61,9731.81
-1176.03,653.209,9766.88
-1102.43,729.297,9788.59
-1061.99,748.589,9822.38
-1103.26,733.162,9836.95
-1097.89,755.662,9795.04
-1069.16,778.392,9700.29
-1127.98,750.43,9638.83
-1152,703.338,9660.23
-1161.4,666.91,9697.8
-1173.63,653.138,9695.08
-1211.61,635.586,9702.68
-1254.16,586.228,9716.51
-1280.76,509.107,9690.95
-1312.23,431.757,9650.22
-1355.69,365.122,9673.98
-1426.95,320.686,9748.79
-1486.83,309.813,9753.76
-1502.31,315.01,9779.8
-1468.02,343.792,9796.75
-1418.81,412.959,9768.82
-1413.51,465.238,9712.6
-1428.52,508.396,9662.15
-1382.62,582.796,9641.12
-1274.63,663.17,9655.78
-1256.87,700.393,9688.82
-1388.21,709.341,9693.43
-1427.11,712.581,9650.03
-1375.22,705.676,9613.44
-1373.63,642.957,9616.37
-1403.3,584.175,9624.61
-1462.28,561.316,9650.8
-1542.8,597.636,9674.35
-1613.19,634.88,9646.11
-1658.17,586.186,9585.99
-1709.36,563.461,9611.79
-1707.71,528.984,9669.7
-1727.6,448.181,9720.17
-1772.65,483.034,9675.43
-1857.52,532.745,9603.03
-1897.57,536.403,9592.89
-1850.89,553.843,9627.48
-1798.13,613.082,9642.5
-1794.21,675.305,9625.33
-1795.2,709.443,9622.81
-1828.32,732.33,9639.47
-1831.64,757.282,9602.33
-1739.38,787.537,9637.48
-1766.08,749.003,9695.42
-1815.68,713.63,9686.76
-1801.18,661.246,9715.65
-1787.13,661.156,9736.66
-1840.23,687.901,9729.21
-1897.17,678.287,9741.01
-1890.48,659.125,9778.71
-1989.06,654.285,9776.2
-2113.73,615.657,9747.6
-2109.32,555.752,9703.94
-2076.64,513.008,9643.41
-2132.18,504.855,9548.36
-2205.92,600.095,9571.34
-2262.57,672.674,9581.89
-2322.44,715.842,9529.48
-2380.52,816.479,9517.58
-2387.56,927.591,9585.8
-2343.04,904.468,9621
-2257.81,886.627,9563.21
-2243.45,921.204,9528.04
-2302.52,900.918,9509.17
-2314.78,858.782,9513.75
-2345,847.569,9567.69
-2406.99,843.525,9629.64
-2471.09,853.003,9642.88
-2518.7,884.829,9608.14
-2544.5,910.464,9580.99
-2534.16,939.54,9595.75
-2602.35,890.1,9694.05
-2640.52,818.335,9658
-2692.8,827.866,9678.73
-2686.61,796.154,9668.76
-2665.15,799.718,9635.48
-2671.59,806.232,9640.4
-2717.61,800.156,9656.67
-2742.01,804.97,9668.83
-2679.42,833.088,9707.59
-2622.81,903.963,9667.75
-2575.83,921.825,9716.78
-2583.04,924.366,9721.36
-2555.3,898.449,9720.03
-2560.28,930.683,9725.91
-2613.48,912.042,9674.46
-2631.42,896.01,9668.99
-2635.94,851.495,9721.11
-2686.42,788.499,9793.11
-2762.32,820.391,9878.7
-2855.74,798.125,9849.42
-2864.47,709.056,9847.42
-2748.48,689.126,9848.74
-2699.98,644.293,9851.33
-2656.71,633.862,9821.84
-2586.86,653.359,9817.96
-2503.22,665.427,9787.26
-2451.06,680.09,9734.25
-2423.96,727.083,9714.04
-2367.38,797.527,9711.54
-2311.74,855.606,9667.32
-2236.21,833.196,9714.45
-2156.25,752.14,9714.39
-2246.09,778.226,9612.24
-2270.49,802.568,9567.29
-2239.48,892.358,9536.99
-2215,940.21,9508.74
-2193.93,943.055,9506.55
-2178.53,933.919,9544.38
-2208.54,859.353,9604.37
-2233.38,799.318,9646.29
-2247.33,864.875,9603.56
-2126.07,891.422,9604.88
-2015.35,934.141,9651.18
-2038.04,837.909,9628.27
-2061.74,747.06,9623.34
-2014.26,716.541,9579.61
-1933.1,673.001,9502.48
-1868.25,607.511,9466.1
-1823.42,601.325,9472.53
-1807.81,588.068,9457.21
-1779.3,639.877,9414.86
-1782.87,713.351,9450.55
-1677.24,746.609,9482.8
-1696.07,692.981,9526.34
-1712.76,727.225,9541.5
-1653.08,782.977,9549.61
-1594.79,846.204,9551.96
-1563.81,907.416,9562.79
-1482.92,890.406,9596.62
-1442.99,912.691,9545.2
-1448.41,892.451,9540.81
-1457.8,872.194,9550.2
-1511.23,848.19,9558.93
-1454.75,822.582,9519.91
-1373.19,779.769,9558.01
-1302.29,729.808,9576.88
-1282.4,694.447,9535
-1272.3,675.419,9528.52
-1189.67,667.071,9569.83
-1179.64,691.339,9467.03
-1134.37,642.568,9491.09
-1092.96,684.808,9525.13
-1109.76,730.115,9384.57
-1069.73,765.211,9359.11
-1123.12,756.289,9345.63
-1130.03,752.788,9345.26
-1083.73,762.205,9410.41
-1061.89,779.367,9473.78
-1003.88,798.964,9442.34
-917.223,713.003,9473.41
-975.48,694.894,9468.4
-1049.99,709.593,9421.2
-984.482,685.882,9430.92
-1001.51,759.869,9487.59
-1013.83,705.941,9513.16
-1021.84,613.608,9499.83
-994.972,624.346,9474.57
-945.584,666.144,9444.6
-952.006,626.863,9406.04
-935.717,700.362,9396.95
-1045.15,721.696,9446.44
-1009.94,828.644,9369.49
-973.891,710.301,9419.93
-954.291,714.923,9385.15
-1001.3,790.134,9435.92
-1053.13,851.436,9436.79
-1062.39,870.907,9417.81
-1063.25,876.528,9442.08
-1107.05,915.133,9387.54
-1159.31,983.583,9345.96
-1123.76,973.355,9426.28
-1076.51,939.958,9436.5
-1118.78,840.876,9463.02
-1032.74,862.005,9410.95
-1012.38,900.283,9401.62
-1073.45,829.964,9426.64
-1118.54,797.676,9423.63
-1163.89,870.459,9414.33
-1264.94,845.281,9472.07
-1235.05,773.729,9536.11
-1335.67,761.763,9465.55
-1352.66,765.536,9594.7
-1473.09,791.937,9595.45
-1532.57,731.287,9610.87
-1521.08,728.309,9544.34
-1543.78,706.692,9532.18
-1592.92,717.371,9566.91
-1614.1,819.275,9512.05
-1634.29,870.142,9431.64
-1658.63,819.997,9573.05
-1638.03,861.117,9487.5
-1556.92,840.581,9468.99
-1622.69,671.315,9466.73
-1711.94,724.396,9479.97
-1765.52,754.268,9542.93
-1764.47,806.761,9564.63
-1763.13,811.03,9561.53
-1775.88,769.483,9587.24
-1729.37,852.226,9580.36
-1647.63,802.439,9500.29
-1732.07,866.391,9501.12
-1605.45,837.026,9590.42
-1696.93,871.606,9573.91
-1701.89,881.666,9570.84
-1771.11,909.066,9584.07
-1799.89,885.13,9607.83
-1775.63,849.318,9610.86
-1804.55,874.036,9647.69
-1859.08,879.329,9785.1
-1799.84,758.308,9805.5
-1827.82,771.191,9765.91
-1792.59,889.876,9819.7
-1742.89,768.279,9727.75
-1700.62,766.878,9735.85
-1709.05,783.199,9759.13
-1673.35,778.746,9781.94
-1661.54,747.669,9772.65
-1745.27,694.42,9727.98
-1809.02,680.233,9709.6
-1802.74,778.689,9688.49
-1657.55,849.008,9669.36
-1733.33,868.14,9624.85
-1721.53,856.689,9619.65
-1651.06,868.513,9615.29
-1692.24,943.945,9594.25
-1673.92,1011.01,9520.36
-1569.83,1019.25,9470.94
-1554.01,978.327,9500.29
-1672.31,913.737,9548.23
-1723.89,851.814,9634.75
-1592.88,804.452,9681.74
-1675.78,804.839,9686.33
-1750.37,808.724,9767.09
-1699.5,812.725,9820.77
-1670.08,812.044,9864.28
-1679.91,791.966,9906.19
-1649.93,744.798,9917.71
-1554.77,689.93,9881.75
-1484.94,683.288,9817.32
-1521.07,759.423,9752.25
-1433.72,654.927,9852.63
-1395.23,649.786,9725.47
-1483.41,664.32,9628.52
-1451.96,647.7,9620.86
-1462.43,601.769,9637.6
-1517.86,654.175,9669.66
-1538.94,659.277,9711.58
-1538.46,597.721,9724.55
-1580.12,697.308,9703.36
-1578.92,659.932,9756.23
-1512.9,652.122,9905.55
-1560.53,602.068,9826.97
-1552.28,597.219,9884.1
-1574.27,645.38,9948.67
-1470.11,636.297,9946.94
-1387.16,626.326,9916.5
-1348.54,627.59,9929.33
-1284.07,590.609,9929.74
-1258.49,546.584,9829.82
-1301.47,593.98,9820.22
-1270.67,573.878,9788.93
-1158.36,518.417,9881.49
-1097.55,473.374,9794.34
-1105.34,481.325,9769.7
-1130.6,577.529,9751.96
-1073.62,650.522,9761.7
-1019.24,637.915,9769.37
-1035.64,599.204,9731.11
-1044.82,596.507,9693.56
-1116.66,592.742,9699.49
-1074.96,745.027,9630.4
-1123.6,674.141,9612.91
-1153.45,713.066,9524.76
-1175.72,792.665,9487.06
-1086.09,883.544,9544.03
-999.543,870.067,9596.47
-968.108,793.246,9552.55
-988.293,770.82,9481.43
-1059.99,787.257,9504.5
-1016.39,754.018,9519.88
-905.681,770.933,9628.49
-985.897,781.401,9699.79
-1037.84,787.114,9686.76
-1026.7,684.914,9654.21
-1024.39,591.502,9663.89
-1029.81,568.182,9667.84
-1011.07,580.69,9657.58
-981.617,579.712,9626
-986.931,588.494,9546.76
-1009.42,668.391,9525.65
-996.477,601.341,9530.43
-1042.79,566.378,9514.82
-981.467,595.168,9528.64
-1047.9,619.325,9432.84
-1096.94,653.693,9407.52
-1087.93,701.712,9431.83
-1066.95,718.449,9440.2
-1089.67,677.678,9457.43
-1183.91,625.277,9494.21
-1311.14,604.091,9417.6
-1351.87,505.369,9401.32
-1419.85,488.127,9382.92
-1464.95,428.401,9325.48
-1451.54,392.272,9357.73
-1437.05,349.734,9344.08
-1488.89,353.202,9306.69
-1545.24,385.558,9288.27
-1537.85,365.741,9276.06
-1507.73,329.787,9247.75
-1463.88,462.901,9202.97
-1364.16,443.553,9207.38
-1346.19,445.064,9222.33
-1308.63,498.934,9184.54
-1345.94,505.206,9191.94
-1391.42,489.045,9199.74
-1451.35,503.539,9211.3
-1502.32,563.855,9217.1
-1502.49,607.518,9246.28
-1485.92,569.156,9353.15
-1542.98,527.365,9437.49
-1639.92,526.621,9495.67
-1668.56,482.66,9522.46
-1605.32,536.273,9435.09
-1510.33,539.497,9387.97
-1432.5,557.662,9323.69
-1397.27,572.893,9227.06
-1358.93,547.876,9135.67
-1294.75,507.849,9095.93
-1259.61,496.982,9118.4
-1265.6,473.847,9147.31
-1300.78,429.547,9118.02
-1350.93,461.939,9219.36
-1459.78,384.41,9288.48
-1517.56,348.17,9394.56
-1550.83,342.828,9475.93
-1611.34,340.959,9554.32
-1698.36,347.743,9589.04
-1748.83,320.768,9533.15
-1727.01,222.906,9448.95
-1725.7,224.399,9410.03
-1753.7,278.847,9361.97
-1781.7,378.807,9375.68
-1770.5,405.888,9451.69
-1791.31,359.092,9421.84
-1823.25,348.848,9371.62
-1824.2,298.529,9360.93
-1824.08,181.714,9336.75
-1845.13,91.7228,9343.2
-1837.4,70.5075,9498.92
-1799.1,-5.24698,9595.66
-1830.15,-71.8399,9575.83
-1902.74,-95.9473,9594.36
-1920.21,-133.673,9683.67
-1850.95,-192.955,9685.51
-1768.65,-228.652,9608.41
-1721.5,-266.577,9545.82
-1678.35,-289.875,9524.12
-1638.03,-248.055,9516.13
-1668.82,-166.909,9513.31
-1733.97,-163.456,9510.56
-1656.38,-203.86,9521.16
-1642.05,-230.985,9573.7
-1656.44,-252.425,9554.17
-1584.7,-238,9547.44
-1550.72,-237.396,9570.19
-1605.71,-224.101,9615.71
-1681.66,-192.617,9673.2
-1711.64,-192.726,9728.27
-1726.06,-258.207,9769.74
-1792,-347.013,9802.96
-1869.11,-455.63,9799.89
-1872.65,-460.738,9894.19
-1848.81,-492.013,9850.58
-1777.25,-566.052,9789.5
-1708.55,-607.003,9799.12
-1704.39,-641.122,9786.17
-1716.56,-692.97,9723.09
-1696.04,-740.556,9674.88
-1672.89,-768.498,9660.94
-1622.22,-804.708,9634.16
-1629.72,-837.238,9639.59
-1616.22,-807.43,9711.32
-1522.29,-750.672,9732.16
-1474.1,-716.421,9728.13
-1491.07,-784.982,9766.2
-1556.7,-889.825,9816.99
-1640.2,-967.951,9864.05
-1711.36,-1010.47,9926.33
-1738.6,-1029.09,9976.07
-1695.4,-1063.59,9913.88
-1722.36,-1130.36,9806.11
-1812.46,-1173.59,9816.09
-1872.58,-1142.25,9931.15
-1864.75,-1153.05,10047.8
-1848.08,-1198.11,10104.8
-1847.24,-1234.74,10115.4
-1791.69,-1316.53,10118.1
-1649.84,-1498.86,10122.3
-1503.45,-1686.94,10112.8
-1384.99,-1688.24,10110.8
-1236.13,-1482.93,10148.5
-1190.55,-1374.52,10161.1
-1366.67,-1442.68,10114.4
-1584.47,-1481.53,10232.8
-1852.34,-1540.44,10450
-2194.89,-1640.42,10632.3
-2542.46,-1693.39,10732.6
-2753.25,-1641.58,10768.8
-2715.96,-1544.69,10769.1
-2451.81,-1447.08,10781.7
-2198.16,-1356.31,10721.7
-1994.28,-1248.58,10677.9
-1860.65,-1083.54,10583
-1820.69,-979.618,10493.9
-1783.47,-961.767,10427.2
-1711.71,-1000.23,10345.5
-1635.32,-1048.14,10223
-1579.84,-1077.6,10084.9
-1531.18,-1095.6,9981.52
-1490.04,-1122.84,9916.79
-1483.25,-1140.47,9812.6
-1646.02,-1258.29,9811.39
-1779.83,-1290.03,9875.37
-1835.65,-1291.17,9897.2
-1849.61,-1287.05,9916.76
-1789.83,-1280.48,9944.5
-1640.01,-1309.94,10001.7
-1432.74,-1325.3,10053.6
-1222.24,-1210.73,10032.6
-1072.09,-1077.17,10048
-1027.65,-969.125,10150
-1085.04,-870.62,10219.2
-1129.44,-777.775,10285.8
-1124.04,-684.954,10256.8
-1158.09,-669.877,10144.1
-1225.25,-660.326,10011.2
-1306.39,-643.328,9909.68
-1415.41,-667.651,9850.08
-1543.43,-718.386,9814.85
-1621.47,-736.618,9792.69
-1715.06,-717.725,9804.13
-1728.54,-702.512,9751.39
-1654.29,-738.97,9748.56
-1578.56,-721.966,9661.78
-1464.42,-700.55,9579.42
-1412.51,-741.122,9540.24
-1433.35,-793.732,9537.63
-1451.65,-798.709,9506.61
-1451.48,-811.926,9402.85
-1466.62,-888.956,9383.42
-1522.58,-850.95,9498.35
-1632.05,-875.319,9567.57
-1709.36,-889.281,9584.16
-1839.42,-900.186,9613.49
-1982.85,-857.713,9667.46
-2099.4,-794.801,9696.69
-2184.72,-734.688,9684.23
-2195.07,-691.631,9638.22
-2090.12,-693.97,9583.52
-2020.18,-715.011,9610.41
-2021.06,-709.808,9650.82
-1974.19,-698.503,9615.58
-1909.01,-652.176,9603.28
-1864.71,-678.634,9615.96
-1828.81,-686.349,9646.8
-1732.48,-652.167,9678.7
-1637.79,-609.278,9676.72
-1567.09,-577.075,9618.56
-1452.92,-564.297,9528.49
-1450.72,-614.785,9466.6
-1356.56,-631.339,9478.44
-1354.43,-624.582,9408.68
-1323.15,-636.614,9395.25
-1353.18,-607.935,9447.49
-1432.76,-636.939,9464.49
-1489.29,-689.255,9483.8
-1585.2,-699.697,9477.83
-1697.96,-656.283,9467.08
-1714.58,-591.089,9566.84
-1886.34,-551.698,9660.51
-2017.77,-589.715,9698.73
-2076.26,-599.851,9631.36
-2154.7,-573.197,9630.25
-2167.62,-538.519,9620.07
-2106.97,-503.582,9587.63
-2070.26,-523.463,9516.32
-2054.84,-576.19,9430.81
-2015.46,-594.246,9376.23
-1939.14,-551.134,9355.62
-1743.47,-463.31,9327.27
-1652.34,-539.339,9318.23
-1646.74,-541.11,9268.28
-1608.37,-536.443,9231.84
-1570.88,-468.129,9240.49
-1552.17,-429.566,9225.65
-1492.72,-418.964,9223.58
-1385.04,-427.232,9291.48
-1261.43,-473.453,9373.62
-1144.16,-538.003,9380.76
-1092.11,-533.054,9417.49
-1101.23,-493.406,9410.29
-1181.35,-512.14,9491.05
-1265.56,-474.342,9497.82
-1321.29,-484.042,9600.44
-1383.9,-561.264,9708.89
-1365.25,-660.316,9806.56
-1313.81,-733.607,9863.93
-1351.7,-730.766,9842.02
-1459.34,-676.697,9769.78
-1492.08,-780.125,9709.27
-1294.67,-886.164,9608.65
-1473.65,-1109.07,9656.08
-1488.53,-1039.94,9873.68
-1509.15,-914.22,9977.25
-1485.65,-854.297,9977.43
-1513.3,-873.154,9931.11
-1579.73,-923.532,9901.1
-1673.83,-952.207,9963.01
-1870.37,-949.794,10124.7
-2033.16,-952.134,10231.2
-2201.98,-849.721,10314.6
-2228.45,-940.321,10352.8
-2267.3,-935.075,10374.2
-2296.06,-980.729,10303
-2217.91,-908.831,10215.1
-2125.23,-836.909,10112.2
-2084.06,-748.224,10036.9
-2044.44,-595.663,9980.29
-1970.77,-532.18,9861.78
-1969.31,-600.757,9768.69
-2066.98,-621.264,9627.04
-1998.44,-569.606,9588.84
-2141.57,-607.55,9602.36
-2204.9,-630.538,9579.77
-2143,-626.251,9442.97
-2075.69,-614.583,9363.01
-2037.14,-647.929,9369.98
-2059.44,-709.671,9366.36
-2181.77,-728.537,9338.24
-2160.85,-772.828,9309.66
-1938.68,-801.493,9325.34
-1987.06,-796.4,9451.66
-1978.98,-763.947,9412.27
-1931.17,-856.227,9417
-1856.13,-916.256,9526.08
-1829.68,-899.935,9621.61
-1843.5,-891.027,9645.87
-1820.38,-903.579,9670.21
-1788.81,-857.255,9755.06
-1903.76,-818.822,9815.37
-1762.27,-827.278,9816.6
-1852.88,-931.942,9856.13
-1788.64,-929.7,9699.88
-1773.87,-924.783,9704.76
-1768.05,-916.115,9620.36
-1740.19,-950.627,9567.28
-1739.46,-1005.29,9548.58
-1765.73,-1014.55,9516.34
-1754.53,-974.796,9581.77
-1786.87,-929.765,9644.17
-1894.47,-870.213,9522.33
-1982.26,-858.86,9695.56
-2065.2,-835.31,9690.29
-2099.29,-783.933,9759.67
-1985.35,-762.535,9828.11
-1935.08,-805.102,9828.03
-1910.96,-813.297,9762.43
-1789.04,-772.845,9674.12
-1679.87,-778.114,9591.21
-1609.69,-666.048,9518.99
-1511.31,-549.356,9658.62
-1470.79,-542.02,9574.23
-1484.21,-548.612,9555.43
-1433.1,-619.708,9608.87
-1462.13,-698.577,9676.1
-1609.19,-800.56,9715
-1801.8,-860.961,9770.63
-1877.92,-826.308,9859.37
-1779.22,-768.48,9882.04
-1806.07,-732.287,9794.63
-1814.79,-684.797,9897.51
-1888.12,-715.119,9936.32
-1923.13,-817.725,9898.78
-1947.23,-808.563,9927.95
-2032.72,-724.793,9898.86
-1942.37,-616.193,9832.2
-1786.24,-504.009,9771.86
-1742.54,-488.508,9742.43
-1721.34,-616.637,9712.57
-1845.9,-570.448,9515.62
-1792.32,-505.04,9417.6
-1674.05,-585.486,9369.85
-1640.3,-615.155,9189.74
-1579.68,-677.259,9257.53
-1552.55,-661.212,9329.57
-1601.67,-601.142,9334.66
-1712.73,-599.25,9423.36
-1847.19,-676.802,9579.07
-1946.14,-755.906,9581.41
-1935.9,-794.969,9535.77
-2052.76,-879.789,9548.08
-1716.08,-784.662,9550.61
-1862.43,-889.296,9596.61
-2060.82,-960.405,9692.84
-2266.15,-996.897,9725.72
-2380.49,-1033.59,9780.23
-2335.55,-1027.7,9820.97
-2254.46,-965.896,9814.16
-2266.77,-938.878,9843.18
-2161.31,-989.564,9804.19
-2270.02,-1050.18,9863.75
-2370.29,-965.016,9854.63
-2309.26,-982.446,9795.99
-2309.68,-1010.7,9738.59
-2315.56,-1022.96,9752.86
-2301.1,-1041.61,9806.98
-2318.86,-981.805,9836.35
-2336.67,-868.729,9833.35
-2272.08,-872.525,9821.34
-2282.66,-864.361,9761.2
-2309.03,-786.917,9770.19
-2161.81,-677.722,9751.97
-2110.05,-583.07,9800.07
-2076.88,-432.79,9877.73
-2115.05,-360.908,9743.62
-2082.25,-422.493,9672.16
-2019.5,-468.064,9673.42
-2014.8,-411.428,9616.64
-1981.75,-380.843,9587.75
-1937.44,-411.594,9525.07
-2022.67,-420.393,9678.35
-2058.35,-340.596,9764.93
-2046.99,-391.332,9729.74
-2136.96,-274.081,9715.79
-2136.61,-225.285,9736.82
-2128.4,-243.498,9702.86
-2200.92,-309.034,9672.53
-2288.4,-382.743,9723.29
-2290.02,-357.462,9777.55
-2008.49,-273.69,8801.04
