-1.31084,0.485978,-0.00925302
-1.46185,0.379438,0.0385979
-1.33384,0.244687,0.0335022
-1.21155,0.224352,0.137359
-1.2757,-0.0926651,0.164536
-1.28107,-0.0518409,0.11409
-1.17669,0.163271,0.125501
-1.12262,0.225541,0.254914
-1.27827,0.459066,0.345544
-1.79951,0.248009,0.182143
-1.68606,0.215639,0.0752406
-1.72331,0.0721261,0.273829
-1.61027,-0.0642048,0.389795
-1.74091,0.151308,0.290466
-2.02976,0.179795,0.0909664
-2.12183,0.380879,0.0613711
-2.21795,0.563204,0.151037
-2.1629,0.61795,0.226285
-1.36229,0.918218,0.267455
-0.818572,0.634392,0.0390735
-1.10663,0.681678,0.132498
-1.03423,0.683484,0.134304
-0.713401,0.55676,0.202502
-0.951565,0.910032,0.305175
-1.13765,1.07391,0.385878
-1.01758,1.07988,0.273399
-0.776287,1.03198,0.222005
-0.708946,1.04381,0.304061
-0.839783,1.27853,0.12786
-0.807541,1.33744,-0.0516143
-1.18187,1.29248,0.177717
-1.04586,1.41789,0.508173
-1.2287,1.82019,0.436144
-1.1818,1.66668,0.378971
-1.14561,1.5328,0.578899
-1.38297,1.46948,0.553657
-1.59236,1.5177,0.231547
-1.53116,1.53533,0.149932
-1.5648,1.26099,0.431226
-1.87875,1.25968,0.149542
-1.44673,0.775506,0.164099
-1.39941,0.728192,0.367338
-0.197738,0.439792,0.336671
-0.29647,-0.0766533,0.27413
-0.364822,-0.452123,0.216313
-0.217977,-0.251895,0.187447
-0.00610974,0.179135,0.0988965
0.0345506,0.364277,0.200061
-0.35463,0.441731,0.670669
-0.42714,0.518728,0.440106
-0.42714,0.389772,0.525529
-0.667054,0.27252,0.498832
-0.852915,0.717893,0.532495
-0.720679,0.777751,0.359076
-1.10953,0.45028,0.194162
-1.20158,-0.0547973,-0.0868927
-0.740447,-0.103315,-0.050688
-0.287553,0.336725,0.218284
-0.0495251,0.575748,-0.0305992
0.0170173,0.96312,0.126153
-0.75377,0.818388,0.395731
-0.30056,0.350952,0.572273
-0.549091,0.0346906,0.430237
-0.579617,-0.168203,-0.052364
-0.786669,-0.403533,-0.0136488
-0.901197,-0.618697,0.244222
-0.816105,-0.767179,0.177835
-0.537997,-0.796595,-0.0592516
-0.149437,-0.705771,-0.0305223
-0.498563,-0.795784,-0.0851257
-0.4365,-0.90594,0.15966
-0.428076,-1.0161,-0.022745
-0.563211,-0.808755,0.260079
-0.884991,-0.977597,-0.0410786
-1.12843,-0.951485,0.0805848
-1.24306,-0.747756,0.315859
-1.71545,-0.43559,0.157177
-2.39276,-0.0386122,-0.0393739
-2.52167,0.296914,0.201744
-2.90537,0.615794,0.0525762
-3.44736,0.841968,-0.631206
-3.84122,0.329969,-0.196447
-3.85458,0.389795,-0.173898
-3.76321,0.342824,-0.182243
-3.86502,0.23675,-0.218252
-3.8439,0.0677621,-0.448809
-3.70387,-0.173789,-0.638426
-3.55607,-0.48338,-0.64712
-3.20889,-0.866113,-0.65807
-2.83669,-1.18616,-0.369097
-2.98555,-0.982224,-0.306576
-2.72079,-0.600662,-0.0364989
-2.35074,-0.886437,-0.097138
-2.59653,-0.847804,0.0047957
-2.70673,-0.758237,-0.193185
-2.80613,-0.913924,-0.182144
-2.78209,-0.756823,0.0221349
-2.7834,-0.393975,0.0424974
-3.18313,-0.755155,0.0123777
-2.72803,-0.842083,0.0792917
-2.56297,-0.733247,0.244206
-2.61531,-1.1695,0.296549
-2.18705,-0.83247,-0.133634
-2.4194,-1.07511,-0.118276
-2.70833,-1.22141,-0.280768
-2.6832,-1.2787,-0.332829
-2.56332,-1.16827,-0.169027
-2.59145,-0.957699,-0.0630778
-2.9332,-1.16788,-0.126598
-4.11169,-1.58843,-0.343629
-4.71755,-1.16802,-0.18306
-5.3114,-1.4417,-0.176198
-5.58332,-1.6445,0.000314509
-6.08087,-1.28793,-0.287322
-7.01209,-1.38223,-0.469122
-7.50413,-1.23063,-0.572742
-7.48174,-0.779553,-0.468872
-7.47865,-0.508677,-0.290064
-7.45753,-0.304453,-0.570824
-7.04681,-0.291635,-0.782858
-6.50517,-0.19956,-0.372969
-6.12605,0.477559,-0.473388
-5.8117,0.635239,-0.453838
-5.1326,1.10851,-0.632437
-4.22472,0.985447,-0.541192
-3.42461,1.0517,-0.457755
-2.74235,1.26134,-0.781861
-2.08379,1.14512,-1.0119
-1.47162,0.983497,-0.59724
-0.715067,0.379855,-0.890834
-0.0404887,-0.432273,-0.8041
0.165496,-0.59275,-1.43642
0.25499,-1.72361,-0.860362
0.426003,-2.87477,-0.917008
0.149645,-4.05606,-1.15665
-0.210043,-4.68599,-0.87405
-0.778288,-4.85377,-0.718208
-2.03084,-5.04697,-0.978256
-3.6452,-5.30432,-1.0107
-4.54787,-5.58373,-1.82183
-4.71961,-5.49235,-1.55286
-5.32373,-5.98815,-1.6783
-5.5262,-6.2991,-1.14782
-5.54583,-5.3724,-0.539048
-5.17248,-3.98889,-0.212375
-4.6099,-2.14932,-0.168035
-3.95473,-0.236912,-0.235195
-3.08986,1.58659,-0.120465
-1.96465,3.71232,0.188969
-0.653208,5.38932,0.00486424
0.772636,7.40084,0.469886
1.85078,9.98232,0.737465
3.02541,11.0241,0.984497
3.84612,11.6121,1.3196
4.52877,11.5516,1.59242
4.99621,11.2189,1.88985
5.12649,11.172,2.34701
5.04688,11.3554,2.65205
4.90577,11.1581,2.51247
4.40839,10.4583,2.74729
3.51865,10.1185,2.5731
3.27683,9.71411,2.63759
2.68773,9.36462,2.73418
3.13479,9.69451,2.76907
4.6309,10.8248,2.33376
7.02771,12.9396,0.249819
10.9015,15.4594,-3.00269
16.932,17.5586,-5.11319
21.5687,18.5993,-6.90927
15.6566,16.7096,-15.8425
11.4669,7.21689,-24.6078
10.9845,-2.65019,-24.9047
14.1368,-2.96548,-19.5578
12.1702,0.843388,-12.5224
2.5916,4.23177,-5.53452
1.69647,5.15267,3.43284
8.47638,7.31659,12.0786
10.7838,12.3312,16.5608
8.79869,15.5661,17.0647
8.68852,15.8776,14.9724
10.8803,12.2929,12.8955
13.389,5.78933,9.87221
15.6312,-2.01357,8.1972
17.3285,-11.8446,7.85718
19.0897,-22.0214,8.56337
21.3181,-30.9165,10.0849
24.4549,-37.7835,12.3681
28.5721,-42.3099,15.3066
32.7988,-44.1789,18.6178
36.1048,-43.4315,22.0999
40.5663,-40.4985,25.57
44.6138,-35.5493,29.056
48.2789,-28.9942,33.0801
51.5151,-21.5648,37.1645
54.4645,-14.4778,40.9733
56.7879,-8.02771,45.0101
58.7323,-2.04198,49.342
60.5164,3.34408,53.393
61.7784,7.72274,56.7531
62.6591,11.1388,59.6868
62.5829,13.2917,62.6155
62.1843,14.4638,65.517
61.3238,15.2701,68.478
60.0058,15.2003,71.3773
58.5314,14.601,74.9401
56.7882,12.9309,79.0532
54.5995,10.2803,83.2873
52.0216,7.05497,87.5538
49.0369,3.18824,92.1138
45.2022,-1.01522,96.9663
41.4899,-5.26792,100.984
36.7732,-8.15461,105.113
32.3696,-10.5317,108.445
28.0205,-12.6179,111.822
24.0325,-14.2327,115.43
20.1683,-15.5696,118.764
16.1572,-16.5913,121.815
12.4207,-17.2481,125.099
9.38696,-17.8636,128.745
5.9904,-18.5547,132.212
2.61469,-18.4535,136.308
-1.14933,-16.6359,140.053
-5.06224,-14.3424,144.375
-9.0123,-11.2912,150.312
-12.5072,-7.76705,157.473
-16.1206,-3.78373,165.603
-19.4804,0.380927,174.668
-22.1478,4.39354,184.191
-24.8389,8.32244,193.395
-27.7591,12.2907,202.419
-30.3492,15.7614,211.594
-31.6892,18.1421,220.093
-32.4619,19.2447,227.833
-32.8395,19.0895,235.694
-33.1972,17.2986,243.381
-33.8392,14.0188,250.278
-34.5847,9.62618,256.139
-35.0827,4.45664,260.853
-35.3579,-1.19223,264.211
-35.8324,-7.10872,266.466
-36.9211,-13.702,268.35
-38.6941,-20.2189,270.715
-41.6057,-27.0304,272.925
-44.959,-33.6163,274.53
-48.1491,-39.2789,275.323
-50.8893,-43.8062,275.025
-53.2021,-46.9986,273.676
-55.1063,-48.6893,271.479
-56.4953,-48.976,268.598
-57.4459,-47.971,265.45
-58.1238,-45.4569,262.383
-57.4981,-41.5976,258.342
-56.3764,-36.3734,253.722
-55.0244,-29.5215,249.148
-53.1393,-21.2818,244.438
-50.5709,-12.1242,239.651
-47.6965,-2.66171,234.753
-45.1037,6.32376,229.893
-43.1228,13.9059,225.55
-41.7174,19.3075,221.76
-40.3005,22.6974,218.24
-39.1846,23.9164,215.132
-38.0845,22.9948,212.061
-37.1218,20.4509,209.047
-36.2609,16.6177,206.094
-35.77,12.2105,203.258
-35.4609,7.65134,200.625
-34.7934,3.22566,198.267
-33.4129,-0.413903,195.945
-31.1511,-2.52179,192.762
-27.9269,-3.14027,188.098
-24.652,-2.19756,182.247
-22.2681,0.316788,175.774
-19.5938,3.9781,168.977
-16.484,8.63011,161.688
-13.4248,13.9334,154.183
-10.4631,19.6213,146.772
-7.42622,25.5881,139.433
-4.50937,31.6491,132.174
-1.97207,37.4287,125.6
0.100789,43.3394,119.493
1.86327,49.0248,114.32
3.57744,53.7251,110.052
5.39102,57.1471,106.169
7.12584,59.4629,102.625
8.7146,61.0222,99.3489
10.1052,61.8821,96.4653
11.2318,62.2116,93.9226
12.1479,62.4516,91.3601
12.9787,62.4728,88.8524
12.9842,61.8594,86.7387
12.4977,60.6651,84.6669
12.1715,58.8798,82.2259
11.7364,56.0593,80.2009
10.7876,51.9383,78.818
9.13521,46.2947,77.6079
6.72088,39.3555,76.0674
3.51204,31.5343,73.842
-0.379265,23.0468,70.7432
-4.5167,14.157,67.0892
-8.70699,5.46347,63.5862
-13.0376,-2.38128,59.4697
-16.4203,-8.97183,54.9979
-19.0859,-14.3121,50.5782
-21.4976,-18.4395,46.5083
-23.2526,-21.3803,42.6534
-24.1579,-23.1154,38.9999
-24.222,-23.7039,35.6203
-23.303,-23.3513,32.4629
-21.7127,-22.2502,29.5543
-20.1778,-20.468,26.6706
-18.2207,-17.7171,23.4761
-16.031,-14.411,20.9254
-13.6949,-11.0851,18.5079
-11.3433,-7.66073,16.1044
-9.09588,-4.17016,13.8959
-6.97785,-0.919037,11.8032
-4.97075,1.68675,9.72917
-3.1061,3.37161,7.85191
-1.44346,4.07781,6.263
0.0984718,3.90934,5.3604
0.952936,3.39139,4.05829
1.0105,2.63019,2.55116
0.898341,1.32356,1.01985
0.456009,-0.623479,-0.584285
-0.24906,-2.64176,-2.34891
-0.907892,-4.45011,-4.30477
-1.49987,-6.16568,-6.2933
-2.29363,-7.74839,-8.27393
-3.00009,-8.89797,-10.7869
-2.88021,-9.98274,-13.1579
-3.2632,-10.4442,-15.0512
-3.51716,-10.2824,-17.3521
-3.55921,-9.50122,-19.7433
-3.28253,-8.39095,-21.6579
-2.70344,-6.88855,-23.0189
-2.15792,-5.09674,-24.1865
-1.78284,-3.28358,-25.5038
-1.21561,-1.53698,-26.8427
-0.37354,0.178153,-27.6648
-0.331226,1.51673,-28.3525
-0.314666,1.62542,-28.6467
-0.272309,1.75227,-28.9009
-0.292224,1.53961,-29.0615
-0.712033,1.17435,-29.0347
-1.54348,0.697139,-28.9351
-2.5043,0.0763037,-28.875
-3.45334,-0.797146,-28.7897
-4.61172,-2.0073,-28.5872
-6.14358,-3.26444,-28.4089
-7.46586,-4.29266,-27.9872
-8.4568,-5.74419,-26.9766
-9.10336,-6.86438,-26.4773
-10.0131,-7.50169,-26.5687
-10.4695,-7.73033,-26.5336
-10.618,-7.94642,-26.0871
-10.7305,-7.94326,-25.759
-10.7503,-7.49785,-25.7222
-10.6092,-7.01282,-25.572
-10.5083,-6.67134,-25.9049
-10.4532,-6.37894,-26.0086
-10.589,-5.45471,-26.4372
-10.0164,-4.58168,-26.6443
-9.41478,-4.22128,-27.0004
-9.27189,-3.89188,-27.2308
-9.05024,-3.7374,-27.3927
-8.60698,-3.89424,-27.7867
-8.33897,-4.20087,-28.2186
-8.32621,-4.52352,-28.2288
-8.11379,-4.94094,-28.3252
-7.70462,-5.23967,-27.8838
-7.50124,-5.34136,-27.4686
-7.16912,-5.78958,-27.2835
-7.12083,-5.6693,-27.1321
-6.907,-5.55685,-26.7588
-6.29412,-5.04556,-26.2513
-5.50556,-4.26062,-25.757
-4.93022,-3.438,-25.3065
-4.71527,-2.29604,-24.848
-4.56586,-1.29434,-24.3185
-3.77755,0.0469254,-23.7271
-3.01744,1.50708,-23.4075
-2.1632,2.46782,-22.9573
-1.69111,3.38443,-22.6496
-1.40601,4.24229,-22.5898
-0.843218,5.33732,-22.5772
-0.301683,5.83775,-22.4788
0.259159,5.29207,-22.2668
1.33766,4.6427,-22.0997
1.6418,3.85954,-22.4688
1.46042,3.0205,-22.4981
1.19787,2.23669,-22.9245
0.773152,1.57736,-23.1333
0.719123,0.632089,-23.1172
0.543475,-0.0840293,-23.3898
0.121165,-0.355873,-23.5669
-0.11005,-0.221181,-23.6587
-0.0664505,0.177556,-23.9126
-0.134122,0.750606,-24.1318
0.0573419,1.64313,-24.2134
0.170355,2.59093,-24.2249
0.181789,3.61441,-24.2686
0.338757,4.26899,-24.1278
0.822439,5.13148,-24.0909
0.777473,5.81737,-23.8628
0.578875,6.18867,-23.6874
0.423659,6.14713,-23.5108
0.00934601,5.91506,-23.3273
-0.474861,5.78343,-23.4864
-0.16736,5.02643,-23.7408
-0.448633,4.04535,-24.1854
-0.629159,3.27915,-24.8611
-0.706971,2.23643,-25.6127
-0.764242,0.780271,-26.2053
-0.607089,-0.296905,-26.3837
-0.509311,-1.00917,-26.7007
-0.0077432,-1.27428,-27.0734
0.959804,-1.06443,-27.2611
1.47005,-0.80245,-27.5456
1.7468,-0.528782,-27.7831
1.52231,0.468815,-28.6793
1.14549,0.882964,-28.9833
0.926461,1.67028,-28.9157
0.535723,2.51112,-29.0888
0.556623,3.15534,-29.3941
0.178555,3.82959,-29.4895
-0.634263,4.27244,-29.3855
-1.21112,4.23615,-29.207
-1.40581,4.2141,-28.9218
-1.33022,4.63465,-28.6351
-1.546,4.80437,-27.9386
-1.15247,4.19786,-27.4543
-0.668179,3.96274,-26.668
0.201448,4.17173,-25.8743
1.28883,3.98958,-25.4203
2.46614,3.30232,-24.847
3.37194,2.84516,-24.1398
3.9546,2.69811,-23.6117
4.52633,2.1316,-23.2765
4.71907,1.72381,-23.2318
5.02523,1.43632,-23.5687
5.50313,0.915173,-23.4135
5.25167,1.15671,-24.0333
5.48688,0.958691,-24.0656
4.85917,0.911887,-24.1584
4.25341,0.718632,-24.3265
3.88653,0.768662,-24.4011
3.38027,1.17696,-24.5082
2.98842,1.18941,-24.8264
2.24534,1.57106,-25.1517
0.975185,2.30925,-25.0333
0.512609,2.92864,-24.9186
-0.106747,3.13041,-24.9882
0.344536,3.20977,-25.2922
0.336265,3.36824,-25.6707
0.170063,3.66837,-25.4878
0.477052,3.68246,-25.203
0.991388,3.34699,-25.2606
1.3797,3.3205,-25.1609
2.35445,3.62672,-25.2268
2.78265,3.5461,-25.489
3.42798,3.17615,-24.9851
4.08718,3.62622,-24.8101
4.74812,3.56967,-24.41
4.98956,3.6588,-24.2355
5.70494,3.36726,-24.1957
6.26686,2.88027,-23.8841
5.91163,2.53927,-23.3813
5.51987,1.96423,-23.0768
5.26286,1.71773,-22.6313
4.77636,2.23907,-22.9323
4.06707,1.93549,-22.6754
3.63744,1.98886,-22.7829
3.45877,2.347,-22.6948
3.13084,2.67715,-22.4245
2.90356,2.71397,-22.4859
2.62765,3.15556,-23.0085
2.1365,4.09894,-23.2136
1.6887,4.63221,-22.5728
1.16999,5.35161,-22.5289
1.76665,5.24825,-22.6379
1.54993,5.68648,-22.6932
2.06298,6.27229,-22.7477
2.45522,6.15047,-22.4603
2.96969,6.0056,-22.15
3.57741,6.12521,-22.0568
4.33009,5.61467,-21.9151
5.15074,4.55941,-21.622
5.64051,4.27679,-21.4352
5.75704,3.84767,-21.0211
5.91627,3.86792,-20.7851
5.80748,2.34887,-19.8747
5.73697,1.64425,-19.8593
5.36919,1.11167,-19.5847
4.64506,0.246859,-19.3
4.13971,-0.689808,-18.8058
3.88516,-1.22719,-18.2955
3.43776,-1.62274,-18.0384
2.78123,-2.34178,-17.7828
2.48172,-2.34734,-17.3491
2.35043,-1.75429,-16.3475
1.80806,-0.336272,-16.2317
1.4472,0.83888,-15.9967
1.72118,1.82639,-15.3681
1.67237,2.83823,-15.019
1.66439,3.86751,-14.9614
1.9175,4.67807,-15.1069
2.25712,5.24836,-15.2726
2.54103,5.8347,-15.1906
2.3753,6.33427,-15.2742
2.96277,6.58109,-15.9963
2.6832,6.42427,-16.0853
2.93024,5.78996,-15.9678
3.01447,5.29657,-16.0323
2.4291,4.85641,-16.2572
2.15162,4.11375,-16.5109
2.31082,3.39387,-16.5419
2.38183,2.83396,-16.1524
2.55197,2.13213,-15.6789
3.14398,2.09088,-16.0933
2.98964,1.84833,-16.7924
2.48432,1.00292,-16.2893
2.40816,0.844448,-15.3759
2.88535,0.680303,-14.9567
2.949,0.66591,-14.7628
2.5557,0.852599,-14.5783
2.29806,1.34786,-14.1174
2.57351,2.19218,-13.7143
3.03056,2.97796,-14.0007
2.87736,3.17351,-14.0298
3.10348,4.56959,-13.8454
2.72874,4.93378,-14.5435
2.93005,5.2606,-14.5453
2.52166,5.98185,-14.8807
2.75496,6.16531,-15.3896
2.79113,6.08908,-15.8767
2.31756,5.97812,-16.3637
1.94566,5.67167,-16.9668
1.85107,5.26011,-17.6638
1.80654,5.01005,-18.2062
1.31448,4.18753,-18.6814
1.08088,3.57219,-18.7963
0.624727,2.58672,-19.0847
0.611218,2.45296,-18.9296
0.554024,2.20078,-18.9383
0.32584,1.71981,-18.9062
0.109546,1.65042,-18.7067
-0.006194,2.09936,-18.5377
-0.077266,2.43263,-18.3547
-0.0672516,2.6794,-17.806
-0.448958,3.37792,-17.5366
-0.608998,3.42821,-17.1407
-0.996512,3.29203,-17.1186
-1.42123,3.42233,-17.0304
-1.52505,3.84338,-16.9428
-1.6265,4.04613,-17.0594
-1.93089,4.03414,-17.2603
-2.22587,4.2235,-17.5194
-2.35976,4.71011,-18.0057
-2.61267,5.16012,-18.3356
-2.51727,5.25362,-18.9236
-2.91777,6.13841,-20.0381
-2.76352,6.36793,-20.4552
-2.87689,6.91396,-21.3004
-2.81149,8.01012,-21.9834
-2.9279,9.31335,-22.7192
-2.89498,10.3397,-23.4892
-2.52373,11.1227,-24.2404
-2.51688,12.0621,-25.0551
-2.56469,12.8817,-25.1104
-2.23423,13.5089,-25.4876
-1.81389,13.7624,-25.7299
-1.22317,13.6057,-26.1974
-0.821814,12.9559,-26.6419
-0.261014,12.368,-26.8522
0.498627,11.8337,-26.7139
1.1609,11.3481,-26.3773
1.86117,10.8577,-26.1652
2.97011,10.1461,-26.1401
3.74668,9.37401,-25.802
4.34979,8.38262,-25.203
4.7108,7.51966,-25.2948
5.19966,6.71382,-25.009
5.41512,5.4214,-24.5721
5.44493,4.30432,-24.3267
5.65707,3.29285,-24.3906
6.08971,2.5272,-24.2675
6.25483,2.11055,-23.8257
5.90688,1.74907,-23.6295
5.94213,1.6424,-23.4599
6.08473,1.42073,-22.9896
6.02965,1.60141,-22.4303
5.98868,2.25949,-22.4802
5.93011,3.39186,-22.4872
5.78345,4.64902,-22.1693
5.5933,6.00142,-21.7764
5.38137,7.42775,-21.5356
5.2879,8.83112,-21.5915
5.44553,10.223,-22.088
5.43364,11.6705,-22.8328
5.07046,12.5817,-23.1469
5.44967,13.4946,-24.0038
5.39941,13.9443,-24.7983
5.47286,14.2142,-25.3349
5.93099,14.4203,-25.9862
6.13314,14.2444,-26.5483
6.13297,13.4949,-27.0509
6.17861,12.2912,-27.4404
6.04925,10.8294,-27.3383
6.18724,9.16272,-27.103
6.40608,7.23372,-27.1944
6.44803,4.79077,-27.2883
6.7875,2.36847,-27.4077
6.79236,0.482809,-27.0909
7.10329,-0.830784,-26.7545
7.58254,-1.87682,-26.569
8.02056,-2.51152,-26.2603
8.48775,-2.44805,-25.8209
8.92086,-1.8807,-25.6686
8.99837,-1.20544,-25.6668
9.58552,-0.233917,-25.6176
9.52985,1.04387,-25.488
9.20396,2.61654,-25.8314
8.84157,4.11196,-26.319
8.28916,5.67465,-26.6547
7.70745,7.01128,-26.9789
7.08322,8.15371,-27.4481
6.11882,9.15836,-28.0751
4.82621,9.6944,-28.7325
3.95304,9.76007,-29.1199
3.20979,9.60715,-29.4899
2.61571,9.25756,-30.0096
2.28101,8.97995,-30.1593
1.51957,8.9127,-30.0102
0.891542,8.63773,-30.0173
0.67122,8.07066,-30.2607
0.720902,7.4467,-30.4932
0.812161,7.06795,-30.5325
0.825295,6.92657,-30.5417
0.751631,6.47381,-30.9036
1.0217,5.66512,-31.7245
1.10331,5.09131,-32.1499
0.836489,4.34482,-31.7437
0.887996,3.58448,-31.3949
1.01412,2.85006,-31.3989
1.02474,1.83806,-31.5122
1.21396,0.595405,-31.3375
1.61593,-0.586753,-30.7834
1.75828,-1.66551,-30.1989
1.82096,-2.77841,-29.9241
2.26475,-3.73419,-29.4607
2.61948,-4.16276,-29.13
2.94388,-4.18849,-28.8074
2.65312,-4.12089,-28.0805
2.48359,-4.07073,-27.4755
2.5986,-3.79261,-27.0505
2.78458,-3.07427,-26.7
2.94013,-2.19704,-26.4847
3.04013,-1.5213,-26.5254
2.82858,-0.477462,-26.7368
2.65625,0.835483,-26.9385
2.36785,1.46402,-26.6306
2.19399,2.07751,-26.5859
2.20949,2.55812,-26.9585
1.83975,2.57587,-27.2294
1.14483,2.17773,-27.3357
0.526252,1.72013,-27.5101
0.121169,1.34563,-27.8716
-0.233495,0.81879,-28.1724
-0.472304,0.0964876,-27.9402
-0.608822,-0.486782,-27.5516
-0.965616,-0.925482,-27.4956
-1.17738,-1.51284,-27.4895
-1.02738,-1.88257,-27.3178
-0.909741,-2.07555,-26.8392
-0.698273,-1.93376,-26.3429
-0.243677,-1.38923,-26.0417
0.332371,-0.675435,-25.8569
0.79561,-0.000298639,-25.638
1.05991,0.924857,-25.4152
1.58327,1.90821,-25.1989
2.39104,2.67921,-25.3182
2.41341,3.65522,-25.5739
2.55211,4.75251,-25.648
2.99466,5.74724,-25.8933
3.15219,6.37532,-26.2841
2.75063,6.68176,-26.4612
2.17887,6.72076,-26.4363
1.85741,6.36144,-26.6039
1.53502,5.78932,-26.7412
1.04885,5.30939,-26.6657
0.603239,4.31289,-26.5155
0.27427,3.51065,-26.3883
-0.254694,2.82102,-25.912
-0.668732,2.32124,-25.5307
-0.943286,2.08459,-25.0601
-1.09858,2.16552,-24.1858
-1.07845,2.57353,-23.2283
-0.860498,3.23264,-22.739
-0.523168,4.01778,-22.2214
-0.417853,4.99276,-21.4891
0.124025,6.2277,-21.174
0.734941,7.56064,-20.8655
0.920524,8.66539,-20.535
0.798038,9.77406,-20.2333
0.714948,10.6028,-20.2083
1.03561,11.0371,-20.4399
1.62376,11.237,-20.6289
1.92613,11.1362,-20.7194
1.9652,10.3444,-21.225
1.97738,9.22058,-21.9755
1.9223,7.95511,-22.2754
1.72074,6.59071,-22.7679
1.31185,5.08515,-22.8298
0.901312,3.60269,-22.6327
0.558938,2.37138,-22.8135
0.449442,1.40894,-23.3828
0.531977,0.523577,-23.8143
0.516785,-0.388607,-23.8016
0.618967,-1.0975,-23.5331
1.20061,-1.54612,-23.5219
1.18534,-1.93161,-23.2636
1.53668,-1.82874,-22.8064
2.48723,-2.05066,-22.6786
3.29495,-2.11158,-22.4932
3.90595,-1.76118,-22.3982
4.27897,-1.106,-22.5301
4.34522,-0.375557,-22.7958
4.35398,0.252666,-23.1113
4.55495,0.74814,-23.4515
4.79492,1.36582,-23.7111
4.73063,1.61937,-24.2516
4.43235,2.12404,-24.7893
4.22721,2.46694,-25.391
4.15781,2.58688,-25.7626
3.94813,2.81461,-25.953
3.55062,3.19026,-26.2284
3.15203,3.49144,-26.6313
2.87227,3.71826,-26.9218
2.73359,4.14846,-27.122
2.80777,4.49627,-27.7483
3.12112,4.38334,-27.7779
3.20114,4.48962,-27.736
3.44631,4.86351,-27.5199
3.802,5.31649,-27.2134
4.00939,5.78586,-26.7471
4.15652,6.47369,-26.4952
4.46277,7.37841,-26.5156
4.91555,8.20982,-26.2566
5.41244,9.08971,-25.9795
5.44354,9.88954,-25.8909
5.76193,10.5671,-26.0282
6.04647,11.0582,-26.1363
6.17692,11.2507,-26.142
6.34676,11.1069,-26.1237
6.41961,10.3367,-26.0296
6.41259,9.34116,-26.0368
6.40436,8.31405,-26.2145
6.20309,6.86082,-26.3084
5.69814,5.64159,-26.3807
5.96105,4.38708,-26.7142
5.54385,2.69065,-27.2346
5.11949,1.95563,-27.0337
4.8734,1.22085,-26.8421
4.75217,0.465212,-27.3805
4.50372,-0.00941912,-27.6825
4.16299,-0.236361,-27.4765
3.75853,-0.328492,-27.3798
3.15246,-0.178158,-27.5217
2.61416,0.113655,-27.4062
1.96742,0.320466,-27.337
1.4583,0.816768,-27.2542
0.677702,1.1889,-27.2948
0.417177,1.9689,-27.328
-0.232436,2.36166,-27.7835
-0.599415,2.42488,-28.1506
-0.598233,2.58221,-28.2459
-0.795676,2.86388,-28.4064
-1.09325,2.89379,-28.7782
-1.04017,2.57142,-29.2034
-1.11856,2.63046,-29.845
-0.726951,2.03692,-30.2183
-0.61425,1.8863,-30.3899
-0.169857,1.68227,-30.911
0.317264,1.38359,-31.4611
0.854958,0.884022,-31.7882
1.09577,0.213099,-32.0534
1.02665,-0.590537,-32.2731
1.19272,-1.36948,-32.1775
1.12736,-1.50006,-32.077
0.620071,-2.04082,-32.2316
0.767071,-2.00398,-32.0534
1.07716,-1.567,-31.4727
1.37294,-1.16916,-31.3654
1.35336,-0.735187,-31.198
1.3734,-0.328105,-30.8629
1.6325,0.159573,-30.6176
1.9444,0.723408,-30.2693
2.20076,1.1982,-29.5729
2.61959,1.85589,-29.5373
2.88742,1.86176,-28.9468
3.7022,1.37643,-28.3587
3.80922,1.36319,-28.1301
4.4369,1.39443,-27.932
4.5642,1.09544,-27.6253
4.63822,0.35231,-27.4576
4.83596,-0.526508,-27.3913
5.06831,-1.27672,-27.3578
5.39064,-2.07597,-27.4075
4.88389,-3.02255,-27.1383
4.40286,-2.81634,-27.4496
3.77365,-3.46021,-27.6073
3.41063,-3.21479,-27.8909
2.6063,-3.26096,-27.8453
1.59537,-3.05379,-27.9043
1.13294,-2.84338,-27.8062
0.569818,-2.27424,-27.6143
-0.646271,-1.33692,-27.4688
-1.74685,-0.759979,-26.9926
-2.82079,0.403045,-26.0404
-3.72865,1.71821,-25.1876
-4.367,2.89431,-24.4586
-5.27967,3.74986,-23.7412
-5.72882,4.56882,-22.683
-6.04339,4.37926,-21.7514
-6.50517,3.7998,-20.7949
-6.94112,3.02595,-19.8885
-6.95699,1.68602,-19.1311
-6.69855,-0.22748,-18.3444
-7.14827,-2.73184,-17.9038
-7.25574,-5.56436,-18.2055
-7.56079,-8.27832,-18.891
-7.57636,-11.2908,-19.2023
-7.6072,-13.9761,-19.6673
-7.59181,-16.6264,-20.6123
-7.54083,-19.2065,-21.6587
-7.48575,-21.5142,-22.6977
-7.51558,-23.3372,-23.9956
-7.61761,-24.49,-25.3465
-7.44237,-25.0066,-25.7845
-7.7821,-25.246,-26.32
-7.55063,-25.2092,-27.5906
-7.73857,-23.8725,-27.0271
-7.84523,-21.8948,-27.2493
-7.48963,-20.1039,-27.5126
-7.01645,-18.0009,-27.5198
-6.57778,-15.7281,-27.2772
-5.84155,-13.7087,-26.883
-4.65101,-11.603,-26.4783
-3.60719,-9.36543,-25.9012
-2.66611,-8.05079,-25.8725
-2.15253,-6.14997,-25.5554
-1.60775,-5.26168,-24.7554
-0.602683,-4.74224,-24.2922
0.191449,-4.47614,-24.0975
0.745708,-4.54465,-23.9545
1.00482,-4.74139,-23.7664
0.995252,-4.87236,-23.4932
0.95242,-5.06056,-23.2306
0.604987,-5.36399,-23.3497
0.489971,-5.90989,-23.1903
0.651124,-6.89474,-23.5134
0.380547,-7.83701,-23.6496
-0.0334933,-8.34896,-23.7179
-0.291318,-8.73615,-23.2987
-0.365815,-8.9692,-23.3717
-0.34254,-9.37228,-23.6155
-0.564006,-9.774,-23.725
-1.30785,-9.41769,-24.2462
-1.81924,-8.91748,-23.6283
-1.21768,-7.97318,-23.7416
-1.00277,-6.3193,-24.1248
-1.1349,-4.57467,-24.3673
-1.74558,-3.1186,-24.7952
-1.31047,-1.96164,-24.9597
-0.912767,-0.832684,-25.0453
-0.845375,0.030927,-24.9593
-0.549421,0.611218,-24.6155
-0.195985,1.12855,-24.4076
0.168439,0.575482,-24.3991
0.0747072,0.338746,-24.3379
0.407388,-0.335469,-24.0998
0.759638,-1.30218,-23.5154
0.59128,-2.47889,-23.4478
0.461194,-3.14467,-23.3166
0.619177,-3.55241,-23.3704
0.810669,-4.30419,-22.9468
1.0543,-5.46322,-22.257
1.48579,-6.42935,-22.4908
1.21871,-6.75846,-21.668
1.55267,-7.35733,-21.6882
1.93456,-7.80554,-21.2473
2.2843,-7.69002,-21.4175
2.75861,-7.88451,-20.8239
2.93447,-8.39589,-20.4047
2.9898,-8.69526,-20.2278
3.02219,-8.69067,-19.9016
3.19812,-8.58238,-19.5807
3.56063,-8.46861,-19.7711
3.02408,-8.59514,-20.1609
2.35165,-8.56472,-20.5473
2.61591,-8.79522,-20.4075
2.27921,-9.0212,-20.5133
1.70311,-8.49681,-20.7971
1.28211,-8.00516,-20.7961
0.793076,-7.96267,-20.881
0.503973,-7.94046,-21.0269
0.527408,-7.47466,-21.1985
0.306811,-6.66525,-21.6107
0.0246298,-5.68012,-21.4928
0.12204,-4.88763,-21.5542
0.141639,-3.67401,-21.6644
0.338285,-3.37853,-21.7626
0.794165,-2.32565,-21.7202
0.917961,-1.85422,-21.4158
0.793616,-1.59246,-21.8353
0.823829,-1.2381,-22.4068
1.21687,-1.11686,-22.4078
1.88479,-1.30931,-22.5301
2.62388,-1.66393,-22.5344
3.03364,-2.55416,-22.377
3.09091,-2.66651,-22.2748
3.81784,-3.49912,-22.2434
3.58894,-3.60557,-22.3734
3.18479,-3.46717,-22.5048
2.97102,-3.52256,-22.3694
2.85306,-3.55411,-22.3829
2.70045,-3.23463,-22.6105
2.51043,-2.75849,-22.3519
2.33215,-2.52906,-22.0484
1.8999,-1.8505,-22.79
1.17066,-1.6396,-22.379
1.22381,-1.41823,-22.3674
0.876791,-1.04377,-22.5321
0.32209,-0.841386,-22.6725
0.139207,-0.713343,-22.7603
0.487479,-0.835025,-22.7184
0.810951,-1.36313,-22.4667
0.497666,-1.86515,-22.1904
0.0727811,-1.91331,-22.3372
0.667939,-2.46987,-22.6282
1.18617,-3.48715,-22.352
1.56688,-3.69801,-22.2527
1.86185,-4.03796,-22.0637
2.15234,-4.01771,-21.7114
2.45433,-3.66421,-21.342
2.64456,-3.29195,-21.0581
2.74117,-3.01263,-20.9077
2.9213,-2.70786,-20.8076
3.04417,-2.34061,-20.398
3.17304,-1.96611,-20.3142
3.22215,-1.86157,-19.801
3.34605,-1.572,-19.8876
3.08061,-2.01158,-19.5013
2.34735,-2.18182,-19.1001
1.75394,-2.18047,-18.8198
1.36096,-2.22393,-18.6877
0.937963,-2.25132,-18.6345
0.493016,-2.3463,-18.4871
-0.228533,-2.68169,-18.4119
-0.517467,-2.96148,-18.4146
-0.779389,-2.52037,-18.056
-0.783492,-2.27483,-18.0281
-0.453964,-1.93914,-17.8036
0.150245,-1.85083,-17.2972
0.628337,-1.76866,-17.0166
0.90035,-1.70085,-16.9584
1.15357,-1.89506,-16.8156
1.41637,-2.48527,-16.6519
1.55791,-3.69191,-16.6133
1.49223,-4.90935,-16.5031
1.8214,-5.58671,-16.4384
1.73287,-6.63568,-16.3986
1.54226,-7.53522,-16.2243
1.25972,-8.16826,-16.2205
0.859324,-8.55136,-16.3918
0.59022,-8.72761,-16.457
0.482775,-8.665,-16.5026
0.26143,-8.22828,-16.815
0.123695,-7.38335,-16.7878
-0.718869,-6.7494,-16.8534
-1.10304,-6.14309,-17.0737
-1.06995,-5.37292,-17.413
-1.85301,-4.83512,-17.9007
-2.28763,-4.09771,-18.166
-2.53567,-3.2983,-18.2241
-2.75664,-2.8498,-18.3483
-2.84781,-2.74133,-18.6001
-2.98173,-2.68421,-18.6726
-3.11118,-2.94127,-18.4401
-2.88932,-2.89397,-18.9955
-2.76116,-2.57611,-19.1438
-2.47093,-2.70488,-19.1926
-2.10167,-2.71741,-19.1011
-1.82495,-2.65639,-18.8886
-1.58776,-2.83091,-18.9891
-1.43279,-3.38554,-19.3085
-1.07152,-3.91776,-19.541
-0.314923,-3.96208,-19.766
-0.456749,-4.0858,-19.9616
-0.699062,-4.51548,-19.8433
-0.715441,-4.28233,-19.5969
-0.495423,-3.84305,-19.8242
-0.54904,-3.46973,-20.0212
-0.331681,-2.85324,-19.9531
-0.178123,-2.16621,-19.9972
-0.205244,-1.63766,-20.005
-0.09981,-1.25362,-19.7225
0.0886845,-0.877763,-19.4108
-0.230395,-0.486703,-19.1121
-0.451032,-0.335161,-19.0223
-0.654772,-0.0522985,-18.6502
-0.563363,0.321825,-18.5533
-0.669919,0.773215,-18.7867
-0.754995,1.19166,-18.8133
-0.804382,1.34899,-18.7335
-0.917764,1.32574,-18.766
-1.00996,1.31009,-18.8697
-0.940549,1.20437,-18.933
-0.876275,0.803029,-19.0516
-0.194106,0.450886,-19.062
0.0800554,0.0969388,-18.8194
0.20843,-0.332255,-18.6075
0.301012,-0.591196,-18.5634
0.382082,-0.733834,-18.538
0.388789,-0.958513,-18.4005
0.289768,-1.24974,-18.3483
0.18306,-1.46567,-18.5272
0.167474,-1.68947,-18.7055
0.0998471,-2.23889,-18.7042
0.0523044,-2.71104,-18.7593
-0.121882,-2.9147,-18.9565
-0.567192,-2.90302,-19.1727
-0.936189,-3.03065,-19.0906
-1.24839,-3.1321,-18.9548
-1.61917,-3.08891,-19.1321
-2.0363,-2.96531,-19.5149
-2.37076,-2.69548,-19.6756
-2.54864,-2.09506,-19.5644
-2.6298,-1.40866,-19.7688
-2.4353,-0.693511,-19.9314
-2.11543,0.277583,-20.0394
-1.93704,0.809336,-20.6976
-1.45306,1.17244,-21.0107
-0.958291,1.48702,-21.2029
-0.648055,1.68881,-21.5674
-0.201251,1.81203,-22.1337
0.540167,1.88591,-22.6844
1.23048,1.80577,-22.9517
1.85668,1.57063,-22.912
2.28945,1.27902,-23.0781
2.42013,1.22995,-23.4265
2.68093,0.649018,-23.2472
3.01828,-0.0383096,-23.249
3.10678,-0.544841,-23.4955
2.93154,-0.912484,-23.811
2.837,-1.30455,-24.0891
2.96516,-1.70697,-24.347
3.04486,-1.89151,-24.585
3.00181,-1.76031,-24.6788
2.83554,-1.67691,-24.6536
2.47629,-1.73535,-24.9578
2.16968,-1.88666,-25.2343
1.86454,-1.76778,-25.4235
1.58233,-1.74876,-25.7024
1.55995,-1.81635,-25.9841
1.68732,-1.79596,-26.321
1.60158,-1.65179,-26.8539
1.27774,-1.45349,-27.4598
1.22615,-1.21109,-27.8119
1.47231,-1.15938,-28.1783
1.34007,-1.48254,-28.5271
1.3538,-2.29326,-28.788
1.42645,-3.13584,-28.9422
1.48679,-3.87752,-29.0243
1.67794,-4.79833,-29.3288
1.94084,-5.7941,-29.9202
2.08709,-6.5069,-30.3802
2.1846,-6.81008,-30.4302
2.55366,-6.72123,-30.7779
2.90198,-6.4951,-31.2422
3.41899,-5.70092,-31.6118
4.01211,-4.82901,-32.5705
4.34909,-4.07818,-33.0779
4.6505,-3.46135,-33.2527
5.0382,-2.90287,-33.4472
5.43669,-2.18061,-33.8185
5.69557,-1.26279,-34.2615
5.72813,-0.363058,-34.5713
5.63018,0.557472,-34.6423
5.95482,1.07296,-34.3998
6.12319,0.934758,-34.3229
5.97484,0.588304,-34.4239
5.75397,0.365229,-34.6459
5.36289,-0.0217455,-34.9645
4.98098,-0.516149,-35.086
4.701,-0.959044,-34.8451
4.60625,-1.36655,-34.4195
4.69916,-1.85258,-34.1487
4.43471,-2.39887,-34.1228
4.31148,-3.08351,-33.7859
4.60831,-3.65279,-33.5286
4.58574,-3.95753,-33.7703
4.41048,-4.59522,-33.7218
4.3221,-5.07683,-33.5322
4.30182,-5.38112,-33.2106
4.05573,-5.65781,-32.9944
3.73358,-6.07854,-32.7792
3.83274,-6.6532,-32.1678
3.85704,-6.80151,-31.895
3.51189,-6.59591,-31.8417
3.12636,-6.39563,-31.1808
2.74083,-6.33402,-30.4492
2.49282,-6.17449,-29.6882
2.51556,-5.84269,-29.2606
2.4328,-5.43929,-29.1171
2.07556,-5.04298,-29.103
1.71727,-4.8494,-29.0419
1.54235,-5.09151,-28.7417
1.21507,-5.44211,-28.3072
1.29903,-5.21045,-28.2109
1.37501,-5.24309,-27.9564
0.960034,-5.01965,-27.9271
0.969437,-4.76335,-28.0696
0.795052,-4.38279,-27.7977
0.691452,-4.28227,-27.5701
0.692456,-4.40799,-27.4709
0.733983,-4.43467,-27.2277
0.875008,-4.32666,-26.8719
0.453615,-4.04411,-26.3439
0.68971,-3.90528,-25.7585
0.379477,-3.67801,-25.6244
0.253057,-3.39283,-26.1994
0.549946,-3.49985,-25.8571
0.736248,-3.81616,-25.3285
0.451138,-4.14008,-25.0121
0.0311164,-4.35593,-24.7242
-0.251451,-4.50652,-24.3091
-0.693123,-4.65338,-23.907
-1.29497,-4.62707,-23.5535
-1.68191,-4.99383,-23.1448
-1.8787,-4.57798,-22.1934
-1.9773,-4.32348,-21.4453
-1.88525,-4.02489,-20.8255
-1.66419,-3.57245,-20.0126
-1.39559,-2.76899,-19.3977
-1.29842,-1.8364,-18.9307
-1.15186,-1.18296,-18.3331
-0.570567,-0.654853,-17.7632
-0.307962,0.520626,-17.2934
0.47478,1.57582,-16.502
0.720664,2.53858,-16.2991
1.13539,3.19956,-16.0346
1.09654,3.5,-15.8659
0.799604,3.58787,-15.6179
0.755775,3.64617,-15.1773
0.783924,3.66725,-14.8419
0.59412,3.44019,-14.7375
0.2924,2.91293,-14.4046
-0.402543,2.49228,-13.6298
-0.750334,1.75444,-13.5502
-1.37979,1.04197,-12.9687
-2.09751,0.82717,-12.4333
-2.41947,0.694036,-12.3698
-2.86626,0.683639,-12.1984
-3.37337,0.623432,-12.0143
-3.85704,0.826191,-11.7688
-4.11028,1.4314,-11.5862
-4.01203,1.98466,-11.7881
-4.41733,2.63767,-11.5801
-4.0576,3.60308,-11.1945
-3.65858,4.08207,-11.1145
-3.74892,4.89643,-10.833
-3.34688,5.72101,-10.636
-2.76378,6.24208,-10.4191
-2.16893,6.58585,-10.2813
-1.68761,6.39655,-10.1328
-1.36974,5.8211,-9.84478
-1.1242,5.73959,-9.41478
-0.966619,5.54935,-8.70491
-0.67667,4.66495,-8.5428
-0.526629,4.4304,-8.31726
-0.412039,4.15418,-8.28884
-0.407888,3.58725,-7.94214
-0.331737,2.95451,-7.63949
-0.462977,2.56898,-7.54642
-0.826223,2.33057,-7.60119
-1.09501,2.05525,-7.47485
-1.31173,1.86203,-6.94603
-2.17097,1.82029,-6.65417
-2.57654,1.72749,-6.79639
-2.61913,1.85014,-6.36483
-2.78999,1.92758,-6.20108
-3.25815,1.84051,-5.36348
-3.24897,1.81165,-4.49137
-3.74166,1.69509,-3.87435
-4.27959,1.82489,-3.34869
-4.29374,2.44842,-2.80576
-4.68588,3.00547,-2.25213
-4.9622,3.0895,-1.32701
-4.95047,3.84073,0.0400357
-4.94341,3.56961,0.511774
-5.11392,3.66171,0.686648
-5.17771,3.37486,1.74288
-5.3807,3.39336,2.33317
-5.74771,3.32853,3.1131
-6.09442,2.88082,4.03564
-6.42939,2.33869,4.54717
-6.94082,1.92516,5.3373
-7.47468,1.4114,7.21833
-8.26625,1.39723,8.04087
-8.59777,1.50179,9.44404
-9.05595,1.17005,10.569
-10.1668,1.20638,11.9352
-10.5828,1.50559,13.2752
-10.8154,1.77294,14.4956
-11.2336,1.83736,15.6355
-11.2216,1.81039,16.8077
-10.5849,1.895,18.0367
-10.5864,1.98226,18.9386
-10.3916,2.29145,19.316
-9.81433,2.21405,20.1055
-9.75726,1.37993,21.155
-8.92361,1.16084,22.0927
-8.24066,0.574173,22.9104
-7.92273,0.0108586,23.4839
-7.72492,-0.402573,24.2284
-7.31608,-0.873254,25.7024
-6.60894,-1.14382,27.6824
-6.20258,-1.12449,29.3522
-5.81698,-0.810472,31.7844
-6.16644,-0.952495,33.7382
-5.75208,-0.83425,36.1841
-5.45693,-1.61748,39.2876
-5.33811,-1.60646,42.9357
-5.9302,-1.73816,46.812
-6.25757,-2.04949,50.8643
-5.67009,-1.5282,55.1168
-5.33065,-0.446537,59.472
-5.32066,-0.0397043,64.0618
-4.89109,0.775467,68.8494
-4.4504,1.92587,73.2638
-3.62438,3.7563,76.7563
-2.23729,5.68152,80.5854
-1.13398,8.08207,83.7857
-0.310369,10.6926,86.3876
0.729481,13.1843,88.7154
1.72004,15.5718,90.9377
2.02768,17.9329,93.1718
2.63945,19.9782,95.3445
3.29558,21.235,97.7029
3.35066,21.2319,98.8114
3.38765,20.9714,100.457
2.33313,19.7266,102.454
1.39151,17.0955,103.978
0.312191,14.0728,106.162
-0.70766,10.7069,109.351
-1.19019,6.81859,112.648
-1.70286,3.08822,115.616
-3.04319,-0.562461,119.025
-3.82028,-3.96408,123.411
-4.75674,-6.95338,127.203
-5.65645,-9.01152,130.818
-5.81636,-10.1874,134.592
-5.81705,-10.634,138.027
-5.51017,-10.4861,141.727
-4.76155,-9.7973,145.267
-3.94215,-8.8805,148.224
-3.5249,-8.04254,151.003
-3.49566,-6.71643,152.588
-3.62024,-5.38445,153.813
-4.80984,-4.80721,154.495
-6.51262,-5.35622,156.135
-9.5162,-6.96363,157.885
-13.3077,-9.37292,160.083
-17.1933,-13.0066,163.647
-20.5974,-17.0932,168.222
-23.3496,-21.0356,173.189
-25.8333,-25.4972,178.669
-28.5271,-29.9384,184.012
-30.7203,-33.3383,188.939
-32.8132,-36.3772,195.079
-34.8026,-37.4736,200.053
-35.9356,-37.2186,205.072
-36.834,-35.8081,209.375
-37.2798,-33.5329,212.248
-37.3017,-30.1021,214.249
-37.5097,-25.5801,215.993
-37.9914,-20.7286,217.376
-37.701,-15.3589,218.837
-38.1518,-9.92169,219.187
-38.2817,-5.18423,219.531
-38.6427,-1.82403,218.98
-39.7308,-0.639247,218.988
-41.3953,-0.873806,219.601
-43.4377,-2.23767,220.345
-45.936,-4.65542,220.797
-48.8492,-7.7048,221.053
-51.8363,-10.8686,221.42
-54.8276,-14.2686,221.516
-57.6995,-17.4788,221.564
-60.4984,-20.9616,221.508
-62.4808,-23.6205,221.202
-63.3284,-25.8425,221.111
-63.4192,-26.9125,221.236
-62.9145,-26.7025,221.553
-61.6134,-25.5585,221.98
-59.5196,-23.5703,222.27
-57.1669,-20.656,222.362
-54.8599,-17.4242,222.874
-51.1232,-13.5959,223.59
-47.2144,-9.44118,224.098
-43.3864,-4.52669,223.542
-38.9347,0.36948,222.033
-34.4663,5.50665,219.823
-30.1974,10.3179,217.346
-26.3216,14.7418,214.894
-22.9967,19.1287,212.447
-20.0017,23.2122,209.825
-16.991,26.2921,207.024
-14.5205,28.9629,204.492
-12.6902,30.5305,201.673
-11.4294,31.0476,198.608
-10.4479,31.3515,195.513
-10.0922,30.6552,192.482
-10.4187,29,189.352
-11.3004,26.7007,186.217
-12.4376,23.763,183.184
-13.4975,20.0614,180.16
-14.5392,15.7188,177.345
-15.3903,10.6273,174.634
-15.719,5.75832,172.102
-15.6193,1.82811,169.721
-16.0507,-1.83087,165.907
-15.9179,-4.79746,162.065
-14.8018,-6.90394,158.502
-13.0853,-7.95372,155.322
-11.0218,-8.14418,152.528
-8.46687,-8.1408,149.58
-5.59122,-7.90721,146.256
-1.91648,-7.09652,143.708
2.15927,-5.76086,141.298
5.90237,-4.4398,138.962
9.17868,-3.5668,136.622
12.128,-2.75239,134.138
14.0461,-2.2024,131.781
15.0524,-2.1837,129.304
15.7826,-2.74134,126.458
15.9268,-3.66318,123.526
14.4649,-4.43404,120.438
12.918,-5.62041,117.149
11.6362,-6.5984,113.854
10.2507,-7.68535,110.48
8.69778,-8.30208,107.026
7.41376,-8.99104,103.062
6.67103,-9.8596,98.474
5.78733,-10.8455,93.5796
4.63031,-12.0042,88.6448
4.19929,-13.1762,83.7863
4.26835,-13.7518,79.4731
4.11854,-14.8078,75.1998
4.42705,-15.9076,70.816
4.72965,-16.1444,66.3935
4.98743,-16.6146,62.0915
5.40224,-17.0486,57.9979
5.71432,-17.0914,54.2376
5.63438,-16.7548,50.8763
5.31916,-16.2309,47.675
5.26912,-15.6663,44.3768
5.66562,-15.1953,41.4137
5.97492,-14.5194,38.7119
6.72193,-14.5266,36.2875
7.59281,-13.9722,33.8656
8.14532,-13.3056,31.5413
8.71266,-12.5044,29.4165
8.95087,-11.5376,26.7958
9.11461,-10.237,23.6804
9.36074,-8.72806,20.704
9.12238,-7.4635,18.0325
8.70767,-6.31476,15.198
8.75595,-5.10814,12.3733
8.86192,-4.15553,10.2138
8.18534,-3.47433,7.75966
7.23625,-3.02166,5.39184
6.34629,-2.57039,3.07517
5.58395,-2.36044,0.814197
4.50329,-2.59075,-1.36168
2.98969,-3.27532,-3.41755
1.56974,-4.25762,-5.30592
0.259809,-5.11314,-6.9705
-0.663163,-6.26895,-8.09981
-1.54484,-7.53506,-8.94607
-2.72646,-8.42702,-9.63423
-3.64926,-9.0533,-10.268
-4.13478,-9.38809,-10.86
-4.52774,-9.38733,-11.25
-4.91278,-9.26835,-11.3087
-5.32013,-9.13363,-11.2869
-5.91317,-8.67517,-11.4716
-6.33699,-7.71645,-11.4093
-6.69971,-6.83448,-11.8499
-6.83018,-6.41636,-11.9369
-6.85066,-6.17409,-11.6934
-7.23976,-5.91895,-11.9184
-7.34926,-5.80582,-12.2365
-7.49889,-5.97824,-12.1957
-7.73607,-6.36069,-12.1881
-7.82069,-6.87126,-12.406
-7.90962,-7.54242,-12.179
-8.15639,-8.24375,-11.4634
-8.00873,-8.89811,-10.9593
-8.18375,-9.32331,-10.3074
-8.05655,-9.68528,-9.50782
-8.09972,-9.86028,-8.88604
-8.3558,-9.8345,-8.26011
-8.46163,-9.65977,-7.56889
-8.18958,-9.13115,-6.83331
-7.76119,-8.25747,-6.02525
-7.50546,-7.49815,-5.20273
-7.22842,-6.90201,-4.70322
-6.93173,-5.70501,-4.26824
-6.2957,-4.62502,-3.64815
-5.84231,-4.02878,-3.00515
-5.24212,-3.25485,-2.71127
-4.44078,-2.65135,-2.55414
-3.85811,-2.51149,-2.33036
-3.29711,-2.61466,-2.16671
-2.45201,-2.638,-2.14814
-1.67141,-2.59447,-2.06236
-1.20374,-2.59202,-1.89098
-0.528893,-2.59481,-2.0862
-0.169664,-2.80276,-2.35505
0.0934269,-2.91367,-2.21262
0.236325,-2.6993,-2.22736
0.417477,-2.34303,-2.36533
0.577909,-1.7181,-2.66525
0.581067,-0.869528,-2.99197
0.59759,-0.0680499,-3.16221
0.803111,0.577308,-3.3177
0.504394,1.28095,-3.78873
-0.459187,2.1072,-3.84331
-1.06428,2.59992,-3.45815
-1.54734,2.77797,-3.22075
-2.08122,3.08918,-3.08643
-2.5369,3.44582,-2.93868
-2.76238,3.86762,-2.8998
-2.85761,4.25992,-3.03111
-3.05486,4.42496,-3.31722
-3.49911,4.37497,-3.83933
-4.194,4.43077,-4.66895
-4.63752,4.45107,-5.25451
-4.57923,3.99119,-5.85368
-4.34461,3.43702,-6.80461
-4.01063,2.87392,-7.90833
-3.88883,2.24866,-8.69949
-3.90742,1.57057,-9.43294
-3.88124,0.815064,-10.2615
-3.66225,0.0375863,-10.9071
-3.23119,-0.587402,-11.2806
-2.87234,-1.03656,-12.0079
-2.66523,-1.35554,-12.678
-2.57929,-1.72867,-13.2896
-2.36725,-2.12881,-14.0589
-1.88307,-2.30737,-14.3348
-1.60375,-2.26737,-14.4887
-1.64647,-2.1755,-14.7125
-1.75529,-2.09389,-15.0542
-1.76622,-1.98661,-15.4439
-1.77491,-1.8511,-15.6892
-1.76567,-1.71375,-15.7128
-1.81465,-1.61218,-15.6724
-2.49165,-1.5571,-16.0741
-2.66845,-1.70203,-16.2326
-2.66745,-1.59484,-16.4312
-2.74661,-0.992428,-16.908
-2.6982,-0.208322,-17.3688
-2.45717,0.382886,-17.7358
-2.0791,0.795082,-18.2045
-1.55237,1.24468,-18.9045
-1.08512,1.55764,-19.8468
-0.754663,1.73429,-20.3935
-0.190363,1.92119,-20.8044
0.329759,1.96948,-21.3587
0.822658,1.80239,-22.3077
1.23913,1.84632,-22.9002
1.44815,2.0116,-23.1721
1.53919,2.01262,-23.4586
1.60973,1.81584,-23.9567
1.57269,1.61838,-24.6926
1.43484,1.46856,-25.4184
0.963889,1.44197,-25.2884
0.735298,1.74072,-25.6718
0.665609,2.22771,-26.2226
0.678135,2.38707,-27.0437
0.361877,2.65968,-27.7021
0.157777,3.16701,-28.1329
0.0594061,3.78211,-28.3766
-0.400145,4.38126,-28.5576
-1.10182,4.95393,-28.855
-1.18651,5.6738,-29.1225
-1.19757,7.03869,-29.2877
-1.49028,8.16664,-29.0185
-1.20241,8.83235,-28.9682
-0.792679,9.23934,-28.7652
-0.247798,9.73503,-28.4966
0.367783,10.2219,-28.5074
0.926187,10.3975,-28.5735
1.42803,10.274,-28.4373
1.96712,10.1821,-28.3171
2.43848,10.097,-28.1698
2.72927,9.63002,-28.194
2.83676,9.15716,-28.284
2.86409,8.86263,-28.5779
2.83845,8.42438,-28.5788
2.91599,7.78248,-28.836
2.88615,6.82178,-29.1798
2.61521,5.67893,-29.5271
2.29964,4.49982,-30.0088
2.12794,3.25177,-30.452
1.77798,2.10073,-30.4788
1.10434,0.898968,-30.6469
0.6063,0.646235,-31.3283
0.486707,0.347382,-32.034
0.360613,0.230481,-32.094
0.00874338,0.677454,-32.3899
-0.0821687,1.50963,-33.0605
-0.0148008,2.30446,-33.8311
0.00740042,3.06804,-34.3842
0.397629,4.10746,-34.6887
1.19598,5.07743,-35.3538
1.85055,5.91836,-35.8876
1.83578,6.98682,-36.3943
2.03479,7.62896,-36.7239
2.3848,8.18629,-36.7736
2.5524,8.41883,-36.9646
3.00357,8.73259,-37.2053
3.5644,9.11181,-37.1793
3.82764,9.25057,-36.9141
4.05273,9.21689,-36.8596
4.43572,9.12943,-37.2528
4.79304,8.78292,-37.359
5.33242,7.96624,-37.3039
5.25974,7.2297,-37.2489
5.45065,6.52149,-36.9318
5.31372,5.78169,-37.1187
4.7983,5.13417,-37.1225
4.12554,4.48983,-36.7289
3.47489,3.95585,-36.2547
2.92175,3.73115,-35.7277
2.39978,3.17425,-35.4446
2.35336,3.45488,-35.4394
1.34071,3.24017,-35.1922
1.24755,3.55664,-34.5628
1.04479,4.07908,-34.1509
0.923998,4.25536,-33.6592
0.909042,4.42387,-33.2823
0.934843,4.79565,-33.0705
1.01193,5.17742,-32.8356
1.1995,5.42195,-32.5418
1.54175,5.64122,-32.332
1.88284,6.20647,-32.3784
1.94566,5.57381,-32.0871
2.39035,5.66603,-32.1497
2.51675,5.69994,-31.9604
2.69104,5.56352,-31.7925
2.70948,5.05048,-31.7359
2.81705,4.59803,-31.912
2.89446,4.19722,-32.4408
2.35845,3.22022,-32.9482
2.25958,2.54368,-32.5221
1.91096,1.54333,-31.9529
2.02278,0.810089,-31.4942
2.06679,-0.0641842,-30.8873
2.32705,-0.738249,-30.018
2.59921,-1.27836,-29.6332
3.09023,-1.5445,-29.1233
3.77299,-1.31594,-28.4496
4.42924,-0.734054,-27.7373
4.98899,-0.213203,-26.7424
5.44405,0.324541,-26.3293
6.57875,1.1987,-25.2652
7.37084,1.99261,-25.0504
8.26464,2.51221,-24.3425
8.59966,3.18576,-24.3781
8.66167,4.13403,-24.2809
8.87863,4.495,-24.0231
9.0952,4.64307,-23.8341
8.82277,5.00996,-23.8117
8.13123,4.88438,-23.9578
7.85322,4.49486,-23.9592
7.01198,3.86563,-23.7642
5.88009,3.69368,-23.5928
4.76982,3.22782,-23.4705
4.20285,2.64947,-23.6653
3.71337,1.91392,-23.5193
2.95259,1.31805,-22.9215
2.33921,0.907872,-22.669
2.08853,0.655269,-22.7313
1.85667,0.644489,-22.0911
2.09473,0.664908,-21.4606
2.52063,1.6083,-20.7544
3.11222,1.89985,-20.6926
3.71649,1.94856,-20.3716
4.9132,1.99203,-19.8357
5.57791,2.01176,-19.947
5.98156,2.07029,-20.0615
6.53399,1.8805,-20.3049
6.96478,1.39439,-20.8246
7.07382,1.02631,-20.8803
7.4973,0.506157,-20.9436
7.22249,-0.708447,-21.1019
6.89202,-1.50939,-21.6294
5.68474,-3.06831,-21.993
5.37425,-4.39923,-21.5972
4.49791,-5.37616,-21.6856
3.73599,-6.24026,-21.8928
2.75344,-6.81637,-21.9062
1.4216,-7.03862,-21.7129
1.03963,-7.09884,-21.2918
0.73274,-6.35922,-21.3294
0.614396,-5.11292,-20.5931
0.663808,-4.37804,-19.9816
1.47698,-3.5651,-19.5174
1.94935,-2.1155,-19.034
2.32134,-1.04348,-19.0039
2.91554,-0.0231764,-18.8573
3.2499,0.871036,-18.449
3.51194,1.75518,-18.3334
4.37884,2.93362,-18.7389
4.20088,2.62229,-19.0647
4.63337,3.10735,-19.3407
4.25484,2.94773,-19.3977
4.25954,2.24763,-19.9398
3.6734,1.34913,-20.2887
3.78163,0.119023,-20.8206
3.56616,-1.31974,-21.2675
2.814,-2.88012,-21.6413
2.15351,-4.47402,-22.1183
1.52072,-5.82257,-22.5577
1.07076,-6.76352,-22.9499
1.33186,-8.12518,-22.9993
0.783324,-8.62641,-22.7194
0.344246,-9.35059,-22.2703
0.405542,-9.45936,-22.6237
0.125203,-8.88781,-22.7726
0.151762,-8.17528,-22.4094
0.199556,-7.27254,-21.9417
-0.0729719,-6.19108,-21.8568
-0.148467,-5.25811,-22.0481
-0.839757,-3.73634,-21.6569
-0.753317,-2.65853,-21.2376
-1.17369,-2.12042,-21.2977
-1.2395,-1.80152,-21.4274
-1.60909,-1.29651,-21.1782
-2.39833,-1.224,-21.1417
-2.95318,-1.47449,-21.4027
-3.30582,-1.66376,-21.6335
-3.52311,-1.89234,-21.4469
-3.33788,-2.51353,-21.0854
-3.62353,-3.06377,-21.7549
-3.42975,-2.81113,-21.9314
-3.59893,-2.90963,-22.2461
-3.74421,-3.44236,-22.3644
-3.13329,-3.33237,-22.3194
-2.33957,-3.14545,-22.447
-1.85382,-2.59481,-22.7141
-1.44015,-1.90559,-22.5907
-0.812495,-1.29154,-22.204
-0.299487,-0.391631,-22.3694
-0.239494,0.229253,-22.6022
0.0983932,0.493452,-22.3775
0.911245,1.55485,-21.1737
0.781483,1.45761,-20.9322
1.12525,1.79241,-20.6898
1.67448,1.96063,-20.1301
1.82429,1.73696,-19.704
1.77084,1.45501,-19.1681
1.86837,1.27326,-18.3487
1.86988,0.98228,-17.8701
1.62197,0.742236,-17.6951
1.36033,0.993153,-17.6243
2.27783,0.710199,-16.7211
2.41681,0.604278,-16.4192
2.7107,-0.0680704,-16.3882
3.13012,-0.0246208,-16.0971
3.07011,0.188761,-16.0363
2.94369,0.0318819,-16.3778
2.96274,-0.218568,-16.8368
2.52469,-0.204457,-17.2149
2.43275,0.0321388,-17.3574
2.36033,0.0847078,-18.0709
1.93849,-0.398055,-18.2326
1.8396,-0.307898,-18.9211
1.49362,-0.426953,-19.4769
0.956584,-0.773525,-19.5192
0.586021,-1.18894,-19.8868
0.445885,-1.21223,-20.4411
0.32383,-0.983802,-20.3796
0.065241,-1.18591,-19.9149
-0.286906,-1.27606,-20.0836
-0.309119,-1.498,-20.0631
-0.787407,-1.81107,-19.7256
-0.506548,-1.46049,-19.46
-0.166034,-1.38807,-18.7982
0.211449,-1.15787,-18.4217
0.713506,-0.74494,-18.0253
1.07429,-0.365309,-17.6993
1.27306,-0.0716841,-17.602
1.66229,0.194088,-17.4194
1.85421,0.265281,-17.4937
1.61065,0,-17.5503
1.81996,-0.0550846,-17.1207
2.26253,-0.415228,-16.6934
2.33334,-1.07455,-16.9096
2.33407,-1.49059,-17.4313
2.46369,-1.95436,-17.5459
2.76844,-2.57488,-17.664
2.9507,-3.05084,-18.0094
2.66994,-3.26844,-17.9118
2.43535,-3.54095,-17.9021
2.38628,-3.99356,-17.303
2.14114,-4.06644,-17.5519
1.9208,-4.04795,-17.4732
2.02085,-3.96527,-17.4198
2.19924,-3.60616,-16.967
2.19849,-3.28378,-16.7106
2.09672,-2.99501,-16.6977
2.01938,-2.58647,-16.4218
1.84815,-2.1579,-15.9894
1.51477,-1.64579,-16.1464
1.26598,-1.34269,-16.3534
1.20993,-1.03942,-16.2842
0.853217,-0.789668,-16.0318
1.12796,-1.0187,-15.8004
1.39199,-1.00973,-15.5859
1.38418,-1.23383,-15.2207
1.19547,-1.64769,-14.9759
1.1708,-1.90768,-15.0095
1.46489,-2.30353,-14.9199
1.33703,-2.92842,-14.6275
1.18689,-3.17428,-14.7764
1.15292,-3.76486,-14.2643
1.29601,-4.15585,-14.2722
1.42495,-4.16362,-14.0752
1.45401,-4.04302,-13.6481
1.31951,-3.81769,-13.3511
0.997916,-3.50399,-13.4484
0.754311,-3.06966,-13.7354
0.874179,-2.41783,-13.799
0.889479,-1.71151,-13.7485
0.701787,-0.951708,-13.638
0.810739,-0.276567,-13.8135
0.697524,0.0481273,-13.7542
0.662833,0.502447,-13.672
0.632521,0.261536,-13.7414
0.847956,-0.206035,-13.8608
0.92278,-0.538901,-13.7884
0.544732,-0.86836,-13.4426
0.262368,-1.24767,-13.0924
0.438185,-1.68754,-13.1692
0.571816,-2.29337,-13.5094
0.422793,-2.7548,-13.1952
0.390839,-2.92057,-12.9656
0.329964,-2.99203,-12.7315
0.439365,-3.03476,-12.8719
0.394175,-3.07176,-13.0372
0.0826308,-3.11636,-12.9926
-0.17039,-3.15908,-12.9144
-0.184487,-3.15247,-12.9128
-0.414748,-3.01071,-12.7553
-0.9153,-2.55945,-12.7747
-0.9153,-2.29681,-12.7713
-0.897841,-1.80613,-12.5682
-0.866039,-1.36151,-12.3443
-0.827668,-1.08734,-12.2471
-0.737554,-0.748534,-11.9618
-0.492613,-0.520232,-11.5331
-0.0584797,-0.652698,-11.3776
0.297189,-0.882303,-11.573
0.0843381,-0.913174,-11.5581
0.0883311,-1.3059,-11.305
0.921527,-1.80159,-11.3636
1.02134,-2.20363,-11.2709
1.04277,-2.47823,-11.4701
1.10608,-2.71382,-11.656
1.21321,-2.89702,-11.7996
1.30607,-3.12228,-12.0066
1.4211,-3.44412,-12.3154
1.53305,-3.61752,-12.7178
1.19307,-3.28949,-13.1805
0.952876,-2.80451,-13.2906
0.905067,-2.47717,-13.6242
0.528098,-2.18078,-14.0088
0.135321,-1.61176,-13.8312
-0.113298,-0.906866,-13.5475
-0.247067,-0.170599,-13.7016
-0.533816,0.472796,-14.0892
-0.974513,0.960087,-14.1893
-1.10848,1.32312,-13.9431
-0.77204,1.51526,-13.7159
-0.575419,1.74334,-13.8338
-1.01087,1.926,-13.6686
-1.23206,2.238,-13.7161
-0.731743,2.60271,-13.8638
-0.111078,2.81709,-13.7819
0.304224,2.8384,-13.547
0.502075,2.87288,-13.4507
0.67191,2.86993,-13.6182
1.00471,2.67453,-13.8865
1.34531,3.01528,-14.0842
1.5255,3.70613,-14.3846
1.5255,3.58292,-14.4883
1.61568,2.98174,-14.3304
1.76987,2.55902,-14.2357
1.67716,2.11551,-14.2526
1.42778,1.53261,-14.2069
1.40766,1.01089,-14.1052
1.54096,0.655718,-14.0979
1.25379,0.299554,-14.1804
0.653885,0.0170899,-14.1646
0.429325,0.0795105,-14.2133
0.292537,0.419012,-14.114
0.10665,0.481875,-14.0447
-0.149299,0.655864,-14.1404
-0.280268,0.949184,-14.2414
-0.472105,1.38586,-14.2783
-0.712166,1.8958,-14.0353
-0.870346,2.3006,-13.6328
-0.903029,2.52089,-13.6642
-0.55435,2.74402,-14.1309
-0.127065,2.993,-14.1536
-0.621722,3.01467,-13.9635
-0.591491,2.87267,-13.9436
-0.253563,2.50659,-14.1414
-0.237551,1.813,-14.2722
-0.431856,1.21061,-14.3256
-0.702819,0.84794,-14.4437
-1.06866,0.481451,-14.6237
-1.3545,-0.0345203,-14.8182
-1.29158,-0.523717,-15.2867
-1.45311,-0.960695,-15.5842
-1.86023,-1.16905,-15.3599
-2.19922,-0.84519,-15.6182
-2.34391,-0.530264,-16.0993
-2.14089,-0.525931,-16.3587
-2.13195,-0.629727,-16.515
-2.37118,-0.455419,-16.7085
-2.50338,-0.000671791,-16.9864
-2.50856,0.414155,-17.4358
-2.58366,0.910612,-18.0069
-2.52858,1.45272,-18.5951
-2.4735,1.57314,-19.0081
-2.41842,1.55882,-18.9174
-2.21717,1.89884,-18.8329
-2.06803,2.13657,-19.1261
-1.97832,2.05205,-19.6504
-1.62405,1.72164,-19.959
-1.18324,1.29315,-19.9496
-1.36403,0.865659,-19.945
-1.8303,0.482552,-19.9226
-1.54717,-0.0644893,-19.8315
-1.22062,-0.725454,-20.221
-1.62831,-1.21244,-20.5618
-2.04228,-1.59837,-20.6454
-2.12099,-1.62508,-20.7225
-1.77438,-1.52588,-20.7648
-1.31646,-1.41007,-20.8033
-1.07607,-1.09933,-20.8733
-1.07424,-0.565438,-20.8129
-1.26014,-0.124815,-20.5487
-1.12691,0.703136,-20.5682
-0.291989,1.84707,-20.3687
0.428076,2.40806,-20.1786
0.624214,2.84193,-19.7904
0.792374,3.43118,-19.5087
1.09183,3.78316,-19.5002
1.33563,3.83636,-19.6849
1.47325,3.84655,-19.8518
1.66278,3.81532,-19.8593
1.74219,3.51122,-19.7864
1.49566,2.61724,-19.7313
1.35776,1.65314,-20.1362
1.18447,0.937987,-20.4844
1.18072,0.00925351,-21.1053
1.1277,-0.557583,-21.9042
0.969185,-0.952608,-22.5293
0.718434,-1.23645,-22.8839
0.346883,-1.2423,-23.1168
-0.087194,-1.08684,-23.3047
-0.2867,-1.00066,-23.3707
-0.3051,-0.670538,-23.3707
-0.45247,-0.653768,-23.6286
-0.730473,-0.255667,-22.9474
-0.677118,0.385341,-22.4794
-0.543384,1.00847,-22.0799
-0.259042,1.65837,-21.696
0.189153,2.44062,-21.0796
0.538593,3.24128,-20.4999
0.613341,3.75158,-20.6138
0.776331,3.79594,-20.6527
1.30171,3.57138,-20.6061
1.42653,3.296,-20.8144
1.8552,3.02061,-21.0823
1.94518,2.59506,-21.5979
2.05502,1.99418,-21.9082
2.3031,1.08363,-22.1925
2.5443,0.115028,-22.6793
2.58176,-0.527129,-23.3058
2.48114,-0.868638,-23.9065
2.70199,-1.1964,-24.4213
2.60414,-1.12261,-24.8378
2.86962,-0.449923,-24.9452
2.98517,0.217359,-25.2408
2.99499,0.587521,-25.9659
3.0704,0.792831,-26.2907
2.99154,0.935637,-26.1225
2.90386,0.945891,-25.6992
3.02216,0.824469,-25.2183
3.07512,0.690428,-24.899
2.72911,0.400431,-24.9574
2.00145,-0.135065,-24.9726
1.38111,-0.205765,-24.8764
1.00627,-0.48304,-24.4005
0.263883,-0.893099,-23.9637
-0.0528491,-1.11162,-23.8004
-0.269115,-0.857464,-23.7208
-0.485471,-0.330573,-23.9207
-0.522353,0.0133515,-24.3929
-0.584787,0.0885195,-24.6173
-0.786387,0.348123,-24.8318
-0.807122,0.521456,-25.3067
-1.00765,0.759416,-25.4315
-0.856616,0.194427,-25.9775
-0.823319,-0.247702,-26.343
-0.814896,-0.348371,-26.8113
-0.943969,-0.678585,-27.2081
-1.26698,-1.50868,-27.4904
-1.50327,-2.44436,-27.7684
-1.37349,-3.02813,-28.0455
-1.33056,-3.39487,-28.4262
-2.09796,-3.42939,-28.6914
-2.51687,-4.07891,-28.8236
-2.61177,-4.02115,-28.6612
-2.76186,-3.5508,-28.6442
-2.87884,-2.92956,-28.5513
-3.17138,-2.00031,-28.5577
-3.61037,-0.936577,-28.5525
-3.82142,0.0824502,-28.3235
-3.57283,1.27721,-28.031
-3.16495,2.57734,-27.8494
-2.86028,3.50113,-27.7748
-2.85773,4.3273,-27.5833
-2.21684,5.47796,-27.4473
-2.26169,5.33891,-27.4398
-2.46557,5.25234,-27.6694
-2.52726,5.44235,-28.1843
-2.3843,5.26132,-28.6236
-1.88199,4.40463,-28.5634
-1.18178,3.30575,-28.059
-1.32884,2.406,-27.6677
-1.70605,1.39283,-28.2472
-2.1385,0.815457,-28.4554
-1.86695,0.352523,-28.4091
-2.06271,0.0937899,-28.5265
-2.10061,-0.400446,-28.4468
-2.13605,-0.527555,-28.3342
-2.28049,-0.259602,-28.0801
-2.17712,0.171778,-27.7995
-1.78686,0.782885,-27.8105
-1.93477,0.854643,-27.068
-1.63902,1.74912,-25.8084
-1.06022,2.65053,-25.3081
-1.10379,3.36158,-24.953
-0.772541,4.36875,-24.3185
-0.0567191,5.18071,-23.5646
0.508594,5.51535,-23.0927
0.799604,5.68375,-22.9555
1.07313,5.87536,-22.8286
1.44506,5.73121,-22.6065
1.79753,5.18631,-22.7499
1.88567,5.07061,-22.3809
1.89102,4.26979,-22.1889
1.66997,3.35323,-22.1981
1.4782,2.61269,-22.1318
1.5438,2.07722,-22.3612
1.58108,1.48812,-22.3886
1.23989,0.897532,-22.3867
0.675716,0.391029,-22.5299
0.298596,-0.0689742,-22.42
0.0184741,-0.0538145,-22.6747
0.953678,0.0522135,-22.6994
0.568985,0.315689,-22.2906
0.176796,0.726438,-22.1269
-0.450365,1.12449,-22.0117
-0.677644,2.09573,-22.1766
-0.644339,2.58637,-22.121
-0.520087,2.94846,-21.9902
-0.427598,3.56433,-21.8914
-0.506707,3.57861,-21.539
-0.351027,3.92124,-21.8495
-0.133459,3.73364,-21.5572
-0.175685,3.40834,-21.3318
-0.229331,3.49974,-21.7194
0.0442117,3.04398,-21.3865
0.247136,2.28847,-21.3255
0.15537,1.55372,-21.4432
0.0770207,0.889593,-21.4068
0.250476,0.282151,-21.2464
0.433767,-0.253056,-21.0931
0.462944,-0.856227,-20.9876
0.249305,-1.03342,-20.9312
0.783574,-1.36033,-20.8761
0.467642,-1.69038,-20.5327
0.199786,-1.76785,-20.7388
-0.275348,-1.95079,-20.6129
-0.818363,-1.98227,-20.4742
-1.26604,-2.01392,-20.5268
-1.50588,-2.15921,-20.6184
-1.45261,-2.00173,-20.7345
-1.51436,-1.75805,-20.7536
-2.50109,-2.19841,-21.3568
-2.34519,-2.58169,-21.3002
-3.39594,-2.67651,-21.0529
-3.79518,-3.02004,-21.1243
-4.20951,-2.6221,-21.5073
-4.23598,-2.41206,-21.7867
-3.96231,-2.54185,-21.9204
-4.22562,-2.65627,-22.0282
-4.9819,-3.02026,-22.026
-4.6404,-3.19749,-21.9748
-4.23366,-3.80652,-21.5957
-4.91781,-4.49244,-21.4605
-4.75589,-4.4087,-22.0967
-4.65842,-5.06945,-22.0057
-4.70813,-5.37571,-21.7456
-4.659,-5.50339,-21.4438
-4.47363,-5.74045,-21.3141
-4.34549,-5.85177,-21.4356
-4.28421,-5.62027,-21.4333
-4.00816,-5.12015,-21.2694
-4.59054,-4.02396,-21.1163
-3.84172,-3.91804,-21.1714
-3.41583,-3.07697,-21.2146
-3.04117,-2.20872,-21.1035
-2.79499,-1.67818,-21.047
-2.47924,-1.38767,-21.0186
-2.15926,-0.826904,-21.3147
-1.85664,-0.149902,-21.625
-1.41782,-0.170214,-21.3504
-1.28884,-0.466896,-21.8704
-1.31283,-0.361185,-22.0116
-0.986975,-0.306109,-22.4843
-0.773643,-0.280633,-22.7411
-1.18145,-0.490765,-23.0568
-1.56845,-0.4196,-23.4133
-1.62737,-0.332616,-23.4076
-1.4686,-0.272011,-23.4243
-1.48389,0.102932,-23.6092
-1.82046,0.617372,-23.4291
-1.74136,0.351022,-23.5301
-1.39455,0.536153,-23.2243
-1.80506,0.426001,-23.9601
-1.90418,0.299375,-24.0638
-1.44597,0.0516665,-24.1963
-1.57624,-0.249555,-24.0672
-1.48135,-0.479559,-23.7955
-1.30044,-0.678077,-23.5453
-1.19445,-1.04641,-23.3021
-0.432365,-1.47516,-23.0362
-0.215486,-1.2976,-22.8299
0.285197,-1.75777,-22.8339
-0.0720975,-1.42579,-22.5928
0.556678,-2.05235,-22.6774
0.650795,-2.81975,-22.0349
0.425587,-2.96761,-22.1713
0.279162,-2.99508,-21.9368
0.274396,-3.18897,-21.5765
0.179645,-3.29875,-21.8415
-0.0585923,-3.27011,-21.8454
0.00292128,-3.37997,-21.5747
-0.385462,-2.88728,-21.5081
-0.415858,-3.03288,-21.6112
-0.124645,-3.12632,-21.5792
-0.172338,-2.4388,-22.0896
-0.820517,-2.30638,-22.227
-0.96155,-2.35359,-22.0738
-0.8997,-2.24371,-22.0022
-1.24336,-2.24222,-22.0573
-1.40644,-2.38298,-22.0924
-1.62854,-2.30662,-22.0262
-2.10843,-1.89639,-21.7071
-2.25309,-1.66214,-21.8966
-2.3274,-1.53148,-21.9387
-2.30399,-1.2714,-21.8995
-1.88927,-1.2007,-21.9333
-1.55638,-1.14158,-21.8761
-1.396,-0.813427,-21.8766
-1.14279,-0.461544,-21.9676
-0.823435,-0.537594,-21.7852
-0.553493,-0.65416,-21.5443
-0.0835543,-0.82204,-21.8836
0.140191,-1.18416,-21.8499
0.440724,-1.46918,-21.3716
0.483966,-1.73521,-21.4072
0.709873,-1.95364,-21.2816
0.864135,-2.16362,-21.0661
0.779206,-2.5169,-21.0577
0.600993,-2.91903,-21.0011
0.361384,-3.06809,-20.5879
-0.0960511,-3.15155,-20.5286
-0.319522,-3.28732,-20.1399
-0.335181,-2.79162,-20.0116
-0.321758,-2.34321,-20.1087
-0.574035,-2.02021,-20.0319
-0.996086,-1.82165,-19.6925
-1.32662,-1.86049,-19.389
-1.41329,-1.83952,-19.117
-1.45923,-1.67104,-18.8288
-1.68075,-1.76489,-18.6983
-1.69006,-1.91993,-18.5252
-2.15172,-1.91071,-18.2221
-2.14848,-2.01114,-18.6417
-1.90953,-1.95474,-18.7111
-1.69963,-2.39852,-18.7435
-1.93846,-2.47863,-18.8481
-1.86723,-2.03243,-18.9316
-1.30582,-1.64792,-19.2234
-0.799892,-1.55722,-19.6562
-0.65715,-1.39648,-19.6742
-0.784408,-1.34752,-19.5369
-0.861121,-1.15807,-19.9441
-0.518597,-0.82058,-19.8519
-0.684941,-0.529721,-19.8362
-0.756321,-0.301594,-19.5589
-0.533226,-0.451283,-19.4371
-0.705277,-0.62441,-19.3465
-1.14267,-0.456146,-19.3521
-1.4501,-0.191291,-19.5718
-1.831,-0.252178,-19.7071
-2.02627,-0.188847,-19.4599
-1.93342,0.311809,-18.9973
-2.00056,0.208316,-18.3901
-2.05118,0.461215,-18.3618
-1.79953,0.571506,-18.3082
-1.70069,0.577646,-18.503
-1.61798,0.69021,-18.6619
-1.42029,0.942483,-18.6237
-1.16363,1.13335,-18.5439
-0.882007,1.19287,-18.5132
-0.619653,1.48969,-18.4459
-0.18017,1.52261,-18.4295
0.112499,1.40004,-18.5947
0.357793,1.59733,-18.6583
0.580333,1.64403,-18.7205
0.687588,1.51158,-18.9306
0.74524,1.43388,-18.995
0.910924,1.47958,-18.9987
1.13175,1.57213,-19.1258
1.10675,1.59805,-19.0874
0.751844,1.32715,-18.6746
0.481915,1.09211,-18.8453
0.113286,0.96756,-19.0393
-0.145029,0.795432,-18.8365
-0.0602163,0.905908,-18.4377
-0.211051,1.38044,-18.4615
-0.2727,1.58251,-18.6991
-0.0995687,1.57885,-18.7344
-0.0609261,1.78231,-18.6034
-0.348282,2.03201,-18.6114
-0.533674,2.06717,-18.606
-0.514113,1.94878,-18.4151
-0.184904,2.19464,-18.4599
0.175287,1.98713,-18.3964
0.384703,1.84327,-18.3624
0.446069,1.61238,-18.3098
0.365228,1.05085,-18.2082
0.195518,0.327172,-18.2903
0.00818935,-0.28498,-18.5561
-0.0877154,-0.689051,-18.5699
0.110382,-0.678782,-18.2927
0.279488,-0.700609,-18.2646
-0.0541016,-0.602243,-18.1835
-0.332947,-0.76637,-18.314
-0.264458,-0.902049,-18.4653
-0.324872,-0.804463,-18.6309
-0.51934,-0.59262,-19.0108
-0.650504,-0.559342,-19.4248
-0.719545,-0.68891,-19.5309
-0.884119,-0.64232,-19.4387
-1.12811,-0.460631,-19.6454
-1.45858,-0.39332,-19.7433
-1.89195,-0.645506,-19.7128
-2.31227,-0.717382,-19.6433
-2.37587,-0.653375,-19.8089
-1.97669,-0.844783,-20.18
-1.77912,-1.03447,-20.3384
-1.94653,-1.0243,-20.2241
-2.06349,-0.88705,-20.0559
-1.88337,-0.654088,-19.9008
-1.54105,-0.268267,-19.7906
-1.25263,-0.0575757,-19.972
-1.09328,-0.0634578,-19.8101
-0.667604,-0.0361349,-19.573
-0.338869,-0.0719783,-19.5289
-0.138168,-0.410194,-19.5787
-0.0320557,-1.11393,-19.7061
-0.0105073,-1.91192,-19.7181
-0.0591223,-2.54773,-19.6337
-0.161699,-3.04108,-19.7853
-0.332839,-3.42477,-20.0025
-0.3051,-3.78217,-20.1662
-0.415089,-3.92031,-20.3867
-0.868969,-3.76421,-20.5831
-1.1248,-3.46346,-20.6884
-1.20983,-3.13379,-20.6423
-1.42287,-2.78715,-20.61
-1.75574,-2.37888,-20.5746
-1.99247,-1.91093,-20.4819
-1.99714,-1.42323,-20.476
-1.69852,-0.864441,-20.6144
-1.7231,-0.258597,-20.7846
-2.07138,0.0290584,-20.9732
-1.8433,0.164434,-20.9886
-1.5154,-0.0705234,-20.8106
-1.40346,-0.399836,-20.691
-1.37061,-0.549357,-20.8028
-1.20956,-0.748109,-21.0643
-0.940085,-1.3678,-21.2089
-0.747822,-2.3497,-21.0857
-0.686034,-3.32232,-20.9399
-0.570564,-4.30477,-21.0305
-0.739245,-5.12747,-21.135
-0.90553,-5.78983,-21.0329
-0.971148,-6.01231,-20.8857
-0.995234,-6.18,-20.9625
-1.00692,-6.3435,-20.9347
-1.07677,-6.36482,-20.7772
-1.16573,-6.33724,-20.7266
-1.22618,-6.45026,-20.7977
-1.60439,-6.3496,-20.9628
-1.98778,-5.75796,-21.2535
-2.01107,-5.28143,-21.2831
-2.01366,-4.89065,-21.2452
-2.01366,-4.12094,-21.16
-1.88457,-3.2928,-21.2759
-1.68699,-2.66654,-21.3797
-1.43958,-2.08484,-21.3973
-1.06704,-1.47634,-21.4314
-0.602168,-1.02802,-21.3404
-0.306397,-0.505674,-20.79
-0.207322,-0.109544,-20.4049
-0.185486,0.0671044,-20.8153
0.232661,0.163794,-20.5174
0.544723,0.391928,-20.1231
0.619689,0.370442,-19.9826
0.77966,0.0469288,-19.777
0.881873,-0.298269,-19.317
0.84832,-0.592568,-18.805
1.06824,-0.991938,-18.5857
1.31039,-1.21446,-18.8772
1.22731,-1.50478,-19.1376
1.16617,-1.65348,-19.1233
1.15938,-1.52807,-18.8868
1.21386,-1.40296,-18.4737
1.12299,-1.30436,-18.3667
0.823959,-0.928105,-18.3359
0.61042,-0.437028,-18.2616
0.621097,-0.0554603,-18.2607
0.560682,0.463356,-18.2901
0.343493,1.17424,-18.2221
0.284077,1.42448,-18.184
0.447635,1.731,-17.9308
0.241936,1.91512,-17.786
0.226045,2.37828,-18.0406
0.14595,2.74504,-18.4805
-0.0513039,2.97018,-18.9785
-0.109274,3.19482,-19.3446
0.075409,3.35883,-19.4035
0.274243,3.26415,-19.2725
0.371082,2.96892,-19.388
0.219057,2.07442,-19.9454
0.131742,1.61499,-19.9843
0.189202,1.3317,-19.8446
0.498239,1.13464,-19.8409
0.674547,1.07783,-19.9536
0.711162,1.11028,-20.0688
0.840687,0.892101,-20.0059
1.08246,0.79664,-19.9665
1.17144,1.54622,-20.2537
1.0799,1.96993,-20.1844
1.36544,2.12558,-20.0323
1.27505,2.8148,-20.1726
1.66878,3.36084,-19.9307
1.84855,3.74745,-19.7565
1.56118,3.87217,-19.6567
1.42978,3.79512,-19.4941
1.33605,3.70932,-19.5102
1.01964,3.72388,-19.6288
0.857405,3.78789,-19.3846
0.656837,3.90277,-19.2332
0.341067,4.17441,-18.5359
0.213247,4.01851,-18.7199
0.150085,4.3947,-18.9172
0.222112,4.89112,-19.1631
0.423076,5.1367,-19.4973
0.434323,5.36972,-19.8994
0.4644,5.71183,-20.0016
0.573715,5.92229,-19.9892
0.3051,5.80756,-20.3812
-0.00405315,5.5547,-20.2115
-0.153975,5.04157,-20.5258
-0.726085,4.8556,-20.4178
-1.27627,4.41122,-20.2245
-1.55306,3.83403,-19.7543
-2.03292,3.34142,-19.3016
-2.45255,3.14673,-18.9612
-2.77879,2.96638,-18.4315
-3.07403,2.67126,-17.9188
-3.18016,2.71873,-17.8175
-3.37866,3.21858,-16.995
-3.18937,3.82449,-16.7676
-3.07627,4.34344,-16.8662
-2.78197,4.68658,-16.1603
-2.54794,4.97217,-15.9849
-2.25039,4.89578,-15.4372
-1.7129,4.83918,-14.7287
-1.27966,4.83511,-14.1661
-1.10838,4.74638,-13.8334
-0.848346,4.62133,-13.7933
-0.757456,4.06512,-13.6187
-0.881576,3.61785,-13.3088
-1.22669,3.23227,-13.1582
-1.48742,2.68622,-12.6824
-1.50301,2.2653,-12.801
-1.77611,1.70634,-12.7466
-2.30097,1.27368,-12.3788
-2.77952,1.27976,-11.9546
-2.89296,1.60632,-11.437
-2.69831,1.80054,-10.7324
-2.9284,1.66136,-10.4616
-2.98998,1.8951,-9.98115
-2.98998,1.71463,-9.89483
-3.48722,2.15419,-9.388
-3.14323,2.45573,-8.82235
-3.01765,2.89627,-8.17209
-3.0637,3.4209,-7.36217
-3.03519,3.67337,-6.80067
-2.83778,3.72871,-6.38011
-2.37218,3.9808,-5.55976
-1.97197,4.02732,-5.29745
-1.63416,4.02732,-4.57356
-1.01604,4.02732,-4.17875
-0.616352,3.98456,-3.62732
-0.727038,4.60677,-3.14178
-0.57824,5.01796,-2.53286
-0.718927,5.36146,-1.75057
-0.917761,5.63694,-1.09677
-0.924058,5.62593,-0.658896
-1.23464,5.55141,-0.07267
-1.14309,5.74542,0.633909
-1.80357,6.06426,0.622779
-1.53686,5.75227,1.69875
-1.86973,5.19855,3.07179
-2.07506,5.10058,4.22819
-2.09783,5.38732,4.85459
-2.21658,5.67509,5.79923
-2.51999,6.05522,6.82616
-2.49582,6.72081,7.58158
-1.98377,7.2824,8.5711
-2.45568,7.26382,9.27874
-2.05541,8.21058,10.8444
-1.30512,9.20625,11.8351
-1.26265,9.42644,13.1861
-0.601376,10.2539,14.6501
-0.0320029,10.6458,15.8619
0.112093,10.6212,17.0076
0.387382,10.6759,18.3285
0.638429,10.8146,19.7008
0.133304,10.6639,20.9071
0.241299,10.2918,22.2673
0.302097,9.90626,24.0068
0.200051,9.10173,25.2455
0.324278,8.46477,26.647
-0.33296,7.81568,28.4046
-0.760095,7.54312,29.7071
-1.26312,7.00598,31.5683
-1.78525,6.25347,33.7455
-2.12494,5.72934,35.26
-2.56057,5.286,36.5724
-2.61051,4.80963,38.7993
-2.50466,4.04716,41.4852
-2.87871,3.5451,43.1617
-3.31093,3.38445,45.6321
-3.07783,3.65138,48.0902
-2.89562,4.50444,50.4059
-2.95902,5.78279,52.3627
-3.26841,7.16412,54.3406
-3.76216,8.72386,56.1575
-4.18464,10.7828,57.1857
-4.37535,12.9426,59.0312
-4.76191,15.1997,62.0027
-5.52679,17.0775,64.0956
-5.32136,19.7784,66.1885
-5.33151,22.1179,68.2853
-5.21958,24.5326,70.6689
-4.9678,26.4781,72.9218
-4.66644,27.9661,74.8611
-4.29821,29.4889,76.7321
-3.87177,31.0043,78.5959
-3.51223,32.212,80.0833
-3.32663,33.0381,81.5736
-4.2937,33.8521,83.143
-4.6273,34.3039,83.9858
-5.63584,33.9371,85.5237
-7.06751,32.7013,87.3068
-8.54256,30.9065,89.514
-10.4544,28.9047,92.1059
-12.8596,26.574,94.8761
-14.9362,23.5378,97.9581
-16.6765,20.1448,101.415
-18.5892,16.5769,105.372
-20.27,13.233,108.318
-22.3454,10.0933,112.426
-24.164,6.64123,116.191
-25.6073,3.47007,120.265
-27.1387,1.2646,124.585
-28.5821,-0.508481,128.84
-29.6754,-1.91887,133.067
-30.6843,-2.09311,137.192
-31.4529,-2.03819,140.477
-32.2019,-1.20951,143.907
-32.7251,0.250016,146.872
-33.4796,1.46138,149.777
-33.9908,2.80692,152.917
-35.1065,3.84767,155.904
-36.4429,4.02072,159.14
-38.0208,3.6817,162.61
-39.9216,3.50281,165.624
-41.7279,3.3877,167.828
-43.9207,2.68717,169.875
-46.2889,1.59385,171.742
-48.567,0.0045159,173.469
-50.1744,-2.22739,174.559
-51.6135,-3.98305,175.55
-53.1715,-6.3164,175.736
-54.5214,-8.37655,175.879
-55.797,-10.0143,175.62
-56.7195,-11.2626,174.832
-56.7505,-11.6891,174.584
-57.4506,-12.6866,173.942
-58.2373,-13.0951,173.395
-58.4618,-12.9521,173.207
-59.0117,-12.9161,172.886
-59.5644,-12.7765,172.475
-60.2591,-12.6192,171.901
-60.8732,-12.7725,171.474
-61.4365,-13.5653,171.229
-61.8881,-15.2362,171.4
-61.9666,-17.7369,172.441
-62.1175,-20.413,173.657
-61.8144,-22.6397,174.737
-60.7856,-24.2353,175.96
-59.6489,-24.9935,176.866
-57.5244,-25.2475,177.23
-54.6492,-24.6267,177.407
-51.5519,-23.1415,177.333
-48.2812,-21.1803,176.892
-44.9442,-18.7441,176.241
-41.7777,-15.467,175.439
-38.0479,-11.8415,173.963
-34.233,-8.58806,172.376
-30.5377,-4.68954,170.895
-26.7032,-1.35263,169.489
-23.3562,1.44646,167.409
-20.6703,3.43364,164.946
-18.5259,4.54315,162.368
-16.7743,4.69085,159.516
-15.3342,3.99439,156.497
-14.0203,2.86267,153.742
-12.504,1.33122,150.823
-11.6132,-1.31526,147.898
-10.9432,-4.19243,144.339
-10.4489,-6.40324,141.408
-10.0625,-8.52212,138.094
-9.88555,-10.1093,134.983
-9.99658,-10.8873,131.789
-9.81606,-11.2054,128.686
-9.27521,-11.3292,125.718
-9.03082,-10.9783,122.328
-8.38135,-10.0496,119.03
-7.36448,-8.62211,115.641
-6.6212,-7.15351,112.222
-5.60353,-5.94482,108.683
-5.21645,-4.39023,105.885
-4.73298,-2.63207,103.604
-4.41712,-0.919835,101.266
-4.33594,0.803195,98.6635
-4.29334,2.69333,95.9191
-4.18279,4.6387,93.099
-3.53501,6.27502,90.1769
-3.62999,7.24999,87.5398
-3.66181,7.78476,83.9087
-3.98043,8.06137,80.53
-4.25763,7.85631,76.9751
-4.82228,6.74452,73.0805
-5.61508,4.90072,68.9412
-6.53045,2.67889,64.6587
-7.63062,0.0868314,60.5327
-8.816,-2.95258,56.901
-9.60365,-5.89678,53.4361
-10.7008,-9.02494,50.3788
-11.2839,-11.7292,47.1512
-11.7751,-14.5127,44.5405
-12.2658,-16.5339,42.4355
-12.3617,-17.9013,40.4424
-12.1666,-18.5334,38.494
-11.8604,-18.5499,36.7818
-11.4345,-18.1457,35.3305
-10.7523,-17.3076,33.8172
-9.71782,-16.0691,32.0434
-8.94384,-14.2775,30.784
-7.70229,-12.2098,29.6059
-6.61121,-10.1249,27.9333
-5.90312,-8.29276,26.1915
-4.96016,-6.45781,24.6662
-4.12792,-4.73192,23.0601
-3.58557,-3.45228,21.4206
-3.14429,-2.74979,19.7264
-2.75265,-2.4938,17.7462
-2.42716,-2.68046,16.1952
-2.29846,-3.21353,14.7064
-2.51989,-3.45206,13.4193
-2.89933,-3.80728,11.665
-2.86231,-4.46004,10.2878
-2.94382,-5.15784,8.60455
-3.10226,-5.83661,6.63585
-3.1911,-6.32852,4.93309
-3.36896,-6.52177,3.63555
-3.70957,-6.68229,2.27447
-3.66634,-7.09484,0.67482
-3.35321,-6.73226,-0.914273
-3.58107,-6.05601,-2.53003
-3.28602,-5.65626,-4.21799
-3.09748,-5.4764,-5.53055
-3.07818,-5.04522,-6.60486
-3.14608,-4.4411,-7.43921
-3.22955,-3.90021,-8.15151
-3.28897,-3.49966,-8.74869
-3.3647,-3.24047,-9.15471
-3.60811,-3.13839,-9.84165
-3.81965,-2.6046,-10.3841
-3.49704,-1.99646,-10.9023
-3.99521,-1.22819,-11.0831
-4.60404,-0.68568,-11.4397
-4.954,-0.138889,-11.7927
-5.07009,0.218837,-11.984
-5.05556,0.313135,-12.0925
-5.12994,0.40907,-12.2501
-5.38888,0.719147,-12.4309
-5.25205,1.04761,-12.5359
-5.11884,1.38512,-12.7242
-4.97955,0.944478,-12.2111
-4.63014,0.360834,-11.6117
-4.24565,-0.091417,-11.1042
-3.47833,-0.242095,-10.6963
-2.90377,-0.352371,-10.2913
-2.64279,-0.551219,-9.90904
-2.33587,-0.82924,-9.65344
-1.94194,-1.17112,-9.44025
-1.63327,-1.28558,-8.95654
-1.3647,-1.01343,-8.83594
-1.03422,-0.875413,-8.51198
-0.768924,-1.18107,-8.19844
-0.717228,-1.26956,-8.11081
-0.602241,-1.09862,-8.23335
-0.378436,-0.976501,-8.34281
-0.230392,-0.941594,-8.22717
-0.244353,-0.780872,-7.94574
-0.372145,-0.398521,-7.82638
-0.749674,0.0682857,-8.05218
-1.02899,0.337696,-8.15243
-1.06911,0.385591,-8.27037
-1.15696,0.675959,-8.26066
-1.09246,0.909753,-8.17124
-0.999946,1.18575,-8.30496
-0.975437,1.53179,-8.40592
-0.932211,1.91636,-8.36758
-0.807021,2.2517,-8.28426
-0.64794,2.46886,-8.12617
-0.351044,2.73811,-7.88571
0.0532861,3.32414,-7.72048
0.173396,3.62529,-7.3106
0.376977,3.88028,-6.72618
0.703773,3.80738,-6.31281
0.695498,3.5507,-6.2492
0.888386,3.43293,-6.08362
1.28389,3.47255,-5.62713
1.50058,3.39557,-5.17233
1.61667,3.05075,-5.06402
1.66798,2.66434,-5.38991
1.36963,2.24668,-5.9866
1.06134,2.0965,-6.2026
0.430819,1.66183,-6.78488
-0.111122,1.15063,-7.30865
-0.602978,0.898747,-7.66932
-1.11701,0.968379,-7.99032
-1.53612,1.16294,-8.34725
-1.90893,1.14019,-8.70052
-2.51243,0.741495,-8.98044
-3.17184,0.330195,-9.15572
-3.48353,-0.154383,-9.34145
-3.98425,-0.424739,-9.27134
-4.37155,-0.432668,-9.44358
-4.43085,-0.474369,-9.60997
-4.83164,-0.629087,-9.69427
-5.42431,-0.939906,-9.68478
-5.72346,-1.2032,-9.5725
-5.74235,-1.36862,-9.43454
-5.88522,-1.70392,-9.32784
-5.9898,-2.12603,-8.98275
-5.84078,-2.44028,-8.36935
-5.589,-2.69992,-8.18053
-5.48495,-2.53823,-7.8003
-5.2615,-2.10505,-7.16683
-4.77952,-1.88627,-6.89204
-4.36349,-1.84809,-6.72668
-4.08131,-1.74349,-6.62528
-3.74408,-1.40123,-6.81655
-3.38848,-0.83215,-7.27004
-3.26778,-0.315246,-7.90356
-2.91949,-0.267575,-8.79521
-2.68633,-0.356266,-9.27085
-2.56243,-0.248562,-9.94081
-2.78001,-0.280377,-11.1416
-2.90155,-0.490198,-12.4401
-2.75512,-0.802849,-13.5629
-2.60376,-1.23934,-14.3554
-2.57894,-1.72743,-14.9372
-2.51118,-2.01852,-15.5772
-2.51582,-2.08607,-16.0636
-2.03934,-2.1886,-16.489
-1.48071,-2.18216,-16.7308
-1.09424,-2.0222,-17.1745
-0.632417,-2.13447,-17.4314
-0.12528,-2.14527,-17.4929
0.515416,-1.68113,-17.6376
1.39652,-0.98436,-17.8468
2.32196,-0.405488,-17.9399
2.97812,0.0757766,-18.0029
3.54398,0.37664,-18.3118
3.56732,0.506265,-18.8237
4.07591,0.544888,-19.1241
4.53467,0.80464,-19.5598
4.28665,0.958625,-19.6264
4.0581,0.863891,-20.0797
3.98617,0.48045,-20.7111
3.73111,-0.0753306,-21.096
3.13859,-0.577355,-21.4512
2.34886,-0.90793,-22.3366
1.32397,-1.21612,-23.5873
0.482593,-1.34244,-24.5569
-0.178317,-1.41681,-25.5139
-0.806032,-1.58938,-26.0856
-1.53248,-1.30593,-27.1746
-2.56116,-1.06613,-28.1522
-3.51917,-0.976145,-28.7708
-3.98473,-0.769313,-29.3127
-4.04396,-0.538558,-30.1679
-4.0961,-0.665402,-31.2886
-4.13914,-0.714687,-31.9892
-4.43012,-0.390459,-32.3529
-5.10238,-0.258718,-33.1466
-5.62125,0.100508,-33.8404
-5.33584,0.282006,-33.966
-4.91717,0.755137,-34.084
-4.46334,1.21468,-34.5805
-3.82907,1.63815,-35.2599
-3.17933,1.91733,-35.7233
-2.67621,1.642,-36.0338
-1.8448,1.45119,-36.7813
-1.5255,1.33158,-37.3493
-0.965092,1.04626,-38.015
-0.396044,0.184994,-38.6672
0.17894,-0.796453,-39.126
0.477934,-1.50937,-39.427
0.775073,-2.16639,-39.8184
1.1369,-2.97275,-40.3501
1.37325,-3.78076,-40.7328
1.30583,-4.22706,-40.7558
0.717875,-4.1559,-40.8499
0.57992,-4.48612,-41.3729
0.524272,-4.45658,-41.4121
0.863994,-4.25747,-41.1956
0.989024,-3.74481,-41.5109
0.736469,-3.23645,-41.5881
0.632383,-2.44178,-41.7169
0.666822,-1.4595,-41.7507
0.574492,-0.540759,-41.3952
0.452006,0.41855,-41.0438
0.216399,1.25599,-40.85
-0.101694,1.78313,-40.7275
-0.132052,2.73819,-40.1457
-0.889674,3.13497,-39.5212
-0.658565,3.72998,-39.3802
-0.511309,4.18674,-39.1432
-0.764966,4.19855,-38.4201
-0.862836,4.19421,-37.6317
-0.569559,4.37825,-37.0995
-0.266386,4.25223,-36.5693
0.134755,3.99055,-36.2063
0.575362,4.10143,-35.4122
0.661634,3.48019,-34.6088
1.57997,3.22997,-33.8342
2.23729,3.00306,-33.4447
2.85771,2.6521,-33.0322
3.47133,2.05054,-32.2141
4.01897,1.6045,-31.6311
4.64196,1.52598,-31.2321
5.26484,1.40909,-30.0772
5.10005,1.28528,-29.4574
5.20611,1.12957,-29.1079
5.10642,0.91863,-27.9547
5.397,0.617809,-27.0185
5.38549,0.506251,-26.0665
5.29374,0.765316,-25.2381
5.30407,1.04522,-24.5539
5.29632,1.16863,-23.8143
5.33077,1.46279,-23.0989
5.73071,2.18353,-22.8596
6.21538,2.78873,-23.0154
5.92836,3.4335,-22.5
5.95927,3.76436,-22.122
6.01857,4.21414,-21.9965
6.44461,4.88756,-22.1913
6.1042,5.32842,-22.3135
6.00531,5.58182,-22.2271
6.52353,5.52507,-21.9377
6.82942,5.36375,-21.3878
6.54534,5.5192,-20.7323
6.40368,5.12033,-20.6199
6.72279,4.95703,-20.0938
7.01115,4.70109,-19.4394
7.24464,4.8179,-18.9958
7.12396,4.83534,-18.7935
7.19422,4.49608,-19.0329
7.00529,4.27019,-18.9249
6.45137,4.15784,-18.3321
6.07677,3.93822,-17.8198
6.13767,3.86383,-17.5497
6.09612,4.13477,-17.0936
5.99117,4.31561,-16.6977
5.93105,4.18063,-16.2621
5.96464,4.15262,-15.822
6.09588,4.34519,-15.0681
6.08958,4.81477,-13.7616
6.07403,4.90171,-12.8664
6.25733,4.76352,-12.3064
6.48992,4.84823,-11.6615
6.55118,4.90154,-11.2229
6.7891,4.76514,-10.6225
6.097,4.70254,-10.7275
6.09806,5.05928,-10.5324
5.59634,4.56953,-9.94771
5.20109,4.48714,-9.53461
4.83052,4.65126,-9.26685
4.59113,4.66612,-9.36226
4.40304,4.55887,-9.5206
4.15073,4.56997,-9.47969
3.81148,4.53998,-9.42341
3.15037,3.93545,-9.07297
3.17064,3.90528,-9.26544
2.48487,3.79944,-9.43283
2.2912,4.06721,-9.83421
1.76208,3.52457,-9.73432
1.53446,2.78248,-9.4313
1.31722,2.03521,-9.66692
0.937582,1.67084,-10.2475
0.71367,1.60515,-10.4772
0.755386,0.976536,-10.3521
0.606816,-0.0606184,-10.4988
0.549979,-0.241682,-10.5557
0.331825,-0.0807638,-10.0128
0.354058,0.0355298,-10.3837
0.280931,0.060754,-10.4942
0.280852,0.170698,-10.5686
0.152597,0.213393,-10.4646
0.0483879,0.15892,-10.1654
0.0267604,0.178057,-9.9086
-0.446091,0.355968,-9.75979
-1.42506,0.582819,-9.43297
-1.10397,0.857488,-8.73067
-1.48071,1.07427,-9.04968
-1.38771,1.09836,-8.75629
-1.78237,1.10209,-9.01865
-2.32137,1.24603,-9.52354
-2.48,1.30949,-9.73531
-2.71246,1.22537,-9.80535
-3.23737,1.02823,-9.99098
-3.48105,0.864384,-10.1999
-3.91409,1.22863,-10.7463
-3.97347,0.483378,-11.5866
-4.12946,0.377846,-11.4584
-4.12199,0.348556,-12.0674
-4.52371,0.00350842,-12.5149
-4.68553,-0.373493,-12.7426
-4.48068,-0.332954,-12.7838
-4.36171,-0.258043,-12.7809
-4.28646,-0.480599,-12.8338
-3.82915,-0.485549,-12.8571
-3.78324,-0.07282,-12.7757
-3.78324,0.198982,-12.5661
-3.77202,0.411807,-12.4512
-3.6031,0.522968,-11.6547
-3.18511,0.561996,-11.3334
-2.78395,1.19652,-11.195
-2.24806,1.79823,-10.9817
-1.76417,2.12264,-10.9331
-1.44477,2.38113,-11.0729
-1.03177,2.45612,-11.1026
-0.844438,2.24831,-11.454
-0.8044,1.64754,-11.6493
-0.930069,1.55962,-11.6718
-1.12248,0.693885,-12.2886
-0.909646,-0.36006,-12.3951
-1.45742,-0.669199,-12.3127
-1.6853,-0.799641,-12.3019
-1.70923,-1.33238,-12.3702
-2.03083,-1.87684,-12.5411
-1.97308,-1.8984,-12.8846
-2.03056,-2.04704,-13.1503
-2.05695,-1.924,-12.7712
-1.47091,-1.67729,-12.5134
-1.07423,-1.31831,-12.6694
-1.03396,-1.31572,-12.496
-0.841358,-1.32078,-12.243
-0.566322,-0.935599,-12.2748
-0.283527,-0.457459,-12.1682
-0.0333157,-0.2595,-11.8415
0.140245,-0.18998,-11.91
0.554059,-0.151738,-11.826
0.357372,0.139318,-11.9597
0.334425,-0.111969,-11.6143
0.456903,-0.288774,-11.6018
0.429707,-0.724522,-12.1989
0.119578,-1.23682,-12.5615
-0.0529163,-1.52227,-12.2603
0.0947168,-1.86203,-12.3832
0.0777335,-2.41727,-13.1505
-0.421174,-2.70755,-13.2309
-0.460444,-2.63911,-13.3745
-0.669207,-2.68488,-13.5661
-0.150227,-2.74166,-13.3647
-0.316409,-2.97329,-13.3556
-0.772314,-2.95155,-13.7313
-0.807058,-2.89463,-13.824
-0.496153,-2.87031,-13.7769
-0.158027,-2.73756,-13.8358
-0.13535,-2.52961,-13.865
-0.539469,-2.4213,-13.7057
-0.672949,-2.11415,-13.6685
-0.330359,-1.41538,-13.7743
-0.121616,-1.41604,-14.2624
0.273675,-1.15164,-13.9843
0.673194,-0.771003,-14.3094
0.703064,-0.734405,-14.2738
0.696598,-0.51844,-14.2444
0.806742,-0.415873,-14.3986
0.975909,-0.726132,-14.2931
1.34888,-0.875175,-13.9827
1.9247,-1.05775,-14.3455
1.72202,-0.860551,-14.4689
1.6667,-1.03778,-14.2732
1.27997,-0.811256,-14.3633
1.06102,-0.304155,-14.9043
1.45424,0.138246,-15.0509
2.09817,0.524716,-15.1537
2.33508,0.542527,-15.27
2.09147,0.314423,-15.4223
1.86218,0.513955,-16.0707
1.60114,0.614386,-16.7904
0.839284,0.503156,-17.1926
0.743261,0.640129,-17.315
0.561322,0.863045,-17.867
0.302564,0.70021,-18.29
-0.134646,0.314454,-18.4767
-0.352993,-0.11027,-18.5923
-0.451749,-0.492449,-18.9048
-0.502533,-0.826562,-19.1666
-0.298145,-1.0942,-18.9102
-0.552487,-1.22749,-18.8097
-0.582248,-1.54596,-19.0166
-0.527013,-1.99112,-18.6961
-0.215308,-1.5122,-18.3904
0.0569036,-1.13014,-18.318
0.724767,-0.71896,-18.2264
1.20233,-0.266986,-18.0144
1.22845,0.185338,-17.6635
1.38639,0.661807,-17.4511
2.06319,1.09213,-17.6594
2.42493,1.24521,-17.7412
2.4138,1.57079,-18.157
1.94893,1.21128,-17.7906
2.00425,1.3966,-18.1653
1.84063,1.35868,-18.2616
1.8443,0.851117,-18.619
1.77433,0.524519,-19.2981
1.64754,0.21097,-19.5992
1.61864,-0.352547,-19.3625
1.50167,-0.693153,-19.3988
1.28152,-0.991974,-19.8412
1.08313,-1.15719,-19.9775
0.804444,-1.269,-19.809
0.788372,-1.3293,-19.7275
0.864253,-1.41343,-19.2576
0.955871,-1.31023,-18.6452
1.02632,-0.955693,-18.4071
0.960409,-0.527771,-18.3506
0.906497,-0.191425,-18.2352
1.12231,0.130246,-18.2805
1.18163,0.594301,-18.2009
1.50193,0.931601,-18.3531
1.51188,0.982418,-19.024
1.56078,1.52392,-19.8884
1.13453,1.78563,-20.5321
0.676637,1.74314,-21.2137
0.339815,1.56245,-21.9469
0.138714,1.06102,-22.4607
-0.0531152,0.300212,-22.6511
-0.404832,-0.277647,-22.8919
-0.640366,-0.884446,-23.5959
-0.624372,-0.868452,-23.7141
-0.913656,-1.36365,-23.8443
-0.938726,-1.79051,-23.9922
-0.816,-1.93386,-23.8336
-0.812701,-2.08064,-23.7341
-0.50556,-2.04169,-23.6304
0.164738,-1.68828,-23.3166
0.763902,-1.11185,-22.8594
1.10644,-0.478228,-22.4517
1.53708,-0.0037245,-21.9385
1.73074,0.767367,-21.5401
2.57893,1.75878,-21.496
2.99616,2.55078,-21.4524
3.31655,3.09564,-21.4681
3.7079,3.77045,-21.464
4.20455,4.20693,-21.3982
4.63952,4.30532,-21.3096
4.91374,4.2193,-21.317
5.10245,4.00497,-21.5176
5.11692,3.99891,-21.7902
5.01111,3.82932,-21.7859
5.38039,3.34896,-21.5412
5.58896,2.86885,-21.5911
5.58903,2.38347,-21.547
5.7611,2.11263,-21.3442
5.95842,2.05748,-21.1946
5.98218,2.04232,-21.0936
5.88343,1.9957,-20.9257
5.70539,2.12021,-20.7578
5.22857,2.7015,-20.6956
4.95809,3.61307,-20.7098
4.88472,4.2452,-20.2194
4.48051,4.72062,-19.8982
3.86576,5.41088,-19.6353
3.23771,6.11824,-19.4717
2.93135,6.56475,-19.5052
2.72654,6.75692,-19.6798
2.30747,6.75497,-19.9094
1.91165,6.43285,-20.1829
1.8362,5.77429,-20.3937
1.59779,5.11066,-20.6248
1.31527,4.63656,-20.4403
1.58658,4.243,-20.0771
1.80697,3.83582,-20.0857
1.96782,3.38714,-20.1732
2.1628,2.84403,-19.9136
2.19294,2.29877,-19.3178
2.15361,1.93858,-18.7399
2.53675,1.77566,-18.4154
3.08165,1.54686,-18.2143
3.35648,1.46563,-17.9399
3.41106,1.82389,-17.3563
3.46681,2.15671,-16.9093
3.39,2.50975,-17.1154
3.11259,2.9988,-17.4998
2.78634,3.50151,-17.9176
2.47079,3.8297,-18.2313
2.1583,3.83082,-18.3151
1.83534,3.55172,-18.3808
1.36048,3.46998,-18.8254
1.20602,3.85859,-19.1926
1.17555,4.03613,-19.1892
0.627038,3.64114,-19.2705
0.278624,3.35458,-19.2324
0.0630708,3.32113,-19.3238
0.0173063,3.25671,-19.3895
0.234909,3.07775,-19.1995
0.555091,2.9864,-18.8909
0.772417,3.12245,-18.7672
1.21814,3.3231,-18.6178
1.58652,3.21364,-18.2449
1.832,3.09795,-18.1174
2.22354,3.13406,-18.442
2.34918,3.33386,-18.7622
2.44572,3.6505,-19.0612
2.60995,3.90456,-19.2292
2.95418,4.1796,-19.1952
3.29359,4.49878,-19.0641
3.20475,4.63353,-19.0333
2.96333,4.70157,-19.1562
2.95444,4.78504,-19.1757
2.93151,5.14794,-19.2998
3.07258,5.48854,-19.8372
2.9943,5.3209,-20.1131
2.43399,5.07409,-20.0067
1.99788,4.77257,-19.6137
1.91287,4.41901,-19.2884
1.90993,4.27185,-19.1696
1.81306,4.34201,-18.9435
1.55044,3.83696,-18.4709
1.14324,2.95771,-18.0086
1.93436,2.32105,-17.3326
2.40221,2.15108,-16.433
2.70543,2.12278,-15.6934
3.26681,2.00237,-14.9751
3.99094,1.87684,-14.5017
4.33595,1.92243,-14.3579
4.3074,1.96274,-14.3902
4.59427,1.53447,-14.43
5.10016,0.676451,-14.3378
5.03711,0.188688,-14.4117
4.96732,-0.643199,-14.8625
4.3055,-1.40544,-15.4336
3.69526,-2.39915,-16.035
3.23834,-3.71871,-16.4749
2.60727,-4.77161,-16.8155
1.80826,-5.39159,-17.1209
1.15472,-5.84316,-17.3436
0.78383,-6.1201,-17.3947
0.518444,-5.95047,-17.2886
0.0433853,-5.83733,-17.6318
-0.0142008,-5.52688,-17.3424
-0.2164,-4.758,-17.1796
-0.0343927,-4.17617,-17.046
-0.0627508,-3.7478,-16.7451
-0.132863,-3.18652,-16.5145
-0.120674,-2.7952,-16.6297
-0.0670482,-2.83341,-17.0742
0.0819567,-2.92058,-17.5496
0.0803734,-2.88937,-17.8279
-0.466859,-2.91,-18.6402
-0.667681,-3.04113,-18.9224
-0.878622,-3.60987,-19.331
-1.00387,-4.51033,-19.8798
-1.31975,-5.09811,-20.3134
-1.60829,-5.37645,-20.6471
-1.98473,-5.54402,-20.6232
-2.43275,-5.61084,-20.4067
-2.61054,-5.42982,-20.6554
-3.00301,-4.86998,-20.9333
-2.97189,-3.97306,-21.2794
-3.15475,-3.73187,-21.4436
-3.02436,-3.57781,-21.4051
-3.15129,-3.34366,-21.0885
-3.24909,-2.91344,-20.6817
-2.98309,-2.45934,-20.4165
-2.65589,-2.01574,-20.0967
-2.4393,-1.51789,-19.6338
-1.92861,-0.99278,-19.1924
-1.26625,-0.403603,-18.3216
-0.91717,0.283766,-17.6542
-0.533165,1.36808,-17.1176
0.0107089,2.05434,-16.9702
0.639292,2.28187,-16.9269
0.854,2.62235,-16.9638
1.33122,2.72267,-16.9172
1.71726,2.4433,-16.983
1.7221,2.0349,-17.1954
2.05804,1.70731,-17.3495
2.09334,1.68404,-18.0458
2.29492,1.30082,-18.5731
2.03252,0.580675,-18.7469
2.0651,0.268649,-19.0908
1.68779,-0.206843,-19.0169
1.07069,-0.426722,-18.6649
0.977373,-0.273447,-18.6596
0.901833,-0.0365496,-18.7442
0.380171,0.152874,-18.4902
0.152362,0.454453,-18.197
0.147366,0.768746,-17.9954
-0.0592135,1.55597,-18.0368
-0.0282232,2.05459,-17.7968
0.0340885,2.06224,-17.0469
-0.285511,2.47038,-16.9608
-0.353555,2.86229,-16.8454
-0.175076,3.00261,-16.7246
-0.166672,3.0366,-16.6927
-0.340917,3.03628,-16.6665
-0.38307,2.83442,-16.6086
-0.615948,2.4761,-16.4086
-0.721253,2.09057,-16.4034
-0.098511,1.79541,-16.7748
0.172383,1.51783,-16.724
0.0961317,0.570013,-17.0251
0.0167367,-0.234569,-17.2573
0.0254552,-0.665738,-17.2482
-0.394601,-0.870886,-17.2874
-1.06692,-1.02393,-17.4249
-1.09943,-1.26118,-17.2502
-1.20485,-1.53555,-16.7954
-1.32362,-1.13142,-16.6163
-1.66682,-1.13997,-16.3663
-1.5488,-1.03098,-16.0106
-1.95252,-0.801988,-15.5557
-1.96045,-0.155385,-15.4108
-1.93563,0.685783,-15.4031
-1.7963,1.4785,-15.1504
-1.47603,1.99864,-14.8336
-1.50733,2.32915,-14.8601
-1.27489,3.3503,-14.611
-0.855895,3.37959,-14.4242
-0.799524,4.4151,-15.1715
-0.964593,4.36503,-15.0955
-0.91556,3.83588,-15.7388
-0.378013,3.76823,-16.2441
-0.0194719,3.8028,-16.5894
-0.126012,3.36588,-17.0293
-0.256029,2.66757,-17.5186
-0.0983449,2.24126,-17.7436
-0.0286256,1.74449,-17.4694
0.754269,1.48948,-18.206
0.646478,0.972478,-18.0982
0.482772,0.822335,-17.7581
0.238916,0.717616,-17.7633
0.16677,0.342986,-17.2452
0.208106,0.506092,-16.9668
0.508767,0.860941,-16.5783
0.831822,1.03934,-15.6553
0.67928,1.60242,-15.0834
0.780456,1.73236,-14.6009
0.290928,1.99024,-13.8561
0.604768,2.57075,-13.3394
0.664904,2.67495,-13.0681
0.67122,2.84407,-12.3259
0.705437,2.78543,-12.3304
0.644442,2.14945,-12.4072
0.624903,1.54608,-11.9322
0.482884,1.4325,-11.4916
0.0207454,1.19792,-11.6645
0.411998,0.489356,-11.4838
0.542929,-0.435025,-10.9538
-0.130837,-0.639629,-11.4483
-0.0966257,-0.949005,-11.4803
-0.267971,-1.44124,-11.1046
-0.606975,-1.88318,-11.1077
-0.608464,-2.35997,-11.1335
-0.482421,-2.64775,-11.0958
-0.528527,-2.66078,-11.146
-0.643819,-2.71913,-11.0005
-1.26701,-2.72212,-10.5587
-1.34087,-3.57512,-10.4376
-1.6106,-3.49035,-10.5957
-1.50263,-3.57438,-10.6645
-1.75945,-4.10322,-10.3843
-1.92478,-4.03869,-10.1099
-2.13316,-4.23983,-10.009
-2.26784,-4.68045,-10.1283
-2.19746,-4.84982,-10.4561
-2.29406,-5.02674,-10.7861
-2.66528,-4.83328,-10.8495
-2.50184,-4.3935,-11.8378
-2.5533,-4.17228,-11.8391
-1.43904,-3.66223,-12.2319
-1.11728,-3.7536,-12.837
-1.17199,-3.87573,-12.7625
-1.21739,-3.5029,-12.4763
-1.03974,-3.03477,-12.3139
-0.506384,-2.81406,-12.2769
0.17499,-2.53568,-12.3293
0.373308,-2.41768,-11.8925
0.425588,-2.24688,-11.8472
0.382936,-1.85359,-12.1543
0.710248,-1.24371,-11.754
0.79471,-1.16317,-11.4297
0.836089,-0.648013,-11.1318
0.968719,-0.0435756,-11.1345
0.841843,0.364073,-11.1325
0.534206,0.611859,-10.8967
0.703472,0.640207,-10.7624
0.92675,0.751911,-10.4566
0.275193,0.876059,-10.577
0.817064,1.25271,-9.89063
1.19782,1.47931,-9.6841
1.24784,1.52804,-9.74446
1.3544,1.56585,-9.4329
1.22109,1.60899,-9.5499
1.18736,1.50361,-9.99242
1.41946,1.19312,-10.1241
1.32011,0.699251,-10.0649
1.31629,-0.186551,-9.86821
1.77455,-0.830624,-9.79589
1.13546,-1.27122,-10.1422
0.78198,-1.69575,-10.0667
1.02134,-1.97193,-9.8139
1.08518,-2.32969,-9.79566
0.719261,-2.88057,-9.6445
0.272342,-3.07294,-9.37027
-0.0555568,-3.02802,-9.22861
-0.51817,-3.60757,-9.13118
-1.13136,-3.91084,-9.04372
-1.53807,-3.68634,-8.82905
-1.71806,-3.8892,-8.71036
-2.31185,-3.95539,-8.96856
-2.25099,-4.00931,-9.41702
-2.57773,-4.37085,-9.57173
-2.82148,-4.92365,-9.51211
-2.89464,-5.28605,-9.48758
-2.94469,-5.5641,-9.70861
-2.79425,-6.11983,-10.2099
-3.22212,-6.24238,-10.6241
-3.38547,-5.86583,-11.1554
-3.26713,-5.94277,-11.8537
-3.67739,-6.12068,-12.2728
-3.70037,-6.10975,-13.2767
-3.30105,-5.80307,-13.4858
-3.38525,-5.62266,-13.5682
-3.44197,-5.67684,-13.9284
-3.17465,-5.75773,-14.3763
-3.31682,-5.74365,-14.8712
-2.61713,-5.46962,-14.8367
-2.76875,-4.58981,-14.8316
-2.62718,-4.30566,-14.7024
-2.84041,-3.97239,-15.354
-3.005,-3.56885,-15.3915
-2.96477,-3.0551,-15.3665
-2.60423,-2.63841,-15.3069
-2.47797,-2.35878,-15.3878
-2.63948,-1.97739,-15.5664
-2.34201,-1.38241,-15.467
-2.08254,-0.998252,-15.6657
-1.74724,-0.997823,-15.7707
-1.63708,-0.553178,-15.7587
-1.64686,-0.326382,-16.3356
-2.06621,-0.270149,-16.8449
-2.31909,-0.465006,-17.0919
-2.19791,-0.555629,-17.65
-1.95297,-0.424804,-18.1674
-1.79779,-0.242119,-18.446
-1.58006,-0.224064,-19.0961
-1.21594,-0.625099,-19.4308
-1.99104,-0.645621,-19.9535
-2.15628,-0.547142,-20.012
-2.28994,-0.508297,-20.2422
-2.3281,-0.553502,-20.3893
-2.32825,-0.584394,-20.5133
-2.2581,-0.440738,-20.9505
-2.27733,-0.283578,-21.43
-2.44849,-0.321231,-21.5066
-2.57504,-0.46061,-21.429
-2.68505,-0.522709,-21.8709
-2.55833,-0.211917,-22.5762
-1.97376,-0.335227,-21.8239
-1.69094,-0.436649,-21.7118
-1.37666,-0.362418,-21.9416
-1.40275,-0.365597,-22.0072
-1.60898,-0.777598,-21.8763
-1.7184,-1.4179,-21.9098
-1.81043,-2.00811,-22.0722
-1.98071,-2.45817,-21.8151
-1.6752,-2.44653,-21.2205
-1.17865,-3.22121,-21.0904
-1.16179,-3.2111,-20.5509
-0.530603,-3.18951,-20.1923
-0.096641,-3.85614,-20.4648
0.0948687,-3.99716,-20.6231
0.0276698,-3.81073,-20.4915
-0.0118254,-3.75645,-20.4367
0.17134,-3.86846,-20.6485
0.300078,-3.97334,-20.8673
0.162092,-3.79174,-20.957
0.0529197,-3.47814,-21.1997
0.426587,-3.3178,-21.2819
0.733273,-2.8536,-21.6079
0.0954252,-2.42943,-21.8049
-0.390038,-2.01274,-22.3474
-0.58092,-1.54526,-23.0149
-0.80102,-1.08806,-23.5147
-0.933985,-0.871402,-23.7625
-0.720176,-0.906078,-23.7819
-0.752653,-0.559874,-23.818
-0.799988,-0.449723,-24.0352
-0.574261,-0.461754,-24.2434
-0.486558,-0.473038,-24.3742
-0.451591,-0.157729,-24.676
-0.485196,0.0160477,-24.8306
-0.397595,0.0406456,-24.8656
-0.510791,0.0891479,-24.8435
-0.908813,0.205434,-24.8315
-0.98793,0.371008,-24.9616
-0.769409,0.648801,-25.1013
-0.569977,0.787771,-24.7741
-0.530676,0.466621,-24.6986
-0.482751,0.876943,-24.4098
-0.327807,1.54144,-24.1482
0.14777,1.8767,-24.0711
0.440242,1.81855,-23.9144
0.549509,1.68618,-23.5657
0.671646,1.60847,-23.0577
0.644464,1.48005,-22.4822
0.701778,1.51917,-22.2266
0.776992,1.06377,-21.7658
0.866848,0.739125,-21.4934
0.83488,0.361775,-21.3792
0.685108,-0.141396,-21.0316
0.4689,-0.582318,-20.6623
0.201162,-0.904367,-20.3448
-0.0335689,-0.993526,-20.0426
-0.250724,-0.879283,-19.7446
-0.581179,-0.824347,-19.5501
-0.88768,-0.85428,-19.6183
-1.00254,-0.85428,-19.5246
-0.955975,-0.875997,-18.866
-1.18552,-0.985701,-18.707
-1.51835,-1.09819,-18.36
-1.77452,-1.02421,-18.1098
-1.89845,-0.77925,-17.8276
-2.05785,-0.585719,-17.3733
-2.39335,-0.568422,-16.7961
-2.79804,-0.560345,-16.2301
-3.0595,-0.320777,-15.8877
-2.90775,0.180041,-15.6765
-2.95305,0.786856,-15.5168
-3.15965,0.85428,-15.147
-3.01329,0.927248,-14.5862
-2.91322,0.806305,-14.2262
-2.93815,0.483561,-14.0169
-2.91198,0.229382,-13.8169
-2.68988,0.0354488,-13.484
-2.35202,-0.401252,-12.8954
-2.19467,-0.825329,-12.248
-2.04757,-1.06445,-11.7091
-2.04161,-1.19322,-11.5446
-2.02398,-1.66706,-11.3606
-1.97277,-2.29318,-11.123
-2.0695,-2.76932,-11.1123
-2.3616,-3.32288,-10.9565
-2.74715,-4.05747,-10.5497
-3.04762,-4.7853,-10.2834
-3.12939,-5.41507,-10.3936
-3.1113,-6.16004,-10.498
-3.65398,-6.93113,-10.5565
-4.13457,-7.20818,-10.4265
-4.10596,-7.36626,-10.3765
-4.06877,-7.48032,-10.2114
-4.16332,-7.25713,-10.1452
-4.4177,-6.91604,-10.3067
-4.58243,-6.62485,-10.4776
-4.47582,-6.37643,-10.6199
-4.30301,-6.18861,-10.9611
-4.2858,-6.01497,-11.1462
-4.15093,-5.76737,-11.2265
-4.0945,-5.13524,-11.6942
-3.84221,-4.87073,-11.9903
-3.48395,-5.01303,-12.1164
-3.46744,-4.92781,-12.0864
-3.492,-4.63408,-12.0053
-3.33419,-4.35378,-11.91
-3.12511,-4.25654,-11.8545
-3.01871,-4.4127,-12.0318
-3.03614,-4.54904,-12.557
-3.14393,-4.324,-12.878
-3.31454,-4.0513,-13.0748
-3.47503,-4.10913,-13.4964
-3.6441,-4.29475,-13.8177
-3.90456,-4.36244,-14.0692
-4.2892,-4.44502,-14.5167
-4.77,-4.54419,-15.1631
-5.23289,-4.6026,-15.8197
-5.55135,-4.69223,-16.4056
-5.76161,-4.69103,-16.8796
-5.89143,-4.47596,-17.0186
-6.12844,-4.37137,-17.3026
-6.17235,-4.06694,-18.0082
-5.91488,-3.85134,-18.2425
-5.62776,-3.72001,-18.3757
-5.60858,-3.60615,-18.6372
-5.72201,-3.35935,-18.6041
-5.5604,-2.99694,-18.2159
-5.04672,-2.74399,-18.0191
-4.69393,-2.55357,-17.6537
-4.41764,-2.1599,-17.1282
-4.16758,-1.75104,-17.0349
-3.55952,-1.39127,-16.7976
-3.17441,-1.57966,-16.4979
-3.02497,-1.92244,-16.29
-2.89493,-2.16468,-16.0695
-2.70356,-2.4205,-15.9206
-2.59319,-2.71792,-15.9613
-2.56432,-2.87049,-16.019
-2.14421,-3.0555,-15.8299
-1.76958,-3.31989,-15.1801
-1.63678,-3.67301,-15.107
-1.4855,-4.01494,-15.0057
-1.4439,-4.27874,-15.0662
-1.11816,-4.55115,-15.1631
-1.04576,-4.69339,-15.3
-1.18142,-4.74012,-15.4315
-1.03732,-4.96456,-15.5275
-0.801601,-5.33585,-15.6585
-1.14335,-5.12638,-15.7951
-1.48008,-4.65174,-15.9191
-1.83271,-3.97489,-16.1536
-1.97226,-3.45661,-16.0224
-2.12919,-3.15884,-15.7491
-2.03142,-2.76795,-15.5019
-1.97535,-2.47897,-15.0465
-2.07621,-2.27287,-14.6752
-2.21018,-1.99242,-14.671
-2.33108,-1.6727,-14.6646
-2.28332,-1.23619,-14.4495
-1.93853,-0.917636,-14.1214
-2.25539,-0.463843,-14.2409
-2.31517,-0.132521,-14.146
-2.2058,-0.160199,-13.9889
-2.07084,-0.142098,-13.8233
-1.8609,-0.193777,-13.7297
-1.54467,-0.342153,-13.7501
-1.34406,-0.624605,-13.8358
-1.48345,-1.21508,-13.9793
-1.663,-1.75804,-14.3247
-1.97948,-1.9746,-14.3153
-1.89507,-2.30977,-14.6024
-1.7928,-2.06914,-15.2243
-2.06374,-1.45621,-15.8111
-2.65826,-0.745957,-15.95
-3.35657,-0.0935187,-15.9666
-3.88312,0.536546,-16.2746
-4.3285,1.20617,-16.6191
-4.92936,1.85428,-16.425
-5.19368,2.33786,-16.049
-5.64267,2.32949,-16.0124
-5.71959,2.34278,-15.3439
-5.44227,1.88619,-15.0833
-5.83417,1.41618,-14.9393
-6.1682,1.04351,-14.5667
-6.21929,0.932884,-14.6911
-6.10262,1.24361,-14.9252
-5.9529,1.65975,-14.5153
-5.83568,1.83131,-13.8765
-5.65546,2.54524,-13.5553
-5.43515,3.16431,-13.1891
-5.21484,2.83799,-12.8695
-5.10259,2.69546,-12.8414
-4.97453,2.55351,-12.6758
-4.84612,2.6567,-12.9283
-4.88909,2.69931,-13.0945
-5.01827,2.46288,-13.2756
-5.18862,1.91237,-13.6359
-5.64331,1.07407,-13.7388
-6.39232,0.316136,-14.0588
-7.17684,-0.233316,-14.388
-8.36588,-0.603619,-14.0782
-9.03898,-0.640157,-13.7896
-9.5396,-0.193014,-13.9806
-10.0548,-0.144557,-14.1946
-10.7649,-0.208604,-14.1538
-11.2924,-0.212123,-14.0152
-11.3261,-0.461594,-13.9023
-11.3231,-1.06266,-13.7512
-11.8517,-1.70928,-13.8155
-12.4385,-2.4874,-13.8515
-12.1679,-3.18387,-13.5922
-12.0443,-3.96445,-13.3467
-11.8177,-4.10542,-12.7487
-11.86,-3.52813,-12.227
-12.4222,-2.45623,-12.0704
-13.2997,-1.25002,-12.0817
-13.9159,0.0577225,-11.8023
-14.1777,1.59038,-11.1185
-15.2369,2.81033,-10.6263
-16.5142,4.30175,-10.4081
-16.8432,6.30084,-9.66239
-17.0972,7.70613,-9.43357
-17.8204,8.79656,-9.32713
-18.5574,9.88829,-8.98302
-19.1438,10.8807,-8.39215
-19.3878,11.8202,-7.95505
-19.5246,12.613,-7.71957
-20.1224,13.076,-7.33402
-20.6501,13.8281,-7.22993
-20.6958,14.0756,-7.40444
-20.9172,14.8308,-7.21006
-20.1591,15.2871,-7.39575
-20.4418,15.998,-7.70459
-20.8986,16.2607,-8.12814
-21.5049,16.2972,-8.56056
-22.085,16.1341,-9.01787
-22.5277,15.7117,-9.81868
-23.2257,15.3982,-11.1888
-23.9066,15.2705,-12.612
-24.2439,15.255,-13.9019
-25.4692,14.8275,-14.5512
-26.2362,15.2713,-15.5365
-26.5304,15.6164,-16.7331
-26.5025,15.9224,-17.385
-26.6204,15.9792,-18.1733
-26.2806,16.1838,-19.1521
-25.3069,16.5827,-19.5904
-24.5235,16.5308,-19.3188
-23.1666,16.5582,-18.988
-22.3071,15.8458,-18.7063
-20.2642,16.1448,-18.0885
-18.7769,16.7005,-17.5197
-17.5103,16.8428,-16.7748
-16.4264,17.2392,-16.2876
-15.425,17.647,-16.1246
-14.9859,17.6931,-15.8663
-15.1989,17.5496,-15.5658
-15.4849,17.3136,-15.6874
-16.3032,16.1101,-15.5023
-17.1844,14.4419,-14.8353
-17.9146,11.8788,-14.0186
-18.4078,8.48101,-13.3282
-19.2868,4.87898,-11.7187
-20.2493,2.09231,-10.1439
-20.7647,-0.32644,-9.31253
-21.4317,-2.81845,-8.6734
-22.4916,-4.75098,-7.74928
-22.9608,-5.54002,-6.89489
-23.0158,-6.37691,-5.96755
-23.6315,-6.18145,-6.25926
-24.0854,-6.3719,-5.76489
-24.066,-5.89666,-6.05107
-23.8414,-5.62538,-6.27653
-23.3601,-5.34768,-6.48158
-22.7618,-5.37029,-6.6133
-22.5997,-5.19239,-6.67285
-22.7096,-4.31379,-6.7982
-22.351,-3.47993,-7.14844
-22.3098,-3.42312,-7.79559
-22.0977,-2.41981,-8.4565
-21.5583,-1.42654,-9.22377
-21.8148,-0.434967,-9.66253
-21.7361,0.140321,-10.2588
-22.1296,0.0138906,-10.4879
-22.3266,-0.506288,-10.4954
-22.1902,-1.01408,-10.7113
-22.2412,-1.65519,-10.6952
-22.4519,-2.80152,-9.94678
-22.4614,-4.03076,-10.1087
-22.5159,-5.84081,-9.94782
-22.1887,-6.2931,-8.85419
-22.3454,-7.85479,-8.143
-22.1807,-8.62078,-7.31047
-22.4912,-9.37473,-5.91772
-22.5458,-10.2861,-4.90735
-22.2821,-11.15,-4.11678
-22.045,-12.0473,-3.05511
-21.775,-12.9364,-2.26237
-22.1291,-12.9427,-1.74135
-21.4866,-12.9929,-1.04383
-21.8563,-12.7658,-1.38563
-21.557,-12.2361,-2.1828
-21.2531,-11.1473,-2.16858
-20.8472,-10.6256,-2.24092
-20.8583,-10.4897,-2.81633
-20.6463,-10.3364,-3.18002
-19.8675,-10.2999,-3.29131
-19.4247,-10.7084,-3.99217
-18.9565,-11.4458,-4.31184
-19.5981,-11.6709,-4.56309
-19.8468,-12.022,-4.29028
-20.6112,-12.7124,-4.08357
-21.4493,-12.8662,-4.19957
-21.8702,-12.7318,-4.2335
-23.0188,-12.76,-4.21752
-24.6832,-12.8257,-4.30759
-25.7619,-12.1881,-4.3383
-26.4093,-10.8953,-4.21438
-27.4632,-10.8921,-4.61868
-27.4644,-10.0737,-4.85055
-26.8126,-9.42587,-5.19998
-26.8833,-9.52376,-5.18911
-26.9879,-9.43097,-5.66476
-26.8983,-9.18642,-6.45844
-26.6068,-8.83449,-7.29416
-25.9958,-8.05248,-7.9786
-25.2684,-6.86202,-8.47959
-25.1032,-5.72345,-8.98501
-25.5925,-4.38747,-9.63947
-25.1307,-3.21495,-9.38311
-24.5079,-1.86581,-9.75284
-24.154,-0.331046,-9.62897
-23.4855,0.903733,-9.9422
-22.4455,1.60031,-9.55125
-21.3553,1.72918,-8.82879
-19.8443,1.6392,-8.34424
-17.7693,1.5481,-7.67072
-15.7359,1.21236,-6.41771
-13.615,0.593784,-5.83578
-12.3169,0.511774,-4.75442
-10.0864,0.243277,-3.86635
-8.40113,-0.00746635,-3.30944
-6.99887,-0.371741,-2.92458
-5.87652,-0.720172,-2.25796
-5.14799,-1.69973,-1.50294
-4.50541,-2.74605,-1.10251
-3.833,-3.71005,-0.842239
-3.55341,-5.52243,-0.320818
-3.65844,-6.85602,-0.482711
-4.09089,-8.03504,-0.433673
-4.50977,-8.88478,-0.136537
-5.12505,-8.89982,-0.133945
-5.88962,-8.19456,-0.656255
-6.64985,-7.29569,-0.806346
-7.56659,-6.27601,-0.949999
-8.42346,-5.0436,-1.01381
-9.08685,-3.73692,-0.939234
-9.76657,-2.62287,-1.17808
-10.1237,-1.70239,-1.16149
-10.6815,-1.39885,-2.13109
-10.885,-1.90703,-2.82484
-10.5826,-1.93304,-3.69579
-10.0126,-1.70823,-3.92201
-8.44369,-1.75181,-4.0774
-6.83193,-1.37239,-3.82561
-5.60504,-0.56083,-3.44998
-4.31452,-0.00948375,-3.32259
-2.97388,0.188402,-3.13859
-2.28636,0.70272,-3.20332
-1.65796,1.55095,-3.25828
-0.251093,2.44247,-2.8467
0.442238,3.10731,-1.78903
0.840528,3.44308,-1.26617
1.07941,3.44295,-0.638654
1.29649,3.16,0.00199039
1.54801,2.73367,0.489726
1.92381,2.30289,0.823243
2.32963,1.80786,0.942161
2.04705,0.948017,0.900136
1.56175,-0.082854,0.527067
0.823995,-1.57449,0.322895
0.418566,-2.92658,0.393734
0.171468,-4.2941,0.223067
-0.275693,-5.70598,0.0122748
-0.929211,-7.23596,-0.137369
-1.76203,-8.84715,-0.00671245
-2.57237,-10.3858,0.456366
-3.09911,-11.7286,0.887317
-3.7866,-12.8801,1.03294
-4.91173,-13.8817,1.13078
-4.73128,-13.7293,1.51283
-4.49491,-13.4044,1.43208
-4.47989,-12.7872,1.19639
-4.39056,-11.8213,0.851545
-4.3545,-10.7606,0.490499
-4.28463,-9.77609,0.136867
-4.04607,-8.81716,-0.361059
-3.81852,-7.86581,-1.10485
-3.64136,-7.09646,-1.79273
-3.3688,-5.95859,-2.37699
-2.72509,-5.28218,-2.54565
-1.92589,-4.66795,-2.51383
-1.31599,-3.99335,-2.92877
-0.704139,-2.94202,-3.02686
-0.209258,-1.19768,-1.48504
