-10.3321,2.95621,69.2509
-10.3332,2.95574,69.2415
-10.3331,2.95575,69.2273
-10.3329,2.95683,69.2116
-10.3319,2.95699,69.2047
-10.331,2.95784,69.2063
-10.3305,2.95791,69.2117
-10.3302,2.95545,69.2168
-10.3306,2.95247,69.2194
-10.3309,2.95007,69.2209
-10.3284,2.95111,69.2225
-10.3283,2.95073,69.2218
-10.3283,2.94895,69.2202
-10.3272,2.94751,69.2185
-10.326,2.94723,69.2167
-10.3241,2.94629,69.215
-10.3227,2.94517,69.2133
-10.3232,2.9471,69.2114
-10.3238,2.9529,69.2102
-10.3214,2.95657,69.2129
-10.3227,2.95405,69.2188
-10.3205,2.95614,69.2249
-10.3168,2.9587,69.2311
-10.3153,2.96272,69.2377
-10.3144,2.96674,69.2446
-10.3133,2.97037,69.2505
-10.3114,2.97419,69.256
-10.3096,2.9794,69.2616
-10.3098,2.98631,69.267
-10.3106,2.99254,69.2733
-10.3132,2.99959,69.2815
-10.3148,3.00479,69.291
-10.3152,3.01176,69.2934
-10.3152,3.01966,69.2922
-10.3146,3.02745,69.2908
-10.3145,3.03557,69.289
-10.3153,3.04366,69.2856
-10.316,3.05061,69.2814
-10.317,3.05584,69.278
-10.3204,3.05932,69.2737
-10.3208,3.06077,69.2714
-10.3255,3.06276,69.2696
-10.3217,3.07009,69.2675
-10.315,3.0745,69.2652
-10.308,3.07758,69.2626
-10.3016,3.08117,69.2596
-10.2955,3.08569,69.2589
-10.2892,3.08985,69.2629
-10.283,3.09293,69.2703
-10.2758,3.09798,69.2775
-10.2715,3.10123,69.2851
-10.2663,3.10468,69.2931
-10.2643,3.11025,69.3011
-10.26,3.11676,69.3083
-10.2579,3.12139,69.312
-10.2551,3.12323,69.3113
-10.2504,3.12509,69.3092
-10.2454,3.12814,69.3092
-10.2403,3.13105,69.3119
-10.2345,3.13756,69.3167
-10.2315,3.1451,69.3232
-10.2229,3.15305,69.3238
-10.2169,3.15665,69.3216
-10.2121,3.15768,69.3166
-10.2098,3.1606,69.3077
-10.2064,3.16272,69.2959
-10.2011,3.16434,69.2821
-10.1949,3.1675,69.2717
-10.1874,3.17028,69.2708
-10.1802,3.17095,69.2729
-10.1706,3.17277,69.2769
-10.1625,3.17077,69.2799
-10.1546,3.17056,69.2908
-10.1455,3.16876,69.3028
-10.1427,3.16686,69.3162
-10.141,3.1653,69.326
-10.1388,3.16441,69.3313
-10.1374,3.16406,69.3353
-10.1347,3.16352,69.3384
-10.1337,3.16314,69.3389
-10.1381,3.16029,69.3351
-10.1434,3.15601,69.3335
-10.15,3.15185,69.3333
-10.1549,3.1481,69.3339
-10.1614,3.14451,69.3345
-10.1693,3.14083,69.337
-10.1764,3.1372,69.3416
-10.1821,3.13249,69.347
-10.1864,3.12595,69.3525
-10.188,3.12151,69.358
-10.189,3.11607,69.3522
-10.1889,3.11676,69.3456
-10.1889,3.1199,69.3388
-10.188,3.11948,69.341
-10.1893,3.11712,69.3474
-10.191,3.1169,69.3551
-10.1912,3.11817,69.3566
-10.1915,3.11735,69.3488
-10.1941,3.11501,69.3384
-10.1958,3.11716,69.3279
-10.1967,3.12029,69.315
-10.1965,3.1231,69.3017
-10.1962,3.12204,69.2882
-10.1957,3.12221,69.2847
-10.195,3.11867,69.284
-10.1929,3.11251,69.2841
-10.1903,3.10902,69.2856
-10.1885,3.1093,69.2872
-10.1874,3.10746,69.2864
-10.1894,3.09874,69.2838
-10.1928,3.08992,69.282
-10.1991,3.07604,69.2902
-10.2031,3.06108,69.3011
-10.2121,3.04476,69.3106
-10.2237,3.02526,69.3118
-10.2358,3.00642,69.3074
-10.2488,2.98912,69.3021
-10.2636,2.97139,69.2959
-10.2804,2.95391,69.2866
-10.2973,2.93918,69.2761
-10.3115,2.92367,69.2671
-10.3271,2.91482,69.2607
-10.3428,2.90747,69.2548
-10.3574,2.90133,69.2479
-10.3677,2.89614,69.2417
-10.3768,2.89316,69.2376
-10.3859,2.89336,69.234
-10.3933,2.89658,69.2302
-10.3986,2.90145,69.2286
-10.3997,2.90556,69.2277
-10.397,2.91039,69.2278
-10.3921,2.91422,69.2248
-10.3848,2.9184,69.2219
-10.3722,2.91873,69.2177
-10.355,2.91333,69.2131
-10.3349,2.90496,69.2121
-10.3152,2.89467,69.2135
-10.2991,2.87967,69.2146
-10.2867,2.85793,69.2161
-10.2775,2.83315,69.2152
-10.2732,2.80819,69.2153
-10.2695,2.77876,69.2152
-10.2667,2.74646,69.2167
-10.265,2.71675,69.215
-10.2641,2.69078,69.2114
-10.2654,2.66943,69.2067
-10.268,2.65274,69.2025
-10.2712,2.64175,69.1999
-10.2763,2.63906,69.1979
-10.2811,2.64578,69.1947
-10.2879,2.6657,69.193
-10.2963,2.69983,69.1916
-10.3048,2.74189,69.1905
-10.3132,2.79107,69.1903
-10.3206,2.84394,69.1909
-10.3259,2.90003,69.1935
-10.3296,2.95775,69.201
-10.3338,3.01568,69.2133
-10.3386,3.07416,69.226
-10.3427,3.13146,69.24
-10.3484,3.18819,69.2525
-10.3539,3.24299,69.259
-10.3615,3.29541,69.2647
-10.3715,3.34884,69.2692
-10.3805,3.40907,69.2687
-10.3889,3.4792,69.2565
-10.386,3.56456,69.2293
-10.3608,3.6713,69.1923
-10.3231,3.79082,69.1452
-10.3016,3.88596,69.0646
-10.2725,3.9349,68.954
-10.2189,3.94375,68.8492
-10.1546,3.96643,68.7679
-10.109,3.99993,68.7144
-10.1066,4.02266,68.6904
-10.1032,4.05254,68.7031
-10.0824,4.1098,68.7467
-10.0661,4.19054,68.8053
-10.064,4.2776,68.8672
-10.0632,4.36421,68.9254
-10.0466,4.44281,68.9768
-10.0028,4.5018,69.0135
-9.93192,4.53873,69.0367
-9.83123,4.54494,69.059
-9.70014,4.52048,69.0888
-9.54063,4.47112,69.1358
-9.35408,4.40645,69.2004
-9.14241,4.33744,69.2779
-8.91151,4.27357,69.3658
-8.67038,4.22183,69.4621
-8.42041,4.1921,69.5687
-8.16769,4.19371,69.6887
-7.91843,4.22839,69.8251
-7.67582,4.29789,69.9752
-7.43958,4.39983,70.1372
-7.21048,4.53056,70.3123
-6.98849,4.68789,70.5015
-6.77278,4.86911,70.7037
-6.56279,5.06939,70.9171
-6.35768,5.28428,71.1429
-6.15786,5.50704,71.3852
-5.96219,5.73425,71.64
-5.77087,5.96277,71.9061
-5.58317,6.18821,72.1844
-5.39806,6.40891,72.4769
-5.21347,6.62035,72.7849
-5.0285,6.81836,73.108
-4.84282,7.00002,73.4467
-4.65621,7.16211,73.8031
-4.47053,7.30142,74.1796
-4.28538,7.4178,74.5743
-4.10833,7.51066,74.988
-3.93883,7.58517,75.4145
-3.77756,7.64212,75.8571
-3.62461,7.68414,76.3202
-3.48019,7.71209,76.7997
-3.34543,7.72662,77.2911
-3.21985,7.72973,77.7929
-3.10121,7.72319,78.3055
-2.99074,7.70571,78.831
-2.8905,7.67989,79.3745
-2.80886,7.64968,79.9401
-2.74531,7.61687,80.5237
-2.70147,7.58415,81.1281
-2.67633,7.5544,81.7534
-2.67201,7.52853,82.4066
-2.68769,7.508,83.0922
-2.72069,7.49409,83.8085
-2.77106,7.48633,84.5534
-2.84014,7.48402,85.332
-2.92565,7.48648,86.1459
-3.02184,7.49437,86.9968
-3.12151,7.50424,87.8772
-3.21974,7.51333,88.788
-3.31151,7.51631,89.7281
-3.39344,7.50762,90.694
-3.46247,7.48356,91.6821
-3.51554,7.44236,92.6879
-3.55058,7.383,93.7057
-3.56724,7.30377,94.7309
-3.56505,7.20058,95.7632
-3.54387,7.06831,96.8077
-3.50821,6.90467,97.8637
-3.45975,6.7091,98.9271
-3.40098,6.48499,99.9935
-3.33431,6.23682,101.058
-3.26322,5.96953,102.116
-3.19172,5.68854,103.164
-3.12332,5.39938,104.2
-3.06141,5.10706,105.223
-3.01069,4.81672,106.233
-2.97439,4.53819,107.224
-2.95545,4.27611,108.198
-2.95982,4.03568,109.157
-2.99119,3.82272,110.098
-3.05134,3.64216,111.019
-3.14102,3.4957,111.92
-3.25942,3.38091,112.801
-3.40291,3.29194,113.663
-3.56489,3.22119,114.511
-3.73773,3.16369,115.347
-3.91388,3.1138,116.168
-4.08363,3.06444,116.98
-4.24121,3.01122,117.787
-4.3815,2.95089,118.584
-4.50327,2.88072,119.371
-4.60606,2.79992,120.148
-4.68949,2.71047,120.92
-4.75504,2.6173,121.684
-4.8068,2.52758,122.436
-4.84875,2.44855,123.172
-4.88703,2.38574,123.883
-4.93192,2.33714,124.568
-4.98696,2.30731,125.22
-5.05541,2.30031,125.835
-5.14046,2.31689,126.415
-5.24415,2.35757,126.964
-5.36777,2.42322,127.482
-5.51212,2.51349,127.971
-5.67699,2.62627,128.432
-5.86416,2.75984,128.87
-6.07621,2.91485,129.284
-6.30566,3.08662,129.682
-6.54654,3.27302,130.063
-6.79439,3.47143,130.429
-7.04634,3.67978,130.781
-7.29967,3.89581,131.121
-7.55275,4.11738,131.451
-7.8056,4.34335,131.77
-8.05743,4.57283,132.08
-8.30695,4.80098,132.381
-8.55179,5.02381,132.671
-8.78907,5.24128,132.949
-8.97754,5.38559,133.221
-9.11033,5.45138,133.49
-9.20738,5.48269,133.757
-9.27877,5.50067,134.019
-9.32185,5.49736,134.277
-9.33493,5.4656,134.53
-9.32073,5.40748,134.774
-9.31498,5.36481,135.007
-9.3172,5.33041,135.223
-9.29573,5.26662,135.423
-9.25494,5.17896,135.608
-9.2,5.07072,135.777
-9.13501,4.94749,135.933
-9.064,4.81544,136.076
-8.99057,4.68078,136.207
-8.91713,4.54994,136.323
-8.84573,4.4276,136.424
-8.77966,4.31481,136.51
-8.72406,4.21678,136.579
-8.68051,4.13432,136.64
-8.64851,4.06799,136.694
-8.62846,4.01815,136.738
-8.62067,3.98462,136.771
-8.60345,3.94685,136.793
-8.55925,3.88923,136.806
-8.50146,3.82624,136.811
-8.44854,3.77688,136.809
-8.39635,3.73804,136.808
-8.34594,3.70693,136.805
-8.29739,3.67886,136.798
-8.24644,3.65284,136.78
-8.19097,3.62509,136.752
-8.13029,3.59422,136.714
-8.06421,3.56068,136.672
-7.99278,3.52337,136.626
-7.91691,3.47984,136.575
-7.83873,3.43142,136.515
-7.7568,3.38332,136.439
-7.67332,3.33111,136.349
-7.59229,3.2769,136.249
-7.5146,3.22484,136.138
-7.44156,3.17606,136.019
-7.37455,3.13171,135.895
-7.31507,3.09311,135.765
-7.26448,3.06145,135.631
-7.22383,3.03833,135.498
-7.19362,3.02556,135.365
-7.17182,3.01916,135.23
-7.15395,3.01744,135.09
-7.13919,3.01843,134.947
-7.12607,3.02085,134.803
-7.1157,3.02144,134.661
-7.10785,3.01756,134.52
-7.10236,3.00966,134.382
-7.09818,2.99798,134.243
-7.09277,2.97986,134.104
-7.0848,2.95306,133.966
-7.07397,2.91896,133.829
-7.05888,2.87513,133.702
-7.03914,2.82568,133.579
-7.01747,2.76984,133.458
-6.99422,2.71116,133.336
-6.96997,2.65133,133.214
-6.9468,2.59046,133.088
-6.92565,2.52893,132.959
-6.90552,2.46722,132.831
-6.88722,2.4039,132.703
-6.87275,2.33985,132.576
-6.86614,2.27679,132.448
-6.85932,2.21851,132.316
-6.85194,2.16315,132.181
-6.84674,2.10881,132.046
-6.84285,2.05579,131.909
-6.83792,2.0039,131.773
-6.83161,1.95221,131.635
-6.82473,1.90049,131.497
-6.81526,1.84914,131.356
-6.80428,1.79726,131.216
-6.79086,1.74336,131.077
-6.77605,1.68967,130.939
-6.76071,1.63526,130.806
-6.74536,1.58196,130.678
-6.73258,1.53302,130.553
-6.72292,1.48845,130.426
-6.71635,1.44729,130.295
-6.7139,1.41009,130.161
-6.7146,1.37582,130.03
-6.72003,1.34843,129.909
-6.72826,1.32927,129.794
-6.73718,1.31695,129.682
-6.74833,1.30912,129.567
-6.76381,1.30485,129.448
-6.7844,1.30624,129.327
-6.80623,1.31178,129.208
-6.82469,1.32082,129.093
-6.83849,1.33488,128.981
-6.84706,1.34758,128.867
-6.85224,1.36009,128.754
-6.85671,1.3685,128.64
-6.85765,1.37213,128.525
-6.85292,1.37609,128.412
-6.84619,1.37816,128.287
-6.83942,1.37673,128.154
-6.83361,1.37469,128.016
-6.82961,1.37384,127.879
-6.82816,1.37266,127.746
-6.83018,1.37375,127.617
-6.83381,1.37699,127.488
-6.84038,1.38224,127.358
-6.85095,1.39072,127.229
-6.86472,1.40591,127.1
-6.88135,1.42411,126.97
-6.89981,1.44378,126.841
-6.91838,1.4638,126.713
-6.93734,1.48237,126.586
-6.9572,1.49842,126.46
-6.97301,1.51257,126.34
-6.98821,1.52468,126.222
-7.00067,1.53191,126.102
-7.00944,1.53835,125.979
-7.01155,1.54084,125.854
-7.00779,1.54067,125.729
-6.99959,1.53851,125.602
-6.98687,1.53863,125.474
-6.97077,1.54358,125.345
-6.95473,1.55055,125.214
-6.9401,1.55932,125.075
-6.92952,1.57127,124.93
-6.92111,1.58243,124.783
-6.91764,1.59458,124.637
-6.91965,1.60828,124.49
-6.9261,1.62406,124.342
-6.93765,1.63979,124.194
-6.95417,1.65328,124.048
-6.9735,1.6653,123.906
-6.99383,1.67813,123.766
-7.01638,1.69056,123.627
-7.04061,1.70195,123.492
-7.06069,1.71297,123.358
-7.07913,1.72519,123.228
-7.0958,1.73894,123.097
-7.10899,1.75656,122.966
-7.11705,1.77702,122.836
-7.12113,1.80098,122.711
-7.12251,1.82892,122.593
-7.11962,1.85937,122.478
-7.11078,1.89381,122.362
-7.09911,1.93039,122.236
-7.08708,1.96464,122.108
-7.07837,2.00073,121.976
-7.0689,2.03938,121.845
-7.06012,2.07532,121.717
-7.05403,2.10761,121.592
-7.05078,2.13769,121.467
-7.04979,2.16557,121.342
-7.05072,2.19002,121.219
-7.05304,2.21225,121.095
-7.0611,2.23287,120.972
-7.06851,2.24855,120.841
-7.07896,2.26385,120.707
-7.08658,2.28327,120.572
-7.09835,2.30024,120.432
-7.11294,2.31718,120.29
-7.12456,2.33793,120.149
-7.13374,2.36116,120.011
-7.14518,2.38443,119.878
-7.15324,2.41194,119.748
-7.15881,2.44396,119.617
-7.15985,2.47873,119.488
-7.16006,2.51769,119.357
-7.15782,2.5602,119.226
-7.15942,2.60438,119.096
-7.15915,2.65133,118.967
-7.15507,2.70034,118.841
-7.14993,2.74687,118.717
-7.14434,2.7868,118.595
-7.14063,2.82277,118.475
-7.14006,2.86323,118.354
-7.14192,2.89836,118.234
-7.14152,2.93151,118.121
-7.14271,2.96497,118.011
-7.14742,2.99859,117.903
-7.15221,3.03119,117.794
-7.15775,3.06367,117.685
-7.16665,3.09713,117.575
-7.17947,3.1311,117.468
-7.19865,3.16599,117.36
-7.21591,3.1994,117.243
-7.23601,3.2333,117.124
-7.25966,3.26681,117.004
-7.28154,3.30362,116.887
-7.30165,3.34273,116.773
-7.32119,3.38436,116.659
-7.33747,3.4281,116.544
-7.34791,3.47284,116.428
-7.35464,3.51827,116.313
-7.36078,3.56511,116.201
-7.36886,3.61522,116.097
-7.36904,3.65576,116
-7.36549,3.69548,115.903
-7.36084,3.73537,115.806
-7.35441,3.77031,115.71
-7.34705,3.8,115.616
-7.33854,3.82751,115.524
-7.32733,3.85256,115.429
-7.31327,3.87209,115.328
-7.29933,3.88977,115.227
-7.28837,3.90841,115.13
-7.28157,3.92606,115.04
-7.27947,3.94505,114.952
-7.2803,3.96719,114.867
-7.28734,3.99078,114.786
-7.29769,4.01646,114.707
-7.30983,4.04583,114.627
-7.32498,4.07966,114.543
-7.34228,4.11696,114.455
-7.35845,4.15518,114.365
-7.37616,4.19624,114.272
-7.39494,4.23885,114.182
-7.40777,4.27774,114.093
-7.41767,4.3148,114.004
-7.42988,4.35017,113.914
-7.43973,4.38207,113.82
-7.44633,4.41145,113.724
-7.44983,4.43977,113.629
-7.44781,4.46638,113.537
-7.44665,4.49216,113.443
-7.44685,4.51711,113.347
-7.44381,4.53782,113.254
-7.44262,4.5558,113.17
-7.43832,4.57469,113.087
-7.43319,4.59301,113.006
-7.42901,4.61019,112.918
-7.42571,4.62815,112.825
-7.42346,4.6496,112.733
-7.42283,4.67457,112.644
-7.42279,4.69946,112.567
-7.42865,4.72891,112.493
-7.43749,4.75859,112.417
-7.44768,4.78592,112.34
-7.46347,4.81544,112.26
-7.48069,4.84722,112.178
-7.49801,4.87809,112.093
-7.51537,4.90613,112.01
-7.53155,4.93179,111.927
-7.54534,4.95631,111.843
-7.55824,4.97996,111.756
-7.57012,4.99943,111.666
-7.58055,5.01719,111.576
-7.58846,5.02782,111.482
-7.59606,5.04231,111.379
-7.6024,5.05457,111.271
-7.6052,5.0636,111.163
-7.60763,5.07186,111.058
-7.61311,5.08091,110.958
-7.61975,5.09068,110.859
-7.62673,5.10077,110.762
-7.63653,5.11103,110.668
-7.64985,5.12141,110.58
-7.66317,5.12828,110.494
-7.67774,5.13379,110.409
-7.69335,5.13969,110.326
-7.71018,5.1465,110.243
-7.72747,5.15226,110.16
-7.74456,5.15568,110.075
-7.76254,5.1586,109.988
-7.78274,5.16309,109.899
-7.80258,5.16972,109.807
-7.82864,5.17757,109.707
-7.85445,5.18638,109.605
-7.88186,5.19566,109.5
-7.91258,5.20764,109.398
-7.94906,5.22186,109.295
-7.98918,5.23824,109.19
-8.03084,5.2574,109.082
-8.07652,5.27904,108.969
-8.12736,5.30284,108.854
-8.18109,5.33039,108.736
-8.23674,5.36037,108.616
-8.28928,5.39056,108.49
-8.33886,5.42301,108.361
-8.38529,5.45634,108.232
-8.42793,5.4917,108.106
-8.46666,5.52918,107.983
-8.50046,5.56796,107.861
-8.52836,5.60831,107.737
-8.55328,5.65075,107.61
-8.57494,5.69676,107.485
-8.59095,5.74105,107.361
-8.60335,5.78507,107.246
-8.61066,5.82688,107.134
-8.61317,5.86399,107.025
-8.61063,5.89849,106.915
-8.60487,5.9327,106.804
-8.59739,5.96521,106.693
-8.58782,5.99366,106.582
-8.57762,6.02129,106.473
-8.56494,6.0479,106.368
-8.55032,6.07464,106.265
-8.53731,6.10167,106.161
-8.52684,6.13098,106.053
-8.52102,6.16228,105.945
-8.51992,6.19552,105.837
-8.5238,6.23241,105.731
-8.5326,6.27497,105.625
-8.54591,6.3233,105.516
-8.56553,6.37558,105.403
-8.58909,6.42948,105.289
-8.61325,6.48718,105.171
-8.63899,6.54477,105.049
-8.66755,6.60439,104.924
-8.69557,6.66574,104.793
-8.72263,6.72687,104.658
-8.74863,6.78672,104.521
-8.77227,6.84372,104.385
-8.79197,6.89535,104.252
-8.80642,6.9418,104.122
-8.8154,6.98278,103.991
-8.81596,7.01515,103.859
-8.80761,7.04126,103.728
-8.79347,7.06078,103.599
-8.77328,7.0757,103.476
-8.74792,7.0879,103.356
-8.71824,7.09906,103.237
-8.68527,7.11111,103.116
-8.65086,7.12585,102.992
-8.61655,7.14432,102.868
-8.5833,7.17215,102.743
-8.55274,7.20702,102.621
-8.52693,7.24636,102.502
-8.50633,7.28852,102.381
-8.49232,7.33185,102.262
-8.48595,7.3765,102.142
-8.48669,7.42284,102.023
-8.49401,7.46894,101.901
-8.50749,7.51155,101.773
-8.52408,7.55082,101.638
-8.54278,7.58613,101.502
-8.56365,7.61821,101.361
-8.58418,7.64746,101.218
-8.60812,7.67313,101.074
-8.63392,7.69564,100.933
-8.65975,7.716,100.795
-8.68542,7.73491,100.658
-8.71104,7.75342,100.522
-8.73613,7.77316,100.387
-8.76053,7.79454,100.251
-8.78175,7.81623,100.112
-8.80071,7.83714,99.9725
-8.81963,7.85476,99.8365
-8.83646,7.87078,99.7042
-8.84977,7.88447,99.5731
-8.85879,7.89369,99.4377
-8.86301,7.90012,99.2944
-8.86289,7.90574,99.1458
-8.85954,7.9088,98.9997
-8.85255,7.9082,98.8624
-8.84097,7.90626,98.7376
-8.82699,7.90213,98.6168
-8.80981,7.89817,98.491
-8.79224,7.89344,98.3596
-8.77465,7.88852,98.2268
-8.75739,7.88533,98.0947
-8.7418,7.88564,97.965
-8.72772,7.88973,97.8389
-8.71391,7.89707,97.7155
-8.70333,7.90859,97.5919
-8.69867,7.92611,97.4666
-8.6981,7.94487,97.3412
-8.69971,7.9646,97.2158
-8.70286,7.98542,97.0903
-8.70692,8.005,96.9667
-8.71156,8.0215,96.8446
-8.71713,8.03544,96.7209
-8.72357,8.04715,96.593
-8.7298,8.05512,96.4613
-8.73504,8.05921,96.3299
-8.73873,8.06125,96.1973
-8.74129,8.05718,96.0612
-8.74392,8.0489,95.9248
-8.7447,8.04069,95.789
-8.74358,8.03015,95.6604
-8.74176,8.01915,95.5411
-8.74056,8.01154,95.4276
-8.74062,8.00882,95.3136
-8.74222,8.01012,95.1949
-8.74575,8.01625,95.0713
-8.74966,8.02807,94.9472
-8.75133,8.04665,94.8235
-8.75342,8.07022,94.7003
-8.75856,8.09994,94.5772
-8.76687,8.13371,94.4564
-8.77752,8.16867,94.3393
-8.79135,8.20364,94.2249
-8.80847,8.23816,94.1086
-8.82648,8.27088,93.9838
-8.84416,8.3006,93.8512
-8.86409,8.32745,93.7175
-8.88122,8.35016,93.5848
-8.89595,8.37003,93.4543
-8.91077,8.38589,93.3277
-8.92621,8.39741,93.2033
-8.94261,8.40672,93.081
-8.95959,8.41573,92.9621
-8.97717,8.42507,92.8467
-8.99582,8.43524,92.7334
-9.01446,8.44754,92.6227
-9.03463,8.46254,92.5156
-9.05649,8.48507,92.4098
-9.07834,8.51307,92.3044
-9.10216,8.54505,92.1996
-9.12993,8.5811,92.0958
-9.15969,8.62101,91.9952
-9.18911,8.6645,91.8987
-9.21757,8.71002,91.8048
-9.24524,8.75448,91.7111
-9.2716,8.79586,91.6144
-9.29483,8.83405,91.5049
-9.31318,8.87049,91.3846
-9.32791,8.90225,91.261
-9.33875,8.92591,91.1426
-9.34684,8.94173,91.0305
-9.35279,8.95002,90.9204
-9.35654,8.95333,90.809
-9.35793,8.95436,90.6962
-9.35692,8.95283,90.5839
-9.35298,8.94763,90.472
-9.34475,8.9403,90.3529
-9.33576,8.93258,90.2284
-9.32462,8.92771,90.1048
-9.30887,8.9245,89.9927
-9.29043,8.92292,89.8923
-9.27087,8.92405,89.7973
-9.25183,8.92883,89.7029
-9.23479,8.93734,89.6073
-9.2196,8.94873,89.5094
-9.20456,8.96177,89.4095
-9.19137,8.97764,89.3082
-9.17793,8.99358,89.2004
-9.16644,9.00978,89.0878
-9.15874,9.0269,88.9718
-9.15208,9.04403,88.8564
-9.14605,9.06034,88.7428
-9.14256,9.07535,88.6294
-9.14226,9.08916,88.5137
-9.14407,9.10268,88.3944
-9.14888,9.11731,88.2723
-9.1539,9.13324,88.1475
-9.15663,9.15146,88.0191
-9.16007,9.16929,87.8885
-9.16487,9.18827,87.7581
-9.16973,9.21083,87.6287
-9.17482,9.23604,87.5055
-9.18125,9.26348,87.389
-9.18915,9.29397,87.2755
-9.19726,9.32832,87.1614
-9.2053,9.36761,87.0398
-9.2152,9.40845,86.9128
-9.22513,9.45213,86.7838
-9.23742,9.50025,86.6582
-9.25014,9.54887,86.5355
-9.26236,9.59756,86.4139
-9.27224,9.64407,86.2928
-9.27979,9.68674,86.1713
-9.28501,9.72512,86.049
-9.28704,9.75916,85.9267
-9.28774,9.7895,85.8039
-9.28271,9.81666,85.6798
-9.27265,9.83421,85.5542
-9.26232,9.85081,85.4302
-9.24925,9.86444,85.3112
-9.23449,9.87322,85.193
-9.22052,9.87927,85.0753
-9.20697,9.88487,84.9546
-9.19233,9.89008,84.8275
-9.17759,9.89348,84.6966
-9.16527,9.89444,84.5655
-9.1557,9.89583,84.4353
-9.14857,9.89643,84.3059
-9.14353,9.89395,84.1769
-9.14237,9.89515,84.0485
-9.14702,9.89512,83.9188
-9.15352,9.8939,83.7882
-9.16091,9.89189,83.6611
-9.17035,9.88921,83.5396
-9.18061,9.88678,83.4202
-9.19122,9.88304,83.2998
-9.20419,9.87987,83.177
-9.21426,9.87524,83.0446
-9.22516,9.87136,82.9083
-9.23442,9.86968,82.7687
-9.24165,9.86869,82.6276
-9.24581,9.86691,82.486
-9.24814,9.86322,82.3438
-9.24887,9.8573,82.2001
-9.24623,9.85055,82.0548
-9.24315,9.84524,81.909
-9.23968,9.83549,81.763
-9.23618,9.82664,81.6206
-9.23365,9.82013,81.4818
-9.23138,9.81531,81.3434
-9.22961,9.81085,81.2002
-9.22867,9.80656,81.0536
-9.22905,9.80525,80.9057
-9.23147,9.80796,80.7587
-9.23512,9.81281,80.6143
-9.23607,9.82189,80.4715
-9.2367,9.83301,80.3316
-9.23307,9.84549,80.1942
-9.23114,9.85675,80.072
-9.2269,9.8696,79.9574
-9.22194,9.88154,79.8464
-9.21221,9.89407,79.7276
-9.19786,9.90612,79.599
-9.18084,9.91525,79.4664
-9.16009,9.921,79.3358
-9.13799,9.92207,79.2175
-9.11891,9.92343,79.1024
-9.09889,9.92084,78.9885
-9.08336,9.92001,78.8644
-9.06876,9.91697,78.7374
-9.05805,9.91209,78.6093
-9.0496,9.90778,78.4817
-9.04497,9.9031,78.3588
-9.04637,9.89683,78.2427
-9.05227,9.89021,78.1312
-9.06311,9.88305,78.0239
-9.08025,9.88008,77.9163
-9.10335,9.87833,77.8106
-9.13115,9.87986,77.7079
-9.16214,9.8829,77.6081
-9.19464,9.8846,77.5112
-9.22778,9.88449,77.4183
-9.25986,9.88167,77.3294
-9.28741,9.87495,77.244
-9.30811,9.86302,77.1623
-9.32436,9.84205,77.0826
-9.33307,9.81162,76.9983
-9.33533,9.77097,76.9105
-9.32804,9.71829,76.8225
-9.31499,9.6565,76.7332
-9.2956,9.5856,76.6435
-9.26856,9.5046,76.5527
-9.23542,9.41473,76.4591
-9.19942,9.31743,76.3629
-9.16218,9.21336,76.266
-9.12297,9.10597,76.169
-9.08327,8.99477,76.0707
-9.04114,8.88039,75.959
-9.00284,8.77106,75.8486
-8.97068,8.66745,75.7359
-8.94112,8.57155,75.6233
-8.9155,8.48436,75.5112
-8.89403,8.40622,75.4
-8.87543,8.33735,75.2917
-8.85972,8.27839,75.1883
-8.84644,8.23089,75.0875
-8.83661,8.19351,74.9865
-8.83099,8.16265,74.8863
-8.82491,8.1376,74.7902
-8.81891,8.119,74.6955
-8.80961,8.10234,74.6015
-8.79649,8.08788,74.5066
-8.78221,8.07513,74.4111
-8.7682,8.06285,74.3165
-8.75317,8.05066,74.223
-8.73795,8.03589,74.1293
-8.72343,8.01876,74.0363
-8.70399,7.99904,73.9424
-8.68573,7.97518,73.8499
-8.66813,7.9512,73.7581
-8.65085,7.92428,73.6685
-8.63068,7.89557,73.5779
-8.60646,7.86503,73.4862
-8.58272,7.83308,73.394
-8.56376,7.8021,73.3001
-8.54371,7.77032,73.209
-8.52378,7.74008,73.1165
-8.50707,7.71509,73.0219
-8.49462,7.69741,72.9264
-8.48903,7.6825,72.8357
-8.48382,7.67091,72.7472
-8.48078,7.66409,72.6587
-8.48049,7.66089,72.5656
-8.4817,7.66087,72.4668
-8.48464,7.66428,72.3671
-8.48729,7.66584,72.2672
-8.49049,7.6691,72.1693
-8.49194,7.67165,72.0729
-8.48767,7.67156,71.9795
-8.4845,7.66798,71.8876
-8.47983,7.66267,71.7973
-8.4727,7.65572,71.707
-8.46255,7.64638,71.6188
-8.44827,7.63416,71.5294
-8.4299,7.61962,71.4319
-8.40989,7.60422,71.3364
-8.38773,7.58531,71.2412
-8.36111,7.56377,71.158
-8.33353,7.54309,71.0756
-8.30511,7.52419,70.9963
-8.27235,7.50337,70.9184
-8.23857,7.48155,70.8411
-8.20508,7.45898,70.7651
-8.1706,7.43604,70.6906
-8.13523,7.41493,70.616
-8.09931,7.39453,70.5405
-8.06768,7.36975,70.4629
-8.03187,7.34539,70.3787
-7.99531,7.32009,70.293
-7.96266,7.29482,70.2058
-7.93255,7.2685,70.1188
-7.9038,7.24066,70.0323
-7.87644,7.21276,69.9459
-7.85012,7.18662,69.8592
-7.82493,7.16236,69.7738
-7.80409,7.13846,69.6955
-7.7853,7.11428,69.6183
-7.77243,7.0945,69.5403
-7.75904,7.07772,69.4604
-7.74745,7.06508,69.3799
-7.73637,7.05409,69.3002
-7.7268,7.04473,69.2164
-7.71981,7.03768,69.1287
-7.71303,7.03248,69.0402
-7.70243,7.0284,68.9506
-7.68852,7.02591,68.8594
-7.67178,7.02215,68.7686
-7.65276,7.01773,68.6783
-7.62947,7.01244,68.5896
-7.6069,7.0074,68.5076
-7.58574,7.00281,68.4286
-7.56331,6.99634,68.3509
-7.53969,6.98877,68.2714
-7.51852,6.98328,68.1889
-7.50158,6.9803,68.1065
-7.48479,6.9769,68.0226
-7.46998,6.97608,67.9271
-7.45852,6.97604,67.8317
-7.44728,6.97693,67.7374
-7.43962,6.97825,67.6492
-7.43429,6.97791,67.5637
-7.43108,6.97744,67.4787
-7.42678,6.97711,67.3942
-7.41995,6.97582,67.3113
-7.41443,6.97308,67.2296
-7.41105,6.96829,67.1476
-7.40416,6.96484,67.065
-7.39356,6.95766,66.9857
-7.38185,6.95184,66.907
-7.36957,6.94396,66.8288
-7.35464,6.93645,66.7506
-7.33781,6.93104,66.673
-7.32005,6.92729,66.5969
-7.30162,6.92479,66.5241
-7.28304,6.92467,66.4559
-7.2651,6.92759,66.39
-7.24683,6.93087,66.3227
-7.23009,6.93772,66.2494
-7.21257,6.94599,66.1741
-7.19582,6.95003,66.1031
-7.18265,6.95179,66.0431
-7.17135,6.95126,65.9899
-7.16128,6.94831,65.9388
-7.15346,6.94389,65.8882
-7.148,6.93853,65.8384
-7.14433,6.93109,65.7892
-7.13966,6.92039,65.7402
-7.13665,6.90993,65.6906
-7.13428,6.90019,65.6349
-7.13199,6.89132,65.5781
-7.12728,6.88478,65.5225
-7.12081,6.8795,65.4666
-7.11408,6.87486,65.4099
-7.10654,6.87075,65.3539
-7.096,6.8654,65.2994
-7.08199,6.85574,65.247
-7.06633,6.84295,65.1957
-7.04792,6.8287,65.1444
-7.02573,6.81002,65.0925
-7.00162,6.78546,65.0414
-6.97719,6.75837,64.9903
-6.95344,6.72951,64.938
-6.92942,6.69924,64.8835
-6.90483,6.66864,64.8264
-6.88079,6.63887,64.7679
-6.85655,6.61104,64.7098
-6.83637,6.58411,64.6523
-6.82132,6.55633,64.5939
-6.80798,6.53108,64.5362
-6.79977,6.50623,64.4817
-6.79559,6.48393,64.4284
-6.79396,6.46373,64.3753
-6.79354,6.44422,64.3212
-6.79351,6.42507,64.2657
-6.79378,6.40637,64.2097
-6.79373,6.38694,64.1532
-6.79138,6.36764,64.0914
-6.79025,6.34809,64.0281
-6.78825,6.33072,63.9647
-6.78584,6.31491,63.9014
-6.78324,6.29991,63.8383
-6.78007,6.2846,63.7744
-6.77647,6.26661,63.7101
-6.77179,6.24735,63.6474
-6.76542,6.23139,63.5868
-6.76038,6.21558,63.5259
-6.75397,6.19617,63.4636
-6.7465,6.17803,63.3972
-6.73897,6.16151,63.3287
-6.73237,6.14557,63.2583
-6.72738,6.13328,63.1865
-6.72433,6.12387,63.1134
-6.72174,6.11511,63.0409
-6.7181,6.10668,62.9715
-6.71422,6.09981,62.9058
-6.71175,6.09429,62.842
-6.70881,6.0904,62.7788
-6.70827,6.08789,62.7165
-6.71006,6.08648,62.6527
-6.71416,6.08603,62.5874
-6.71959,6.08648,62.5213
-6.72495,6.08659,62.4543
-6.72974,6.0864,62.3864
-6.73407,6.0869,62.3181
-6.73785,6.0879,62.2495
-6.74068,6.08802,62.1806
-6.7397,6.08866,62.1117
-6.73598,6.08666,62.047
-6.73261,6.08168,61.9875
-6.72815,6.075,61.9297
-6.72287,6.06759,61.87
-6.71748,6.06039,61.8068
-6.71214,6.05314,61.7409
-6.70662,6.04565,61.6737
-6.70069,6.0379,61.6065
-6.69396,6.0274,61.5419
-6.6877,6.01342,61.4807
-6.68159,5.9987,61.4196
-6.67599,5.98362,61.3577
-6.66929,5.96663,61.2958
-6.66255,5.94775,61.2345
-6.65676,5.92831,61.1717
-6.6519,5.90833,61.1063
-6.64819,5.88716,61.0392
-6.64667,5.86537,60.9721
-6.64751,5.84465,60.9032
-6.65035,5.82702,60.8324
-6.65602,5.81413,60.7607
-6.6607,5.80392,60.6859
-6.66351,5.79604,60.6099
-6.66631,5.78948,60.5329
-6.66934,5.784,60.4544
-6.67104,5.77991,60.3741
-6.67042,5.77743,60.2929
-6.66754,5.77651,60.2119
-6.66113,5.77691,60.1317
-6.65228,5.77573,60.0537
-6.64244,5.7745,59.9782
-6.62994,5.77359,59.9047
-6.61588,5.77163,59.8282
-6.60099,5.76722,59.7468
-6.58582,5.76115,59.6621
-6.57009,5.75338,59.5758
-6.55331,5.74323,59.4879
-6.53606,5.73161,59.3987
-6.51993,5.72077,59.3092
-6.50506,5.70954,59.2211
-6.48911,5.69674,59.1338
-6.47273,5.68173,59.046
-6.4582,5.66581,58.9577
-6.44536,5.64867,58.8672
-6.43186,5.63156,58.7741
-6.41684,5.61619,58.6786
-6.40228,5.60267,58.5802
-6.39014,5.58968,58.4775
-6.37864,5.57706,58.3715
-6.36598,5.56493,58.2638
-6.35194,5.5506,58.1544
-6.33591,5.53402,58.044
-6.31876,5.5156,57.9332
-6.30076,5.49496,57.8219
-6.28147,5.47033,57.7086
-6.26002,5.44148,57.5928
-6.23585,5.4095,57.4761
-6.20945,5.3757,57.3612
-6.18217,5.34256,57.2467
-6.15423,5.31068,57.1307
-6.12489,5.28106,57.0132
-6.09717,5.25703,56.8896
-6.07076,5.2376,56.7622
-6.04408,5.22178,56.6335
-6.01637,5.20901,56.5059
-5.9887,5.19959,56.3799
-5.96221,5.19423,56.2542
-5.93719,5.19346,56.128
-5.91467,5.19748,56.0024
-5.89257,5.20511,55.8783
-5.86868,5.21166,55.7549
-5.84623,5.21816,55.6274
-5.82459,5.22556,55.4956
-5.80406,5.23285,55.3614
-5.78464,5.23869,55.2283
-5.76578,5.24301,55.0987
-5.74649,5.24614,54.9725
-5.7261,5.2475,54.8479
-5.70516,5.24637,54.7233
-5.6831,5.24383,54.597
-5.65849,5.23967,54.4687
-5.63455,5.23512,54.3389
-5.60996,5.22866,54.2108
-5.58473,5.22217,54.0848
-5.55906,5.21468,53.961
-5.53395,5.20448,53.8362
-5.50912,5.19186,53.7087
-5.48279,5.17876,53.5811
-5.45595,5.16619,53.4553
-5.43098,5.1544,53.3378
-5.4082,5.14261,53.2305
-5.38542,5.13044,53.1277
-5.36227,5.11815,53.0226
-5.33883,5.10595,52.9138
-5.31637,5.09417,52.803
-5.2966,5.08401,52.692
-5.27945,5.07607,52.5827
-5.26354,5.06875,52.4786
-5.24948,5.05991,52.379
-5.23463,5.05096,52.2805
-5.21762,5.04078,52.1806
-5.20312,5.03025,52.0791
-5.18801,5.02117,51.9767
-5.1752,5.01474,51.8744
-5.16356,5.00877,51.7717
-5.15153,5.00139,51.6689
-5.13924,4.99349,51.5668
-5.12776,4.98723,51.4652
-5.11845,4.98269,51.3655
-5.10928,4.97836,51.2679
-5.10169,4.97395,51.1673
-5.0939,4.97248,51.0622
-5.08442,4.97211,50.9583
-5.07293,4.97319,50.8567
-5.06199,4.97383,50.7625
-5.05269,4.97194,50.6775
-5.04486,4.96764,50.5985
-5.03912,4.96278,50.5207
-5.0355,4.95755,50.439
-5.03254,4.94907,50.3554
-5.03167,4.94377,50.2754
-5.03361,4.93831,50.2006
-5.03451,4.93296,50.1299
-5.03535,4.92988,50.0632
-5.03707,4.93019,49.9944
-5.04037,4.9341,49.9219
-5.04364,4.94063,49.849
-5.04472,4.94879,49.7769
-5.04703,4.96064,49.7038
-5.04813,4.97906,49.632
-5.04955,5.00405,49.5607
-5.04909,5.03279,49.4904
-5.04938,5.06217,49.4252
-5.05005,5.09218,49.3646
-5.04961,5.12338,49.3072
-5.04916,5.15417,49.2537
-5.04902,5.18262,49.2044
-5.04762,5.20916,49.1587
-5.04803,5.23519,49.1158
-5.05003,5.25778,49.0672
-5.05179,5.27688,49.0178
-5.05416,5.29416,48.9702
-5.05601,5.30984,48.9217
-5.05876,5.3239,48.8734
-5.06399,5.33607,48.8257
-5.07206,5.34722,48.7796
-5.08191,5.35901,48.7352
-5.09333,5.37187,48.6904
-5.10897,5.38444,48.6465
-5.12523,5.40015,48.6039
-5.14268,5.41901,48.5687
-5.16099,5.4406,48.5377
-5.17908,5.46551,48.508
-5.1974,5.49437,48.4781
-5.21438,5.52568,48.4476
-5.22876,5.55584,48.4172
-5.24111,5.58478,48.3875
-5.25269,5.61588,48.3589
-5.26303,5.6467,48.3326
-5.26944,5.67653,48.3071
-5.27358,5.70598,48.2763
-5.27752,5.73758,48.2433
-5.28004,5.76547,48.2112
-5.28057,5.79094,48.1793
-5.28195,5.81677,48.1473
-5.28472,5.84212,48.1148
-5.28755,5.86582,48.0831
-5.29119,5.88933,48.0541
-5.29809,5.91225,48.0287
-5.30658,5.93427,48.0038
-5.31752,5.95699,47.9808
-5.32917,5.98111,47.9556
-5.34355,6.00881,47.9329
-5.35655,6.03645,47.9131
-5.37091,6.06159,47.8998
-5.38672,6.08613,47.8932
-5.40289,6.11366,47.8904
-5.42155,6.14475,47.8891
-5.44215,6.17648,47.8871
-5.46363,6.21343,47.8888
-5.48526,6.25135,47.8923
-5.50792,6.29244,47.8981
-5.52987,6.33462,47.9095
-5.55264,6.37857,47.9231
-5.57709,6.42316,47.9401
-5.60167,6.46661,47.9601
-5.62553,6.50957,47.9814
-5.65009,6.55352,48.0058
-5.67567,6.5954,48.0378
-5.70565,6.63739,48.0743
-5.73384,6.67977,48.1176
-5.76453,6.72157,48.1652
-5.79956,6.76505,48.2197
-5.83763,6.81085,48.2799
-5.8788,6.85904,48.3448
-5.92222,6.90794,48.4111
-5.96689,6.95744,48.4775
-6.01235,7.0105,48.5467
-6.05697,7.06833,48.6188
-6.10442,7.13174,48.6898
-6.13298,7.13729,48.7624
-6.15858,7.13543,48.8392
-6.18014,7.13437,48.9192
-6.19844,7.13189,49.0079
-6.2149,7.12793,49.1026
-6.22981,7.12287,49.2016
-6.24189,7.11728,49.3046
-6.25021,7.11258,49.411
-6.25661,7.10914,49.5225
-6.26157,7.10815,49.643
-6.26752,7.10625,49.7766
-6.27137,7.10637,49.9205
-6.27199,7.10443,50.0771
-6.27147,7.10424,50.2454
-6.27207,7.10316,50.4272
-6.27213,7.10175,50.6243
-6.27061,7.10419,50.8446
-6.26986,7.11148,51.0971
-6.26903,7.12132,51.3712
-6.26707,7.13609,51.6643
-6.26448,7.15778,51.9762
-6.26105,7.18912,52.2962
-6.25478,7.23122,52.6287
-6.24836,7.28508,52.9717
-6.24301,7.35073,53.3225
-6.23766,7.42811,53.6803
-6.2327,7.51663,54.0451
-6.23042,7.61498,54.418
-6.22935,7.72244,54.801
-6.22767,7.83641,55.1926
-6.22537,7.9509,55.5882
-6.22212,8.06481,55.9932
-6.22003,8.17206,56.407
-6.21529,8.26801,56.8265
-6.20767,8.35174,57.251
-6.19552,8.42224,57.6843
-6.17626,8.47874,58.1295
-6.15051,8.5215,58.5863
-6.12119,8.54929,59.0577
-6.087,8.5641,59.5536
-6.04847,8.56569,60.0677
-6.00799,8.55931,60.5962
-5.96476,8.54959,61.1447
-5.91984,8.53916,61.7083
-5.87292,8.53099,62.2861
-5.82351,8.52789,62.8745
-5.77195,8.53047,63.4706
-5.71979,8.53756,64.0755
-5.66975,8.5497,64.6852
-5.62242,8.5665,65.2975
-5.58075,8.58267,65.9119
-5.54297,8.59273,66.5333
-5.51175,8.58974,67.1646
-5.48744,8.56955,67.8068
-5.46659,8.52796,68.4648
-5.44637,8.46526,69.1417
-5.42443,8.38325,69.8372
-5.39843,8.28086,70.5518
-5.36922,8.15756,71.2873
-5.33767,8.01785,72.0422
-5.30356,7.86169,72.8229
-5.2726,7.69811,73.6222
-5.24474,7.53367,74.4414
-5.22293,7.37212,75.2805
-5.20781,7.21718,76.1321
-5.20725,7.07519,76.9903
-5.26278,6.95809,77.8508
-5.4064,6.87135,78.71
-5.56575,6.79461,79.573
-5.73965,6.72647,80.4355
-5.91859,6.67156,81.2914
-6.00601,6.62199,82.1494
-6.08709,6.57135,83.0076
-6.17261,6.51449,83.8678
-6.26037,6.4468,84.7295
-6.34888,6.36343,85.592
-6.43769,6.26123,86.4561
-6.52661,6.13948,87.3235
-6.615,5.99719,88.1949
-6.70276,5.83527,89.0676
-6.78845,5.65051,89.9414
-6.87235,5.45078,90.8169
-6.95179,5.24097,91.6928
-7.02848,5.02708,92.5695
-7.10474,4.81469,93.4502
-7.18091,4.60917,94.3344
-7.25744,4.41565,95.2188
-7.33666,4.23756,96.103
-7.41985,4.07594,96.9895
-7.50484,3.9375,97.8769
-7.59272,3.82709,98.7638
-7.68662,3.74358,99.6441
-7.78411,3.68914,100.51
-7.88683,3.66414,101.362
-7.99421,3.66674,102.201
-8.10644,3.69469,103.027
-8.22514,3.74612,103.84
-8.3502,3.81902,104.641
-8.47833,3.91061,105.429
-8.60986,4.01784,106.21
-8.74254,4.13679,106.978
-8.87379,4.26051,107.733
-9.00404,4.38778,108.478
-9.13084,4.51326,109.212
-9.25247,4.63207,109.933
-9.36784,4.74063,110.641
-9.47496,4.83639,111.335
-9.57074,4.91755,112.018
-9.65255,4.98255,112.691
-9.71693,5.03014,113.355
-9.76118,5.06092,114.013
-9.79003,5.08165,114.662
-9.8057,5.0896,115.296
-9.80912,5.08977,115.913
-9.8012,5.08819,116.514
-9.78493,5.0898,117.102
-9.76265,5.09815,117.678
-9.73402,5.1156,118.242
-9.69917,5.14405,118.792
-9.65854,5.18846,119.33
-9.61301,5.25417,119.858
-9.56384,5.33753,120.375
-9.51028,5.43533,120.883
-9.45347,5.54611,121.385
-9.39456,5.66477,121.881
-9.33307,5.78679,122.366
-9.26714,5.90974,122.839
-9.19656,6.03031,123.295
-9.12528,6.14231,123.733
-9.05215,6.24401,124.156
-8.97767,6.33564,124.567
-8.9021,6.4172,124.971
-8.82778,6.4894,125.364
-8.75323,6.55313,125.742
-8.67657,6.61015,126.101
-8.59786,6.65904,126.441
-8.5168,6.69854,126.763
-8.43213,6.73172,127.068
-8.34541,6.76201,127.361
-8.25469,6.78767,127.638
-8.15812,6.81027,127.895
-8.0358,6.80476,128.137
-7.85898,6.74084,128.365
-7.66694,6.6656,128.577
-7.47408,6.59452,128.773
-7.28287,6.52529,128.957
-7.09568,6.45745,129.128
-6.91208,6.39231,129.285
-6.73194,6.32935,129.427
-6.55933,6.26667,129.553
-6.38971,6.20778,129.666
-6.22429,6.15538,129.771
-6.06536,6.10881,129.871
-5.91123,6.06957,129.964
-5.76293,6.0374,130.045
-5.62263,6.01232,130.112
-5.49097,5.99236,130.166
-5.36822,5.97406,130.209
-5.25732,5.95984,130.241
-5.15558,5.95319,130.265
-5.0626,5.95352,130.279
-4.97819,5.95774,130.284
-4.90078,5.96274,130.278
-4.82985,5.96727,130.264
-4.7649,5.97125,130.24
-4.70515,5.97239,130.209
-4.64881,5.96773,130.171
-4.59478,5.95592,130.127
-4.54534,5.93589,130.077
-4.4965,5.91058,130.021
-4.44609,5.8793,129.955
-4.39815,5.84128,129.887
-4.35329,5.79812,129.816
-4.30989,5.75439,129.743
-4.26878,5.71057,129.669
-4.23002,5.66585,129.596
-4.19397,5.62072,129.526
-4.163,5.5766,129.457
-4.13848,5.53388,129.389
-4.12124,5.49194,129.32
-4.10812,5.45267,129.251
-4.0969,5.41264,129.185
-4.09075,5.37091,129.119
-4.08723,5.32983,129.048
-4.08558,5.28743,128.972
-4.0858,5.24277,128.891
-4.08637,5.19661,128.811
-4.08555,5.14846,128.737
-4.08457,5.09734,128.674
-4.08094,5.04729,128.614
-4.07325,4.99736,128.553
-4.06346,4.94601,128.489
-4.05404,4.89288,128.426
-4.04436,4.83846,128.366
-4.0338,4.78384,128.311
-4.02442,4.73259,128.26
-4.0184,4.68663,128.213
-4.01503,4.64346,128.169
-4.01296,4.6017,128.129
-4.01483,4.5637,128.093
-4.02077,4.53146,128.06
-4.0274,4.50312,128.031
-4.03671,4.48068,128.003
-4.04582,4.46378,127.976
-4.05213,4.44909,127.95
-4.05506,4.43593,127.922
-4.05487,4.42598,127.894
-4.05168,4.41949,127.865
-4.04623,4.4148,127.836
-4.03778,4.41305,127.806
-4.02622,4.41186,127.775
-4.01377,4.41024,127.744
-4.00106,4.40778,127.713
-3.98802,4.40508,127.681
-3.97574,4.4042,127.648
-3.96512,4.40547,127.612
-3.95619,4.40832,127.57
-3.94915,4.41303,127.524
-3.94569,4.4187,127.475
-3.94676,4.42166,127.427
-3.95011,4.42413,127.382
-3.95328,4.42546,127.339
-3.9609,4.42391,127.303
-3.97351,4.41941,127.278
-3.98859,4.41317,127.257
-4.00391,4.40658,127.234
-4.01925,4.40026,127.203
-4.03592,4.39321,127.163
-4.05486,4.38331,127.119
-4.07469,4.37201,127.073
-4.09229,4.35992,127.024
-4.10735,4.34448,126.972
-4.12053,4.3277,126.915
-4.13165,4.30927,126.858
-4.13969,4.28846,126.803
-4.14363,4.26568,126.747
-4.14331,4.24246,126.688
-4.13964,4.2196,126.623
-4.13381,4.19545,126.55
-4.12565,4.16915,126.474
-4.11616,4.14296,126.398
-4.10404,4.11894,126.322
-4.0893,4.0984,126.246
-4.07472,4.07902,126.169
-4.06149,4.05873,126.091
-4.04954,4.0373,126.011
-4.03804,4.01579,125.929
-4.02595,3.99485,125.844
-4.01374,3.9738,125.757
-4.00368,3.9523,125.67
-3.99619,3.92762,125.581
-3.98788,3.90071,125.496
-3.97882,3.87302,125.413
-3.97306,3.84493,125.33
-3.97073,3.81803,125.244
-3.96986,3.79296,125.154
-3.96999,3.77053,125.062
-3.97177,3.75268,124.965
-3.97319,3.73973,124.863
-3.97302,3.73042,124.758
-3.97217,3.72417,124.65
-3.97131,3.72103,124.538
-3.9701,3.71871,124.421
-3.97008,3.71667,124.301
-3.97041,3.71541,124.181
-3.97004,3.71499,124.064
-3.96883,3.71457,123.947
-3.9669,3.71323,123.828
-3.96431,3.71063,123.705
-3.96222,3.7047,123.58
-3.96037,3.69682,123.452
-3.96248,3.69086,123.321
-3.96731,3.68477,123.19
-3.97484,3.6768,123.061
-3.9854,3.66887,122.933
-3.99829,3.66271,122.804
-4.0137,3.6566,122.673
-4.03325,3.6483,122.54
-4.05668,3.64086,122.405
-4.08601,3.63534,122.265
-4.12168,3.63155,122.122
-4.16019,3.63298,121.979
-4.20124,3.6374,121.84
-4.2446,3.6455,121.706
-4.28791,3.65853,121.573
-4.33011,3.67634,121.44
-4.37122,3.69835,121.306
-4.4108,3.72472,121.168
-4.44868,3.75484,121.026
-4.48283,3.7864,120.885
-4.51076,3.81927,120.741
-4.53753,3.85208,120.595
-4.56304,3.88479,120.45
-4.59042,3.9171,120.308
-4.61684,3.9479,120.171
-4.63862,3.97497,120.036
-4.65529,3.99829,119.901
-4.66795,4.01963,119.765
-4.67577,4.03621,119.63
-4.68077,4.04614,119.495
-4.68258,4.05221,119.349
-4.68347,4.05643,119.196
-4.68047,4.05838,119.042
-4.67769,4.06069,118.887
-4.67932,4.06614,118.732
-4.68506,4.07348,118.578
-4.69293,4.0824,118.424
-4.70346,4.09596,118.267
-4.71801,4.11327,118.099
-4.73409,4.13554,117.924
-4.75578,4.15888,117.746
-4.78114,4.18551,117.576
-4.80808,4.21573,117.41
-4.8368,4.24627,117.246
-4.86707,4.27889,117.08
-4.89904,4.31411,116.913
-4.93343,4.35057,116.745
-4.96994,4.38839,116.576
-5.00584,4.42868,116.398
-5.03878,4.46973,116.217
-5.06832,4.51466,116.036
-5.09353,4.55759,115.855
-5.11584,4.60185,115.68
-5.13665,4.64523,115.507
-5.15567,4.68677,115.335
-5.17295,4.72617,115.166
-5.18966,4.7633,114.999
-5.20627,4.79811,114.833
-5.22101,4.83005,114.67
-5.23863,4.86168,114.504
-5.2565,4.88752,114.338
-5.2753,4.91444,114.176
-5.298,4.94156,114.018
-5.32039,4.96662,113.865
-5.34207,4.99047,113.714
-5.3649,5.01368,113.564
-5.38907,5.03606,113.414
-5.41335,5.05833,113.265
-5.43885,5.08212,113.116
-5.46646,5.10699,112.967
-5.49192,5.13185,112.809
-5.51568,5.16138,112.647
-5.53962,5.19337,112.484
-5.56375,5.22667,112.331
-5.58588,5.25922,112.185
-5.60587,5.29326,112.041
-5.62503,5.3288,111.893
-5.64347,5.36081,111.738
-5.66034,5.39063,111.581
-5.67426,5.41664,111.427
-5.68414,5.43685,111.274
-5.69066,5.45316,111.123
-5.69582,5.46866,110.975
-5.69666,5.48191,110.832
-5.69504,5.49551,110.693
-5.69264,5.51169,110.558
-5.68959,5.53055,110.425
-5.68607,5.55122,110.296
-5.68211,5.57295,110.166
-5.68063,5.60147,110.04
-5.67724,5.63545,109.914
-5.67039,5.67489,109.788
-5.66717,5.72031,109.66
-5.666,5.77185,109.531
-5.66358,5.82835,109.407
-5.66083,5.88948,109.287
-5.66024,5.95275,109.169
-5.66185,6.01343,109.053
-5.66487,6.07171,108.947
-5.66687,6.1245,108.846
-5.67292,6.16819,108.747
-5.67942,6.20757,108.632
-5.68621,6.24252,108.51
-5.69058,6.27121,108.387
-5.69482,6.29345,108.267
-5.69987,6.31075,108.148
-5.70478,6.32498,108.03
-5.70931,6.33795,107.916
-5.713,6.35252,107.805
-5.71684,6.3697,107.701
-5.72082,6.38598,107.599
-5.72305,6.40581,107.498
-5.71864,6.43271,107.393
-5.71135,6.46562,107.283
-5.70237,6.50227,107.172
-5.6908,6.54092,107.062
-5.67701,6.58066,106.951
-5.66306,6.62106,106.84
-5.64897,6.66101,106.731
-5.63041,6.69728,106.635
-5.60737,6.72818,106.54
-5.58431,6.74817,106.446
-5.556,6.76397,106.353
-5.52734,6.77176,106.251
-5.49755,6.77381,106.141
-5.4667,6.76919,106.029
-5.43702,6.75656,105.922
-5.40924,6.73985,105.822
-5.38335,6.72131,105.724
-5.36492,6.70166,105.63
-5.35144,6.68264,105.529
-5.33813,6.67254,105.428
-5.32627,6.66811,105.328
-5.31645,6.67133,105.227
-5.30828,6.68117,105.126
-5.29985,6.69545,105.026
-5.29215,6.71699,104.927
-5.28756,6.74806,104.829
-5.28095,6.77645,104.731
-5.27584,6.80533,104.632
-5.27189,6.83802,104.532
-5.26511,6.86994,104.427
-5.25706,6.89487,104.32
-5.24578,6.91651,104.21
-5.2312,6.93378,104.102
-5.21384,6.94297,103.997
-5.19384,6.94324,103.891
-5.17192,6.93713,103.786
-5.14939,6.92601,103.685
-5.11886,6.91055,103.586
-5.08781,6.88943,103.489
-5.0538,6.86471,103.386
-5.01833,6.84157,103.279
-4.98245,6.81787,103.172
-4.94736,6.79803,103.066
-4.91597,6.7826,102.962
-4.88743,6.76977,102.857
-4.85985,6.76033,102.753
-4.84277,6.75275,102.65
-4.82958,6.75118,102.551
-4.82277,6.75146,102.453
-4.82014,6.74914,102.353
-4.81983,6.74598,102.251
-4.82298,6.74016,102.148
-4.82698,6.7329,102.044
-4.83174,6.72353,101.94
-4.83658,6.71114,101.839
-4.83825,6.69682,101.74
-4.83947,6.67954,101.639
-4.84389,6.66193,101.54
-4.84923,6.64469,101.441
-4.85017,6.62299,101.342
-4.85089,6.603,101.25
-4.84866,6.58664,101.158
-4.84747,6.57562,101.067
-4.84767,6.56971,100.975
-4.8471,6.56857,100.881
-4.84664,6.5722,100.779
-4.84681,6.57715,100.674
-4.85023,6.58315,100.569
-4.85382,6.59796,100.473
-4.85908,6.61213,100.378
-4.86529,6.62843,100.283
-4.87038,6.64691,100.186
-4.87455,6.66565,100.088
-4.87867,6.68245,99.9918
-4.88265,6.69686,99.9012
-4.88594,6.71019,99.8172
-4.88931,6.72272,99.735
-4.89383,6.73444,99.6538
-4.89352,6.74738,99.5791
-4.89323,6.75838,99.5057
-4.88847,6.76974,99.4327
-4.88085,6.7839,99.3602
-4.8733,6.79866,99.283
-4.8648,6.81415,99.2002
-4.85369,6.83113,99.1147
-4.84237,6.84778,99.0276
-4.83392,6.86417,98.9389
-4.82419,6.87972,98.8476
-4.81393,6.89059,98.7551
-4.80406,6.90023,98.6569
-4.79569,6.90934,98.5558
-4.78872,6.91481,98.4557
-4.78208,6.91887,98.3591
-4.77694,6.92248,98.2647
-4.77375,6.9241,98.1718
-4.77031,6.92323,98.0817
-4.7665,6.92089,97.9926
-4.76391,6.91695,97.9039
-4.75998,6.9097,97.8171
-4.75861,6.90361,97.7315
-4.75598,6.89988,97.6499
-4.75202,6.89802,97.5701
-4.74768,6.89918,97.4913
-4.74305,6.90391,97.4101
-4.73833,6.91174,97.3251
-4.73407,6.92219,97.2396
-4.72897,6.93449,97.1526
-4.72332,6.94714,97.0623
-4.716,6.95844,96.9732
-4.70473,6.96963,96.8868
-4.69559,6.97849,96.8028
-4.68708,6.98714,96.7183
-4.67569,6.9947,96.634
-4.66041,7.00132,96.5489
-4.64294,7.00795,96.4622
-4.62561,7.01379,96.3759
-4.60978,7.0176,96.2896
-4.59151,7.02008,96.2056
-4.57245,7.01997,96.1196
-4.55245,7.01759,96.0341
-4.53214,7.01574,95.9491
-4.51401,7.01583,95.867
-4.49544,7.0172,95.7866
-4.47581,7.01899,95.7066
-4.45844,7.02234,95.6279
-4.4455,7.02915,95.5507
-4.43427,7.0378,95.4729
-4.42484,7.04626,95.3936
-4.41718,7.05533,95.3118
-4.4115,7.06356,95.2307
-4.40588,7.07086,95.1519
-4.40043,7.07855,95.0786
-4.39298,7.08572,95.0098
-4.38388,7.09112,94.9429
-4.37369,7.09521,94.8751
-4.36056,7.09904,94.8044
-4.34529,7.10158,94.7287
-4.33074,7.10354,94.6511
-4.31132,7.10179,94.5767
-4.28941,7.09918,94.5045
-4.26757,7.09594,94.434
-4.24649,7.09306,94.3674
-4.22708,7.09011,94.3077
-4.20971,7.08745,94.2521
-4.19373,7.0864,94.1962
-4.17863,7.08806,94.1386
-4.16555,7.09283,94.0787
-4.15444,7.09841,94.0187
-4.14494,7.10609,93.9547
-4.1392,7.11427,93.8839
-4.13513,7.12466,93.8113
-4.13065,7.13389,93.7379
-4.12572,7.14134,93.6655
-4.12089,7.14762,93.5976
-4.11595,7.1527,93.5355
-4.10991,7.15631,93.4753
-4.10166,7.15843,93.4121
-4.08912,7.15792,93.3422
-4.0762,7.15388,93.2725
-4.06219,7.14906,93.2042
-4.04929,7.14549,93.138
-4.03571,7.14291,93.0716
-4.02112,7.14065,93.0045
-4.00709,7.1382,92.937
-3.99385,7.13471,92.869
-3.97995,7.1297,92.8014
-3.96649,7.1246,92.7369
-3.95446,7.11924,92.6769
-3.94351,7.11235,92.6179
-3.9346,7.10765,92.56
-3.9282,7.10442,92.5012
-3.92235,7.10207,92.4395
-3.9165,7.1012,92.3773
-3.91,7.10208,92.3185
-3.90271,7.10401,92.2658
-3.89619,7.10567,92.2188
-3.89161,7.10542,92.1731
-3.88528,7.10243,92.127
-3.87312,7.10086,92.0764
-3.86085,7.09787,92.0255
-3.84733,7.09455,91.9726
-3.83313,7.09218,91.9171
-3.81768,7.09013,91.86
-3.80048,7.08814,91.8039
-3.78137,7.08618,91.752
-3.76121,7.08341,91.7043
-3.74319,7.07922,91.6562
-3.72646,7.07607,91.6081
-3.70905,7.07526,91.5559
-3.69426,7.07398,91.4979
-3.68249,7.07461,91.4398
-3.672,7.07715,91.3816
-3.66465,7.08092,91.3205
-3.66159,7.08449,91.2565
-3.66136,7.0872,91.1922
-3.66198,7.09022,91.1294
-3.66356,7.09474,91.0681
-3.66855,7.09905,91.0062
-3.67404,7.1006,90.9464
-3.6801,7.10224,90.8878
-3.6864,7.10737,90.8288
-3.69178,7.11564,90.7704
-3.69664,7.12656,90.7129
-3.70229,7.13975,90.6558
-3.70764,7.15383,90.598
-3.70997,7.16779,90.5382
-3.71102,7.18444,90.4738
-3.71269,7.20403,90.403
-3.71322,7.22316,90.3306
-3.71262,7.24016,90.2601
-3.71126,7.25712,90.1916
-3.70931,7.27346,90.1239
-3.70621,7.28786,90.0571
-3.7009,7.29985,89.9915
-3.69301,7.30937,89.9264
-3.68394,7.31621,89.8624
-3.67647,7.32105,89.8025
-3.67083,7.32461,89.7472
-3.66812,7.32946,89.6935
-3.66582,7.33345,89.6381
-3.66415,7.33593,89.5797
-3.66387,7.33862,89.52
-3.66596,7.34278,89.4598
-3.67044,7.348,89.4
-3.67632,7.35308,89.34
-3.68238,7.35784,89.2783
-3.68769,7.36389,89.2149
-3.69226,7.37231,89.1547
-3.6994,7.38116,89.0999
-3.70578,7.39,89.046
-3.70917,7.39837,88.987
-3.70935,7.40446,88.9222
-3.70729,7.40795,88.8546
-3.70504,7.40917,88.7848
-3.70334,7.40801,88.712
-3.7004,7.40431,88.6366
-3.69473,7.39858,88.5593
-3.68838,7.39039,88.4833
-3.68273,7.38045,88.4111
-3.67966,7.3695,88.3384
-3.67902,7.35745,88.264
-3.6781,7.34567,88.189
-3.67685,7.33416,88.1139
-3.67655,7.32326,88.0386
-3.67765,7.31403,87.9627
-3.6796,7.30694,87.8863
-3.68265,7.30103,87.8088
-3.68782,7.29582,87.7291
-3.69576,7.29031,87.6463
-3.70409,7.2854,87.563
-3.71133,7.28234,87.4798
-3.71871,7.28119,87.3965
-3.72714,7.28059,87.3127
-3.73518,7.28002,87.2286
-3.74169,7.27901,87.1439
-3.74793,7.27579,87.0576
-3.75456,7.26899,86.9699
-3.75905,7.26204,86.8823
-3.75895,7.25343,86.7931
-3.75949,7.24151,86.7055
-3.76141,7.2279,86.6201
-3.76439,7.21357,86.5354
-3.76728,7.2001,86.448
-3.76884,7.18773,86.3563
-3.76953,7.17713,86.2618
-3.77124,7.16959,86.1668
-3.77426,7.16305,86.072
-3.77917,7.15747,85.9765
-3.78357,7.15966,85.8815
-3.78804,7.16521,85.7872
-3.79337,7.17227,85.6947
-3.79911,7.18159,85.6034
-3.80473,7.19305,85.5139
-3.81033,7.20617,85.4264
-3.81584,7.22013,85.34
-3.82098,7.23402,85.2541
-3.82661,7.24784,85.168
-3.83135,7.25818,85.0789
-3.83139,7.26493,84.9854
-3.83093,7.27055,84.8902
-3.82667,7.27456,84.7939
-3.81925,7.27722,84.6961
-3.81041,7.27831,84.5967
-3.80135,7.27739,84.4921
-3.79303,7.27459,84.3794
-3.78607,7.27082,84.2614
-3.77955,7.26684,84.1432
-3.7736,7.26194,84.0331
-3.76844,7.25731,83.9283
-3.76732,7.25223,83.8279
-3.76694,7.24953,83.7284
-3.76784,7.24994,83.6295
-3.77009,7.25248,83.5317
-3.77308,7.25735,83.4362
-3.77713,7.26484,83.3429
-3.78321,7.27339,83.2495
-3.79017,7.28134,83.1562
-3.79589,7.29031,83.063
-3.80023,7.29883,82.9691
-3.80262,7.30716,82.8741
-3.80436,7.31458,82.7771
-3.80565,7.32134,82.6804
-3.80429,7.32614,82.5841
-3.7988,7.32855,82.4866
-3.79014,7.32876,82.3859
-3.77967,7.32652,82.2801
-3.7664,7.32265,82.1706
-3.75322,7.31877,82.0593
-3.74056,7.31952,81.9495
-3.73081,7.32331,81.8395
-3.72118,7.32763,81.7269
-3.7118,7.33346,81.6135
-3.70461,7.33999,81.5007
-3.69812,7.34595,81.3896
-3.68985,7.35158,81.2805
-3.68073,7.35796,81.1736
-3.67302,7.36426,81.0703
-3.66561,7.36765,80.9692
-3.65952,7.36882,80.8695
-3.65302,7.36791,80.7632
-3.64781,7.36296,80.6536
-3.64283,7.35633,80.5428
-3.6386,7.35058,80.4332
-3.63517,7.34664,80.3241
-3.63247,7.34386,80.2138
-3.63136,7.34176,80.1028
-3.63191,7.3412,79.9906
-3.63148,7.33951,79.8766
-3.63285,7.33838,79.7622
-3.63354,7.3374,79.6455
-3.633,7.33521,79.5281
-3.63192,7.33364,79.4092
-3.63007,7.33069,79.2892
-3.62706,7.3235,79.1719
-3.62338,7.31201,79.0593
-3.61954,7.29859,78.9481
-3.61436,7.28447,78.8364
-3.61173,7.27004,78.7257
-3.6079,7.25004,78.6157
-3.60697,7.22992,78.5066
-3.60789,7.21047,78.3955
-3.60993,7.19191,78.2837
-3.6149,7.1745,78.1716
-3.623,7.15853,78.0556
-3.63274,7.14508,77.9345
-3.6441,7.13647,77.8119
-3.65881,7.13492,77.6893
-3.67443,7.13832,77.5669
-3.69409,7.14646,77.4448
-3.71322,7.16207,77.3228
-3.73164,7.17671,77.2011
-3.75197,7.19063,77.0841
-3.7755,7.20624,76.9696
-3.79985,7.22313,76.8553
-3.82041,7.23931,76.7426
-3.83507,7.25374,76.6334
-3.84727,7.26515,76.5268
-3.85704,7.27228,76.4184
-3.86674,7.27657,76.2943
-3.87301,7.28139,76.1657
-3.87985,7.28425,76.0352
-3.88638,7.2854,75.9076
-3.89408,7.2854,75.7825
-3.90327,7.28447,75.6593
-3.91366,7.28428,75.5374
-3.92556,7.28647,75.4164
-3.93686,7.28832,75.3016
-3.94792,7.29347,75.193
-3.95938,7.30491,75.0867
-3.97283,7.31635,74.9799
-3.98742,7.33037,74.8748
-4.00162,7.35094,74.7723
-4.01405,7.37498,74.6702
-4.02694,7.40053,74.5674
-4.04107,7.42845,74.4647
-4.05261,7.45844,74.3614
-4.06046,7.48867,74.2532
-4.06754,7.52002,74.145
-4.07038,7.54437,74.0375
-4.07356,7.56531,73.937
-4.0768,7.58554,73.8397
-4.07712,7.60375,73.7424
-4.07614,7.61928,73.6455
-4.07437,7.63138,73.549
-4.07182,7.63965,73.4529
-4.07018,7.64511,73.3574
-4.06855,7.64982,73.2601
-4.06162,7.65649,73.1539
-4.05819,7.66237,73.0468
-4.0563,7.66719,72.9401
-4.05871,7.67077,72.8394
-4.06363,7.6781,72.741
-4.06823,7.6871,72.644
-4.07315,7.69719,72.5464
-4.0805,7.70948,72.4476
-4.08979,7.72312,72.3496
-4.09801,7.7379,72.25
-4.10144,7.75269,72.1483
-4.10965,7.76366,72.0463
-4.12037,7.77551,71.9423
-4.12852,7.78843,71.8401
-4.13258,7.7999,71.7422
-4.13522,7.80823,71.6469
-4.13676,7.8132,71.5527
-4.13544,7.8155,71.4583
-4.13139,7.8156,71.3624
-4.12699,7.81355,71.2663
-4.12368,7.81444,71.1705
-4.11674,7.8092,71.0778
-4.10872,7.80631,70.9876
-4.10007,7.80341,70.8968
-4.09455,7.79633,70.8111
-4.09029,7.7901,70.7289
-4.08597,7.78334,70.6476
-4.08218,7.77352,70.5628
-4.07908,7.76479,70.4704
-4.07666,7.75581,70.3762
-4.07371,7.74218,70.2801
-4.06926,7.72805,70.1842
-4.07139,7.71215,70.1009
-4.0746,7.69386,70.0206
-4.07953,7.67447,69.94
-4.08641,7.65421,69.8626
-4.09356,7.63521,69.7886
-4.10204,7.61625,69.7152
-4.1134,7.59331,69.6385
-4.11958,7.5715,69.5491
-4.12348,7.54977,69.4585
-4.13075,7.52494,69.3683
-4.1378,7.50049,69.2822
-4.14306,7.4724,69.199
-4.14886,7.44391,69.1171
-4.15295,7.41542,69.0303
-4.1542,7.38575,68.9379
-4.15321,7.35588,68.8439
-4.15044,7.32845,68.75
-4.14843,7.30295,68.6569
-4.1505,7.27725,68.567
-4.14824,7.25246,68.4774
-4.14767,7.23209,68.3875
-4.14853,7.21517,68.2965
-4.15024,7.20044,68.205
-4.15125,7.18765,68.1141
-4.15261,7.17788,68.0289
-4.15481,7.17087,67.9518
-4.15621,7.16471,67.8776
-4.15798,7.15987,67.801
-4.15449,7.15406,67.72
-4.15427,7.15111,67.6357
-4.15371,7.14679,67.5499
-4.15167,7.14265,67.4598
-4.15067,7.13817,67.3669
-4.15049,7.13296,67.2739
-4.15028,7.12695,67.1806
-4.1519,7.12178,67.087
-4.15715,7.11902,66.9944
-4.161,7.11532,66.9018
-4.1642,7.1125,66.8103
-4.17077,7.10851,66.7156
-4.1776,7.10437,66.6209
-4.18335,7.10054,66.5256
-4.18799,7.0949,66.4317
-4.19202,7.0903,66.3392
-4.19632,7.08512,66.2476
-4.1996,7.07763,66.1562
-4.19958,7.07164,66.0643
-4.19879,7.06785,65.9729
-4.19563,7.0629,65.8813
-4.19298,7.05731,65.7904
-4.18816,7.05441,65.6989
-4.18138,7.04711,65.6103
-4.17442,7.03897,65.5217
-4.16689,7.03112,65.4388
-4.15802,7.02263,65.3609
-4.14942,7.01281,65.2826
-4.14284,7.00193,65.203
-4.13493,6.99111,65.1208
-4.13012,6.98159,65.038
-4.12459,6.97094,64.9547
-4.11881,6.95967,64.8708
-4.11369,6.95022,64.7846
-4.11107,6.94068,64.6984
-4.10892,6.93206,64.6129
-4.10643,6.92381,64.5278
-4.10407,6.91505,64.443
-4.10198,6.90659,64.3593
-4.1021,6.89734,64.2786
-4.10474,6.88791,64.1999
-4.1079,6.87874,64.1206
-4.11212,6.86853,64.0415
-4.11787,6.85916,63.9628
-4.12253,6.85063,63.8841
-4.12615,6.8441,63.8068
-4.13108,6.83972,63.7332
-4.13715,6.83565,63.6638
-4.14132,6.83056,63.5951
-4.14392,6.82676,63.522
-4.14399,6.82411,63.4308
-4.14428,6.82293,63.3361
-4.14234,6.82236,63.2474
-4.14147,6.81965,63.1737
-4.1379,6.81594,63.1076
-4.1315,6.81313,63.0422
-4.12351,6.80985,62.9699
-4.11474,6.80432,62.8899
-4.10607,6.79732,62.8098
-4.09835,6.78892,62.7298
-4.0913,6.77996,62.6516
-4.08407,6.77346,62.5745
-4.07765,6.7677,62.4971
-4.0734,6.76427,62.4198
-4.06994,6.76161,62.3429
-4.06698,6.7576,62.2665
-4.06506,6.75318,62.1921
-4.06446,6.74865,62.1228
-4.06492,6.74214,62.0594
-4.06627,6.73612,61.9981
-4.06972,6.73058,61.9394
-4.07222,6.72499,61.8823
-4.07197,6.71904,61.8257
-4.07027,6.70932,61.7668
-4.07056,6.69759,61.7009
-4.07138,6.68766,61.6306
-4.0709,6.68014,61.5579
-4.06969,6.67357,61.4839
-4.06885,6.66727,61.4117
-4.06759,6.66051,61.3435
-4.06863,6.65442,61.2744
-4.06727,6.6513,61.2064
-4.06708,6.64963,61.1397
-4.06715,6.64878,61.0748
-4.06509,6.6472,61.01
-4.06272,6.64501,60.9448
-4.0624,6.64285,60.8788
-4.06463,6.64152,60.8112
-4.06854,6.64134,60.7408
-4.07324,6.64096,60.6676
-4.07924,6.64112,60.5953
-4.08478,6.64102,60.5276
-4.09092,6.64092,60.4639
-4.09781,6.64169,60.4015
-4.1053,6.642,60.3386
-4.11308,6.64278,60.2753
-4.11985,6.6445,60.2124
-4.12468,6.64707,60.1501
-4.12837,6.65113,60.0883
-4.13215,6.65681,60.0279
-4.13449,6.66275,59.9697
-4.13612,6.66863,59.9111
-4.13736,6.67603,59.8528
-4.13767,6.68379,59.7949
-4.13763,6.69129,59.7364
-4.13717,6.69865,59.6779
-4.13624,6.70601,59.6195
-4.13533,6.71392,59.5607
-4.13495,6.72267,59.5021
-4.13481,6.72998,59.4451
-4.13504,6.7351,59.3873
-4.13546,6.73898,59.3289
-4.13531,6.74116,59.2716
-4.1336,6.74455,59.2156
-4.13394,6.7496,59.1586
-4.13546,6.75479,59.1002
-4.13609,6.76047,59.0416
-4.13695,6.76777,58.9834
-4.14086,6.77598,58.925
-4.14649,6.78376,58.8665
-4.15138,6.7902,58.8072
-4.15367,6.79838,58.7448
-4.15439,6.80523,58.6821
-4.15607,6.81166,58.6236
-4.15763,6.81862,58.5728
-4.15746,6.82465,58.5269
-4.15599,6.82768,58.4804
-4.15446,6.82715,58.4299
-4.15288,6.82454,58.3761
-4.15037,6.82199,58.3227
-4.1472,6.81948,58.2692
-4.14497,6.81687,58.2177
-4.14441,6.81304,58.1677
-4.14391,6.80898,58.1178
-4.14227,6.80492,58.0649
-4.14017,6.80167,58.0058
-4.1383,6.7981,57.9419
-4.13653,6.79272,57.8769
-4.13522,6.78657,57.8119
-4.13639,6.78196,57.7458
-4.13842,6.7766,57.6795
-4.14054,6.76915,57.6147
-4.14643,6.7616,57.5518
-4.15308,6.75304,57.4887
-4.15641,6.74317,57.4238
-4.15819,6.73354,57.358
-4.16075,6.7241,57.2923
-4.16395,6.71398,57.2272
-4.16676,6.70429,57.162
-4.16913,6.69735,57.0937
-4.17016,6.69155,57.0204
-4.17019,6.68719,56.9468
-4.16975,6.68513,56.8776
-4.16931,6.68362,56.8129
-4.1686,6.68107,56.7499
-4.16696,6.67559,56.6864
-4.16401,6.66672,56.6225
-4.1601,6.65503,56.5585
-4.15584,6.64123,56.4952
-4.15085,6.62661,56.4364
-4.14337,6.61059,56.3835
-4.13619,6.59233,56.3311
-4.13198,6.57387,56.2771
-4.12868,6.55551,56.2215
-4.12638,6.53713,56.1656
-4.12542,6.51915,56.1098
-4.12605,6.5019,56.053
-4.12865,6.48554,55.9939
-4.13284,6.4708,55.9323
-4.1365,6.45911,55.8695
-4.14104,6.45043,55.8044
-4.14799,6.44351,55.7367
-4.15244,6.43835,55.6687
-4.15333,6.43241,55.6011
-4.15315,6.42578,55.5333
-4.15414,6.42022,55.4646
-4.15527,6.41556,55.3951
-4.15421,6.40943,55.3256
-4.15006,6.39966,55.2573
-4.14259,6.38618,55.1899
-4.13112,6.36963,55.1228
-4.12017,6.34883,55.0558
-4.11029,6.32486,54.9894
-4.10029,6.30065,54.9239
-4.08834,6.27651,54.8578
-4.07524,6.25183,54.7916
-4.06308,6.22685,54.7259
-4.05275,6.2018,54.6603
-4.04379,6.17581,54.594
-4.03655,6.14845,54.5269
-4.03158,6.1226,54.4588
-4.02688,6.09896,54.3948
-4.02264,6.07598,54.3345
-4.02084,6.05577,54.2755
-4.02123,6.03964,54.2176
-4.02244,6.02678,54.1611
-4.02394,6.01625,54.1055
-4.02552,6.0079,54.0482
-4.02656,6.00212,53.9865
-4.02689,5.99932,53.9232
-4.02644,5.99895,53.8607
-4.02653,5.99934,53.7962
-4.0259,6.00202,53.7334
-4.02587,6.0061,53.6724
-4.02505,6.01025,53.6119
-4.0219,6.01501,53.5498
-4.01723,6.02034,53.4855
-4.01159,6.0247,53.4208
-4.00377,6.02696,53.3567
-3.99448,6.02835,53.2923
-3.98501,6.02875,53.2279
-3.97624,6.02764,53.1638
-3.96698,6.02631,53.1028
-3.95815,6.02468,53.0451
-3.9489,6.02255,52.9884
-3.94043,6.02067,52.9329
-3.93286,6.02012,52.879
-3.92583,6.02187,52.8257
-3.9201,6.02637,52.7725
-3.91562,6.03271,52.7195
-3.91042,6.03908,52.6661
-3.90444,6.04685,52.6132
-3.89989,6.05494,52.5609
-3.89596,6.06428,52.5047
-3.8929,6.07368,52.4446
-3.89055,6.08342,52.3816
-3.88896,6.09444,52.3185
-3.88804,6.10722,52.2576
-3.88762,6.12097,52.1988
-3.88831,6.13291,52.1398
-3.88829,6.13927,52.0784
-3.88805,6.14461,52.0167
-3.8872,6.14878,51.9556
-3.88585,6.1531,51.8994
-3.88518,6.15782,51.8469
-3.8857,6.16269,51.7958
-3.88469,6.16715,51.7456
-3.88077,6.17296,51.6937
-3.87647,6.1827,51.6358
-3.87207,6.19367,51.5753
-3.86591,6.2067,51.5148
-3.8611,6.2236,51.4588
-3.85453,6.2424,51.4067
-3.84826,6.26298,51.3561
-3.84402,6.28367,51.2973
-3.84004,6.30428,51.2306
-3.83615,6.32498,51.1597
-3.8335,6.34569,51.0901
-3.83211,6.36651,51.0275
-3.83205,6.38764,50.9691
-3.83352,6.40825,50.9143
-3.83655,6.42805,50.8592
-3.83875,6.44849,50.8037
-3.84163,6.47222,50.7472
-3.84571,6.49791,50.6893
-3.85079,6.52411,50.631
-3.85615,6.55155,50.574
-3.8614,6.58056,50.5175
-3.86705,6.60976,50.459
-3.87356,6.63954,50.3976
-3.87957,6.66851,50.3331
-3.88867,6.69591,50.2687
-3.89827,6.72309,50.1988
-3.90856,6.74549,50.1271
-3.92076,6.76676,50.0561
-3.93422,6.78778,49.9923
-3.94864,6.80736,49.9381
-3.96391,6.82563,49.8892
-3.97981,6.84425,49.8409
-3.99765,6.86334,49.7927
-4.01639,6.88445,49.7437
-4.03617,6.90816,49.6939
-4.05569,6.93146,49.647
-4.07378,6.95658,49.5961
-4.0893,6.98299,49.5448
-4.10184,7.01082,49.4949
-4.11228,7.03797,49.4499
-4.12196,7.06592,49.4108
-4.13123,7.09819,49.3738
-4.13919,7.12684,49.3382
-4.14763,7.15577,49.3047
-4.15648,7.18191,49.2725
-4.165,7.2083,49.2426
-4.17342,7.23345,49.2137
-4.18216,7.25444,49.1864
-4.19215,7.27183,49.1612
-4.20294,7.28898,49.1347
-4.21318,7.30769,49.1054
-4.2222,7.32696,49.0767
-4.23045,7.34725,49.0488
-4.24123,7.36944,49.0226
-4.25242,7.39005,49.0046
-4.26809,7.41168,48.9914
-4.28212,7.43509,48.9811
-4.29772,7.46095,48.9721
-4.31428,7.4893,48.9652
-4.32987,7.5183,48.96
-4.34383,7.54859,48.9541
-4.35651,7.58314,48.9459
-4.36833,7.61935,48.9365
-4.37746,7.6575,48.9295
-4.38695,7.70024,48.9238
-4.39434,7.74347,48.9203
-4.40333,7.79113,48.9186
-4.41325,7.84214,48.9201
-4.42361,7.89498,48.9256
-4.43351,7.9491,48.9338
-4.44297,8.00422,48.9438
-4.45303,8.06069,48.9557
-4.46327,8.12066,48.9681
-4.47765,8.17974,48.9798
-4.49075,8.24031,48.9958
-4.50532,8.30104,49.0183
-4.52099,8.36325,49.0454
-4.53632,8.42515,49.0747
-4.55185,8.49,49.1051
-4.56886,8.55803,49.1363
-4.58627,8.62848,49.1692
-4.60277,8.70225,49.2063
-4.62257,8.77577,49.2494
-4.64292,8.85426,49.2993
-4.66433,8.9404,49.3529
-4.68711,9.03113,49.418
-4.708,9.12768,49.4907
-4.7278,9.2264,49.568
-4.74519,9.32797,49.6499
-4.75969,9.43417,49.7346
-4.77313,9.5444,49.8211
-4.78748,9.65583,49.9113
-4.80224,9.76621,50.0055
-4.81525,9.87842,50.1023
-4.82739,9.98925,50.2032
-4.83854,10.1007,50.3089
-4.85148,10.2111,50.4327
-4.86481,10.3224,50.5667
-4.87127,10.3914,50.7099
-4.87125,10.424,50.857
-4.87012,10.4531,51.0027
-4.86909,10.4802,51.1517
-4.86656,10.5059,51.3088
-4.86135,10.5297,51.4763
-4.85599,10.551,51.651
-4.85112,10.5717,51.8357
-4.84478,10.5946,52.0295
-4.83906,10.6216,52.2355
-4.83552,10.6536,52.4511
-4.835,10.6905,52.6748
-4.83872,10.7326,52.9069
-4.8477,10.7818,53.1464
-4.86077,10.8388,53.3935
-4.87837,10.9042,53.652
-4.90184,10.9769,53.9152
-4.94127,11.1443,54.1845
-4.97451,11.2576,54.4612
-5.00774,11.3598,54.7474
-5.0428,11.4698,55.0419
-5.07883,11.5864,55.3431
-5.11576,11.7097,55.6514
-5.15346,11.8398,55.9674
-5.19161,11.9754,56.2885
-5.23008,12.1148,56.6146
-5.27355,12.2559,56.9475
-5.31948,12.398,57.2921
-5.36812,12.5367,57.6458
-5.41869,12.6683,58.0072
-5.46959,12.7911,58.3749
-5.52208,12.9035,58.7505
-5.57706,13.0034,59.1372
-5.63193,13.089,59.5373
-5.68481,13.1598,59.9539
-5.73545,13.2149,60.3871
-5.78349,13.2534,60.8339
-5.83039,13.2777,61.2961
-5.87447,13.2866,61.7728
-5.91509,13.2825,62.2667
-5.9557,13.2684,62.7853
-5.99635,13.2458,63.3276
-6.03625,13.2169,63.8882
-6.07751,13.1863,64.4649
-6.11994,13.1549,65.0527
-6.16425,13.1258,65.645
-6.21264,13.102,66.2479
-6.26503,13.0811,66.8606
-6.31966,13.0648,67.4756
-6.37895,13.0501,68.0978
-6.44156,13.0332,68.7326
-6.50837,13.012,69.3882
-6.58121,12.9859,70.0651
-6.65925,12.9553,70.7528
-6.74203,12.9173,71.4476
-6.82834,12.8702,72.1419
-6.91786,12.8109,72.8427
-7.0063,12.7397,73.5478
-7.09521,12.659,74.2599
-7.18935,12.5648,74.9733
-7.32366,12.4554,75.6832
-7.48808,12.3312,76.3881
-7.65043,12.1957,77.0863
-7.80859,12.0539,77.7764
-7.96615,11.9044,78.4625
-8.12263,11.7455,79.1469
-8.27987,11.5815,79.8326
-8.43841,11.4083,80.5172
-8.59958,11.2264,81.2006
-8.76694,11.0351,81.8854
-8.94013,10.8337,82.5707
-9.11129,10.6259,83.2558
-9.25277,10.4335,83.9455
-9.3441,10.2731,84.6453
-9.42775,10.1035,85.35
-9.50367,9.92723,86.0597
-9.57095,9.74804,86.7814
-9.63245,9.56967,87.5066
-9.68611,9.39671,88.2317
-9.73259,9.23416,88.9553
-9.77402,9.0851,89.676
-9.81127,8.95144,90.3922
-9.84598,8.8348,91.1032
-9.88139,8.73726,91.8096
-9.91732,8.66122,92.5105
-9.95223,8.60609,93.2028
-9.98865,8.57664,93.8836
-10.0235,8.56905,94.5497
-10.0575,8.57941,95.2028
-10.0903,8.60284,95.844
-10.1208,8.63494,96.4765
-10.1471,8.67156,97.099
-10.1672,8.70945,97.7092
-10.1798,8.74721,98.3075
-10.1831,8.78426,98.8935
-10.175,8.81531,99.4675
-10.154,8.83775,100.025
-10.1245,8.85439,100.571
-10.0865,8.86485,101.101
-10.043,8.87009,101.617
-9.99762,8.87129,102.12
-9.95091,8.87085,102.611
-9.90283,8.87039,103.092
-9.85573,8.87026,103.56
-9.81043,8.87357,104.012
-9.76762,8.88306,104.448
-9.72889,8.89842,104.867
-9.69213,8.91915,105.273
-9.66125,8.94387,105.672
-9.63589,8.97423,106.064
-9.6165,9.00912,106.448
-9.60416,9.04764,106.825
-9.5943,9.07917,107.197
-9.57013,9.07191,107.559
-9.51267,8.99443,107.91
-9.45951,8.91939,108.25
-9.4104,8.84877,108.569
-9.36582,8.78259,108.873
-9.32269,8.71784,109.162
-9.27816,8.65013,109.433
-9.23101,8.57668,109.687
-9.18122,8.49605,109.925
-9.12958,8.40712,110.149
-9.07549,8.30874,110.362
-9.01442,8.19996,110.561
-8.94694,8.07866,110.75
-8.87421,7.94472,110.926
-8.79264,7.80304,111.092
-8.70488,7.65314,111.25
-8.61284,7.49739,111.399
-8.51806,7.34097,111.54
-8.42202,7.18634,111.673
-8.32591,7.03452,111.8
-8.23082,6.88809,111.921
-8.13871,6.74887,112.036
-8.0519,6.6191,112.145
-7.97005,6.50488,112.248
-7.89407,6.40112,112.343
-7.82483,6.30404,112.431
-7.76274,6.21794,112.512
-7.7089,6.14358,112.586
-7.66139,6.07674,112.654
-7.617,6.01439,112.715
-7.57449,5.95735,112.769
-7.53319,5.90439,112.819
-7.49117,5.85258,112.863
-7.45147,5.80202,112.9
-7.41177,5.75201,112.926
-7.36845,5.70172,112.947
-7.32223,5.65073,112.96
-7.27585,5.59903,112.966
-7.22985,5.54698,112.962
-7.1849,5.49485,112.953
-7.14233,5.44225,112.937
-7.0989,5.38901,112.916
-7.05674,5.33962,112.89
-7.01813,5.29325,112.856
-6.9826,5.24987,112.817
-6.94802,5.20802,112.774
-6.91601,5.1693,112.727
-6.88713,5.13438,112.678
-6.8614,5.10209,112.626
-6.83838,5.07113,112.571
-6.81759,5.04085,112.516
-6.80026,5.00978,112.459
-6.78742,4.98022,112.402
-6.77805,4.95661,112.343
-6.77563,4.93306,112.284
-6.77847,4.9083,112.221
-6.7858,4.88557,112.154
-6.79599,4.86457,112.084
-6.8075,4.84499,112.015
-6.82157,4.82673,111.949
-6.84045,4.8087,111.887
-6.86138,4.79138,111.826
-6.88157,4.77649,111.762
-6.90175,4.76089,111.7
-6.91954,4.74493,111.64
-6.93542,4.73032,111.583
-6.9494,4.71875,111.529
-6.96145,4.70871,111.479
-6.97155,4.6984,111.429
-6.97922,4.68795,111.378
-6.98373,4.6794,111.325
-6.98549,4.67488,111.274
-6.98608,4.6734,111.223
-6.98634,4.67421,111.169
-6.98423,4.67507,111.112
-6.98087,4.67581,111.053
-6.97826,4.67759,110.995
-6.97624,4.68112,110.938
-6.97361,4.68543,110.883
-6.97156,4.68896,110.83
-6.97322,4.69136,110.781
-6.97817,4.69359,110.733
-6.98545,4.69595,110.687
-6.9941,4.69854,110.637
-7.00276,4.70043,110.585
-7.01218,4.70183,110.532
-7.02244,4.7036,110.482
-7.03312,4.70528,110.435
-7.04425,4.70776,110.392
-7.05666,4.71273,110.35
-7.07127,4.72025,110.309
-7.08779,4.72891,110.268
-7.10496,4.73987,110.226
-7.12188,4.75341,110.187
-7.13868,4.76977,110.147
-7.15365,4.78783,110.106
-7.16683,4.80568,110.064
-7.17908,4.82438,110.021
-7.19165,4.84507,109.976
-7.20376,4.86713,109.93
-7.21294,4.88909,109.883
-7.22005,4.91015,109.836
-7.22732,4.9296,109.788
-7.23459,4.94723,109.739
-7.24082,4.9605,109.691
-7.24554,4.96745,109.646
-7.2497,4.969,109.602
-7.25579,4.96735,109.557
-7.26465,4.96475,109.511
-7.27487,4.96178,109.463
-7.28487,4.95705,109.415
-7.2945,4.94925,109.366
-7.30269,4.93637,109.317
-7.30981,4.92055,109.269
-7.31724,4.90518,109.22
-7.32511,4.88918,109.172
-7.33474,4.87046,109.124
-7.34567,4.84984,109.077
-7.3569,4.8291,109.032
-7.3673,4.80683,108.99
-7.37593,4.77967,108.95
-7.38301,4.74957,108.912
-7.38621,4.71853,108.871
-7.38471,4.68591,108.827
-7.3849,4.65233,108.783
-7.38517,4.61825,108.741
-7.38392,4.58596,108.695
-7.38149,4.55632,108.644
-7.37818,4.52898,108.59
-7.37474,4.50354,108.537
-7.37303,4.48013,108.49
-7.37331,4.45925,108.447
-7.37117,4.44144,108.402
-7.36925,4.42508,108.351
-7.36839,4.40908,108.293
-7.36724,4.39104,108.23
-7.36494,4.37107,108.161
-7.36136,4.34981,108.087
-7.35624,4.32616,108.01
-7.34901,4.29954,107.931
-7.3397,4.27136,107.854
-7.32968,4.24178,107.778
-7.31807,4.21121,107.7
-7.3052,4.18048,107.621
-7.29113,4.15106,107.535
-7.27349,4.12303,107.444
-7.25435,4.09871,107.35
-7.23595,4.07899,107.256
-7.21828,4.06422,107.162
-7.20023,4.05436,107.067
-7.18144,4.04855,106.973
-7.16219,4.04567,106.879
-7.14369,4.04388,106.784
-7.1244,4.04507,106.688
-7.10506,4.04839,106.591
-7.08651,4.05023,106.493
-7.0669,4.05076,106.393
-7.04637,4.05069,106.29
-7.0252,4.05013,106.183
-7.00371,4.04802,106.075
-6.98283,4.04222,105.962
-6.96285,4.03091,105.846
-6.94415,4.01532,105.73
-6.92719,3.99696,105.612
-6.91123,3.97533,105.492
-6.89885,3.95272,105.362
-6.88904,3.9283,105.221
-6.88109,3.89956,105.076
-6.87539,3.86852,104.932
-6.87216,3.83815,104.793
-6.87042,3.80762,104.654
-6.869,3.77617,104.513
-6.869,3.74625,104.368
-6.87308,3.71468,104.217
-6.87915,3.68115,104.063
-6.88542,3.64998,103.914
-6.89263,3.6207,103.769
-6.90088,3.59416,103.623
-6.91064,3.57311,103.476
-6.92098,3.55749,103.327
-6.92867,3.54494,103.178
-6.93256,3.53831,103.027
-6.93733,3.53384,102.873
-6.94049,3.53272,102.706
-6.9402,3.53067,102.53
-6.93733,3.52942,102.352
-6.93239,3.52703,102.175
-6.92529,3.5232,101.999
-6.91503,3.51833,101.823
-6.9017,3.51314,101.646
-6.88756,3.50792,101.466
-6.87453,3.5012,101.285
-6.86082,3.49424,101.102
-6.84675,3.48878,100.919
-6.83249,3.48437,100.736
-6.81889,3.48114,100.552
-6.8079,3.47861,100.369
-6.80016,3.47962,100.184
-6.79576,3.48555,100
-6.79471,3.49535,99.818
-6.79695,3.50787,99.6358
-6.80236,3.5229,99.4503
-6.80992,3.54051,99.2632
-6.82104,3.56268,99.0782
-6.83846,3.584,98.901
-6.85905,3.60851,98.727
-6.88063,3.6352,98.5551
-6.90447,3.66181,98.3883
-6.93006,3.68917,98.2268
-6.95582,3.71751,98.0682
-6.98139,3.74518,97.9113
-7.0057,3.77512,97.7534
-7.02929,3.80572,97.5973
-7.04988,3.83446,97.4449
-7.06581,3.86693,97.2955
-7.07957,3.902,97.147
-7.09035,3.9391,96.9999
-7.09635,3.97594,96.8562
-7.09936,4.01379,96.7164
-7.09965,4.05482,96.5813
-7.09419,4.09733,96.4521
-7.08645,4.13824,96.325
-7.08084,4.17787,96.1919
-7.0754,4.21726,96.0607
-7.06791,4.25794,95.9326
-7.06141,4.29723,95.8121
-7.05578,4.33441,95.6972
-7.04959,4.37067,95.5858
-7.04234,4.40715,95.4799
-7.03537,4.44577,95.3801
-7.02964,4.48948,95.2823
-7.02333,4.53826,95.1841
-7.01968,4.58647,95.088
-7.01395,4.63638,94.9808
-7.01154,4.68807,94.8695
-7.01161,4.74354,94.7558
-7.01472,4.79877,94.6498
-7.0195,4.85431,94.5509
-7.02359,4.91011,94.4554
-7.0271,4.96498,94.3625
-7.03193,5.01846,94.2725
-7.03613,5.06932,94.183
-7.03984,5.12103,94.0955
-7.04314,5.1743,94.013
-7.04509,5.22917,93.9329
-7.04911,5.2859,93.8536
-7.05119,5.34357,93.7698
-7.05207,5.4001,93.684
-7.05421,5.45418,93.5999
-7.05703,5.50589,93.5177
-7.05853,5.55626,93.4376
-7.06128,5.6066,93.3636
-7.06738,5.65706,93.2924
-7.07125,5.70701,93.2236
-7.07323,5.75689,93.1499
-7.07495,5.80661,93.0767
-7.07661,5.85662,93.0079
-7.07842,5.90626,92.9394
-7.08083,5.95605,92.8702
-7.08309,6.00567,92.8024
-7.08303,6.0541,92.7397
-7.08052,6.10446,92.6916
-7.08183,6.15145,92.6469
-7.08327,6.19903,92.6038
-7.0836,6.24397,92.5524
-7.08552,6.28699,92.4985
-7.08771,6.32858,92.4447
-7.08894,6.36872,92.3901
-7.08958,6.4078,92.3412
-7.09184,6.44669,92.3012
-7.0963,6.48447,92.2639
-7.09794,6.517,92.2274
-7.0985,6.55079,92.1783
-7.10133,6.58062,92.1253
-7.10555,6.61032,92.0701
-7.10976,6.63567,92.0184
-7.11222,6.65738,91.9695
-7.11337,6.67545,91.92
-7.11498,6.69228,91.8673
-7.11619,6.70902,91.8125
-7.11404,6.72217,91.7579
-7.10988,6.72994,91.7026
-7.10345,6.73891,91.6454
-7.10182,6.74833,91.59
-7.09692,6.75709,91.5328
-7.09391,6.76535,91.4753
-7.0924,6.77276,91.4213
-7.09189,6.78038,91.3704
-7.09098,6.78893,91.3216
-7.08899,6.79708,91.2771
-7.08767,6.80186,91.2403
-7.08885,6.80193,91.2067
-7.08985,6.80349,91.1759
-7.09288,6.8076,91.1356
-7.09567,6.81225,91.0952
-7.09849,6.81383,91.0532
-7.10435,6.81519,91.0079
-7.11166,6.81761,90.961
-7.11951,6.81863,90.9138
-7.12726,6.81667,90.8692
-7.13473,6.81375,90.8299
-7.14658,6.81097,90.7899
-7.15401,6.80557,90.7472
-7.16439,6.79681,90.7048
-7.17296,6.78852,90.6533
-7.18234,6.77902,90.5986
-7.19317,6.76719,90.5427
-7.20441,6.75442,90.488
-7.21458,6.74274,90.4347
-7.22297,6.73176,90.3816
-7.23025,6.71957,90.327
-7.23807,6.7079,90.2684
-7.24651,6.6981,90.2099
-7.25744,6.69187,90.1521
-7.26639,6.68365,90.1033
-7.27599,6.67427,90.0569
-7.28697,6.66881,90.0115
-7.29699,6.66709,89.9679
-7.30522,6.66759,89.9254
-7.31356,6.6707,89.8825
-7.32317,6.67751,89.8392
-7.33094,6.68643,89.7943
-7.33562,6.69189,89.7464
-7.3408,6.69857,89.6981
-7.34317,6.70098,89.6475
-7.34193,6.70172,89.5982
-7.34052,6.70075,89.5502
-7.33916,6.69728,89.5025
-7.33679,6.68939,89.4542
-7.33382,6.67843,89.4048
-7.3316,6.66876,89.3539
-7.32965,6.65877,89.302
-7.32673,6.64628,89.2509
-7.32277,6.63619,89.2005
-7.31668,6.6282,89.1501
-7.31177,6.61982,89.1053
-7.30631,6.61237,89.0636
-7.30098,6.60824,89.022
-7.29607,6.60684,88.9807
-7.29029,6.60606,88.9381
-7.28292,6.60622,88.891
-7.27567,6.60962,88.8431
-7.27024,6.61422,88.7946
-7.26268,6.61807,88.7481
-7.25627,6.62088,88.7014
-7.2472,6.62119,88.6523
-7.23652,6.61971,88.6022
-7.22528,6.61693,88.5535
-7.2128,6.613,88.5031
-7.19909,6.60711,88.4458
-7.18564,6.59869,88.3814
-7.17202,6.5898,88.315
-7.15902,6.58015,88.2486
-7.14604,6.57125,88.1875
-7.13147,6.56177,88.1276
-7.11888,6.55009,88.0664
-7.10618,6.53732,88.0049
-7.09248,6.52563,87.9419
-7.07812,6.51663,87.8774
-7.06431,6.50877,87.8127
-7.05292,6.49951,87.7495
-7.04451,6.49218,87.6881
-7.03519,6.48726,87.6267
-7.02522,6.48147,87.5619
-7.01442,6.47768,87.4937
-7.00567,6.47624,87.4221
-6.99831,6.47485,87.3507
-6.99155,6.4733,87.2799
-6.98371,6.47246,87.2093
-6.97419,6.47264,87.1395
-6.96356,6.47334,87.0713
-6.94989,6.47386,87.0025
-6.93715,6.47251,86.9336
-6.92163,6.46978,86.8659
-6.90962,6.46701,86.7986
-6.89879,6.46422,86.7319
-6.88965,6.46456,86.6659
-6.88028,6.46847,86.6002
-6.86999,6.47412,86.5369
-6.85961,6.48036,86.476
-6.84967,6.48751,86.4133
-6.84092,6.49464,86.3475
-6.8342,6.50118,86.2791
-6.82861,6.5058,86.2098
-6.82337,6.51004,86.1372
-6.82047,6.51302,86.06
-6.81904,6.51495,85.981
-6.81777,6.51492,85.9033
-6.81585,6.51334,85.8306
-6.81316,6.51104,85.7636
-6.81004,6.50705,85.6991
-6.80714,6.49979,85.6353
-6.80426,6.49206,85.5698
-6.79894,6.48155,85.5024
-6.79417,6.47246,85.4354
-6.78966,6.46426,85.3663
-6.78444,6.4602,85.2919
-6.77885,6.45865,85.2149
-6.77358,6.45961,85.1385
-6.76766,6.46475,85.0623
-6.75946,6.47343,84.9846
-6.75043,6.48365,84.9065
-6.742,6.49559,84.8274
-6.73291,6.50792,84.752
-6.72518,6.52005,84.6751
-6.71793,6.52994,84.5969
-6.71,6.53673,84.5143
-6.70247,6.54156,84.4273
-6.69362,6.54549,84.3392
-6.68254,6.54914,84.254
-6.67253,6.55219,84.1752
-6.66488,6.55208,84.105
-6.6566,6.54975,84.0368
-6.64786,6.54594,83.9662
-6.63802,6.54146,83.8879
-6.62848,6.53644,83.8093
-6.61872,6.53197,83.7327
-6.60924,6.52907,83.6571
-6.60088,6.52639,83.5819
-6.59377,6.52376,83.5079
-6.58756,6.52394,83.4362
-6.58226,6.52734,83.3683
-6.57421,6.5323,83.3007
-6.56507,6.53756,83.2301
-6.55897,6.54738,83.1549
-6.55479,6.55738,83.0773
-6.5525,6.56619,82.9971
-6.55232,6.57366,82.913
-6.55197,6.5791,82.8246
-6.55051,6.58186,82.7332
-6.55001,6.58197,82.6397
-6.54944,6.57929,82.5405
-6.5466,6.57664,82.436
-6.54249,6.57178,82.33
-6.5375,6.56555,82.2234
-6.53333,6.55832,82.1172
-6.53001,6.54973,82.0114
-6.52579,6.54131,81.9081
-6.52055,6.53582,81.8111
-6.51515,6.53489,81.7201
-6.50914,6.53767,81.6313
-6.50169,6.54259,81.5424
-6.49573,6.55134,81.4514
-6.49061,6.56781,81.3595
-6.48616,6.58848,81.2674
-6.48315,6.61067,81.175
-6.48196,6.63481,81.0824
-6.47973,6.66147,80.9899
-6.47561,6.69052,80.898
-6.47099,6.72111,80.807
-6.46648,6.75237,80.716
-6.46157,6.78412,80.6238
-6.45642,6.81461,80.528
-6.44781,6.84497,80.4267
-6.43653,6.87383,80.324
-6.42487,6.90126,80.2236
-6.41235,6.92785,80.1278
-6.39842,6.95426,80.0347
-6.38364,6.98066,79.9424
-6.36831,7.0072,79.8508
-6.35285,7.0345,79.7598
-6.34046,7.0633,79.6691
-6.32995,7.09272,79.5783
-6.32024,7.12408,79.4873
-6.31461,7.15653,79.3944
-6.31197,7.18984,79.3018
-6.31366,7.22358,79.2102
-6.31797,7.25773,79.1194
-6.3236,7.29228,79.0286
-6.3306,7.32615,78.9375
-6.33822,7.35762,78.8466
-6.34452,7.38623,78.7562
-6.351,7.41126,78.6652
-6.35749,7.43433,78.5771
-6.3629,7.45779,78.4924
-6.36711,7.47856,78.4081
-6.36972,7.49667,78.3224
-6.37095,7.51348,78.236
-6.37102,7.52889,78.151
-6.36987,7.54325,78.068
-6.36694,7.55849,77.9861
-6.36104,7.57438,77.9046
-6.35149,7.58955,77.8237
-6.34295,7.60666,77.7452
-6.33558,7.62587,77.6683
-6.3277,7.64528,77.5901
-6.32102,7.66493,77.5105
-6.31608,7.68578,77.4298
-6.31294,7.70778,77.3487
-6.31105,7.72929,77.2678
-6.30946,7.74877,77.1872
-6.30922,7.76738,77.1058
-6.31183,7.78744,77.0236
-6.31599,7.80698,76.9416
-6.32003,7.82249,76.8565
-6.32437,7.83713,76.7685
-6.33018,7.85144,76.6788
-6.33681,7.86373,76.5887
-6.34251,7.8745,76.4982
-6.34691,7.88601,76.4066
-6.35093,7.89955,76.3137
-6.35359,7.91541,76.2214
-6.35583,7.93256,76.1333
-6.35752,7.95018,76.049
-6.35573,7.97038,75.9639
-6.35303,7.99171,75.8777
-6.35248,8.01336,75.7899
-6.3528,8.03523,75.7013
-6.35186,8.05915,75.6113
-6.34987,8.08608,75.5189
-6.34893,8.11462,75.4244
-6.34998,8.14413,75.3294
-6.35096,8.17296,75.2381
-6.35019,8.20015,75.1505
-6.34935,8.22923,75.0612
-6.34876,8.25809,74.9713
-6.35066,8.28605,74.8826
-6.35418,8.31239,74.7961
-6.35842,8.33673,74.711
-6.36368,8.35956,74.6262
-6.36959,8.3813,74.542
-6.37405,8.40049,74.4596
-6.37767,8.41581,74.3793
-6.37805,8.43081,74.3024
-6.37758,8.44592,74.2295
-6.37514,8.45988,74.1596
-6.36946,8.47287,74.0918
-6.35947,8.48713,74.0248
-6.34637,8.50376,73.958
-6.3317,8.52196,73.8896
-6.31493,8.54034,73.817
-6.29484,8.55784,73.7416
-6.27113,8.57466,73.6656
-6.24426,8.58752,73.5877
-6.22036,8.59559,73.5142
-6.19675,8.59882,73.4438
-6.17168,8.59557,73.3741
-6.14589,8.58584,73.3062
-6.1208,8.57101,73.2408
-6.09712,8.55244,73.1767
-6.07464,8.53098,73.1113
-6.05288,8.50778,73.0396
-6.03197,8.48396,72.9617
-6.01238,8.46173,72.884
-5.99684,8.43953,72.8063
-5.98161,8.41879,72.7287
-5.96751,8.39916,72.6525
-5.95498,8.38249,72.5791
-5.9432,8.3695,72.5078
-5.93163,8.35976,72.4365
-5.92007,8.3525,72.3636
-5.90726,8.34439,72.2895
-5.89614,8.33344,72.2088
-5.88877,8.32066,72.124
-5.88161,8.30668,72.0373
-5.87266,8.28946,71.9487
-5.86263,8.26916,71.859
-5.85136,8.24679,71.7684
-5.84052,8.22341,71.6802
-5.83207,8.19941,71.5961
-5.82567,8.17488,71.5129
-5.82068,8.15129,71.4291
-5.81826,8.1327,71.3422
-5.8188,8.11642,71.2534
-5.81903,8.10062,71.1647
-5.82055,8.08543,71.0777
-5.82337,8.06894,70.9927
-5.82609,8.05321,70.9086
-5.82946,8.03966,70.8259
-5.8349,8.02812,70.7437
-5.84165,8.01931,70.6606
-5.8479,8.01464,70.5791
-5.85356,8.01187,70.5
-5.85946,8.01302,70.4241
-5.86797,8.01674,70.3488
-5.87407,8.02406,70.2737
-5.87965,8.0351,70.1997
-5.88358,8.04893,70.1269
-5.8856,8.06326,70.0542
-5.88573,8.07691,69.9803
-5.8827,8.09111,69.904
-5.87751,8.10633,69.8244
-5.87198,8.12017,69.7424
-5.86565,8.13079,69.6639
-5.85797,8.1411,69.5857
-5.85072,8.14886,69.5089
-5.84532,8.15387,69.434
-5.83997,8.15852,69.3562
-5.83433,8.16247,69.2753
-5.8302,8.1657,69.1942
-5.8281,8.17138,69.1149
-5.82598,8.1797,69.0398
-5.82587,8.18872,68.9663
-5.82645,8.19883,68.8941
-5.82829,8.20707,68.8219
-5.83396,8.2141,68.7479
-5.84137,8.2239,68.6739
-5.8491,8.23515,68.6032
-5.85684,8.24601,68.5362
-5.8646,8.2575,68.4709
-5.87165,8.27036,68.4055
-5.87676,8.28081,68.3379
-5.88342,8.29008,68.2688
-5.88518,8.30049,68.1978
-5.88605,8.31082,68.1271
-5.88585,8.31659,68.0538
-5.88534,8.32027,67.9788
-5.88352,8.32331,67.9038
-5.88161,8.32469,67.829
-5.88006,8.32379,67.7541
-5.87709,8.32132,67.6801
-5.87478,8.31665,67.6085
-5.87457,8.31339,67.5416
-5.87301,8.30875,67.4781
-5.873,8.30547,67.4161
-5.87487,8.3005,67.3549
-5.87873,8.29667,67.2931
-5.88476,8.29581,67.231
-5.89081,8.29786,67.1643
-5.89577,8.30124,67.0901
-5.90167,8.30588,67.0127
-5.90875,8.31604,66.9354
-5.91578,8.32661,66.8585
-5.92561,8.34301,66.7849
-5.93478,8.35733,66.7142
-5.9436,8.37113,66.6413
-5.9506,8.38548,66.5716
-5.95844,8.40018,66.5041
-5.96757,8.41395,66.4363
-5.9757,8.4269,66.3647
-5.98175,8.43986,66.2875
-5.98641,8.45037,66.2096
-5.98669,8.46064,66.1284
-5.98772,8.46733,66.0502
-5.98813,8.47432,65.9744
-5.98902,8.48102,65.8989
-5.98956,8.48766,65.8254
-5.99074,8.4944,65.7523
-5.9913,8.50233,65.6808
-5.99113,8.51151,65.6127
-5.99231,8.5215,65.5462
-5.99224,8.53517,65.4791
-5.99533,8.54837,65.4142
-5.99845,8.56342,65.3512
-6.00272,8.58088,65.2927
-6.00655,8.59907,65.2388
-6.01039,8.61627,65.1848
-6.01212,8.63098,65.1344
-6.01182,8.64404,65.0895
-6.01225,8.65638,65.0473
-6.01384,8.66694,65.0037
-6.01191,8.67531,64.9564
-6.0065,8.68018,64.91
-6.00228,8.68345,64.8617
-5.99703,8.68487,64.8266
-5.99364,8.6831,64.7975
-5.98948,8.68035,64.7698
-5.98251,8.67544,64.7427
-5.97397,8.66829,64.7133
-5.9649,8.66038,64.6805
-5.95496,8.65235,64.6476
-5.94717,8.64416,64.6156
-5.94034,8.63238,64.5772
-5.93261,8.62015,64.5367
-5.92472,8.60781,64.4957
-5.91558,8.59093,64.4526
-5.90641,8.57337,64.4091
-5.89777,8.55639,64.3657
-5.8897,8.53781,64.3283
-5.88167,8.51646,64.2987
-5.87388,8.49407,64.2701
-5.86908,8.47156,64.2412
-5.86437,8.44924,64.2032
-5.86159,8.42661,64.1639
-5.85336,8.40875,64.1225
-5.84519,8.3917,64.0785
-5.8377,8.37517,64.0337
-5.83136,8.3606,63.989
-5.82564,8.3487,63.9445
-5.81893,8.33999,63.8982
-5.8099,8.33441,63.8482
-5.7991,8.32876,63.7991
-5.7899,8.32465,63.7499
-5.78358,8.32456,63.6999
-5.77657,8.326,63.6518
-5.76768,8.32741,63.605
-5.76079,8.33091,63.5558
-5.75404,8.33557,63.5041
-5.74781,8.3408,63.4522
-5.74263,8.34732,63.4026
-5.73622,8.35494,63.3564
-5.73087,8.36212,63.3117
-5.7308,8.37066,63.2667
-5.72531,8.38017,63.2248
-5.72004,8.38884,63.1819
-5.71377,8.39822,63.1383
-5.70707,8.40942,63.0964
-5.69997,8.42082,63.058
-5.69268,8.43116,63.0219
-5.6853,8.44143,62.9859
-5.67706,8.45128,62.9487
-5.66668,8.45484,62.9068
-5.65313,8.45744,62.864
-5.639,8.4558,62.8212
-5.62627,8.45233,62.7928
-5.61204,8.44771,62.7694
-5.59608,8.44151,62.7464
-5.58018,8.43301,62.7171
-5.5648,8.42419,62.6823
-5.54955,8.41498,62.6468
-5.53451,8.4015,62.6115
-5.51979,8.38462,62.5769
-5.50973,8.3681,62.5427
-5.49868,8.34698,62.5093
-5.48985,8.32584,62.4753
-5.48062,8.30451,62.4418
-5.47309,8.27977,62.4092
-5.46561,8.25208,62.3773
-5.45575,8.22357,62.3459
-5.44306,8.1945,62.3141
-5.42939,8.16269,62.2803
-5.41804,8.12742,62.2444
-5.4077,8.09646,62.2042
-5.39476,8.06092,62.1603
-5.38491,8.02481,62.1157
-5.37747,7.98856,62.0705
-5.36939,7.95462,62.0265
-5.36154,7.9211,61.9826
-5.35307,7.88729,61.9376
-5.3437,7.85396,61.8907
-5.33541,7.8206,61.8419
-5.32602,7.78701,61.7929
-5.31734,7.75788,61.7443
-5.30923,7.72963,61.697
-5.30497,7.7023,61.6469
-5.30257,7.6757,61.5972
-5.30074,7.65136,61.5487
-5.29763,7.62816,61.5011
-5.2947,7.60534,61.4532
-5.29343,7.58432,61.405
-5.29256,7.56665,61.3573
-5.29246,7.55077,61.3087
-5.29224,7.53786,61.2594
-5.29173,7.52481,61.2087
-5.29055,7.51355,61.1554
-5.28978,7.50222,61.1004
-5.28858,7.49009,61.0443
-5.28629,7.47717,60.9843
-5.28412,7.46523,60.9211
-5.28262,7.45504,60.8567
-5.27967,7.44499,60.791
-5.27426,7.43448,60.7269
-5.27292,7.42081,60.6614
-5.27232,7.40603,60.5961
-5.27375,7.39425,60.5301
-5.27641,7.38226,60.4637
-5.27977,7.36926,60.3965
-5.28411,7.35651,60.3261
-5.28841,7.34436,60.2531
-5.2926,7.33277,60.1799
-5.29889,7.32186,60.1073
-5.3077,7.31001,60.0337
-5.31647,7.29936,59.9575
-5.32169,7.28937,59.8847
-5.32566,7.27846,59.8123
-5.32774,7.27085,59.7398
-5.32924,7.26504,59.6678
-5.33092,7.25755,59.5963
-5.33247,7.24641,59.5238
-5.33347,7.2325,59.4499
-5.33391,7.21824,59.3775
-5.33346,7.20422,59.3093
-5.33083,7.18652,59.2467
-5.3274,7.16762,59.1877
-5.32026,7.15322,59.1292
-5.30961,7.13721,59.0667
-5.29816,7.12115,59.0026
-5.28806,7.10537,58.9394
-5.27875,7.08962,58.8782
-5.26963,7.07379,58.818
-5.26141,7.05772,58.7574
-5.25281,7.04179,58.6966
-5.24484,7.0275,58.6342
-5.23459,7.01498,58.5694
-5.22341,7.0031,58.5028
-5.21496,6.99216,58.4344
-5.20846,6.98259,58.3611
-5.204,6.97523,58.2835
-5.20194,6.96921,58.2031
-5.2007,6.96376,58.1201
-5.19828,6.95919,58.0351
-5.19681,6.95402,57.95
-5.19644,6.94804,57.8686
-5.19695,6.9427,57.7985
-5.19849,6.93899,57.7302
-5.19947,6.93622,57.66
-5.20191,6.93393,57.5865
-5.20492,6.93202,57.5113
-5.20874,6.93021,57.4358
-5.21415,6.9288,57.3598
-5.21995,6.92862,57.2807
-5.22466,6.92936,57.1972
-5.22851,6.93018,57.1142
-5.23207,6.93009,57.0313
-5.23781,6.93142,56.9493
-5.24488,6.93681,56.8683
-5.25127,6.94443,56.7915
-5.25783,6.95258,56.7247
-5.2647,6.96124,56.6662
-5.27066,6.97124,56.6094
-5.27526,6.98316,56.5489
-5.27961,6.9967,56.4802
-5.28403,7.00687,56.4112
-5.28736,7.01524,56.348
-5.29033,7.02287,56.2936
-5.29273,7.02778,56.2434
-5.29543,7.03071,56.1955
-5.29785,7.03296,56.1467
-5.29958,7.03566,56.0939
-5.30126,7.03909,56.0374
-5.30419,7.04215,55.9807
-5.30968,7.04317,55.9235
-5.31724,7.04351,55.8666
-5.32279,7.04429,55.8127
-5.32761,7.04482,55.7628
-5.3343,7.04452,55.7199
-5.34302,7.04311,55.68
-5.35279,7.04219,55.6408
-5.36271,7.04184,55.6009
-5.37255,7.04089,55.5613
-5.38287,7.03896,55.5237
-5.39464,7.03636,55.4876
-5.40748,7.03498,55.4524
-5.42274,7.03597,55.4179
-5.43903,7.03691,55.385
-5.45452,7.03776,55.3552
-5.47017,7.03827,55.3277
-5.48578,7.03893,55.3017
-5.50045,7.03967,55.2763
-5.51249,7.03897,55.2509
-5.52041,7.03556,55.2266
-5.52569,7.03131,55.2049
-5.53052,7.02744,55.187
-5.5331,7.02271,55.1727
-5.53475,7.01568,55.1597
-5.53578,7.00699,55.1449
-5.5357,6.99646,55.1255
-5.53459,6.9828,55.1046
-5.53331,6.96546,55.0875
-5.53217,6.94516,55.0771
-5.5301,6.92239,55.0718
-5.52605,6.89573,55.0674
-5.52144,6.86399,55.0634
-5.5167,6.82888,55.0607
-5.51104,6.79156,55.0585
-5.50411,6.75348,55.0571
-5.49783,6.71585,55.0583
-5.49425,6.67861,55.0622
-5.49189,6.64182,55.0677
-5.48816,6.60589,55.0713
-5.48315,6.57109,55.0681
-5.47835,6.53766,55.0585
-5.47203,6.50513,55.0472
-5.46647,6.47622,55.0321
-5.46162,6.44853,55.0139
-5.45478,6.4206,54.9948
-5.44728,6.39413,54.9763
-5.43975,6.37009,54.9586
-5.43157,6.34803,54.9416
-5.42221,6.32627,54.9249
-5.4119,6.30312,54.9086
-5.401,6.27885,54.8943
-5.39011,6.25567,54.8835
-5.38037,6.23416,54.8729
-5.37204,6.21281,54.8575
-5.36531,6.19108,54.8377
-5.35979,6.16884,54.8156
-5.35536,6.14507,54.7908
-5.35282,6.11963,54.7623
-5.35279,6.09313,54.7306
-5.35502,6.06573,54.6965
-5.3595,6.03717,54.6611
-5.36583,6.00871,54.6255
-5.37408,5.97939,54.5889
-5.38381,5.95032,54.5495
-5.39284,5.92234,54.5096
-5.4006,5.89617,54.4694
-5.40892,5.87258,54.4282
-5.41829,5.85126,54.389
-5.42668,5.83115,54.3541
-5.43273,5.81174,54.3223
-5.43907,5.79394,54.2923
-5.44544,5.7782,54.2637
-5.45094,5.76577,54.2347
-5.45478,5.75644,54.2065
-5.45723,5.74847,54.182
-5.45928,5.7397,54.1609
-5.46113,5.73061,54.1421
-5.46237,5.72191,54.1237
-5.46317,5.71279,54.1044
-5.46389,5.70238,54.0843
-5.46294,5.69264,54.0643
-5.46034,5.68404,54.0428
-5.45445,5.67251,54.0177
-5.44757,5.65786,53.9923
-5.44055,5.64302,53.9665
-5.43096,5.62945,53.9399
-5.4195,5.61538,53.9123
-5.40733,5.59979,53.8842
-5.3943,5.58269,53.8566
-5.38058,5.56418,53.8311
-5.36861,5.54603,53.8072
-5.35998,5.53144,53.7834
-5.35306,5.51806,53.7579
-5.34699,5.50555,53.7327
-5.34131,5.49263,53.7085
-5.33597,5.48187,53.6844
-5.33095,5.47342,53.6613
-5.32575,5.46526,53.6391
-5.32018,5.45656,53.615
-5.31461,5.44891,53.5864
-5.30877,5.44338,53.5554
-5.30408,5.43951,53.5247
-5.30289,5.437,53.4934
-5.30186,5.43662,53.4694
-5.30013,5.43653,53.4513
-5.29703,5.43587,53.4358
-5.29328,5.43488,53.421
-5.28937,5.43394,53.406
-5.28509,5.43181,53.3906
-5.27962,5.42643,53.3747
-5.27171,5.41826,53.3577
-5.26486,5.409,53.3408
-5.25825,5.39847,53.3226
-5.25133,5.38943,53.2965
-5.24736,5.38344,53.2642
-5.24682,5.37841,53.2302
-5.2496,5.37462,53.1997
-5.25605,5.37258,53.1728
-5.26775,5.3721,53.1474
-5.28512,5.37357,53.1232
-5.30367,5.37812,53.1003
-5.32404,5.38058,53.0737
-5.34533,5.38267,53.0472
-5.36304,5.38421,53.0212
-5.37893,5.38356,52.992
-5.39458,5.38056,52.9612
-5.40901,5.37821,52.9284
-5.42222,5.37758,52.9005
-5.43587,5.37689,52.8843
-5.45096,5.37556,52.8759
-5.46651,5.37739,52.8698
-5.48162,5.38313,52.8647
-5.49458,5.38573,52.8604
-5.50953,5.38683,52.856
-5.52544,5.3884,52.8529
-5.54111,5.39172,52.8493
-5.55824,5.39596,52.8455
-5.57628,5.3999,52.8409
-5.59336,5.40169,52.8352
-5.61017,5.3992,52.8296
-5.62908,5.39273,52.8231
-5.6518,5.38393,52.8155
-5.67763,5.37243,52.8005
-5.70732,5.36019,52.7824
-5.74056,5.35011,52.7621
-5.77753,5.33834,52.7419
-5.81693,5.32285,52.7229
-5.85777,5.3054,52.7051
-5.89922,5.28717,52.6906
-5.9407,5.26622,52.683
-5.98369,5.2415,52.6786
-6.02594,5.21446,52.6752
-6.06381,5.18538,52.6693
-6.09996,5.15334,52.6627
-6.1329,5.12086,52.6583
-6.16544,5.09093,52.6559
-6.20071,5.06511,52.6524
-6.24025,5.04204,52.647
-6.28432,5.02227,52.642
-6.33398,5.00835,52.6415
-6.39249,4.99646,52.6508
-6.45919,4.98735,52.6649
-6.53205,4.98482,52.6827
-6.607,4.98705,52.6915
-6.6859,4.9928,52.6958
-6.76782,4.9999,52.7
-6.85287,5.00902,52.7074
-6.94011,5.02107,52.7179
-7.0285,5.03566,52.7298
-7.11816,5.05185,52.744
-7.20822,5.06902,52.7603
-7.29824,5.08684,52.7767
-7.38772,5.10616,52.794
-7.47474,5.12495,52.81
-7.56475,5.14403,52.8248
-7.65565,5.16328,52.8381
-7.74808,5.18258,52.8501
-7.84234,5.20018,52.8598
-7.93842,5.21352,52.8655
-8.03706,5.22216,52.8655
-8.13746,5.2295,52.8597
-8.24202,5.23708,52.8448
-8.35351,5.23989,52.8258
-8.47019,5.24283,52.8025
-8.59118,5.24588,52.7761
-8.7135,5.24898,52.7485
-8.83843,5.25156,52.718
-8.96492,5.25529,52.6841
-9.09057,5.26095,52.6492
-9.21394,5.26716,52.6155
-9.33129,5.2751,52.583
-9.44562,5.28045,52.5516
-9.55077,5.2922,52.521
-9.65236,5.30639,52.4915
-9.74783,5.32392,52.4648
-9.83771,5.34565,52.4381
-9.92411,5.37259,52.4107
-10.0115,5.40208,52.3839
-10.1005,5.43126,52.357
-10.1885,5.45931,52.3272
-10.2816,5.48272,52.2977
-10.3807,5.50215,52.2713
-10.4783,5.50949,52.2551
-10.5735,5.50259,52.2441
-10.6661,5.48302,52.2419
-10.7562,5.4535,52.244
-10.8441,5.41568,52.2478
-10.9312,5.36787,52.2546
-11.0182,5.31096,52.2658
-11.104,5.24988,52.2812
-11.1883,5.18443,52.3019
-11.2726,5.11689,52.3221
-11.3595,5.04878,52.3449
-11.4468,4.98006,52.3621
-11.5336,4.91266,52.3772
-11.6203,4.8479,52.391
-11.7049,4.78356,52.4024
-11.789,4.71995,52.412
-11.8739,4.65952,52.4205
-11.9564,4.60203,52.4281
-12.0367,4.54445,52.4365
-12.1184,4.49032,52.4427
-12.1998,4.44204,52.4454
-12.2803,4.39544,52.4419
-12.3646,4.35305,52.4344
-12.4515,4.31041,52.4261
-12.5368,4.26639,52.4182
-12.6228,4.22078,52.4103
-12.7097,4.17331,52.404
-12.7922,4.12289,52.4018
-12.8721,4.06551,52.3997
-12.9512,4.00136,52.401
-13.0275,3.9374,52.4079
-13.1033,3.86827,52.4185
-13.1743,3.79541,52.4257
-13.2433,3.72278,52.4363
-13.3098,3.64798,52.4504
-13.3745,3.57073,52.4677
-13.4371,3.49193,52.4893
-13.4954,3.41014,52.5143
-13.553,3.32648,52.5425
-13.6088,3.24185,52.5804
-13.6633,3.15441,52.6185
-13.7182,3.0714,52.6534
-13.7748,2.99172,52.6882
-13.8307,2.91458,52.7238
-13.8866,2.83736,52.7579
-13.9423,2.76192,52.7909
-13.9951,2.6893,52.8197
-14.0434,2.61608,52.8386
-14.0882,2.5435,52.8553
-14.1352,2.47113,52.8713
-14.1803,2.39355,52.8923
-14.2255,2.30972,52.9152
-14.2736,2.22568,52.9379
-14.322,2.14108,52.9583
-14.3751,2.05313,52.9774
-14.4337,1.96112,52.9962
-14.4961,1.86859,53.0165
-14.5634,1.77821,53.0399
-14.6348,1.6849,53.0627
-14.7091,1.59421,53.0843
-14.7818,1.50794,53.1034
-14.8557,1.42192,53.1155
-14.9304,1.33336,53.123
-15.0047,1.24324,53.1266
-15.0786,1.15402,53.1287
-15.1534,1.06833,53.1294
-15.2295,0.987214,53.1278
-15.3071,0.909775,53.1244
-15.3899,0.835623,53.1193
-15.4734,0.766513,53.1151
-15.5583,0.706671,53.1084
-15.6482,0.653482,53.0982
-15.7392,0.603642,53.0845
-15.8293,0.557038,53.0723
-15.9177,0.514015,53.0651
-16.0011,0.473962,53.0617
-16.0777,0.43631,53.0613
-16.1489,0.401544,53.0655
-16.2111,0.369991,53.0709
-16.2658,0.339998,53.0736
-16.3127,0.314162,53.0787
-16.3548,0.289832,53.086
-16.3908,0.266009,53.0983
-16.4199,0.242865,53.1152
-16.4445,0.220076,53.1355
-16.4644,0.197349,53.1537
-16.478,0.173497,53.1684
-16.4861,0.14647,53.1856
-16.4905,0.11502,53.2049
-16.4933,0.0731088,53.2326
-16.4949,0.0250691,53.2637
-16.4968,-0.0239701,53.2941
-16.5017,-0.0726677,53.3167
-16.509,-0.119772,53.3362
-16.5221,-0.165565,53.3538
-16.5413,-0.208877,53.3709
-16.565,-0.248511,53.3893
-16.5939,-0.285176,53.4094
-16.6266,-0.319469,53.4294
-16.6633,-0.353188,53.4447
-16.7006,-0.38867,53.4516
-16.7352,-0.423028,53.4542
-16.7672,-0.458748,53.4564
-16.7929,-0.496232,53.4617
-16.8128,-0.53037,53.4704
-16.8279,-0.557485,53.4807
-16.8385,-0.578488,53.4902
-16.8449,-0.59605,53.4982
-16.8489,-0.610691,53.5051
-16.8509,-0.62286,53.5105
-16.8469,-0.627605,53.5147
-16.8437,-0.626473,53.5228
-16.8408,-0.622109,53.5323
-16.8372,-0.615787,53.5443
-16.8309,-0.608503,53.5584
-16.8226,-0.60092,53.5741
-16.8135,-0.593142,53.5915
-16.8022,-0.58567,53.6107
-16.7892,-0.580856,53.6326
-16.7758,-0.579646,53.6542
-16.763,-0.583581,53.6757
-16.7519,-0.590153,53.6964
-16.7417,-0.601353,53.7165
-16.7306,-0.618868,53.7367
-16.7183,-0.642718,53.7583
-16.7055,-0.673912,53.7824
-16.6917,-0.712221,53.8093
-16.6751,-0.755198,53.8384
-16.6574,-0.803165,53.8683
-16.6411,-0.857099,53.8989
-16.623,-0.914055,53.9305
-16.6014,-0.972568,53.9607
-16.5803,-1.03088,53.9882
-16.5604,-1.0857,54.0132
-16.5418,-1.13797,54.0365
-16.5244,-1.18821,54.0592
-16.5081,-1.23573,54.081
-16.4927,-1.28079,54.0996
-16.478,-1.32412,54.1153
-16.4648,-1.36335,54.1291
-16.4518,-1.39722,54.142
-16.4377,-1.42845,54.154
-16.4234,-1.45555,54.1625
-16.4092,-1.47731,54.1695
-8.20146,-0.743016,27.0863
