-3863.53,-1542.12,11658.2
-3941.01,-1758.54,11660.4
-3881.29,-1816.29,11661.3
-3860.04,-1874.18,11753.8
-3868.71,-1989.79,11761.1
-3875.23,-2079.83,11761.1
-3900.67,-2135.13,11793.6
-3968.74,-2191.44,11855.4
-4100.19,-2239.74,11962.2
-4364.68,-2281.37,11971.7
-4466.97,-2096.97,12008.7
-4743.74,-1929.31,12014.3
-4903.71,-1846.12,12001.5
-5011.82,-1732.8,11984.7
-5066.64,-1746.55,11950.4
-5115.92,-1747.63,11961.8
-5164.75,-1742.71,11925.2
-5218.54,-1770.51,11826.5
-5334.07,-1718.72,11828.8
-5511.12,-1671.92,11831.8
-5642.37,-1551.69,11934.3
-5737.28,-1432.48,12014.2
-5885.97,-1406.25,11970.6
-6087.09,-1236.92,12119.2
-6333.9,-1157.43,12230.4
-6617.19,-1026.5,12355
-6913.14,-901.332,12445
-7184.77,-850.639,12477.9
-7456.02,-725.336,12629.2
-7852.51,-673.072,12834.8
-8143.23,-427.21,12848.1
-8388.71,-388.848,12764
-8507.44,-305.319,12808.6
-8619.79,-220.746,12801.4
-8547.76,-127.359,12581
-8381.97,-140.984,12322.2
-8243.8,-181.43,12054.1
-8080.11,-196.217,11762.3
-7779.81,-328.039,11552.4
-7432.24,-491.181,11328.2
-7155.64,-589.8,11296.7
-7003.66,-672.592,11237.6
-6922.93,-740.046,11195.7
-6853.06,-798.592,11215.6
-6902.38,-756.129,11239.7
-6968.27,-678.872,11280.9
-7018.39,-567.944,11360.2
-7202.15,-391.205,11416.5
-7494.29,-193.596,11372.4
-7401.37,3.82064,11296.1
-7388.38,120.01,11132.7
-7373.01,149.299,11095.3
-7211.8,111.24,10888
-7128.78,-61.8764,10703.1
-6981.28,-304.4,10551.3
-6814.77,-472.775,10438.7
-6698.48,-623.655,10310.4
-6598.16,-765.689,10143.6
-6473.61,-771.797,9996.01
-6406.97,-855.796,9854.59
-6375.51,-1015.68,9767.03
-6176.24,-950.552,9596.74
-5990.34,-949.873,9523.98
-5975.37,-1024.59,9420.94
-6040.41,-961.622,9364.7
-6174.49,-884.07,9389.75
-6384.27,-811.125,9441.43
-6586.38,-675.565,9471.03
-6668.75,-530.502,9500.79
-6667.25,-396.034,9538.93
-6598.71,-361.183,9440
-6700.02,-226.201,9463.68
-6594.52,-230.552,9253.93
-6516.33,-344.288,9285.58
-6499.09,-396.12,9254.94
-6449.89,-477.589,9080.81
-6322.36,-580.08,8855.51
-6202.46,-674.454,8720.16
-6174.72,-827.859,8719.47
-6108.78,-910.204,8626.79
-5997.13,-973.649,8521.58
-5887.55,-1092.63,8463.47
-5859.66,-1079.64,8322
-5779.99,-1124.92,8222.75
-5732.76,-1072.33,8199.12
-5758.88,-1002.75,8133.12
-5792.1,-886.593,8029.36
-5797.28,-733.511,7995.02
-5890.51,-722.071,8018.72
-6189,-748.983,7945.91
-6298.38,-696.83,7937.75
-6268.33,-792.1,7856.7
-6351.48,-791.882,7801.71
-6489.49,-741.756,7761.14
-6542.97,-784.733,7783.11
-6585.62,-878.747,7733.85
-6610.35,-964.956,7674.29
-6593.82,-1078.33,7674.81
-6596.77,-1254.03,7624.5
-6540.75,-1381.09,7595.01
-6496.11,-1388.38,7589.75
-6425.82,-1423.86,7576.53
-6389.77,-1591.66,7519.35
-6380.28,-1643.05,7520.14
-6298.83,-1644.58,7506.54
-6185.82,-1722.21,7474.75
-6068.45,-1820.02,7419.56
-5971.06,-1877.64,7334.17
-5925.82,-1980.81,7242.77
-5841.67,-2122.35,7148.28
-5834.72,-2228.68,7034.16
-5776.26,-2356.5,6990.75
-5712.55,-2446.58,6852.81
-5565.51,-2574.7,6708.75
-5456.8,-2704.33,6617.84
-5359.75,-2793,6547.8
-5284.12,-2807.37,6469.47
-5270,-2772.36,6413.19
-5287.59,-2754.88,6400.74
-5302.7,-2752.84,6355.43
-5275.21,-2826.1,6359.67
-5122.5,-2886.14,6373.26
-5046.88,-2842.59,6329.56
-4996.08,-2883,6329.2
-4962.75,-3006.11,6326.42
-4904.03,-3088.14,6314.17
-4829.76,-3144.2,6306.39
-4759.72,-3243.24,6300.11
-4665.65,-3351.44,6283.62
-4545.37,-3450.48,6266.61
-4423.58,-3603.44,6244.53
-4371.96,-3709.98,6314.6
-4446.16,-3733.38,6314.14
-4397.33,-3739.17,6282.68
-4253.56,-3774.76,6246.63
-4143.47,-3850.85,6219.91
-4060.65,-3920.28,6218.83
-3964.32,-3940.65,6210.04
-3909.97,-3932.16,6141.6
-3902.53,-3938.56,6090.89
-3863.17,-3965.46,6098.2
-3885.13,-3935.93,6118.24
-3815.58,-3899.61,6144.57
-3724.66,-3822.53,6092.56
-3655.42,-3707.35,6007.03
-3580.19,-3631.38,5942.82
-3502,-3647.01,5883.48
-3434.28,-3744.94,5790.41
-3345.54,-3897.63,5665.5
-3208.83,-4096.17,5532.68
-3049.39,-4267.98,5498.1
-2902.18,-4418.86,5433.37
-2788.43,-4588.85,5351.02
-2760.84,-4837.24,5294.48
-2702.42,-5115.63,5213.6
-2571.82,-5324.8,5110.88
-2442.65,-5457.57,5070.38
-2369.02,-5551.51,5089.38
-2311.19,-5582.79,5070.59
-2251.43,-5506.1,5091.21
-2220.29,-5384.86,5146.2
-2221.1,-5336.9,5187.29
-2200.39,-5266.56,5195.34
-2243.46,-5123.66,5166.91
-2203.53,-5062.43,5166.48
-2078.64,-5094.32,5153.14
-1944.78,-5166.17,5106.01
-1828.53,-5247.87,5042.18
-1701.4,-5341.97,4961.87
-1573.78,-5463.57,4868.59
-1457.79,-5582.02,4798.53
-1311.64,-5770.54,4752.76
-1134.29,-5887.2,4623.21
-1013.78,-5922.52,4439.99
-923.109,-5943.28,4339.66
-827.827,-5951.02,4314.9
-709.203,-5942.73,4323.49
-608.406,-5936.82,4373.64
-572.281,-5943.09,4466.28
-521.425,-5948.14,4508.34
-566.237,-5956.58,4515.27
-544.452,-5949.71,4604.89
-403.856,-5946.26,4570.2
-304.027,-5937.75,4562.19
-204.531,-5967.38,4551.61
-40.0315,-5987.93,4492.93
162.321,-6048.52,4382.88
303.346,-6204.76,4252.73
379.465,-6374.76,4139.63
566.624,-6455.85,4064.38
579.878,-6374.33,4000.71
630.06,-6375.95,4020.82
634.605,-6303.27,3969.71
658.673,-6348.96,3891.33
726.913,-6367.62,3797.79
774.951,-6341.48,3749.47
855.69,-6345.66,3758.4
990.044,-6417.26,3748.53
1075.13,-6499.44,3675.47
1163.66,-6508.07,3663.83
1206.61,-6553.86,3661.98
1337.35,-6614.54,3697.59
1452.75,-6682.94,3817.35
1498.44,-6597.22,3829.63
1538.76,-6562.83,3777.12
1554.64,-6613.97,3668.23
1509.19,-6640.59,3559.62
1444.15,-6601.41,3493.82
1430.25,-6591.96,3418.4
1406.13,-6663.46,3312.53
1302.41,-6692.21,3321.85
1166.53,-6669.91,3311
1135.9,-6674.32,3265.19
1147.53,-6602.93,3321.19
1126.63,-6544.43,3437.78
1153.22,-6481.06,3559.16
1240.34,-6384.04,3671.66
1320.85,-6326.47,3780.14
1384.26,-6346.14,3887.08
1477.79,-6225.95,3991.89
1486.78,-6121.85,3938.33
1611.22,-6056.25,3843.8
1759.73,-6027.4,3768.03
1934,-5985.8,3683.62
2101.21,-6018.96,3584.03
2291.94,-6083.79,3546.76
2496.57,-6135.96,3476.33
2691.39,-6182.56,3321.39
2878.83,-6220.24,3221.76
3008.17,-6220.33,3146.54
3055.03,-6286.04,3132.21
3074.49,-6379.14,3207.55
3003.92,-6535.15,3330.16
2887.81,-6610.86,3409.45
2738.71,-6707.29,3530.35
2606.01,-6793.79,3676.84
2486.44,-6864.15,3801.69
2411.65,-6851.91,3853.21
2451.01,-6711.19,3812.15
2485.71,-6765.13,3781.18
2442.08,-6636.31,3704.22
2469.54,-6584.05,3665.64
2492.74,-6522.03,3669.58
2580.1,-6426.28,3790.9
2698.49,-6362.09,3852.29
2747.15,-6294,3816.55
2701.86,-6264.63,3824.21
2661.42,-6305.41,3897.82
2730.09,-6351.75,3868
2841.23,-6430.47,3762.7
2830.75,-6467.52,3740.55
2846.62,-6634.88,3714.94
2793.39,-6725.91,3581.58
2911.5,-6837.19,3460.41
2968.56,-7002.81,3459.6
2924.26,-7121.98,3494.55
2829.82,-7127.69,3569.05
2734.71,-7043.03,3754.4
2671.6,-6932.88,4002.38
2617.72,-6855.98,4183.55
2686.21,-6756.55,4352.46
2746.42,-6588,4361.27
2703.83,-6473.31,4364.83
2727.66,-6391.7,4230.91
2714.58,-6293.59,4067.99
2687.33,-6262.27,3984.17
2721.81,-6324.59,3987.54
2773.28,-6488.82,4018.77
2714.54,-6728.97,4064.11
2587.26,-6775.38,4198.95
2500.69,-6710.27,4259.38
2318.27,-6638.51,4313.93
2291.06,-6519.12,4336.14
2289.94,-6400.95,4367.66
2196.84,-6342.58,4407.33
2044.7,-6284.38,4406.85
1905.59,-6233.48,4487.81
1842.78,-6163.54,4689.5
1869.86,-6009.55,4817.44
1867.95,-5944.87,4856.04
1802.3,-5764.26,4934.6
1882.28,-5649.93,5053.18
2012.58,-5548.98,5036.3
2064.25,-5370.23,5102.83
2078.35,-5312.84,5130.35
2123.85,-5301.83,5041.17
2211.38,-5332.86,4963.12
2323.66,-5460.93,4951.42
2420.67,-5650.09,4877.57
2404.19,-5916.78,4790.78
2480.47,-6146.56,4634.49
2496.35,-6180.73,4576.17
2427.06,-6276.41,4421.46
2478.68,-6325.71,4349.77
2503.77,-6407.91,4295.2
2418.75,-6426.82,4235.37
2387.72,-6383.11,4281.48
2459.9,-6325.91,4465.52
2477.51,-6219.69,4718.69
2593.52,-6086.06,5157.08
2655.78,-5835.96,5435.16
2530.67,-5499.41,5545.97
2517.19,-5086.36,5835.97
2430.28,-4842.51,5876.22
2494.72,-4711.09,5763.4
2619.22,-4757.32,5574.4
2655.11,-4924.27,5418.79
2593.99,-5132.61,5344.98
2472.81,-5414.6,5285.05
2261.55,-5686.87,5263.52
2208.09,-5918.3,5248.29
2251.06,-6088.41,5211.23
2178.11,-6098.03,5140.92
2112.29,-6184.67,4959.34
2046.68,-6176.83,4812.19
1943.25,-6209.57,4810.62
1781.26,-6264.3,4934.65
1587.79,-6227.77,5107.36
1421.73,-6128.08,5324.78
1310.9,-5926.44,5668.27
1260.39,-5722.47,6033.83
1204.36,-5467.51,6255
1229.69,-5191.21,6521.46
1265.32,-5009.8,6755.32
1327.86,-4908.42,6941.34
1326.31,-4910.97,7069.64
1330.78,-4978.26,7068.75
1431.08,-5116.26,6956.28
1534.6,-5341.36,6875.09
1569.92,-5391.06,6828.45
1574.36,-5386.26,6776.71
1717.86,-5446.96,6704.94
1807.66,-5493.29,6530.2
1841.06,-5521.43,6523.91
1861.7,-5458.19,6617.74
1864.55,-5409.26,6706.92
1876.65,-5391.65,6816.78
1867.81,-5364.46,7002.18
1774.67,-5363.74,7250.22
1730.97,-5382.15,7558.73
1586.28,-5310.79,7766.63
1416.45,-5131.33,7997.71
1248,-4971.07,8194.91
1118.75,-4818.2,8284.39
1003.24,-4722.29,8383.51
919.233,-4695.88,8498.32
904.334,-4695.72,8556.9
942.468,-4692.8,8540.48
965.37,-4710.35,8492.27
963.066,-4759.63,8387.46
1010.29,-4833.39,8238.08
1074.67,-4861.86,7986.97
1080.64,-4874.45,7778.21
1142.76,-4936.05,7639.07
1165.64,-5042.71,7601.32
1126.74,-5077.63,7627.71
1058.17,-5059.14,7672.24
964.267,-5105.86,7739.87
842.225,-5183.28,7891.8
772.989,-5059.71,8190.04
719.439,-4988,8591.62
672.125,-5028.25,9027.28
684.367,-4858.35,9513.55
692.885,-4652.78,9980.19
705.075,-4514.99,10239.8
753.147,-4368.89,10311.8
801.934,-4143.06,10277.9
798.539,-3844.67,10142.9
792.489,-3526.05,9893.43
919.187,-3273.48,9645.21
1027.33,-3196.04,9443.39
964.513,-3120.42,9267.92
874.535,-3028.21,9071.08
785.137,-3074.01,8954.56
704.859,-3275.16,8975.09
620.404,-3561.15,9083.07
545.623,-3881.08,9235.48
479.798,-4244.99,9449.78
387.067,-4631.72,9738.62
281.512,-4869.26,10026.5
193.763,-4882.9,10298.4
72.7625,-4719.11,10613.1
-53.2803,-4452.9,10924.6
-146.085,-4191.52,11207
-211.345,-3933.61,11326
-312.858,-3644,11330.4
-434.793,-3256.67,11286.7
-475.422,-2837.46,11158.2
-384.672,-2540.18,10877.5
-278.051,-2244.63,10498.9
-270.679,-1873.72,10137.5
-119.623,-1612.36,9891.67
-84.74,-1556.63,9744.29
-138.189,-1626.85,9621.74
-235.786,-1746.8,9582.65
-346.049,-1934.17,9631.17
-396.93,-2173.85,9763.37
-399.773,-2386.32,10000.4
-479.927,-2531.43,10320.3
-645.345,-2677.28,10586.2
-858.585,-2713.37,10784.7
-1096.89,-2684.94,10939
-1397.69,-2522.72,11035.6
-1704.99,-2269.6,11203
-2043.69,-1955.18,11398.6
-2369.88,-1671.58,11537.4
-2661.76,-1364.08,11640.9
-2929.33,-1024.03,11755
-3190.87,-800.097,11820
-3475.26,-636.45,11737.1
-3560.07,-404.994,11583.9
-3606.36,-130.036,11436.9
-3663.19,-21.0419,11204.8
-3625.56,13.7797,11070.5
-3614.7,68.3095,10961.5
-3586.57,18.6315,10866
-3496.5,-177.771,10770.3
-3362.07,-424.324,10640.2
-3230.53,-633.779,10518.2
-3187.06,-790.248,10546.6
-3137.4,-914.102,10556.4
-3231.17,-989.466,10424.9
-3270.47,-931.579,10400.4
-3248.28,-931.564,10456.7
-3303.91,-919.639,10546.2
-3274.99,-855.046,10562.4
-3264.9,-770.149,10538.8
-3375.97,-666.891,10524.4
-3425.29,-506.483,10427.8
-3495.04,-356.463,10229.2
-3573.48,-263.078,10312.2
-3623.39,-134.318,10156.4
-3688.64,10.0507,10082.4
-3678.14,218.436,9972.77
-3649.83,437.671,9846.91
-3682.59,573.846,9734.49
-3725.05,656.272,9662.74
-3762.41,671.269,9674.92
-3931.85,544.109,9768
-4254.04,469.628,9821.33
-4436,324.747,9984.45
-4660.43,238.125,10175.8
-4715.43,243.67,10267.2
-4837.26,263.148,10370.8
-4859,281.42,10396.3
-4728,306.879,10356.5
-4582.18,315.487,10302.3
-4505.71,305.233,10324.9
-4432.59,327.124,10443.1
-4382.7,401.19,10398.7
-4298.77,571.62,10427
-4241.73,761.605,10346.6
-4189.2,814.037,10309.7
-4193.52,894.189,10297.8
-4223.09,1009.8,10241.7
-4189.04,1142.66,10230.1
-4081.58,1244.57,10154
-3907.94,1321.98,10032.3
-3703.4,1457.11,10117.2
-3688.93,1636.06,10178.6
-3674.37,1678.24,10102.7
-3831.15,1826.89,10118.6
-4006.08,1932.79,10033.8
-4267.54,2094.56,10024.4
-4449.16,2332.06,10014.8
-4488.67,2435.99,10042.1
-4489.23,2436.36,10061.5
-4539.92,2500.34,10065.1
-4612.81,2608.9,10140
-4699.54,2646.14,10136.3
-4761.6,2565.88,9963.67
-4656.36,2578.79,9885.45
-4500.12,2647.49,9855.78
-4417.44,2636.97,9716.4
-4292.6,2669.44,9565.8
-4211.23,2718.58,9457.3
-4054.12,2746.11,9429.1
-3758.65,2777.89,9438.13
-3550.01,2839.98,9401.95
-3416.98,2908.24,9427.31
-3265.75,2968.85,9418.82
-3304.59,2994.43,9436.19
-3324.01,2962.67,9461.22
-3319.4,2928.85,9486.83
-3396.76,2989.46,9493.53
-3413.42,3066.13,9533.95
-3451.25,3124.28,9627.29
-3576.73,3191.95,9696.92
-3611.13,3232.94,9732.51
-3628.76,3188.74,9946.48
-3622.97,3336.44,9923.2
-3593.64,3402.98,9956.08
-3652.26,3422.37,10020.2
-3767.64,3395.47,9969.1
-3754.56,3449.24,9934.46
-3660.61,3578.35,9861.47
-3571.75,3689.03,9791.15
-3517.23,3755.68,9757.32
-3477.71,3838.93,9656.17
-3378.76,3915.36,9543.68
-3385.25,3932.58,9520.03
-3262.94,3982.23,9436.81
-3235.61,3988.38,9368.75
-3236,4040.39,9459.6
-3262.75,4052.3,9584.76
-3290.56,4061.68,9718.15
-3375.87,4084.05,9787.56
-3485.6,4088.65,9834.24
-3465.42,4105.8,9981.99
-3400,4219.5,10007.6
-3402.43,4240.01,10187.2
-3262.49,4406.33,10353.5
-3228.68,4471.76,10412.9
-3190.27,4598.57,10500.7
-2988.18,4677.9,10505.6
-2813.89,4781.88,10476.5
-2814.87,4885.02,10382.8
-2914.18,4976.24,10249.7
-2935.69,5131.96,10201.3
-2803.89,5179.45,10076.6
-2858.42,5248.78,10034.1
-2931.26,5331.17,10112.8
-3027.82,5421.58,10080.4
-3146.8,5389.59,10148.6
-3344.71,5334.53,10212.4
-3503.31,5274.24,10319.5
-3629.17,5212.82,10436.4
-3751.35,5176.29,10501.7
-3825.45,5160.77,10596.6
-3981.38,5118.12,10808.8
-3968.57,5110.32,11005.9
-3921.99,5185.06,11068.8
-3838.46,5300.03,11190.5
-3724.36,5216.06,11302.8
-3630.33,5183.89,11334.1
-3518.06,5169.28,11338.4
-3391.47,5158.4,11343.1
-3293.74,5207.01,11330.4
-3200.67,5301.6,11298.7
-3024.27,5426.46,11249.3
-2877.42,5476.75,11222.7
-2790.27,5466.66,11096.3
-2794.52,5496.17,11072.1
-2895.54,5422.98,11053.7
-3000.1,5284.91,11113.2
-3171.89,5184.99,11138.1
-3416.67,5135.09,11173.4
-3625.54,5066.73,11289.4
-3727.45,4952.11,11380.5
-3806.82,4856.48,11434.7
-3929.75,4766.51,11518.2
-3981.11,4601.33,11623.8
-3921.62,4584.89,11630.8
-3828.94,4657,11617
-3649.21,4721.57,11553.3
-3436.82,4772.77,11447.9
-3216.29,4827.12,11351.9
-2984.21,4890.42,11287.2
-2783.47,4959.3,11217.2
-2657.56,5007.79,11120.7
-2628.2,5039.07,11047
-2639.7,5075.32,10973.6
-2647.96,5068.61,10967
-2611.12,5048.52,10916.2
-2652.68,5060.66,10811.2
-2780.26,5021.42,10733.2
-2938.62,4911.47,10695
-3088.13,4789.43,10657.5
-3223.06,4699.39,10615.8
-3354.77,4666.32,10582.2
-3484.46,4620.51,10577
-3565.57,4549.49,10635.9
-3609.51,4488.51,10652.6
-3658.27,4446.98,10700.9
-3697.77,4470.88,10766.3
-3615.71,4532.84,10764.5
-3465.53,4602.87,10688.1
-3359.7,4678.66,10598.9
-3277.2,4755.91,10533.1
-3185.59,4806.47,10474.9
-3146.77,4806.03,10373.9
-3219.27,4749.96,10303.1
-3330.61,4723.8,10264.8
-3388.4,4668.79,10186.6
-3491.78,4582.47,10126.2
-3681.6,4476.15,10090
-3891.83,4375.56,10070.9
-4042.15,4311.72,10059.6
-4120.14,4286.56,10044.8
-4152.49,4250.19,10051.7
-4158.87,4194.07,10075.4
-4133.25,4093.89,10173.4
-4171.03,4007.18,10245.4
-4256.69,3965.14,10214.4
-4294.18,3934.68,10268.6
-4280.18,3910.97,10435.5
-4263.86,3941.05,10634.7
-4271.11,4046.87,10820.3
-4292.51,4186.8,10981.9
-4335.75,4335.49,11052
-4424.3,4472.19,11166.2
-4409.32,4557.29,11251.3
-4383.19,4608.79,11267.8
-4353.14,4505.66,11230.4
-4292.07,4358.92,11192.2
-4250.86,4177.85,11143
-4279.05,3983.5,11095.5
-4361.99,3826.44,11071
-4411.5,3701.23,11053.1
-4337.05,3533.97,11035.6
-4374.11,3251.53,11047.4
-4438.29,3042.15,11044.7
-4451.25,2998.18,10963.7
-4424.4,2883.36,10969.3
-4339.45,2822.19,10910.2
-4264.32,2850.35,10794.6
-4235.24,2891.66,10702.5
-4208.78,2905.14,10643.4
-4166.62,2925.68,10581.8
-4207.66,2937.25,10554.7
-4186.58,2968.85,10478.5
-4270.98,2902,10377.5
-4250.06,2801.08,10308.8
-4252.49,2749.36,10279.2
-4272.1,2676.08,10232.2
-4250.04,2578.06,10221.8
-4183.84,2512.48,10212.1
-4079.12,2473,10156.5
-3945.13,2387.77,10106.8
-3919.08,2280.3,10057.6
-3983.26,2112.38,10046.8
-4002.33,1993.72,10062.9
-3995.05,2014.56,10038.4
-4068.22,2002.38,10007
-4114.85,1998,9995.94
-4169.06,1977.7,10018.2
-4235.74,1972.16,10026.7
-4297.89,1977.31,10002.7
-4353.06,1910.89,9971.66
-4286.93,1838.06,9862.02
-4154.62,1770.85,9744.26
-4197.65,1638.78,9698.71
-4152.07,1604.61,9685.33
-4230.48,1621.03,9687.69
-4431.22,1603.18,9684.13
-4564.7,1576.02,9635.57
-4648.32,1601.33,9564.59
-4773.27,1608.38,9517.62
-4867.12,1493.02,9475.43
-4894.3,1434.71,9382.65
-4950.88,1306.78,9405.93
-5118.34,1199.9,9354.41
-5149.59,1053.14,9323.27
-5173.95,979.744,9383.52
-5344.8,945.414,9358.03
-5499.62,881.471,9348.49
-5577.12,800.241,9332.77
-5604.96,768.546,9232.21
-5530.35,810.336,9130.17
-5394.06,860.891,9053.97
-5348.02,782.792,8912.25
-5147.76,634.329,8815.62
-5090.53,568.734,8810.76
-5037.1,435.652,8618.92
-4941.91,291.007,8475.97
-4889.24,162.926,8393.77
-4942.27,36.2836,8328.86
-5000.55,-68.6133,8278.82
-4935.59,-108.453,8259.51
-4896.03,-154.328,8324.28
-4842.38,-324.609,8267.96
-4809.53,-420.953,8143.49
-4806.89,-522.655,8035.11
-4702.84,-546.287,8016.74
-4626.24,-609.835,7945.7
-4592.2,-705.265,7871.66
-4564.44,-792,7788.05
-4541.19,-901.734,7679.79
-4537.6,-1058.71,7615.62
-4532.59,-1126.19,7552.45
-4552.55,-1089.41,7564.7
-4524.86,-1268.17,7520.34
-4377.21,-1369.24,7425.27
-4348.71,-1469.87,7273.37
-4196.33,-1367.39,7135.94
-4048.85,-1424.28,7109.63
-4008.07,-1614.97,7112.29
-4022.46,-1727.49,7087.55
-4066.69,-1875.82,7102.72
-4138.28,-2007.34,7048.23
-4027.54,-1944.38,7167.71
-4052.57,-2017.53,7249.9
-3883.37,-2092.68,7183.2
-3846.01,-2331.12,7233.71
-3784.55,-2359.38,7241.1
-3678.3,-2368.91,7236.56
-3602.76,-2497.9,7205.09
-3524.14,-2659.67,7123.06
-3340.97,-2764.14,7057.31
-3166.94,-2747.12,6968.76
-3087.63,-2975.96,6919.72
-2985.97,-3021.7,6920.04
-2912.98,-3107.61,6796.43
-2749,-3235.01,6697.62
-2674.77,-3210.27,6534.73
-2632.2,-3187.53,6446.81
-2521.75,-3275.27,6436.5
-2471.67,-3379.8,6395.73
-2603.89,-3378.86,6333.63
-2555.04,-3293.1,6301.64
-2590.17,-3352.02,6284.49
-2622.62,-3391.15,6341.43
-2611.35,-3404.18,6364.29
-2635,-3454.49,6359.09
-2727.96,-3572.71,6476.46
-2822.95,-3757.81,6641.98
-3008.09,-3923.38,6790.39
-3306.44,-3986.78,6910.04
-3494.4,-4005.81,6989.69
-3500.26,-4131,7091.54
-3665.21,-4159.32,7153.13
-3745.22,-4189.94,7162.06
-3727.72,-4274.24,7207.32
-3610.28,-4315.24,7159.24
-3556.87,-4276.04,7117.56
-3471.45,-4213.18,7065.23
-3362.18,-4178.82,7047.8
-3279.42,-4177.5,7027.04
-3157.01,-4186.94,6881.64
-3033.81,-4181.28,6829.08
-2882.8,-4131.25,6819.69
-2744.99,-4048.87,6782.24
-2711.11,-4056.37,6652.63
-2711.24,-4084.02,6626.91
-2635.71,-4109.5,6599
-2511.99,-4163.14,6608.17
-2362.81,-4226.32,6602.03
-2234.76,-4300.49,6518.75
-2183.28,-4419.4,6439.51
-2083.24,-4489.07,6394.59
-2005.6,-4569.37,6323.21
-2006.87,-4638.7,6324.93
-2073.83,-4699.35,6343.39
-2001.37,-4783.71,6464
-1900.79,-4800.04,6582.9
-1836.31,-4854.67,6534.25
-1778.32,-4922.78,6399.26
-1660.99,-4918.44,6344.94
-1488.94,-4894.42,6360.66
-1382.86,-4880.57,6358.43
-1186.66,-4747.07,6278.95
-1049.39,-4703.68,6333.28
-1019.3,-4655.15,6209.5
-950.42,-4664.65,6138.97
-883.328,-4661.67,6076.16
-861.132,-4705.01,6082.64
-860.422,-4780.92,6127.35
-860.14,-4878.32,6132.61
-896.843,-5047.94,6117.49
-993.034,-5175.18,6112.07
-1096.19,-5279.49,6138.37
-1160.15,-5337.52,6192.72
-1161.48,-5357.9,6168.45
-1164.91,-5434.98,6188.15
-1144.15,-5496.57,6239.64
-1095,-5537.23,6269.37
-1033.59,-5601.24,6282.94
-980.534,-5689.03,6287.11
-923.266,-5743.38,6253.11
-780.339,-5744.32,6225.34
-562.889,-5706.72,6243.18
-407.616,-5693.45,6143.84
-297.065,-5622.88,6038.3
-250.081,-5618.57,5963.91
-195.875,-5575.61,5925.7
-156.477,-5523.28,5876.91
-183.107,-5514.22,5830.87
-273.261,-5540.69,5818.81
-357.303,-5586.38,5815.52
-366.554,-5681.49,5800.73
-379.297,-5739.03,5808.08
-532.314,-5791.15,5723.3
-726.638,-5938.27,5681.21
-885.661,-6091.15,5764.69
-984.416,-6201.32,5790.09
-1055.74,-6250.65,5795.41
-1092.3,-6264.28,5821.43
-1077.85,-6251.91,5848.69
-1020.45,-6181.6,5864.19
-888.544,-6059.49,5819.67
-768.843,-5927.53,5709.36
-598.857,-5820.89,5620.12
-281.888,-5739.79,5546.79
90.4978,-5658.52,5507.25
438.584,-5663.35,5491.23
687.272,-5729.74,5425.39
859.565,-5786.62,5327.98
1030.38,-5840.36,5267.83
1232.24,-5938.98,5236.18
1444.25,-6014.51,5161.6
1543.09,-6146.29,5047.34
1540.79,-6317.16,4962.02
1624.97,-6463.66,4983.11
1671.51,-6553.61,5025.22
1680.08,-6617.05,5099.24
1682.39,-6691.67,5152.74
1690.82,-6738.89,5167.52
1689.65,-6713.56,5193.2
1660.61,-6653.9,5266.25
1612.08,-6616.22,5341.28
1546.45,-6512.45,5447.19
1400.09,-6484.56,5500.1
1167.06,-6466.82,5573.3
953.444,-6350.71,5668.69
830.215,-6175.79,5743.01
783.256,-6028.66,5749.59
778.936,-5934.96,5726.9
797.507,-5877.3,5737.82
809.711,-5832.96,5772.46
770.458,-5748.94,5784.93
777.25,-5657.51,5841.67
700.638,-5552.11,5896.43
665.618,-5463.59,5902.01
699.888,-5450.52,5925.84
763.518,-5517.2,5926.25
886.644,-5682.36,5935.72
1041.25,-5902.47,5942.2
1171.82,-6067.89,5895.85
1302.95,-6110.14,5798.68
1495.21,-6098.55,5701.71
1634.37,-6066.28,5638.42
1711.03,-5984.85,5631.72
1759.77,-5917.52,5642.52
1762.29,-5888.12,5611.05
1746.52,-5907.68,5589.48
1743.84,-5913.51,5606.61
1759.14,-5837.45,5627.41
1758.23,-5709.85,5630.14
1715.63,-5603.97,5663.57
1693.85,-5443.11,5766.96
1741.94,-5230.59,5838.2
1806.54,-5230.64,5892.22
1875.69,-5226.47,6003.29
1948.45,-5264.31,6088.51
2073.29,-5343.66,6100.47
2198.23,-5376.5,6111.55
2291.81,-5357.22,6129.06
2352.61,-5359.75,6112.81
2384.3,-5417.73,6085.29
2446.89,-5491.58,6094.93
2504.89,-5583.13,6114.56
2610.15,-5695.55,6109.47
2690.52,-5728.92,6097.36
2563.1,-5641.61,6091.94
2467.97,-5535.03,6106.09
2425.02,-5451.99,6065.53
2405.63,-5409.7,6058.51
2434.99,-5413.43,6135.98
2463.24,-5407.66,6154.61
2334.29,-5280.35,6125.71
2441.03,-5144.21,6195.15
2519.01,-5161.15,6302.48
2551,-5106.83,6389.4
2712.67,-5072.13,6319.1
2886.4,-5124.36,6247.29
3019.22,-5131.46,6193.51
3133.17,-5140.34,6111.49
3245.18,-5276.38,6020.64
3337.94,-5474.2,5980.98
3400.21,-5585.34,5947.53
3425.19,-5536.74,5826.05
3324.15,-5583.57,5801.49
3406.54,-5673.47,5744.23
3245.79,-5628.14,5763.67
3102.58,-5677.01,5867.4
3018.25,-5780.89,6012.99
2951.97,-5823.79,6058.18
2917.26,-5797.95,5995.73
2943.53,-5723.79,6016.22
3019.79,-5526.29,6123.55
2969.65,-5430.89,6233.55
3013.19,-5357.26,6390.95
2950.29,-5222.82,6520.95
2883.04,-5109.03,6575.02
2808.23,-5038.14,6667.2
2812.92,-4994.34,6712.08
2822.7,-4933,6732.44
2782.09,-4901.67,6788.36
2837.07,-5009.5,6826.67
3008.48,-5169.38,6857.1
2991.55,-5298.78,6731.28
3111.46,-5424.38,6711.5
3066.63,-5574.83,6751.3
3119.25,-5639.66,6633.59
3128.33,-5724.15,6556.94
3163.42,-5795.95,6631.89
3270.38,-5774,6731.23
3406.01,-5620.58,6768.25
3531.26,-5407.78,6863.82
3586.09,-5325.04,7043.12
3563.56,-5172.61,7076.27
3495.67,-4999.78,7186.03
3482.65,-4957.51,7242.25
3547.15,-4770.02,7250.78
3559.25,-4641.23,7320.76
3526.9,-4528.19,7425.95
3466.91,-4427.75,7468.72
3409.3,-4388.59,7474.52
3405.75,-4375.71,7515.85
3405.05,-4388.9,7408.18
3522.79,-4372.67,7336.17
3676.54,-4414.47,7138.85
3889.82,-4552.7,7158.47
3897.7,-4769.28,7175.87
3904.31,-4950.94,7053.49
3963.22,-5037.29,7050.28
4067.41,-5076.49,7105.08
4194.48,-5082.45,7136.92
4215.77,-5010.81,7324.87
3962.73,-4951.96,7422.93
3850.77,-4777.07,7436.89
3786.88,-4642.47,7715.01
3568.12,-4539.24,7767.19
3445.03,-4335.39,7708.48
3386.97,-4119.5,7691.25
3334.76,-4017.22,7756.87
3306.59,-3916.06,7822.05
3304.06,-3743.58,7850.03
3269.3,-3637.18,7895.85
3224.88,-3570.74,7907.26
3184.53,-3763.69,7905.91
3230.77,-3761.95,7811.39
3169.73,-3751.81,7736.74
3231.6,-3772.35,7638.82
3306.29,-3895.33,7683.52
3375.92,-3998.08,7789.79
3433.85,-4178.76,7813.52
3520.97,-4380.34,7824.39
3655.99,-4302.95,7976.7
3588.06,-4263.61,8079.93
3457.18,-4309.06,8135.1
3377.22,-4183.61,8180.93
3373.15,-4021.65,8115.83
3421.63,-3817.9,7995.63
3434.63,-3723.54,8010.33
3432.89,-3654.43,8169.52
3365.21,-3576.31,8272.88
3192.37,-3491.76,8267.2
2984.58,-3360.1,8295.42
2758.69,-3261.46,8232.38
2607.42,-3070.14,8275.75
2574.71,-3002.44,8255.43
2528.99,-2946.08,8260.33
2612.73,-3019.64,8359.54
2692.63,-3124.32,8380.88
2746.04,-3299.37,8306.29
2823.17,-3484.4,8254.83
2949,-3627.31,8297.02
3097.18,-3803.18,8351.44
3221.8,-3957.9,8301.31
3270.64,-4057.9,8234.83
3271.59,-4012.93,8231.44
3227.43,-4041.27,8184.1
3187.12,-3939.09,8170.02
3072.39,-3817.69,8180.75
2898.57,-3721.46,8207.63
2734.1,-3608.38,8238.26
2573.55,-3443.06,8303
2360.83,-3261.03,8443.83
2162.48,-3137.48,8566.82
1956.62,-3031.8,8584.37
1892.98,-2851.89,8688.63
1784.81,-2725.87,8875.09
1672.2,-2645.11,9106.14
1609.56,-2631.27,9246.99
1545.95,-2679.25,9345.03
1466.52,-2750.85,9515.14
1352.6,-2833.05,9745.89
1159.25,-2931.89,9889.98
972.248,-2973.14,9889.25
792.937,-2925.46,9911.74
732.523,-2885.89,9849.07
666.381,-2809.05,9790
612.349,-2668.4,9713.89
573.084,-2558.46,9653.52
564.878,-2490.28,9625.56
545.496,-2469,9640.69
483.958,-2472.33,9728.57
404.912,-2452.6,9871.89
279.718,-2456.88,9927.53
125.718,-2399.74,10020.2
15.463,-2223.98,10214.8
-66.6715,-2047.6,10303.6
-149.697,-1969.74,10364.2
-251.058,-1954,10378
-369.762,-1953.51,10389.4
-517.017,-1985.19,10474.1
-717.218,-2066.02,10610.2
-981.427,-2152.96,10697.9
-1273.88,-2195.28,10751.2
-1459.28,-2112.98,10695.3
-1445.3,-1992.35,10630.3
-1342.94,-1922.96,10527.6
-1181.46,-1836.48,10317.5
-1072.36,-1813.6,10170.4
-1083.99,-1844.82,10135.6
-1120.52,-1843.92,10140.7
-1071.26,-1777.91,10174.6
-980.557,-1718.03,10336.8
-964.438,-1706.77,10626.5
-1070.48,-1577.09,10858.1
-1259.25,-1339.83,11024.4
-1397.85,-1145.23,11131.1
-1506.22,-987.192,11172.3
-1625.62,-917.999,11178.1
-1704.38,-912.546,11109.5
-1771.82,-926.559,11009.9
-1868.45,-963.791,10984.5
-1935.17,-1061.15,11062.3
-1943.03,-1198.96,11148.9
-1966.67,-1245.53,11109.6
-2075.63,-1166.45,11041.8
-2152.07,-1030.11,10978.4
-2281.57,-814.647,10894.3
-2443.94,-611.943,10813.2
-2547.56,-497.274,10776.6
-2591.52,-427.263,10813.7
-2659.74,-310.615,10912.6
-2771.2,-122.176,11035.5
-2813.35,99.6455,11164
-2873.19,319.027,11221.2
-2958,533.699,11341.2
-2991.39,613.59,11487
-2960.09,670.11,11712.6
-2884.04,757.047,11955.6
-2874.52,821.353,12091.9
-2971.65,874.335,12075.5
-3115.02,911.647,11939.7
-3205.92,858.043,11756.7
-3148.45,757.393,11637.6
-3006.6,570.022,11491.4
-2846.17,225.057,11381.8
-2642.55,-39.9388,11279.4
-2538.34,-55.7146,11170.8
-2481.25,40.2337,11080.6
-2482.83,221.159,11014.4
-2545.25,386.235,10953.7
-2642.57,475.551,10887.5
-2739.55,573.492,10821
-2767.98,643.621,10748.5
-2756.46,660.899,10708.3
-2791.66,735.311,10623.7
-2837.77,815.027,10507.8
-2946.64,854.471,10398.3
-3078.57,839.598,10316.4
-3259.35,792.236,10309.3
-3410.83,690.097,10359.6
-3516.51,571.958,10437.5
-3680.34,514.4,10561.3
-3785.05,390.081,10698.1
-3854.38,347.611,10688
-3907.38,437.901,10663.1
-3865.21,412.266,10639.7
-3755.39,407.053,10647.9
-3706,346.22,10625.7
-3704.23,310.704,10565.1
-3702.66,289.724,10514.2
-3651.05,253.453,10424.1
-3499.47,288.959,10228.6
-3276.68,410.451,10156.7
-2997.73,590.823,10085.3
-2756.24,633.249,10053
-2594.45,637.079,9928.1
-2498.83,686.483,9940.64
-2422.24,710.79,9839.33
-2370.11,710.75,9784.72
-2331.09,731.505,9806.79
-2285.65,796.578,9833.63
-2265.61,879.897,9912.11
-2322.34,922.663,9931.22
-2292.06,898.857,9923.4
-2287.58,814.248,9823.48
-2206.88,742.121,9673.19
-2129.65,698.017,9656.85
-2145.24,653.708,9679.47
-2218.1,689.331,9764.43
-2199.49,777.102,9893.12
-2131.08,889.283,9951.51
-2215.79,1075.63,9890.45
-2286.02,1219.9,9850.96
-2277.97,1360.88,9853.14
-2156.28,1463.06,9876.62
-2201.75,1416.67,9915.58
-2331.88,1515.16,9856.32
-2409.88,1684.83,9898.1
-2428.6,1883.59,9955.07
-2384,2097.76,9974.84
-2299.2,2250.4,9969.35
-2268.9,2301.41,9938.88
-2312.16,2427.96,10007
-2249.6,2425.33,9974.73
-2339.33,2528.47,10090.9
-2445.58,2549.76,10076.7
-2526.28,2570.63,9965.36
-2578.24,2505.89,9909.89
-2560.7,2489.87,9887.08
-2566.91,2508.62,9920.35
-2632.69,2430.71,10007.3
-2651.95,2303.22,10052
-2729.66,2358.97,10136.6
-2941.68,2626.93,10426
-2998.35,2711.4,10359.6
-3094.74,2760.55,10352.3
-3178.76,2833.27,10378.3
-3223.69,2878.85,10376.4
-3257.52,2940.75,10430.3
-3270.01,3040.01,10531.7
-3195.6,3156.54,10526.9
-3007.11,3280.08,10374.3
-2807.06,3385.73,10357.5
-2667.77,3399.71,10400.2
-2667.06,3395.46,10374.6
-2564.19,3401.5,10383.9
-2604.32,3253.77,10479.8
-2579.39,3222.73,10494.8
-2581.07,3193.12,10511.6
-2599.45,3145.26,10559.4
-2571.47,3100.6,10568.6
-2573.43,2955.37,10570.5
-2579.35,2830.28,10695.9
-2569.96,2710.94,10718.1
-2632.47,2819.96,10760.9
-2582.83,2871.57,10931.7
-2592.82,2989.07,10955.2
-2588.28,3126.06,11004.8
-2593.51,3274.7,11045.1
-2594.71,3398.17,10999.4
-2495.84,3483.89,10924.5
-2315.94,3576.02,10883
-2319.9,3641.07,10735.7
-2284.44,3650.53,10649.9
-2239.85,3663.65,10695.6
-2197.06,3634.91,10695.4
-2241.36,3555.19,10741.6
-2266.41,3519.04,10826.4
-2299.16,3493.86,10905.4
-2342.38,3546.62,10944.4
-2375.2,3663.91,10960
-2439.39,3653.84,10969.9
-2558.61,3549.59,10902.4
-2592.89,3443.19,10895.1
-2692.58,3335.7,10850.7
-2600.86,3298.33,10859.6
-2544.53,3260.37,10928.8
-2495.05,3233.22,10945.3
-2477.22,3233.36,10935.1
-2515.1,3271.58,10912.5
-2573.99,3348.63,10871.7
-2570.11,3441.53,10835.4
-2444.41,3510.14,10771.5
-2434.4,3601.41,10619.3
-2479.79,3743.41,10696.7
-2440.6,3740.52,10685
-2509.56,3780.17,10726.7
-2592.51,3816.4,10698.9
-2711.1,3864.01,10664.8
-2831.61,3899.74,10720.9
-2881.95,3922.15,10829.7
-2892.92,3975.5,10899.8
-2964.05,3985,10980
-3106.01,4079.49,10961.9
-3248.82,3906.14,11056.6
-3223.67,3705.13,11154.5
-3147.82,3627.7,11140.9
-3122.99,3559.62,11137.3
-3081.31,3406.53,11194.9
-2987.77,3267.98,11242.4
-2893.2,3239.27,11273.9
-2822.36,3234.03,11357.8
-2724.11,3176.97,11368.2
-2707.69,3175.82,11377.6
-2633.41,3243.77,11219
-2508.79,3235.58,10975.8
-2344.45,3201.5,10740.3
-2257.21,3185.89,10582
-2219.52,3160.78,10535
-2251.29,3132.76,10572.8
-2385.9,3137.09,10616.8
-2566.78,3162.02,10639
-2735.56,3155.35,10761.3
-2757.39,3152.3,10921.9
-2940.77,3133.54,11008.5
-3090.25,3053.21,11085.6
-3177.69,2955.74,11215.2
-3268.28,2860.01,11319.1
-3318.57,2797.76,11369.2
-3264.57,2760.91,11373.2
-3162.62,2749.43,11365.4
-3100.59,2780.39,11374.2
-2958.96,2778.1,11347.3
-2868.34,2712.56,11272.2
-2880.13,2640.86,11142.9
-2811.24,2595.26,11120.8
-2760.05,2598.15,11042.5
-2722.29,2602.43,10896.9
-2668.23,2632.58,10704.7
-2627.95,2664.75,10547.4
-2644.53,2665.98,10491.9
-2720.86,2672.19,10506.9
-2868.07,2703.39,10529.8
-3062.11,2692.02,10612.5
-3256.86,2671.47,10759.5
-3515.76,2624.94,10885.4
-3771.08,2576.82,10996.5
-3995.74,2581.24,11135.8
-4155.77,2564.15,11241.5
-4248.96,2520.77,11307.7
-4322.4,2484.74,11341.5
-4401.68,2413.88,11306.1
-4412.26,2281.21,11254.9
-4430.16,2219.98,11190.7
-4451.18,2145.61,11094.6
-4417.95,2129.36,11021.7
-4310.27,2115.69,10925.2
-4224.25,2017.82,10770.6
-4147.36,1921.05,10551
-4083.99,1909.36,10352.4
-4067.73,1928.8,10269.1
-4090.33,1888.64,10283.8
-4125.94,1869.53,10303.2
-4233.03,1858.72,10379.5
-4425.36,1823.86,10543.8
-4654.48,1859.57,10686.5
-4890.32,1916.25,10790.4
-5110.83,1907.78,10883.4
-5294.51,1894.17,10994.8
-5431.73,1889.44,11071.3
-5512.14,1850.52,11041.5
-5498.12,1786.82,10940.2
-5348.65,1744.6,10898.3
-5214.25,1664.51,10877.1
-5202.2,1581.42,10792.5
-5146.95,1447.27,10652.7
-5104.17,1351.34,10554.3
-5007.22,1244.97,10409.8
-4867.25,1156.85,10204.8
-4773.2,1120.92,10011.8
-4744.69,1097.73,9859
-4696.08,1018.84,9719.62
-4630.21,905.509,9673.29
-4696.16,808.948,9711.58
-4803.07,811.119,9781.65
-4743.77,855.194,9864.09
-4737.22,822.777,9919.28
-4825.84,782.941,9921.14
-4885.32,736.835,9910.09
-4852.03,645.675,9868.16
-4753.6,511.923,9812.01
-4627.95,362.728,9807.39
-4521.18,165.13,9734.5
-4466.01,-15.8492,9578.52
-4411.07,-179.126,9450
-4204.45,-197.006,9351.12
-4080.93,-313.791,9203.01
-3971.21,-464.008,9079.02
-3867.63,-596.127,8985.62
-3761.66,-728.081,8943.17
-3673.89,-867.229,8949.54
-3639.39,-976.207,8935.12
-3555.57,-1065.12,8871.07
-3544.26,-1239.6,8772.66
-3600.07,-1259.95,8711.05
-3570.85,-1321.03,8746.66
-3577.65,-1371.67,8769.61
-3590.02,-1412.16,8730.83
-3585.4,-1451.17,8708.67
-3585.15,-1499.44,8712.6
-3610.73,-1537.22,8720.76
-3639.88,-1536,8750.91
-3639.41,-1551.04,8737.31
-3709.51,-1631.35,8629.48
-3799.18,-1644.23,8575.24
-3829.4,-1786.57,8521.32
-3771.95,-1959.89,8562.29
-3773.65,-2081.72,8572.42
-3762,-2177.78,8546.61
-3713.99,-2247.54,8516.08
-3649.05,-2302.07,8477.02
-3540.76,-2411.96,8443.81
-3465.67,-2557.48,8484.4
-3421.87,-2544.24,8414.7
-3325.89,-2619.64,8413.94
-3365.51,-2730.04,8276.96
-3294.45,-2731.45,8226.37
-3228.21,-2777.59,8196.53
-3154.87,-2818.89,8145.03
-3078.2,-2859.33,8115.59
-3070.38,-2905.71,8111.23
-3121.35,-2874.58,8088.68
-3071.12,-2844.44,8132.51
-3100.93,-2954.59,8111.67
-3038.92,-2884.7,8145.08
-3091.27,-2832.32,8102.72
-3119.86,-2847.06,8130.04
-3203.53,-2848.49,8069.19
-3245.68,-2939.97,8020.26
-3303.89,-3123.03,8036.09
-3343.04,-3281.55,8064.54
-3242.35,-3386.66,8097.88
-3420.25,-3515.7,8136.84
-3376.96,-3480.82,8026.52
-3275.63,-3472.82,8012.86
-3257.77,-3439.47,7907.35
-3190.01,-3571,7941
-3106.45,-3562.74,7962.1
-2996.59,-3565.93,7940.53
-2900.46,-3589.28,7904.7
-2836.12,-3522.84,7882.41
-2749.39,-3436.92,7894.54
-2675.6,-3353.98,7911.72
-2639.49,-3300.83,7929.06
-2592.19,-3362.55,7874.79
-2363.86,-3280.36,7829.98
-2357.68,-3263.33,7736.9
-2216.74,-3314.18,7677.48
-2093.4,-3315.74,7625.68
-2062.89,-3275.42,7491.83
-2043.66,-3281.67,7321.9
-2016.5,-3358.08,7249.81
-1877.02,-3481.09,7175.2
-1913.75,-3555.21,7154.34
-1847.39,-3651.22,6975.2
-1874.74,-3769.49,7025.85
-1814.65,-3876.75,6933.4
-1769.01,-3826.26,6817.99
-1709.95,-3840.14,6734.67
-1587.03,-3973.72,6642.45
-1471.51,-4062.91,6562.07
-1410.1,-4094.42,6535.19
-1192.21,-4277.73,6423.09
-1141.32,-4337.29,6481.23
-1147.34,-4319.72,6388.61
-1002.27,-4261.3,6287.8
-1029.65,-4288.79,6278.25
-1037.75,-4354.69,6254.14
-931.448,-4442.34,6153.49
-838.365,-4540.8,6003.45
-832.658,-4614.75,5886.35
-767.546,-4643.06,5845.14
-555.896,-4676.97,5799.72
-465.997,-4772.81,5756.53
-251.845,-4867.1,5623.25
-207.515,-4927.65,5539.17
-134.336,-4981.25,5550.82
-80.9059,-5015.42,5572.05
-123.504,-5029.38,5546.38
-147.844,-5069.35,5505.45
-86.1626,-5138,5471.22
-49.6567,-5153.68,5443.26
8.88199,-5103.17,5516.97
63.5505,-5181.75,5494.51
-32.0523,-5138.59,5421.51
50.2114,-5106.29,5405.02
-0.559963,-5078.06,5332.65
-13.2048,-5184.06,5299.56
104.997,-5327.28,5267.63
238.612,-5386.78,5220.34
325.195,-5377.22,5169.35
449.161,-5398.72,5102.67
543.689,-5477.9,5058.27
661.077,-5486.69,4960.17
878.76,-5562.25,4945.77
989.088,-5677.61,4835.98
1154.99,-5749.82,4731.73
1308.88,-5827.08,4647.61
1401.27,-5905.12,4563.5
1473.74,-6025.16,4493.64
1544.8,-6144.04,4460.3
1560.15,-6133.8,4438.43
1539.57,-6113.11,4380.48
1550.77,-6137.46,4336.35
1540.25,-6143.63,4362.34
1451.35,-6148.69,4385.16
1403.8,-6113.24,4407.79
1405.96,-6084.05,4445.47
1477.28,-6030.36,4473.95
1572.86,-5988.38,4455.71
1622.24,-5977.24,4405.52
1634.99,-5938.66,4391.13
1699.59,-5929.12,4416.32
1810.29,-5958.86,4302.09
1931.81,-5985.99,4287.27
2015.76,-5988.43,4290.56
2088.46,-6022.93,4337.15
2173.16,-6080.14,4413.61
2173.24,-6142.89,4438.83
2125.03,-6192.46,4436.65
2086.59,-6197.38,4474.45
2013.6,-6156.41,4522.11
1971.9,-6162.32,4505.04
1949,-6205.65,4472.86
2061.43,-6143.97,4518.25
2170.02,-6277.14,4561.89
2185.39,-6336.13,4666.74
2216.27,-6345.13,4752.78
2252.49,-6238.5,4826.41
2295.34,-6103.33,4903.49
2399.49,-6089.24,4918.1
2562.39,-6098.85,4839.85
2654.2,-5851.74,4859.29
2624.18,-5802.87,4841.81
2615.74,-5758.31,4771.59
2629.15,-5728.78,4803.62
2716.1,-5674.66,4800.19
2788.86,-5669.07,4745.54
2759.47,-5696.61,4673.17
2651.55,-5741.05,4642.64
2575.56,-5811.67,4664.02
2577.42,-5923.37,4694.76
2530.36,-6107.95,4746.08
2442.2,-6294.23,4734.82
2437.93,-6359.9,4738.34
2485.12,-6367.44,4776.81
2484.62,-6393.99,4812.54
2536.38,-6368.99,4809.5
2659.2,-6269.33,4836.98
2765.11,-6175.48,4919.61
2823.81,-6127.02,4990.21
2910.12,-6040.49,4982.61
3019.04,-5871.75,4928.26
3157.82,-5719.88,4891.39
3311.71,-5594.23,4839.34
3476.78,-5529.19,4756.39
3576.67,-5497.13,4690.65
3624.03,-5429.12,4687.66
3653.02,-5403.38,4698.48
3632.44,-5458.45,4714.84
3542.18,-5545.23,4751.08
3418,-5618.49,4764.73
3241.28,-5683.01,4717.77
3070.22,-5751.33,4729.65
2973.26,-5791.2,4803.71
2892.19,-5871.4,4815.22
2828.54,-5901.76,4890.75
2778.5,-5861.76,5042.69
2806.98,-5767.89,5167.22
2901.52,-5647.91,5251.93
2997.82,-5546.85,5365.77
3073.76,-5480.61,5494.65
3125.93,-5362.74,5502.98
3171.78,-5258.3,5443.9
3197.73,-5232.85,5362.67
3294.8,-5202.53,5268.02
3473.77,-5182.08,5180.66
3654.01,-5139.85,5075.61
3787.28,-5079.64,4957.17
3891.13,-5006.13,4887.96
3931.12,-4959.74,4877.46
3836.95,-4989.34,4852.59
3727.52,-5040.01,4833.43
3653.01,-5267.01,4920.6
3402.29,-5501.55,5006.52
3241.23,-5634.16,5001.62
3270.68,-5698.87,5024.71
3375.4,-5770.94,5023.85
3473.32,-5825.98,5063.54
3613,-5878.46,5080.81
3844.01,-5935.15,4965.18
4132.77,-5941.37,4790.13
4475.38,-5924.27,4757.11
4766.47,-5947,4908.63
4875.26,-5937.13,5021.63
4851.33,-5948.93,5072.63
4701.47,-5964.35,5104.64
4496,-5956.86,5186.17
4309.26,-5913.56,5304.42
4123.48,-5830.96,5422.7
3907.08,-5706.97,5535.25
3722.13,-5569.76,5652.13
3658.95,-5517.15,5756.2
3638.23,-5589.01,5894.02
3609.23,-5753.1,5981.32
3627.92,-6010,5948.79
3763.55,-6281.4,5826.95
4019.18,-6440.25,5677.86
4294.39,-6457.24,5535.42
4516.94,-6441.74,5457.03
4660.15,-6442.69,5417.56
4689.52,-6384.34,5314.49
4589.04,-6327.27,5222.28
4504.33,-6366.37,5234.27
4533.25,-6324.86,5272.28
4556.02,-6355.74,5318.71
4567.65,-6307.88,5392.28
4662.99,-6197.73,5423.53
4836.5,-6153.73,5414.33
4961.81,-6171.9,5423.37
4996.45,-6163.21,5446.1
5034.32,-6138.01,5439.49
5051.52,-6186.5,5492.4
5059.19,-6177.15,5461.63
5155.18,-6262.49,5496.52
5126.46,-6241.59,5510.07
5106.67,-6125.88,5527.61
5058.12,-6025.74,5542.3
4911.88,-6047.71,5670.77
4704.32,-6109.63,5844.81
4553.99,-6137.13,5891.57
4521.78,-6193.12,5816.43
4541.35,-6209.88,5783.85
4696.32,-6142.28,5692.76
4819.83,-6210.68,5678.84
4913.99,-6253.97,5662.96
4918.37,-6363.46,5625.91
4746.46,-6476.59,5575
4497.12,-6481.98,5581.51
4353.39,-6348.93,5608.29
4326.51,-6171.55,5636.15
4299.81,-6072.18,5740.97
4373.48,-6036.42,5848.37
4305.86,-5952.4,5898.06
4336.7,-5905.54,6007.9
4239.58,-5859,6144.64
4229.95,-5776.34,6213.56
4110.95,-5734.64,6263.01
3961.77,-5644.36,6320.43
3843.29,-5617.79,6463.24
3670.34,-5663.32,6703.65
3427.62,-5588.96,6913.33
3332.73,-5673.89,7031.6
3374.97,-5813.16,7190.05
3427.36,-5952.22,7295.58
3514.66,-5949.9,7279.55
3596.76,-6045.74,7145.8
3669.87,-6028.84,7077.59
3782.11,-5975.85,6991.74
3766.39,-5918.96,6941.73
3601.49,-5836.29,6983
3571.62,-5746.85,6959.8
3641.09,-5536.12,6850.48
3694.29,-5434.37,6819.86
3430.39,-5401.39,6843.74
3448.1,-5099.5,6943.82
3301.15,-5079.03,6869.43
3119.76,-4990.8,6917.94
2931.39,-4843.86,7046.13
2741.39,-4774.21,7180.99
2587.85,-4788.81,7358.18
2442.17,-4829.66,7645.88
2187.1,-4921.16,8123.89
1967.62,-5118.64,8482.37
1924.65,-5109.53,8704.71
1908.76,-5597.68,9004.58
2082.67,-5475.62,9052.89
2244.36,-5332.4,9129.55
2355.32,-5330.49,9223.03
2469.23,-5464.86,9244.48
2643.18,-5625.36,9183.4
2836.08,-5577.23,9075.37
2858.49,-5435.1,8993.6
3135.52,-5435.16,8916.29
3189.87,-5363.63,8915.95
3163.63,-5259.79,8853.75
3148.79,-5110.36,8786.32
3067.66,-4945.42,8802.58
2953.23,-4818.29,8768.49
2881.51,-4705.91,8743.59
2830.44,-4599.28,8798.87
2702.21,-4517.99,8833.68
2495.88,-4339.65,8949.87
2156.17,-4183.52,8995.07
1768.61,-4188.11,9085.54
1413.18,-4308.9,9374.92
1171.5,-4389.62,9611.32
1020.12,-4408.93,9755.71
856.414,-4484.32,9990.62
774.145,-4597.09,10261.2
778.534,-4669.67,10374.5
715.965,-4715.31,10382.8
809.642,-4733.03,10532.3
840.496,-4837.34,10472.1
846.458,-4740.37,10285.5
913.785,-4687.92,10223.6
931.022,-4668.27,10041.3
1105.38,-4558.53,9851.02
1167.65,-4430.91,9667.91
1083.47,-4294.46,9565.33
1057.37,-4098.24,9511.28
1089.12,-3908.39,9349.02
1029.86,-3860.81,9257
988.478,-3785.37,9372.85
1005.56,-3663.07,9344.83
905.141,-3511.85,9229.03
776.393,-3347.28,9204.75
582.368,-3263.24,9160.18
346.349,-3231.43,9138.7
96.6481,-3183.94,9195.58
-149.196,-3110.05,9317.11
-379.992,-3058.75,9498.33
-613.707,-3059.31,9788.43
-751.572,-3052.37,10094.9
-856.742,-3079.24,10240.2
-1041.3,-2971.56,10469.6
-1157.89,-2855.73,10555.7
-1188.86,-2778.8,10592.6
-1234.61,-2758.48,10628.4
-1279.49,-2738.1,10683
-1292.15,-2672.15,10749.8
-1344.6,-2595.37,10785.9
-1419.7,-2522.06,10786
-1422.36,-2381.8,10802.2
-1445,-2270.47,10730.1
-1462.93,-2161.86,10652
-1500.75,-2074.15,10563.6
-1541.1,-2042.3,10425
-1590.82,-2031.68,10329.7
-1653.15,-2014.98,10249.9
-1709.86,-2033.45,10124
-1741.17,-2108.54,10025.4
-1746.18,-2106.68,10007.6
-1673.81,-2090.64,9962.77
-1591.33,-2042.21,9906.98
-1579.51,-2057.53,9938.08
-1555.23,-2109.69,10014.3
-1594.85,-2233.75,10084.8
-1675.54,-2411.82,10177.9
-1793.45,-2550.3,10279.3
-1940.04,-2579.31,10361.2
-2026.26,-2513.48,10421.2
-1979.43,-2386.06,10406.8
-1899.83,-2304.39,10447.6
-1834.18,-2365.04,10452.9
-1861.17,-2351.42,10446.8
-1937.28,-2316.66,10349.4
-1917.79,-2274.64,10235.5
-1799.29,-2188.63,10128.4
-1661.29,-2125.4,9980.41
-1563.07,-2136.77,9841.46
-1494.68,-2160.2,9832.43
-1417.11,-2187.13,9837.82
-1457.8,-2133.59,9818.89
-1613.69,-1915.82,9841.16
-1672.95,-1708.88,9837.33
-1721.43,-1526.44,9812.82
-1800.31,-1409.41,9808.09
-1851.15,-1359.69,9804.01
-1890.76,-1346.5,9765.38
-1964,-1344.32,9697.11
-2031.16,-1368.75,9647.07
-2050.04,-1461.35,9653.89
-2111.12,-1536.8,9707.79
-2085.38,-1508.54,9612.53
-2024.43,-1558.08,9512.31
-2050.89,-1625.15,9647.3
-2172.62,-1626.05,9920.88
-2333.39,-1573.21,10228.7
-2530.59,-1428.33,10506.1
-2789.81,-1159.09,10690.2
-3074.73,-854.629,10747.3
-3290.24,-640.385,10744.8
-3406.28,-517.382,10658.5
-3359.87,-560.175,10585.5
-3206.55,-694.27,10484.6
-3091.57,-739.061,10381.2
-3037.03,-664.115,10262.8
-3047.4,-612.97,10104.6
-3076.14,-627.124,9991.06
-3092.78,-626.618,10003.1
-3167.53,-586.279,10068.3
-3395.27,-599.018,10062.8
-3612.98,-639.362,10093.1
-3818.6,-728.124,10180
-3962.19,-712.319,10289.9
-4047.5,-719.907,10444.6
-4170.52,-776.21,10556.2
-4179.78,-768.509,10573.5
-4063.81,-667.527,10568.6
-3939.9,-536.026,10621.6
-3827.72,-431.917,10706.7
-3705.42,-395.524,10767
-3663.13,-298.151,10769.6
-3623.18,-193.432,10687
-3446.38,-160.386,10601.6
-3157.3,-122.17,10469.6
-2900.19,-68.4046,10323.3
-2751.32,-102.461,10216.6
-2679.39,-191.764,10162.7
-2643.41,-198.895,10130.6
-2668.15,-109.241,10098.2
-2779.27,-83.2921,10099.1
-2915.19,-48.4519,10162
-2967.74,-82.2971,10073.7
-2920.91,-48.7576,10093.5
-2810.96,-32.2184,10091
-2679.02,-53.1631,10032.8
-2535.88,-103.232,10001.3
-2416.86,-164.71,10045.3
-2344.67,-216.624,10131
-2291.09,-243.864,10194.9
-2240.32,-248.098,10224.6
-2209.67,-209.749,10383.6
-2221.79,-178.001,10582.5
-2240.75,-91.9631,10786.7
-2234.38,100.582,10953.7
-2241.74,305.692,11043
-2277.76,486.071,11036.5
-2269.97,616.611,10947
-2173.97,696.332,10790.1
-2020.9,778.682,10574.2
-1774.83,899.204,10336.3
-1521.43,955.423,10134.9
-1504.83,971.591,9932.21
-1312.66,964.418,9824.52
-1308.93,956.447,9851.62
-1468.69,899.837,9891.98
-1669.11,807.842,9962.23
-1860.95,671.517,10051.6
-2064.25,528.484,10151.6
-2268.85,444.329,10284.5
-2391.78,313.906,10357.6
-2450.81,289.248,10576.3
-2644.57,298.766,10716.1
-2702.13,276.403,10921.3
-2842.05,454.618,11096.5
-2972.96,732.777,11183.2
-3101.12,940.49,11217
-3181.36,1117.09,11196
-3153.95,1319.97,11090
-3047.11,1472.6,10885.3
-2881.3,1605.44,10562
-2686.07,1528.61,10329.8
-2438.95,1440.44,10070.3
-2276.47,1456.23,9815.94
-2178.83,1488.1,9665.54
-2089.86,1489.25,9536.34
-1939.3,1487.46,9544.58
-1861.88,1464.25,9607.48
-1941.19,1421.96,9592.82
-2006.89,1405.07,9575.07
-1979.73,1334.14,9579.77
-1989.98,1271.13,9611.12
-2073.31,1307.55,9781.66
-2333.51,1360.89,10007.8
-2635.16,1426.18,10177.8
-2929.43,1597.78,10239.4
-3061.71,1922.1,10258
-3069.03,2195.43,10232.7
-3048.22,2245.74,10135.5
-2968.37,2168.74,10015.9
-2883.77,2086.61,9921.65
-2877.83,2262.11,9822.56
-2820.65,2322.27,9780.1
-2654.52,2535.78,9700.57
-2482.55,2679.82,9608.06
-2357.61,2841.53,9604.23
-2265.97,2891.95,9584.3
-2235.53,2874.95,9570.94
-2284.65,2899.09,9600.66
-2383.51,2897.92,9562.29
-2545.06,2881.13,9504.26
-2594.76,3034.02,9698.96
-2650.98,2997.09,9718.22
-2730.26,3011.95,9869.8
-2778.55,3016.58,9947.22
-2766.52,2996.37,9929.55
-2816.41,2970.12,9863.63
-2889.12,2906.51,9818.62
-2850.51,2766.46,9799.92
-2737.86,2604.17,9771.96
-2749.1,2546.6,9817.41
-2881.1,2509.36,9955.02
-2613.49,2631.6,9835.69
-2538.82,2686.73,9755.36
-2377.63,2780.44,9650.47
-2268.37,2770.33,9529.94
-2255.54,2751.48,9432.37
-2267.22,2821.54,9503.77
-2318.42,2904.41,9664.7
-2498.29,2932.55,9661.31
-2680.78,3083.22,9738.34
-2838.35,3032.67,9733.62
-2772.22,2986.98,9771.84
-2703.8,2833.34,9795.17
-2697.77,2613.93,9761.96
-2646.46,2387.12,9803.76
-2549.75,2228.05,9836.18
-2497.58,2054.64,9852.34
-2460.46,1788.05,9841.99
-2323.71,1544.77,9711.34
-2217.58,1444.64,9601.63
-2098.6,1205.23,9620.32
-1937.19,1171.84,9601.69
-1946.69,1195.09,9638.34
-2003.17,1235.22,9655.4
-2072.79,1327.09,9792.32
-2113.14,1450.39,9789.8
-2113.49,1607.39,9679.36
-2067.65,1761.72,9679.16
-1972.86,1851.05,9722.01
-1907.51,1964.86,9621.87
-1860.83,1977.79,9522.64
-1765.05,1926.97,9391.71
-1653.42,1836.76,9410.28
-1654.73,1648.21,9326.36
-1634.62,1485.03,9269.47
-1713.35,1414.65,9290.69
-1817.2,1366.93,9412.11
-1799.15,1305.35,9546.92
-1742.87,1272.95,9565.73
-1751.57,1193.05,9628.3
-1820.23,1292.24,9670.77
-1849.88,1272.57,9730.1
-1907.78,1267.91,9779.78
-2005.65,1305.51,9874.34
-2145.47,1433.24,9935.07
-2214.58,1667.93,9945.14
-2224.28,1902.14,9964.19
-2279.05,2091.08,9985.92
-2375.74,2286.42,9937.62
-2392.56,2349.69,9894.3
-2437.48,2463.11,9850.97
-2494.21,2530.02,9823.32
-2515.52,2588.09,9826.34
-2626.35,2663.13,9842.54
-2750.92,2747.45,9912.55
-2921.6,2741.06,10008.5
-3101.62,2665.97,10089
-3249.56,2595.89,10152.3
-3404.74,2537.86,10222.5
-3529.18,2537.61,10311.7
-3702.65,2557.48,10494.6
-3916.73,2528.37,10668.4
-4289.29,2578.69,10929
-4694.43,2761.84,11203.8
-4941.89,2993.15,11441.4
-5152.15,3234.56,11627.9
-5398.96,3493.06,11775
-5605.69,3752.59,11871.7
-5696.58,3971.7,11890.6
-5660.46,4145.47,11844.5
-5483.03,4148.88,11609.2
-5142.5,4087.13,11190
-4832.65,3974.71,10863.8
-4629.35,3749.26,10645.4
-4503.5,3496.51,10419.9
-4528.21,3280.17,10271.8
-4709.1,3108.09,10277
-4977.37,2968.2,10371
-5291.33,2829.42,10451.3
-5637.57,2623.02,10542.4
-6008.42,2496.99,10641.4
-6305.8,2411.7,10662.4
-6514.23,2353.67,10677.6
-6576.84,2359.01,10615.7
-6556.35,2354.4,10514.3
-6488.85,2286.16,10331.4
-6384.25,2193.39,10104.6
-6221.46,2144.18,9961.77
-5985.08,2145.46,9916.04
-5758.45,2160.29,9746.03
-5624.48,2222.84,9557.76
-5577.04,2279.74,9462.39
-5431.04,2321.37,9281.68
-5249.22,2444.89,9072.45
-5121.96,2540.52,8917.77
-5013.69,2596.05,8793.08
-4914.95,2661.07,8685.81
-4862.01,2736.28,8629.42
-4857.91,2777.83,8624.8
-4882.63,2816.01,8602.16
-5015.66,2880.97,8625.11
-5168.47,2941.5,8786.82
-5233.57,2972.35,8913.54
-5307.4,2992.48,9008.2
-5352.48,3003.33,9007.73
-5318.03,3045.63,8955.83
-5271.89,3125.33,8941.9
-5310.03,3185.78,8943.1
-5415.66,3186.6,8870.76
-5491.1,3198.9,8824.55
-5482.18,3241.75,8798.41
-5521.53,3304.9,8791.03
-5466.12,3380.73,8751.89
-5340.67,3426.51,8706.83
-5297.61,3454.45,8712.29
-5265.54,3517.54,8621.82
-5144.31,3621.67,8471.13
-4976.38,3732.97,8379.08
-4883.4,3829.26,8278.44
-4873.99,3898.2,8077.15
-4903.37,3913.07,8007.22
-4912.73,3800.84,7868.57
-4897.54,3808.4,7608.95
-4893.16,3900.34,7438.36
-4862.43,3934.69,7326.44
-4767.84,3971,7249.31
-4642.25,4075.92,7195
-4588.37,4218.22,7167.79
-4667.09,4314.33,7191.29
-4780.66,4311.47,7267.7
-4918.65,4379.55,7406.93
-5146.5,4491.85,7585.79
-5224.34,4467.03,7691.95
-5384.37,4452.13,7787.19
-5532.72,4475.76,7910.12
-5551.04,4538.07,8004.63
-5476.66,4592.96,8061.47
-5333.31,4637.32,8120.41
-5063.22,4726.34,8171.92
-4783.02,4808.88,8143.04
-4449.18,4821.57,8051.25
-4299.13,4862.6,8013.33
-4199.8,4812.05,7958.42
-4141.28,4820.98,7866.17
-4082,4858.64,7804.01
-3993.85,4849.84,7659.71
-3968.12,4815.4,7558.6
-3975.28,4787.95,7582.41
-3875.01,4734.15,7567.55
-3869.55,4670.02,7644.85
-3783.88,4606.21,7790.95
-3590.74,4617.95,7925.43
-3344.43,4702.53,8075.89
-3066.76,4752.98,8133.63
-2819.69,4693.89,8122.14
-2615.5,4637.18,8095.13
-2517.58,4597.28,8092.53
-2523.49,4567.4,8087.91
-2517.66,4605.98,8012.72
-2532.48,4606.96,7886.65
-2766.61,4630.59,7820.3
-2794.9,4771.4,7831.29
-2822.49,4776.26,7843.47
-2849.62,4721.05,7877.02
-2939.97,4684.64,7942.75
-3016.04,4680.23,8018.16
-3060.79,4695.54,8128.29
-3109.49,4695.19,8263.89
-3138.99,4659.13,8384.1
-3112.26,4659.73,8588.49
-3014.09,4617.11,8703.27
-2940.99,4600.32,8746.79
-2865.47,4555.41,8753.5
-2771,4591.38,8866.59
-2697.71,4649.2,9008.41
-2511.25,4693.04,9075.84
-2226.56,4758.09,9117.93
-1996.65,4849.28,9113.53
-1902.63,4902.2,8934.46
-1909.03,4918.2,8768.83
-1778.93,4971.54,8690.37
-1679.87,5005.64,8432
-1713.45,5117.75,8278
-1736.73,5046.38,8259.76
-1721.98,4989.94,8175.29
-1741.17,4986.66,8052.32
-1813.13,4950.09,8012.38
-1910.51,4899.52,7996.7
-1996.63,4883.28,7850.81
-1987.66,4691.66,7742.16
-2013.27,4695.15,7803.07
-2051.57,4641.32,7721.41
-2033.41,4627.81,7670.43
-2032.46,4691.6,7714.14
-2024.01,4731.71,7751.47
-1844.24,4746.9,7963.14
-1665.49,4776.3,8172.68
-1622.26,4824.15,8220.65
-1520.02,4878.84,8285.17
-1426.55,4960.58,8181.31
-1385.27,4951.68,8035.51
-1476.17,4959.64,8106.1
-1585.95,5039.35,7876.25
-1701.76,5057.37,7818.56
-1787.47,5065.1,7802.37
-1876.16,4963.88,7809.93
-2056.33,4772.29,7849.9
-2272.41,4578.87,7929.17
-2412.55,4395.96,8070.65
-2694.36,4257.57,8187.84
-2881.25,4023.94,8145.61
-3115.08,3814.7,8505.51
-3341.44,3747.47,8679.2
-3429.95,3638.3,8932
-3419.65,3503.27,9222.46
-3357.83,3487.67,9449.69
-3217.25,3536.96,9626.58
-2993.26,3561.62,9861.72
-2738.87,3641.14,10129.6
-2404.6,3781.64,10122.7
-1909.82,3884.82,10011.4
-1602.16,3906.48,9915.12
-1246.44,3919.33,9749.34
-990.548,3838.89,9565.07
-696.27,3849.64,9410.4
-440.173,3883.76,9300.72
-346.6,3823.91,9219.29
-361.884,3757.06,9180.76
-411.892,3832.75,9196.01
-702.725,3877.53,9147.45
-726.552,3889.08,9119.29
-847.802,3816.88,9209.77
-777.239,3747.76,9229.84
-829.387,3615.8,9200.05
-863.772,3371.23,9132.16
-922.566,3087.34,9092.73
-1054.08,2815.26,9115.67
-1256.96,2629.13,9209.02
-1490.66,2571.56,9337.83
-1580.24,2430.04,9358.77
-1598.23,2449.07,9432.91
-1588.97,2417.43,9747.35
-1442.74,2443.39,9843.02
-1305.15,2483.27,9945.36
-1125.39,2513.92,9921.8
-937.526,2570.8,9791.45
-718.028,2643.86,9594.2
-485.795,2671.45,9409.65
-363.819,2619.44,9319.64
-318.01,2522.34,9161.76
-228.797,2395.01,9024.01
-161.519,2306.45,8945.39
-50.5408,2172.09,8969
-30.1441,2006.95,8914.79
-65.3063,1969.83,8875.52
-37.7105,1922.61,8894.21
16.5061,1875.47,8877.49
15.0011,1868.07,8853.47
-35.6282,1728.31,8970.04
-161.178,1414.62,9055.45
-192.76,1285.83,9128.99
-206.304,1170.56,9251.5
-226.42,1146.89,9336.21
-5.19186,1053.93,9287.36
186.511,964.167,9293.23
254.513,882.473,9359.81
248.973,814.679,9393.42
261.806,760.066,9364.01
370.618,702.98,9303.67
584.245,709.976,9195.92
962.645,780.938,9190.52
1225.05,841.029,9186.67
1274.84,750.055,9203.77
1255.28,730.118,9145.68
1249.7,789.185,9103.09
1249.86,863.386,9043.46
1246.6,907.612,8955.88
1228.77,911.539,8886.72
1154.18,898.879,8833.02
1005.5,918.927,8733.75
864.732,861.598,8813.57
598.757,852.175,8961.04
337.01,828.244,9119.46
45.859,803.719,9196.86
-161.181,895.693,9222.44
-266.169,1050.41,9196
-303.846,1165.48,9208.38
-341.337,1205.48,9355.87
-487.054,1196.13,9574.31
-801.348,1145.72,9696.92
-1014.69,982.407,9792.59
-1013.13,977.902,9971.93
-1016.77,986.583,10082.7
-931.48,893.535,10120.6
-881.627,823.74,10182.2
-887.15,819.469,10252.8
-839.749,840.66,10260
-712.235,834.843,10197.4
-630.394,787.103,10142.6
-633.778,732.865,10132.3
-650.771,696.778,10112.7
-782.383,702.704,10154.2
-1006.88,676.407,10244.6
-1311.92,665.907,10378.4
-1630.44,693.525,10454.6
-1904.29,734.624,10512.4
-2100.58,750.17,10600
-2230.6,770.469,10670.9
-2369.66,856.909,10661.7
-2610.16,924.004,10640.1
-2800.19,885.726,10636.5
-2812.27,902.869,10602.6
-2797.92,880.273,10534.4
-2822.62,811.811,10445.8
-2865.12,746.234,10411.9
-2902.12,698.665,10349.8
-2949.31,648.758,10206.2
-3002.43,603.824,10057.8
-3003.02,587.976,10008.8
-2926.52,543.894,10041.3
-2854.5,502.176,10140.7
-2916.06,547.507,10222
-2965.59,580.624,10165.4
-2996,593.436,10207.6
-2962.07,639.271,10351.8
-2956.13,688.615,10507.2
-3041.14,697.746,10642.8
-3181.48,692.417,10770.3
-3331.04,726.972,10891
-3515.31,762.97,11026.4
-3678.37,820.589,11105.9
-3788.47,907.592,11135.8
-3904.93,986.574,11207.8
-4004.79,1002.51,11239.8
-4033.01,1019.75,11254.8
-4029.5,1004.63,11257.9
-3994.78,960.189,11221.5
-3863.17,930.612,11126.1
-3603.69,925.409,10990
-3306.92,942.2,10843.9
-3139.68,992.027,10668.9
-2993.4,1023.76,10456
-2762.58,1089.21,10253.1
-2557.15,1119.55,10064.3
-2348.07,1082.45,9862.68
-2129.72,1058.66,9666.17
-1908.02,1102.18,9473.36
-1716.39,1143.18,9282.51
-1613.46,1110.81,9119.69
-1616.37,1140.73,9000.17
-1769.21,1189.34,9045.09
-2010.71,1208.07,9167.65
-2442.37,1265.01,9156.36
-2825.41,1324.19,9312.54
-3082.97,1301.34,9569.14
-3341.06,1292.94,9730.81
-3600.79,1297.41,9852.86
-3854.67,1273.76,10079
-4176.62,1260.74,10352.3
-4437.6,1218.05,10538.3
-4826,1249.88,10652.5
-5116.08,1349.84,10752.1
-5260.36,1434.72,10775.8
-5314.53,1490.63,10770.5
-5274.52,1436.43,10729
-5151.49,1311.93,10600
-4947.51,1187.58,10448.2
-4688.29,1060.68,10327.9
-4431.19,912.482,10174.9
-4192.56,842.453,10008.9
-4028.66,768.948,9972.05
-3839.87,625.454,10087.7
-3874.32,619.656,10105.8
-3974.92,574.461,10238.3
-4088.23,524.586,10415.2
-4219.24,421.34,10564.7
-4492.88,299.863,10736
-4990.2,266.963,10971.5
-5546.55,391.674,11184
-5856.65,696.385,11251
-6026.83,953.724,11089.5
-5908.81,1116.7,11019.2
-5772.73,1129.26,10983.1
-5598.98,1195.37,10798.7
-5414.95,1133.05,10560.5
-5185.55,986.924,10265.4
-4899.8,878.468,9909.2
-4550.29,817.445,9566.05
-4138.14,772.27,9319.46
-3804.88,832.251,9159.64
-3693.24,790.182,9103.77
-3447.01,796.484,9019.76
-3452.17,745.486,9083.89
-3645.41,708.182,9292.82
-3913.31,731.337,9550.66
-4259.77,699.91,9842.68
-4725.28,743.547,10188.9
-5181.81,924.552,10537.7
-5451.05,1025.89,10790.1
-5729.81,1120.43,10950.3
-6054.27,1246.8,10969.8
-6217.38,1404.46,11001.8
-6239.12,1426.54,11000.8
-6255.07,1389.82,11027.2
-6259.86,1379.18,10898.7
-6204.65,1356.4,10661.8
-6060.93,1321.26,10393.9
-5805.37,1306.62,10020.5
-5438.08,1315.44,9426.86
-5038.38,1376.86,8740.76
-4487.53,1470.61,8261.56
-3857.96,1520.16,8055.73
-3504.6,1549.44,7796.38
-3325.34,1503.65,7848.85
-3344.35,1562.09,8040.11
-3542.58,1690.36,8397.74
-4010.31,1758.1,8862.06
-4768.42,1868.16,9357.23
-5578.11,2218.97,9835.72
-6175.16,2528.6,9981.89
-6623.33,2785.01,10176.1
-6747.01,3147.86,10268.8
-7030.32,3130.14,10178.9
-6961.8,3052.23,10248.6
-6867.76,2991.26,10257.8
-6780.92,2884.97,10138.6
-6656.84,2799.14,9972.47
-6494.44,2756.66,9808.27
-6299.62,2654.42,9616.39
-6129.54,2610.02,9373.47
-5669.82,2584.84,8868.33
-5267.25,2648.79,8396.73
-4750.03,2701.44,8008.5
-4286.66,2797.63,7817.43
-3916.02,2959.63,7693.56
-3736.86,3209.42,7650.84
-3755.41,3384.68,7800.48
-3881.93,3492.6,8132.3
-4084.57,3745.46,8505.96
-4448.27,3888.44,8915.4
-4847.61,3973.42,9333.39
-5227.69,3956.19,9702.55
-5402.09,3886.87,9852.99
-5544,3907.08,9992.78
-5564.65,3953.35,9991.4
-5448.58,3984.17,9932.18
-5333.57,3974.5,9881.54
-5271.89,3961.96,9798.71
-5153.1,4009.58,9655.74
-5001.55,4034.38,9495.72
-4784.17,4038.32,9328.84
-4451.56,4181.2,8963.31
-4104.02,4359.25,8820.18
-3857.44,4429.2,8657.51
-3598.04,4608.88,8494.23
-3403.54,4824.8,8378.94
-3279.02,4969.63,8330.69
-3197.72,5022.91,8339.99
-3204.25,5005.47,8368.4
-3213.21,5018.33,8351.08
-3121.13,5158.66,8288.5
-3097.4,4954.15,8353.16
-3031.58,5145.62,8535.2
-3060.88,5131.57,8591.78
-3122.26,5110.06,8613.27
-3188.22,5103.48,8617.71
-3199.93,5052.88,8591.37
-3206.51,4999.17,8550.7
-3319.77,5021.43,8512.73
-3361.19,5063.41,8456.95
-3510.96,5048.91,8442.88
-3728.57,5022.05,8498.68
-3864.64,4992.41,8468.75
-3975.14,4833.31,8477.4
-4088.58,4750.32,8480.52
-4139.23,4756.59,8527.31
-4164.5,4761.12,8589.66
-4215.18,4742.71,8644.5
-4225.96,4739.99,8724.37
-4170.75,4706.84,8701.49
-4181.3,4664.04,8639.49
-4101.49,4616.43,8658.08
-3987.81,4540.35,8621.9
-3835.8,4500.12,8527.29
-3709.71,4509.53,8417.22
-3632.93,4531.94,8343.75
-3576.11,4529.62,8304.22
-3523.08,4505.44,8290.79
-3503.52,4493.13,8325.5
-3525.29,4500.1,8386.46
-3517.73,4488.21,8464.87
-3537.96,4492.65,8455.57
-3533.65,4459.69,8566.11
-3504.27,4431.84,8647.4
-3489.29,4469.9,8662.09
-3501.34,4522.81,8629.44
-3531.96,4566.74,8596.7
-3527.16,4641.42,8593.94
-3449.12,4731.16,8598.47
-3412.58,4702.29,8556.38
-3409.99,4718.85,8483.51
-3429.07,4757.8,8417.57
-3525.81,4733.49,8380.33
-3606.51,4709.03,8352.11
-3624.31,4757.6,8386.78
-3648.14,4823.68,8434.62
-3689.36,4887.46,8468.83
-3685.11,4966.07,8497.27
-3623.78,5040.13,8507.67
-3598.49,5095.61,8502.97
-3588.67,5120.2,8531.85
-3492.41,5135.77,8592.8
-3433.15,5143.97,8680.43
-3319.7,5145.92,8730.58
-3176.73,5149.36,8709.29
-3109.49,5165.72,8668.81
-3084.31,5157.94,8669.52
-3053.77,5154.43,8703.67
-3051.05,5248.6,8718.22
-2969.31,5356.24,8717.78
-2830.06,5402.3,8734.05
-2793.48,5516.37,8705.63
-2816.37,5691.37,8685.05
-2806.54,5833.07,8636.37
-2769.45,5922.22,8572.3
-2741.65,5965.08,8543.64
-2724.52,6025.49,8533.54
-2689.57,6125.07,8525.67
-2629.62,6201.16,8546.83
-2565.81,6252.65,8536.73
-2390.19,6282.39,8470.21
-2245.04,6300.23,8415.49
-2173.01,6349.03,8373.98
-2057.45,6400.49,8354.85
-1963.02,6478.91,8320.52
-1902.72,6587.66,8249.17
-1835.29,6697.52,8166.46
-1736.03,6742.19,8135.5
-1632.74,6700.53,8190.93
-1573.71,6704.76,8259.76
-1596.37,6697.43,8229.86
-1576.28,6764.87,8100.53
-1453.43,6789.46,7997.69
-1336.64,6807.19,7924.07
-1236.21,6847.54,7926.16
-1183.62,6854.59,7940.05
-1195.21,6803.51,7936.95
-1229.52,6747.02,7987.45
-1228.63,6751.23,8121.87
-1213.01,6810.1,8183.75
-1218.27,6862.04,8256.09
-1204.03,6834.32,8365.62
-1105.61,6869.55,8479.24
-970.516,6955.53,8552.87
-862.242,6952.51,8583.31
-785.644,6900.02,8595.52
-697.511,6872.58,8544.14
-587.874,6881.38,8403.03
-496.017,6897.57,8280.19
-423.277,6890.99,8300.67
-422.191,6834.34,8246.53
-356.598,6787.51,8154.37
-293.444,6752.81,8107.98
-231.291,6693.88,7994.84
-222.41,6676.81,7934.23
-181.994,6715.52,7914.3
-150.121,6728.07,7897.61
-152.791,6685.42,7869.7
-88.9119,6664.01,7853.96
-50.5285,6654.37,7959.84
-163.959,6631.02,8067.86
-369.301,6544.38,8326.49
-531.474,6296.13,8726.19
-813.409,5993.79,9042.48
-1250.32,5737.23,9271.11
-1668.81,5557.77,9469.02
-1901.44,5457.39,9626.42
-1949.45,5404.23,9727.23
-1889.66,5379.41,9798.99
-1664.94,5472.02,9797
-1439.92,5583.97,9612.77
-1279.47,5615.67,9498.48
-1165.46,5739.82,9302.55
-949.94,5831.59,9216.94
-682.501,5878.76,9155.7
-499.653,5870.1,9040.62
-342.462,5783.44,8973.18
-136.369,5667.97,8972.23
50.5353,5610.5,8885.32
266.022,5541.27,8800.88
449.646,5370.43,8797.11
560.162,5308.65,8924.43
607.95,5112.61,9006.47
683.088,4971.5,9078.08
808.284,4745.02,9143.58
847.761,4602.98,9175.94
835.914,4540.58,9201.98
845.92,4450.68,9220.27
811.652,4379.52,9179.62
768.361,4296.32,9156.97
788.721,4170.6,9214.17
877.972,4094.55,9120.39
911.35,3907.89,9135.02
875.738,3768.38,9167.89
822.056,3621.29,9174.8
831.399,3471.01,9162.51
939.358,3323.37,9165.53
1069.25,3168.97,9194.28
1098.39,3024.83,9216.6
1026.06,2928.81,9204.54
826.886,2886.97,9157.17
787.018,2909.95,9074.45
660.696,2832.97,9008.86
684.619,2647.57,9020.14
615.089,2606.29,9033.84
374.362,2533.73,9042.27
134.988,2423.46,9070.42
-31.934,2381.28,9092.3
-241.133,2332.34,9095.55
-382.522,2269,9222.95
-516.816,2176.18,9369.61
-630.887,2109.18,9338.95
-852.13,1848.77,9560.93
-1159.75,1692.99,9613.27
-1480.65,1463.25,9646.45
-1659.47,1218.82,9684.93
-1589.36,964.347,9757.88
-1371.44,691.464,9864.17
-1226.74,503.106,9918.89
-1140.31,353.934,9941.92
-872.674,101.362,9833.06
-574.275,164.275,9843.58
-320.958,164.569,9533.74
66.3308,212.902,9309.88
347.917,291.787,9117.36
523.165,188.561,8956.06
748.358,-6.50087,8810.19
961.913,-102.711,8653.87
939.487,-151.617,8487.95
866.189,-209.501,8278.13
967.072,-306.196,8199.92
806.943,-297.532,8112.71
757.496,-288.722,8014.37
536.919,-283.583,7995.91
389.154,-404.967,7946.1
360.013,-478.03,7928.19
231.426,-568.862,7984.88
6.43453,-697.485,8074.61
-82.6782,-670.056,8166.43
-274.656,-750.804,8274.84
-407.014,-719.836,8402.07
-412.517,-683.254,8431.78
-462.035,-664.971,8376.19
-390.105,-600.303,8414.69
-231.759,-631.194,8525.54
-112.462,-689.468,8586.19
-66.1698,-718.574,8648.82
-34.0124,-665.096,8737.14
63.4176,-543.923,8709.88
287.677,-661.146,8652.95
426.965,-466.438,8894.52
537.959,-575.695,8889.24
622.139,-588.644,8955.94
631.298,-470.026,9030.53
735.734,-350.709,9147.39
797.035,-187.138,9199.5
760.182,-64.9591,9144.15
744.115,-19.1232,9093.56
800.717,75.3224,9112.33
803.301,81.6158,9016.35
717.113,58.6054,9029.31
876.883,406.616,9002.62
983.479,385.595,8922.91
1076.5,419.211,8904.68
1083.43,420.501,8858.2
1056.59,397.449,8954.52
1004.54,430.522,9129.84
939.195,541.702,9245.44
943.198,684.207,9383.74
987.757,835.348,9539.8
900.609,971.915,9659.89
894.589,955.171,9799.55
797.158,1062.64,9887.4
696.247,1146.22,9909.37
661.68,1208.84,9980.51
626.643,1243.96,10062.3
489.714,1333.53,10107.6
311.931,1526.43,10165.2
191.848,1694.94,10280.6
-109.779,1702.54,10355.8
-455.008,1813.83,10482.4
-839.838,1936.93,10624.8
-1311.82,2101.51,10787.3
-1637.97,2187.53,10914.2
-1817.2,2215.91,11096.7
-1909.69,2268.88,11183.4
-1924.14,2341.6,11171.2
-1903.26,2357.64,11145.9
-1959.44,2306.55,11101.6
-2083.13,2299.78,11110.2
-2076.45,2291.51,11025.2
-1997.72,2352.65,10894.7
-1997.2,2496.52,10735.7
-1847.63,2603.13,10658.1
-1780.01,2598.43,10578
-1755.87,2571.48,10456.2
-1718.22,2564.68,10318.9
-1651.74,2527.59,10213.8
-1544.37,2442.13,10181.4
-1536.33,2394.66,10240.9
-1670.09,2388.38,10306
-1764.44,2336.7,10428
-1753.89,2228.32,10557.7
-1830.36,2195.18,10645.3
-1917.71,2220.19,10679.7
-2011.46,2280.75,10723.9
-2170.9,2304.16,10851.5
-2419.37,2288.36,11072.8
-2719.74,2333.68,11287.5
-3037.12,2410.26,11328.4
-3278.71,2451.88,11256.6
-3345.62,2569.62,11166.8
-3196,2678.4,11001.1
-2938,2680.43,10810.1
-2724.37,2626.35,10564.2
-2572.67,2550.44,10358.8
-2468.19,2477.38,10250.4
-2422.58,2402.24,10247.4
-2433.35,2290.3,10328.6
-2456.97,2152.31,10353.8
-2572.17,2024.21,10350.2
-2712.45,1955.23,10566.1
-2886.87,1924.92,10774.6
-3098.38,1847.21,10940.5
-3342.24,1809.27,11088.8
-3584.07,1797.14,11265.8
-3831.56,1772.39,11507.5
-4172.04,1800.06,11769.6
-4648.22,1972.73,11942.4
-5075.58,2183.05,11995.8
-5366.5,2366.73,11959.4
-5399.94,2514.3,11842.7
-5191.59,2572.88,11586.6
-4918.09,2581.55,11287.5
-4595.67,2499.57,11004.3
-4232.56,2434.93,10725.1
-3876.54,2422.94,10459.4
-3587.93,2365.03,10241.5
-3391.66,2220.67,10105.5
-3270.86,2158.25,10102
-3257.86,2113.94,10186.3
-3412.4,2062.15,10165
-3620.72,2134.93,10245.9
-3847.79,2252.74,10345.8
-4115.73,2345.44,10457.5
-4344.91,2414.23,10582.7
-4492.55,2434.34,10698.5
-4602.41,2391.58,10774.4
-4719,2350.04,10821.4
-4806.8,2382.11,10926.2
-4847.54,2457.21,11188.7
-4864.86,2542.06,11288.2
-4932.54,2683.43,11112.6
-4828.53,2830.31,10722.3
-4488.19,2909.95,10245.5
-4024.85,2948.11,9813.33
-3567.51,3025.51,9442.33
-3191.18,3143.28,9147.75
-2956.45,3202.77,9014.86
-2931.82,3170.93,9021.53
-3043.67,3100.97,9103.23
-3310.04,3135.82,9299.99
-3587.12,3107.42,9532.56
-3741.97,3107.46,9651.9
-3795.8,3179.83,9705.91
-3804.37,3237.07,9724.17
-3838.61,3238.72,9768.64
-3912.28,3261.75,9840.66
-3963.61,3371.31,9867.01
-3974.24,3469.05,9911.18
-4002.16,3556.08,9968.51
-4012.99,3573.01,9911.4
-4007.69,3687.91,9799.41
-3913.04,3877.12,9561.01
-3758.52,4039.27,9240.87
-3530.02,4220.73,8961.41
-3286.47,4432.44,8709.55
-3138,4651.59,8496.74
-3109.45,4871.47,8447.83
-3106.27,5025.47,8490.76
-3162.94,5268.04,8544.67
-3416.83,5478.59,8619.93
-3539.69,5493.18,8769.25
-3721.36,5472.66,8879.67
-3797.65,5408.19,8972.4
-3816.54,5333.13,9160.05
-3875.08,5304.65,9400.45
-3905.34,5334.55,9593.46
-3823.62,5358.41,9741.61
-3850.41,5290.4,9833.57
-3858.99,5216.44,9811.15
-3878.6,5218.62,9872.35
-3838.63,5241.12,9951.85
-3866.81,5243.08,9903.64
-3826.39,5337.91,9738.31
-3773.64,5419.45,9571.72
-3689.5,5466.83,9400.04
-3511.11,5512.89,9227.08
-3298.45,5520.61,9135.2
-3139.05,5531.61,9019.43
-3119.46,5431.85,8893.01
-3111.1,5479.88,8742.46
-3101.81,5348.89,8752.69
-3168.67,5389.15,8740.44
-3190.63,5418.58,8691.33
-3231.19,5420.01,8735.38
-3269.17,5407.62,8801.56
-3241.01,5350.32,8786.75
-3204.56,5277.83,8786.27
-3214.84,5298.28,8855.64
-3217.81,5223.72,8904.88
-3104.96,5143.47,8854.16
-3071.08,5102.24,8743.67
-2946.5,5114.98,8741.14
-2846.25,5083.2,8694.04
-2745.55,5182.04,8598.12
-2631.91,5268.79,8483.82
-2583.39,5202.98,8425.83
-2610.03,5170.9,8496.7
-2521.46,5111.5,8526.26
-2448.63,5147.82,8493.52
-2383.28,5104.31,8442.64
-2452.91,5127.67,8362.44
-2484.15,5055.92,8426.07
-2556.89,4995.44,8504.56
-2632.84,5025.93,8497.27
-2699.51,5062.25,8499.08
-2771.06,5053.21,8609.58
-2824.32,5048.75,8746.57
-2879.06,4945.07,8812.17
-2955.9,4923.22,8975.82
-2996.38,5001.68,9015.64
-2968.54,4856.54,9050.87
-2972.7,4843.53,9085.52
-2899.23,4761.96,9097.61
-2824.27,4665.79,9057.8
-2748.36,4676.51,8939.31
-2619.2,4716.01,8812.76
-2513.32,4635.37,8777.22
-2541.71,4569.93,8720.67
-2491.28,4501.38,8729.33
-2653.97,4536.93,8738.31
-2683.48,4633.74,8769.58
-2878.95,4575.39,8775.56
-3020.08,4692.25,8715.75
-3045.77,4798.35,8670.65
-2990.7,4808.65,8640.96
-2909.13,4813.51,8605.15
-2849.23,4799.27,8590.48
-2787.94,4779.15,8552.22
-2795.71,4837.26,8753.71
-2862.25,4770.28,8762.37
-2887.93,4690.05,8778.31
-2903.89,4799.36,8882.07
-3009.14,4805.05,8923.17
-3118.2,4790.31,8960.64
-3160.83,4787.03,9010.84
-3168.18,4745.51,9046.59
-3200.71,4753.94,9063.24
-3263.61,4874.61,8961.24
-3215.34,4837.14,8991.2
-3269.55,4926.6,8974.62
-3231.3,4968.68,8922.06
-3127.75,4978.4,8815.66
-3096.46,4945.86,8755.86
-3030.03,5012.88,8668.38
-2968.08,5081.21,8590.89
-2976.79,5043.06,8589.41
-2933.21,5020.11,8602.99
-2813.44,5009.04,8621.05
-2768.25,5160.17,8562.36
-2713.24,5034.81,8573.8
-2664.77,5103.56,8608.21
-2603.16,5237.86,8592.46
-2482.05,5221.26,8598.62
-2369.43,5220.15,8593.11
-2304.83,5275.46,8562.85
-2270.82,5307.94,8558.58
-2249.31,5342.71,8604.03
-2238.82,5360.05,8626.02
-2349.44,5368.49,8565.54
-2173.49,5398.7,8584
-2140.08,5436.71,8673.07
-2144.39,5451.51,8703.04
-2124.6,5483.74,8663.2
-2120.85,5565.32,8648.64
-2131.41,5640.89,8616.52
-2126.98,5662.05,8522.71
-2090.09,5675.32,8449.17
-1962.08,5726.3,8381.04
-1905.78,5753.28,8389.43
-1868.28,5715.79,8330.76
-1732.12,5789.84,8369.37
-1635.2,5806.78,8430.32
-1614.46,5741.92,8479.14
-1550.37,5704.35,8509.22
-1422.73,5719.4,8500.47
-1324.34,5736.62,8489.12
-1274.93,5739.5,8540.25
-1167.68,5733.75,8566.49
-1163.86,5747.37,8586.08
-1100.21,5661.71,8504
-1080.13,5740.22,8534.15
-1048.72,5706.65,8493.06
-1022.28,5687.94,8459.9
-943.085,5689.86,8457.71
-802.944,5688.46,8429.91
-660.836,5655.5,8374.56
-582.463,5576.51,8345.77
-600.696,5560.61,8286.48
-535.945,5481.58,8321.29
-556.06,5393.55,8211.63
-437.809,5369.35,8196.18
-339.796,5349.77,8157.19
-256.449,5342.4,8146.64
-136.352,5312,8137.7
-9.36462,5257.23,8152.52
85.3663,5168.33,8232.95
178.702,5024.27,8344.91
268.721,4923.64,8438.57
250.903,4851.09,8524.09
270.096,4855.81,8538.75
253.243,4963.62,8544.37
213.63,5028.54,8552.55
170.85,4996.17,8509.87
143.138,4963.76,8464.94
123.573,4951.38,8461.2
111.792,4891.43,8500.23
120.313,4774.17,8550.78
116.964,4680.74,8531.13
102.218,4593.29,8467.93
184.552,4474.45,8464.85
273.144,4370.49,8471.3
307.596,4274.74,8461.55
311.778,4204.88,8425.16
361.244,4128.26,8405.83
413.685,4044.73,8409.08
407.058,3988.6,8399.83
379.105,3960.68,8369.06
344.773,3909.61,8358.12
284.647,3849.62,8390.75
320.266,3764.05,8447.82
218.626,3713.25,8527.48
86.3808,3660.27,8518.14
59.9714,3652.94,8541.17
33.9386,3672.48,8611.02
-15.309,3671.23,8636.48
-66.2189,3650.43,8622.31
-172.589,3653.85,8661.2
-270.909,3673.31,8645.53
-269.891,3677.49,8575.28
-327.762,3654.88,8565.5
-402.601,3654.46,8600.33
-450.904,3622.3,8625.76
-481.634,3533.42,8658.53
-545.474,3450.77,8713.36
-642.041,3388.18,8789.98
-727.879,3332.85,8854.61
-785.185,3295.66,8875.02
-833.159,3245.87,8897.2
-830.623,3252.14,8885.03
-800.896,3256.9,8787.25
-666.122,3194.18,8718.78
-592.433,3056.11,8691.63
-585.903,2922.28,8697.99
-582.044,2809.29,8719.88
-554.787,2758.11,8719.44
-507.254,2788.71,8656.47
-426.791,2857.12,8533.21
-312.024,2956.24,8412.47
-210.443,3009.72,8293.36
-132.466,2829.62,8316.5
-164.519,2707.61,8371.88
-355.57,2631.91,8505.34
-563.05,2557.8,8630.75
-794.793,2517.94,8707.79
-1090.62,2481.44,8824.88
-1362.57,2442.47,8983.54
-1504.24,2473.38,9042.58
-1652.1,2518.82,9066.05
-1734.94,2536.15,9227.4
-1832.6,2564.96,9313.45
-1978.24,2560.39,9380.86
-2037.99,2593.82,9438.86
-2090.59,2595.3,9557.96
-2222.03,2498.32,9682.1
-2333.16,2429.3,9772.27
-2313.11,2446.97,9840.17
-2227.38,2412.06,9872.58
-2179.16,2365.51,9822.74
-2227.36,2314.63,9754.41
-2234.1,2344.92,9807.47
-2250.27,2412.64,9736.82
-2247.13,2449.63,9687.61
-2182.83,2516.71,9695.15
-2052.38,2518.52,9623.23
-1875.36,2488.43,9545.18
-1677.41,2452.31,9536.53
-1503.11,2335.63,9474.2
-1422.01,2299.72,9395.86
-1355.92,2279.09,9264.72
-1236.42,2149.44,9308.58
-1212.24,2077.58,9307.11
-1152.25,1958.78,9315.74
-1123.03,1877.82,9389.37
-1072.11,1721.99,9475.41
-1056.65,1543.28,9556.88
-1092.47,1438.37,9656.2
-1049.9,1355.04,9744.52
-1005.76,1342.53,9767.67
-1074.72,1341.7,9898.93
-1129.14,1330.41,9960.06
-1130.13,1401.62,9963.43
-1104.43,1363.59,9936.03
-1101.58,1349.54,9953.02
-997.783,1370.36,9878.77
-876.828,1376.59,9764.33
-789.825,1341.58,9684.75
-565.971,1288.09,9557.74
-298.773,1281.23,9484.16
-165.817,1203.45,9388.28
4.39956,1144.95,9339.52
86.2982,1079.08,9207.28
130.887,978.451,9198.69
188.84,891.194,9139.08
218.255,846.256,9062.44
182.842,857.861,9014.56
134.107,847.538,8962.5
113.311,723.952,8931.11
-14.2395,649.209,9046.61
-168.778,675.461,9055.87
-316.966,632.91,9117.1
-443.528,533.375,9223.69
-571.504,571.761,9312.12
-695.929,706.932,9417.65
-791.085,795.92,9570.37
-912.53,811.356,9727.03
-1063.39,781.35,9822.23
-1176.95,722.19,9816.76
-1341.73,746.662,9695.13
-1260.81,724.679,9718.29
-1234.75,800.884,9740.68
-1106.62,820.401,9554.14
-1041.13,765.598,9492.42
-1028.19,749.904,9430.56
-1103.73,712.108,9333.7
-1181.84,678.439,9235.15
-1218.43,696.637,9245.26
-1355.43,719.797,9378.18
-1618.61,779.517,9284.45
-1661.2,737.835,9393.75
-2005.11,810.464,9472.04
-2343.54,880.123,9534.57
-2590.53,928.592,9529.49
-2820.76,898.457,9704.93
-3092.28,955.669,9881.82
-3334.28,1011.11,9948.36
-3492.3,984.772,9986.89
-3587.24,1023.79,10058
-3543.26,988.915,10142.8
-3574.77,1004.17,10084.3
-3617.8,872.502,9967.62
-3340.31,949.799,9777.28
-3321.86,919.745,9638.95
-3313.29,918.514,9528.44
-3286.59,998.755,9485.8
-3369.23,1048.13,9484.36
-3546.04,1037.01,9456.57
-3636.83,1069.37,9417.34
-3603.05,1059.07,9445.68
-3703.3,949.772,9487.09
-3689.71,957.941,9607.31
-3822.98,893.541,9777.49
-3967.71,878.771,9834.92
-4072.01,845.004,9960.79
-4236.9,823.268,10078.6
-4395.75,870.423,10161.6
-4508.12,929.037,10231.6
-4665.93,903.292,10261.8
-4689.34,912.615,10329.7
-4654.1,1059.15,10195.8
-4387.41,1023.47,10178.5
-4260.55,943.155,10032.6
-4196.81,890.355,9950.28
-4097.88,828.017,9899.24
-3961.57,882.305,9743.75
-3840.14,985.881,9590.1
-3761.24,988.074,9571.36
-3685.44,911.07,9582.72
-3551.6,812.919,9536.38
-3464.18,698.353,9524.95
-3458.48,746.325,9510.03
-3451.29,623.969,9592.78
-3363.75,510.68,9638.21
-3329.46,519.52,9659.2
-3267.56,445.981,9728.64
-3189.12,322.943,9877.87
-3164.72,276.877,10025.2
-3170.11,229.029,10098.9
-3230.68,183.321,10248.4
-3403.86,190.055,10369.5
-3658.72,195.601,10405.9
-3843.33,333.306,10408.1
-3842.39,473.504,10362.1
-3730.68,611.233,10198.9
-3563,684.975,9975.52
-3304.12,705.567,9752.69
-2951.96,699.524,9565.81
-2609.35,654.319,9440.46
-2347.17,630.385,9345.83
-2172.22,475.685,9311.61
-2117.48,436.359,9338.47
-2204.79,402.746,9468.52
-2363.36,424.92,9591.67
-2501.55,416.677,9706.42
-2664.54,412.126,9830.91
-2808.6,445.332,9967.69
-2908.49,477.444,10104.7
-3076.29,471.226,10224.3
-3301.17,486.214,10298.2
-3321.08,538.959,10272
-3369.78,663.97,10369
-3408.99,727.953,10429.9
-3411.9,779.781,10331.4
-3434.23,841.991,10236.2
-3439.42,926.073,10097.1
-3390.4,1048.18,9867.73
-3280.06,1222.83,9600.61
-3135.68,1418.09,9365.5
-3045.83,1531.13,9197.01
-2922.19,1587.83,9070.23
-2769.74,1738.97,8937.81
-2670.79,1851.35,8912.2
-2596.23,1864.05,9007.52
-2690.57,1853.33,9147.86
-2842.06,1820.77,9320.88
-2978.67,1765.05,9490.62
-3119.93,1715.9,9598.24
-3251.43,1710.05,9646.94
-3370,1761.87,9729.68
-3571.38,1724.59,9914.77
-3628.83,1715.42,9982.78
-3695.06,1732.76,9994.69
-3826.26,1703.74,10097.1
-3924.39,1726.89,10233.7
-3990.88,1778.78,10304.3
-4052.35,1861.22,10213
-4089.11,2011.96,9940.11
-4049.15,2206.89,9586.32
-3897.95,2372.26,9303.93
-3637.46,2503.02,9137.59
-3481.43,2562.91,9004.45
-3323.96,2549.12,8933.47
-3223.88,2561.1,8999.86
-3268.42,2582.58,9144.7
-3414.44,2550.51,9336.79
-3549.02,2511.11,9543.4
-3607.27,2534.26,9746.02
-3625.48,2588.05,9953.79
-3672.57,2612.42,10128.6
-3694.23,2576.32,10141.9
-3726.74,2465.96,10250.6
-3729.86,2396.15,10328
-3739.11,2356.77,10297.9
-3741.73,2352.39,10266.5
-3736.05,2331.98,10241.6
-3772.82,2272.59,10190.1
-3811.55,2215.21,10083.2
-3721.47,2221.42,9887.46
-3554.33,2300.04,9575.66
-3314.42,2344.24,9167.72
-2907.3,2350.56,8792.15
-2627.19,2438.15,8633
-2473,2466.54,8614.88
-2394.62,2430.18,8688.68
-2469.81,2419.9,8852.44
-2683.57,2447.59,9125.65
-2897.66,2464.92,9476.56
-3010.81,2493.57,9802.2
-3067.89,2619.27,10018.1
-3179.67,2686.74,10128.8
-3261.31,2707.63,10238.2
-3179.08,2813.78,10370.5
-3078.46,2872.28,10379.7
-3016.23,2878.32,10415.9
-2947.79,2917.37,10433.2
-2888.34,3020.65,10351.5
-2875.48,3166.48,10213
-2881.89,3343.12,10083.2
-2876.3,3537.31,9863.24
-2807.93,3747.19,9598.9
-2717.48,3873.84,9388.01
-2543.65,4000.61,9202.59
-2349.09,4147.9,9008.59
-2258.68,4271.61,8917.86
-2226.53,4360.23,8987.42
-2254.41,4407.47,9115.97
-2354.82,4427.79,9177.96
-2450.48,4472.16,9206.36
-2518.21,4570.36,9348.7
-2620.26,4673.93,9476.42
-2720.71,4697.73,9594.49
-2799.4,4724.7,9724.32
-2874.9,4769.19,9739.3
-2915.44,4812.17,9769.77
-2937.66,4799.64,9814.08
-2949.33,4742.74,9860.68
-2956.02,4729.42,9889.69
-2978.88,4789.92,9859.26
-3018.24,4781.55,9832.79
-3145.42,4771.49,9766.38
-3198.58,4869.33,9681.77
-3121.94,4915.9,9530.77
-3120.82,4981.81,9345.45
-3146.48,5084.97,9177.25
-3100.93,5128.98,9043.09
-3032.09,5124.34,8960.88
-3007.37,5087.05,8923.55
-3007.16,4964.24,8914.5
-3078.31,4860.46,8990.81
-3131.78,4731.96,9052.94
-3147.03,4741.56,9175.19
-3311.17,4652.31,9218.76
-3308.54,4598.71,9275.06
-3300.22,4567.52,9313.38
-3345.58,4513.6,9245.15
-3349.89,4492.29,9140.52
-3260.97,4521.08,9106.42
-3198.03,4497.49,9093.04
-3291.92,4418.06,8999.59
-3248.53,4365.63,8900.48
-3255.39,4354.67,8963.4
-3253.52,4397.85,8891.05
-3197.97,4407.98,8900.97
-3246.61,4323.15,8918.39
-3286.06,4271.09,8935.49
-3236.7,4269.27,8906.89
-3147.42,4274.15,8832.63
-3054.06,4279.82,8808.76
-2941.06,4167.42,8807.17
-2913.12,4122.15,8781.27
-2843.11,4129.84,8716.74
-2840.79,4166.04,8749.91
-2718.06,4190.62,8726.42
-2569.37,4196.03,8674.49
-2474.07,4210.01,8620.34
-2426.48,4252.27,8594.19
-2338.54,4288.78,8582
-2200.15,4277.72,8570.2
-2248.06,4272.51,8672.54
-2285.9,4240.69,8620.25
-2156.59,4174.05,8606.93
-2168.86,4158.65,8733.57
-2143.17,4172.15,8641.61
-2116.51,4158,8616.24
-2107.44,4224.8,8618.35
-2068.55,4250.57,8573.77
-1995.85,4159.23,8497.44
-1973.89,4169.35,8393.96
-2016.34,4291.42,8302.99
-1914.31,4267.51,8349.18
-1847.99,4396.68,8346.6
-1857.87,4406.63,8188.7
-1799.86,4369.11,8143.04
-1769.45,4406.99,8214.21
-1716.95,4433.62,8199.84
-1693.51,4380.52,8178.05
-1730.57,4399.02,8212.12
-1734.4,4577.63,8152.77
-1768.15,4515.71,8177.82
-1699.67,4635.6,8132.33
-1686.25,4661.07,8227.08
-1651.38,4664.29,8109.95
-1527.84,4679.07,8076.02
-1455.77,4727.12,8022.45
-1431.49,4692.88,8055.37
-1425.14,4680,8101.17
-1446.59,4748.97,8091.75
-1512.98,4762.16,8120.21
-1607,4851.28,8001.62
-1513.28,4773.17,7922.05
-1446.81,4769.24,7950.67
-1410.07,4873.95,7959.33
-1312.93,4909.95,7981.99
-1279.75,4853.75,7997.92
-1280.82,4821.76,8114.18
-1259.61,4848.04,8206.82
-1245.16,4902.19,8202.84
-1255.84,4946.8,8245.75
-1168.42,4870.32,8198.34
-1143.29,4853.72,8296.65
-1060.99,4884.52,8210.98
-1036.71,4939.25,8196.9
-996.689,4937.49,8202.79
-954.073,4967.62,8176.49
-907.772,4979.72,8256.58
-852.654,4948.14,8316.22
-759.713,4923.32,8242.79
-617.826,4939.95,8221.79
-536.912,4963.68,8262.55
-495.722,4941.63,8255.21
-530.884,4939.59,8252.49
-507.14,4919.71,8245.51
-404.811,4875.52,8271.35
-351.495,4888.06,8276.77
-288.595,4929,8254.12
-217.19,4949.83,8238.21
-199.321,4956.9,8279.93
-220.306,4983.94,8364.46
-243.528,5011.72,8351.06
-311.183,4947.34,8379.67
-342.201,4970.7,8399.58
-336.655,4962.41,8387.7
-360.823,4891.26,8323.12
-416.747,4857.06,8345.97
-432.614,4843.79,8377.33
-417.305,4784.56,8381.01
-407.13,4686.44,8411.24
-387.874,4609.61,8492.88
-375.904,4526.21,8602.18
-288.253,4502.43,8554.98
-348.903,4467.77,8452.09
-389.661,4453.99,8406.64
-343.236,4501.95,8418.84
-260.397,4507.59,8401.23
-177.695,4470.96,8411.25
-141.249,4427.94,8446.51
-180.663,4424.22,8498.77
-252.839,4465.95,8615.07
-276.981,4423,8703.41
-359.449,4368.68,8746.18
-362.453,4382.75,8732.24
-404.709,4405.89,8760.15
-391.309,4471.71,8845.01
-430.865,4453.41,8889.56
-452.668,4421.54,8853.1
-460.707,4411.37,8845.34
-493.257,4412.47,8913.65
-494.135,4432.02,8956.08
-459.67,4384.77,8998.11
-403.857,4328.98,9018.3
-472.296,4228.46,9028.18
-575.344,4212.33,9005.24
-590.816,4163.7,8959.66
-607.1,4126.28,8895.81
-576.459,4138.48,8844.26
-474.726,4144.41,8849.02
-380.752,4067.89,8863.7
-361.719,3930.95,8836.76
-356.722,3848.02,8959.92
-390.928,3831.3,9116.18
-463.27,3815.09,9218.47
-486.438,3834.87,9229.38
-480.519,3815.15,9238.94
-406.808,3745.75,9287.52
-347.574,3659.93,9294.05
-323.276,3601.23,9240.81
-275.128,3577.74,9187.62
-192.476,3548.49,9172.23
-145.685,3487.3,9184.58
-96.3243,3522.57,9181.85
-43.0852,3446.97,9101.62
2.08321,3394.38,9053.17
36.6843,3355.85,8999.25
93.6633,3318.27,8894.98
173.331,3300.51,8809.43
243.095,3253.79,8759.3
317.631,3160.06,8740.5
421.134,3087.8,8785.31
435.289,3021.03,8833.08
451.758,2963.36,8782.11
511.777,2863.43,8706.69
544.378,2772.72,8709.43
542.34,2709.82,8777.62
537.235,2639.56,8851.78
555.824,2613.35,8870.28
556.853,2637.41,8915.69
482.297,2669.21,9047.3
357.332,2684.52,9157.3
285.913,2665.78,9184.23
214.036,2637.27,9256.29
110.91,2614.14,9248.71
82.711,2666.21,9290.82
17.2178,2680.74,9371.12
-33.925,2633.94,9386.64
-93.8533,2591.72,9391.29
-190.97,2599.2,9437.08
-290.572,2629.18,9512.4
-363.57,2635.48,9580.76
-483.732,2635.22,9591.01
-529.191,2625.21,9564.47
-598.046,2604.42,9657.77
-642.654,2564.59,9740.37
-659.811,2519.13,9771.31
-732.656,2495.45,9843.74
-862.69,2478.45,9899.64
-1048.25,2450.37,9932.79
-1253.87,2423.07,10003.6
-1387.85,2422.6,10089.5
-1432.89,2441.91,10071.9
-1456.2,2426.68,10017.5
-1526.49,2367.15,9950.38
-1576.85,2359.46,9914.35
-1553.98,2385.24,9841
-1526.39,2309.59,9776.62
-1540.29,2265.39,9724.55
-1560.54,2305.3,9686.26
-1592.03,2352.71,9695.03
-1715.2,2370.33,9756.33
-1891.19,2367.49,9776.89
-1996.85,2384.68,9781.14
-2009.62,2394.66,9847.77
-2095.61,2430.88,9894.47
-2148.85,2408.96,9886.78
-2220.12,2330.14,9868.2
-2342.28,2260.15,9884.98
-2477.25,2232.35,9915.26
-2561.49,2227.35,9947.86
-2585.9,2221.79,10007.2
-2620.84,2218.29,10026.9
-2686.95,2168.49,10032.4
-2822.57,2097.95,9930.71
-2894.1,2111.74,9949.42
-2906.43,2142.31,9993.77
-2949.75,2133.77,9936.15
-3065.73,2142.22,9845.98
-3162.78,2140.16,9778.37
-3146.83,2107.76,9716.06
-3093.26,2114.3,9676.53
-3177.64,2107.94,9735.97
-3206.89,2042.53,9784.24
-3134.54,2026.19,9847.54
-3163.67,1986.91,9922.98
-3275.97,1975.33,9896.76
-3344.29,1996.5,9931.27
-3340.24,1944.5,9957.97
-3323.13,1869.72,9930.31
-3330.37,1852.32,9874
-3350.54,1840.18,9834.61
-3409.82,1839.89,9934.24
-3439.15,1824.23,9908.62
-3337.6,1799.08,9834.98
-3254.59,1863.88,9745.71
-3157.97,1867.39,9725.66
-3206.43,1818.53,9699.83
-3158.34,1789.11,9653.66
-2992.84,1791.02,9587.25
-2910.73,1814.46,9549.02
-2963.31,1871.52,9550.23
-3060.82,1912.8,9383.31
-3038.83,1875.95,9355.13
-3031.84,1975.52,9323.13
-3040.98,2009,9351.03
-3024.47,2056.26,9358.13
-3111.52,2016.69,9377.12
-3256.23,1962.42,9329.32
-3358.69,1999.65,9307.37
-3409.73,2078.46,9367.4
-3451.77,2043.83,9412.86
-3436.91,1922.58,9565.91
-3403.63,1990.94,9471.57
-3462.52,1875.76,9478.03
-3426.13,1847.77,9543.3
-3530.75,1932.59,9644.62
-3534.22,1982.95,9703.35
-3515.06,1982.73,9723.74
-3541.81,1930.91,9729.61
-3530.55,1862.16,9692.4
-3479.91,1871.38,9601.97
-3601.07,1939.25,9594.6
-3646.43,1903.58,9622.88
-3570.65,1913.55,9583.52
-3536.69,1999.48,9478.36
-3481.08,2040.17,9404.09
-3536.1,2068.51,9378.74
-3523.92,2121.96,9361.81
-3444.51,2144.27,9349.32
-3377.2,2097.49,9312.16
-3282.97,2061.73,9224.3
-3308.9,2100.07,9237.07
-3356.29,2045.1,9198.84
-3253.42,2040.39,9039.44
-3249.87,2062.94,9189.8
-3368.21,2095.39,9180.92
-3357.67,2100.66,9081.11
-3282.55,2068.56,9138.07
-3272.18,2055.02,9260.92
-3310.18,2059.45,9304.36
-3310.27,2041.67,9360.82
-3297.26,2132.04,9375.22
-3284.09,2138.41,9370.97
-3267.92,1992.65,9270.56
-3270.58,2036.95,9313.95
-3221.15,2028.39,9256.65
-3152.71,2092.58,9166.17
-3042.31,2157.99,9121.31
-2959.33,2197.99,9113.45
-2967.56,2211.21,9112.17
-2982.55,2187.4,9102.06
-2915.78,2305.61,9026.24
-2938.18,2294.47,8982.79
-2972.83,2292.51,9043.44
-3045.62,2203.42,9212.58
-3112.64,2169.47,9329.22
-3122.6,2193.01,9360.4
-3132.16,2236.14,9332.47
-3182.69,2287,9313.05
-3192,2305.46,9339.42
-3099.55,2254.16,9378.73
-3102.55,2252.86,9394.92
-3031.7,2262.67,9385.54
-3021.15,2268.69,9454.83
-2934.7,2215.99,9381.05
-2874.83,2193,9388.76
-2824.49,2234.5,9262.18
-2806.26,2237.06,9194.22
-2813.95,2199.61,9209.35
-2797.68,2177.6,9191.79
-2756.13,2173.77,9182.89
-2787.35,2229.37,9171.39
-2771.26,2226.12,9086.92
-2737.75,2249.37,9139.16
-2701.13,2277.45,9154.93
-2702.25,2301.98,9191.27
-2718.99,2331.12,9162.36
-2725.12,2354.74,9169.41
-2726.93,2340.56,9212.43
-2728.01,2304.1,9219.27
-2704.72,2295.29,9224.08
-2656.91,2277.03,9275.82
-2631.46,2333.99,9257.4
-2638.74,2390.12,9316.78
-2659.95,2335.64,9292.58
-2617.51,2344.57,9248.14
-2623.4,2325.57,9273.9
-2615.6,2273,9298.59
-2552.96,2294.61,9300.45
-2494.69,2403.15,9282.34
-2493.6,2428.38,9228.83
-2504.79,2285.91,9249.18
-2454.71,2331.07,9228.55
-2464.18,2383.1,9276.94
-2499.48,2346.44,9301.8
-2440.68,2380.55,9291.76
-2349.12,2399.48,9287.65
-2254.45,2387.39,9299.67
-2215.53,2387.79,9295.74
-2235.41,2408.6,9268.78
-2238.26,2416.4,9250.14
-2247.12,2430.38,9223.36
-2138.07,2471.84,9205.35
-2157.77,2450.19,9249.64
-2153.07,2484.14,9247.99
-2171.59,2514.53,9243
-2153.26,2559.65,9245.84
-2126.2,2556.7,9288.42
-2112.08,2540,9332.32
-2086.17,2574.1,9320.64
-2054.84,2619.45,9276.89
-2100.08,2623.98,9279.05
-2097.32,2607.82,9366.83
-2084.53,2611.78,9327.89
-2094.08,2660.45,9312.07
-2093.47,2645.43,9302.45
-2031.8,2650.69,9316.9
-1998.06,2697,9335.33
-2008.62,2707.65,9361.41
-2005.33,2647.64,9384.44
-1967.26,2586.88,9370.31
-1902.56,2571.61,9366.75
-1891.13,2657.27,9357.97
-1901.85,2689.58,9338.66
-1925.58,2703.63,9335.98
-1893.36,2649.19,9359.5
-1879.92,2625.18,9340.12
-1931.95,2679.9,9327.12
-1997.75,2756.26,9339.67
-2021,2777.29,9354.22
-2020.99,2762.32,9366.17
-2023.55,2809.63,9359.29
-2030.06,2775.64,9348.94
-1976.41,2740.32,9315.62
-1984.83,2770.8,9305.24
-1978.67,2800.3,9323.03
-1906.74,2791.8,9364.38
-1867.42,2769.29,9365.45
-1895.78,2746.96,9312
-1934.6,2738.85,9277.42
-1941.16,2764.91,9313.53
-1923.8,2779.87,9317.2
-1956.83,2738.75,9243.51
-1961.4,2759.13,9170
-1917.13,2787.32,9191.04
-1917.92,2762.73,9222.69
-1931.44,2737.86,9225.82
