2.1235,26.4138,-6.34515
2.0814,26.305,-6.2195
2.03057,26.1958,-6.08343
1.97098,26.0876,-5.9305
1.904,25.9831,-5.76271
1.83117,25.8835,-5.58252
1.75376,25.7902,-5.391
1.67262,25.7049,-5.18841
1.58808,25.629,-4.97507
1.5005,25.563,-4.75205
1.41281,25.5076,-4.52237
1.32733,25.4644,-4.28568
1.239,25.4321,-4.04313
1.14664,25.409,-3.79822
1.05021,25.3962,-3.55398
0.949383,25.3939,-3.3114
0.84405,25.4021,-3.07255
0.733496,25.4208,-2.8405
0.616642,25.4501,-2.61763
0.493971,25.4886,-2.40505
0.362283,25.5335,-2.19988
0.221051,25.5859,-2.00482
0.0740389,25.6428,-1.81815
-0.0796806,25.702,-1.64083
-0.240971,25.7637,-1.47033
-0.408075,25.8269,-1.30629
-0.578762,25.8902,-1.14801
-0.752421,25.9514,-0.995862
-0.929119,26.0083,-0.850444
-1.10691,26.0582,-0.70711
-1.28541,26.0993,-0.566753
-1.4654,26.1312,-0.425878
-1.6478,26.1521,-0.287775
-1.83115,26.1619,-0.152834
-2.02166,26.1608,-0.0311377
-2.21966,26.1493,0.0792797
-2.42611,26.1291,0.180969
-2.64447,26.1019,0.272475
-2.87714,26.0685,0.354336
-3.12397,26.0295,0.431254
-3.38464,25.9861,0.496095
-3.65908,25.9406,0.546485
-3.94642,25.8942,0.582417
-4.24531,25.847,0.603311
-4.55388,25.8025,0.611566
-4.87268,25.7601,0.605017
-5.19956,25.7213,0.585562
-5.53074,25.6879,0.558859
-5.86493,25.6589,0.529464
-6.20319,25.6327,0.501096
-6.54492,25.6081,0.473178
-6.89026,25.5839,0.447603
-7.2419,25.5621,0.421671
-7.59671,25.5409,0.395767
-7.95486,25.5214,0.367468
-8.31552,25.5031,0.337354
-8.67788,25.4858,0.300913
-9.04075,25.4708,0.254786
-9.40298,25.4598,0.202599
-9.76643,25.4533,0.145256
-10.1332,25.4531,0.0829534
-10.4974,25.4556,0.0155772
-10.865,25.4623,-0.0590402
-11.2345,25.4725,-0.135745
-11.6041,25.4865,-0.215617
-11.9739,25.5046,-0.299539
-12.3449,25.5255,-0.386791
-12.7169,25.5475,-0.476122
-13.0875,25.5687,-0.567262
-13.4554,25.5876,-0.661724
-13.824,25.6063,-0.762838
-14.1921,25.6204,-0.869034
-14.5601,25.6309,-0.978278
-14.9288,25.6389,-1.08988
-15.2966,25.6466,-1.20679
-15.66,25.6582,-1.32566
-16.0028,25.6879,-1.43876
-16.3244,25.7369,-1.54318
-16.6477,25.7869,-1.64453
-16.972,25.8386,-1.74859
-17.296,25.892,-1.85612
-17.623,25.9508,-1.97107
-17.9491,26.0156,-2.09219
-18.2746,26.0867,-2.21897
-18.5961,26.1663,-2.35122
-18.9162,26.2559,-2.48877
-19.2348,26.3551,-2.63101
-19.5523,26.4618,-2.77792
-19.8728,26.5751,-2.93052
-20.1961,26.6987,-3.08916
-20.521,26.8289,-3.2541
-20.8535,26.9658,-3.42666
-21.1892,27.1078,-3.60197
-21.5268,27.2544,-3.78163
-21.867,27.4012,-3.96873
-22.2105,27.5493,-4.16629
-22.5571,27.6979,-4.37313
-22.9064,27.8452,-4.58708
-23.2587,27.9906,-4.80938
-23.6123,28.1304,-5.04226
-23.966,28.2675,-5.28469
-24.3199,28.3995,-5.5343
-24.6777,28.5269,-5.78944
-25.0344,28.649,-6.05128
-25.3888,28.7648,-6.32141
-25.7425,28.8747,-6.60073
-26.0962,28.9774,-6.88896
-26.4501,29.0724,-7.18507
-26.8046,29.1619,-7.48866
-27.1603,29.247,-7.80089
-27.5168,29.3286,-8.12235
-27.872,29.4041,-8.45101
-28.2268,29.4748,-8.78157
-28.584,29.5385,-9.11131
-28.9421,29.596,-9.44449
-29.3036,29.6438,-9.78953
-29.6739,29.6773,-10.1559
-30.0503,29.7004,-10.5419
-30.4221,29.7229,-10.9343
-30.7893,29.7439,-11.3282
-31.1548,29.7605,-11.7206
-31.516,29.773,-12.117
-31.8749,29.7822,-12.5185
-32.2317,29.7873,-12.924
-32.5879,29.7871,-13.3332
-32.9438,29.7802,-13.7465
-33.2987,29.7664,-14.1652
-33.6516,29.7462,-14.5905
-34.0021,29.7189,-15.0213
-34.3496,29.6831,-15.4564
-34.6946,29.6393,-15.8957
-35.0382,29.5875,-16.3357
-35.3815,29.5302,-16.7775
-35.7241,29.4686,-17.2229
-36.0661,29.4023,-17.6714
-36.408,29.332,-18.1216
-36.7497,29.2589,-18.5733
-37.0907,29.1852,-19.0268
-37.4315,29.1123,-19.4821
-37.7724,29.0394,-19.9382
-38.1133,28.9673,-20.3924
-38.453,28.8974,-20.8414
-38.7922,28.8308,-21.2901
-39.1328,28.7689,-21.7403
-39.4742,28.714,-22.1937
-39.8175,28.6682,-22.6508
-40.1641,28.6327,-23.1121
-40.5139,28.6079,-23.5799
-40.866,28.5938,-24.0577
-41.2203,28.5907,-24.5454
-41.5756,28.5987,-25.0399
-41.9313,28.619,-25.5431
-42.2867,28.6489,-26.0547
-42.6401,28.6879,-26.574
-42.9908,28.7339,-27.099
-43.3377,28.784,-27.628
-43.6787,28.8371,-28.1605
-44.0122,28.8953,-28.7005
-44.3372,28.9607,-29.2554
-44.6543,29.03,-29.8257
-44.9647,29.0984,-30.4028
-45.2701,29.1657,-30.9839
-45.5711,29.2298,-31.5628
-45.8685,29.2902,-32.1387
-46.1642,29.3478,-32.7121
-46.4603,29.4018,-33.2813
-46.758,29.451,-33.8448
-47.0579,29.4956,-34.4029
-47.3591,29.5369,-34.9571
-47.6583,29.5756,-35.5084
-47.9556,29.6126,-36.0558
-48.2516,29.6467,-36.5968
-48.5458,29.6783,-37.1376
-48.8378,29.7092,-37.6769
-49.1279,29.7367,-38.2138
-49.4162,29.7598,-38.7489
-49.7026,29.779,-39.281
-49.9867,29.7941,-39.8083
-50.2685,29.804,-40.3304
-50.5485,29.8071,-40.8484
-50.8262,29.8039,-41.3598
-51.1017,29.7924,-41.8644
-51.3767,29.7746,-42.3644
-51.6502,29.7529,-42.861
-51.9214,29.727,-43.3532
-52.1902,29.6978,-43.8406
-52.4564,29.669,-44.3258
-52.7192,29.6426,-44.8106
-52.9782,29.6175,-45.2949
-53.2321,29.5935,-45.7786
-53.4783,29.5738,-46.2634
-53.7167,29.5562,-46.7483
-53.9475,29.5417,-47.2311
-54.1731,29.5287,-47.7108
-54.3942,29.5169,-48.1887
-54.6105,29.5066,-48.6663
-54.8219,29.4991,-49.1439
-55.0284,29.4936,-49.6191
-55.229,29.4882,-50.0898
-55.4239,29.484,-50.5603
-55.61,29.4831,-51.0325
-55.7863,29.4894,-51.5184
-55.9523,29.5018,-52.0116
-56.1095,29.5179,-52.511
-56.2597,29.5374,-53.0119
-56.403,29.5618,-53.5122
-56.5396,29.5923,-54.0134
-56.6687,29.6307,-54.5193
-56.789,29.6795,-55.0328
-56.9015,29.7362,-55.5521
-57.0065,29.798,-56.0706
-57.1046,29.8602,-56.5845
-57.1953,29.9213,-57.0966
-57.2787,29.9795,-57.6046
-57.3573,30.0325,-58.1079
-57.4345,30.0783,-58.6059
-57.5103,30.1153,-59.0988
-57.5841,30.1435,-59.5868
-57.6567,30.1631,-60.0702
-57.7276,30.1722,-60.5515
-57.7967,30.1736,-61.0296
-57.8668,30.1693,-61.5043
-57.9383,30.165,-61.9778
-58.0116,30.1606,-62.4483
-58.0848,30.16,-62.9163
-58.1573,30.165,-63.3811
-58.2272,30.1776,-63.8422
-58.2931,30.2004,-64.3008
-58.3548,30.2357,-64.758
-58.4111,30.2855,-65.2126
-58.4587,30.3505,-65.665
-58.4991,30.4331,-66.1104
-58.5315,30.525,-66.553
-58.5561,30.6279,-66.9955
-58.573,30.7376,-67.4344
-58.5821,30.8508,-67.8674
-58.5845,30.9647,-68.2938
-58.5818,31.0773,-68.7137
-58.5737,31.1873,-69.1278
-58.561,31.2941,-69.5354
-58.5429,31.399,-69.9339
-58.52,31.5028,-70.3256
-58.4921,31.6035,-70.716
-58.4594,31.7052,-71.1053
-58.423,31.804,-71.4947
-58.3861,31.9018,-71.8829
-58.3497,31.9992,-72.2705
-58.3125,32.0952,-72.6578
-58.2739,32.1905,-73.0428
-58.233,32.2875,-73.4259
-58.1881,32.3866,-73.809
-58.1376,32.4872,-74.1927
-58.0843,32.588,-74.5771
-58.0253,32.6894,-74.9602
-57.9609,32.7879,-75.3391
-57.8889,32.8813,-75.7153
-57.8083,32.9692,-76.0888
-57.7196,33.05,-76.4597
-57.6224,33.1212,-76.8292
-57.5196,33.1835,-77.1916
-57.4095,33.2342,-77.5508
-57.2977,33.2777,-77.9043
-57.1781,33.3127,-78.2504
-57.0559,33.3422,-78.5896
-56.9292,33.3712,-78.9297
-56.7969,33.4006,-79.2675
-56.6612,33.4292,-79.5983
-56.5242,33.4542,-79.9227
-56.3849,33.472,-80.2432
-56.2422,33.4806,-80.5612
-56.1006,33.4804,-80.8735
-55.9574,33.4626,-81.1814
-55.8143,33.4338,-81.4823
-55.6695,33.3981,-81.779
-55.5244,33.3549,-82.0684
-55.3792,33.3025,-82.3518
-55.2339,33.2397,-82.6301
-55.0882,33.1659,-82.9024
-54.9418,33.0826,-83.1699
-54.7942,32.996,-83.4358
-54.6473,32.9009,-83.6981
-54.5033,32.7991,-83.9559
-54.3588,32.6978,-84.212
-54.2138,32.5962,-84.4639
-54.069,32.4975,-84.7113
-53.9237,32.4035,-84.9543
-53.7766,32.3174,-85.195
-53.6282,32.2406,-85.4349
-53.48,32.1705,-85.673
-53.3274,32.1047,-85.9097
-53.1686,32.0389,-86.1436
-53.001,31.9734,-86.3765
-52.8267,31.9108,-86.6122
-52.6432,31.8529,-86.8571
-52.4496,31.7984,-87.1095
-52.2464,31.7448,-87.3653
-52.0328,31.6863,-87.6205
-51.807,31.6189,-87.8745
-51.5676,31.5438,-88.1304
-51.3157,31.4586,-88.3913
-51.0522,31.3669,-88.6578
-50.7806,31.2681,-88.9242
-50.5059,31.1698,-89.1875
-50.2276,31.0792,-89.4508
-49.9465,31.0054,-89.7125
-49.6592,30.9538,-89.9689
-49.3629,30.9249,-90.2163
-49.0571,30.917,-90.4545
-48.7416,30.9289,-90.6847
-48.4168,30.9585,-90.9061
-48.0834,31.0026,-91.118
-47.7406,31.0592,-91.3274
-47.391,31.12,-91.5341
-47.0352,31.1854,-91.741
-46.6699,31.258,-91.9557
-46.2945,31.3321,-92.1753
-45.9085,31.4006,-92.3942
-45.5124,31.4594,-92.6094
-45.1093,31.5054,-92.8201
-44.7028,31.5354,-93.0286
-44.294,31.5474,-93.2361
-43.8826,31.5378,-93.4411
-43.4734,31.5143,-93.643
-43.0683,31.482,-93.8404
-42.6662,31.4458,-94.0338
-42.2663,31.4088,-94.2233
-41.8685,31.3717,-94.4073
-41.471,31.3336,-94.5854
-41.0683,31.2929,-94.7584
-40.6566,31.2523,-94.9248
-40.2464,31.2254,-95.0791
-39.8279,31.202,-95.227
-39.4059,31.2002,-95.3664
-38.9772,31.2067,-95.5001
-38.5422,31.2161,-95.6265
-38.1027,31.2238,-95.7466
-37.6596,31.224,-95.8622
-37.2112,31.2156,-95.9733
-36.7551,31.2032,-96.0791
-36.2915,31.1857,-96.1837
-35.8199,31.1632,-96.2922
-35.3387,31.1279,-96.3942
-34.8522,31.0777,-96.4867
-34.3675,31.0154,-96.5672
-33.8853,30.9436,-96.6352
-33.4055,30.8653,-96.6923
-32.93,30.7815,-96.7399
-32.4601,30.691,-96.778
-31.9959,30.5932,-96.807
-31.5367,30.4908,-96.829
-31.0822,30.3877,-96.8453
-30.634,30.2881,-96.8543
-30.1859,30.194,-96.8547
-29.7341,30.1062,-96.8479
-29.2755,30.0256,-96.8353
-28.8063,29.9509,-96.8163
-28.3243,29.881,-96.791
-27.831,29.8171,-96.7609
-27.3283,29.7567,-96.7267
-26.8134,29.6887,-96.6883
-26.2854,29.6099,-96.6508
-25.7463,29.5188,-96.618
-25.2072,29.4228,-96.5788
-24.6746,29.3229,-96.524
-24.1474,29.2082,-96.4513
-23.6247,29.0783,-96.3657
-23.1059,28.9394,-96.2728
-22.5861,28.7904,-96.1766
-22.0583,28.6226,-96.0785
-21.5233,28.4408,-95.9735
-20.9868,28.273,-95.8539
-20.4452,28.1321,-95.7146
-19.8957,28.0178,-95.5569
-19.3363,27.9294,-95.3803
-18.7672,27.8655,-95.1874
-18.1895,27.8237,-94.9809
-17.6053,27.8005,-94.761
-17.0135,27.795,-94.5257
-16.41,27.8049,-94.2745
-15.7964,27.8165,-94.0126
-15.181,27.813,-93.7464
-14.5666,27.7868,-93.4757
-13.9568,27.7376,-93.2006
-13.3544,27.6651,-92.9199
-12.7626,27.5707,-92.6341
-12.1838,27.4569,-92.3434
-11.6178,27.3274,-92.0462
-11.0624,27.1872,-91.7439
-10.5137,27.0341,-91.4415
-9.96759,26.8507,-91.1393
-9.42266,26.6501,-90.8285
-8.8863,26.4605,-90.5032
-8.35717,26.2893,-90.1618
-7.83087,26.1388,-89.8031
-7.30548,26.0075,-89.4255
-6.78044,25.8946,-89.0313
-6.25643,25.7958,-88.6232
-5.73483,25.7052,-88.2021
-5.21506,25.6261,-87.7663
-4.69263,25.5738,-87.3107
-4.17078,25.536,-86.8389
-3.65098,25.4964,-86.3592
-3.13269,25.4552,-85.876
-2.61901,25.4111,-85.3883
-2.11102,25.3636,-84.8956
-1.61039,25.3132,-84.4016
-1.11954,25.259,-83.9082
-0.640706,25.1995,-83.4143
-0.17551,25.1342,-82.9194
0.275201,25.0627,-82.4239
0.712908,24.9849,-81.927
1.13484,24.9045,-81.4284
1.54483,24.8223,-80.9268
1.94735,24.7403,-80.4269
2.34109,24.6606,-79.9258
2.72423,24.5847,-79.4198
3.09732,24.5131,-78.9066
3.46383,24.4442,-78.3849
3.82794,24.3764,-77.8543
4.1908,24.3115,-77.3162
4.55374,24.2479,-76.771
4.91273,24.1829,-76.2187
5.26851,24.1165,-75.6608
5.61888,24.045,-75.0969
5.96246,23.9683,-74.5287
6.29969,23.8871,-73.9575
6.63145,23.8014,-73.3837
6.9599,23.7107,-72.8106
7.28895,23.612,-72.2416
7.61974,23.4985,-71.6726
7.93966,23.3915,-71.1038
8.26226,23.269,-70.528
8.58533,23.1397,-69.9486
8.90762,23.0064,-69.3663
9.23108,22.8684,-68.78
9.55375,22.7283,-68.1891
9.87336,22.5857,-67.5955
10.1885,22.4376,-67.0026
10.4982,22.2832,-66.4118
10.8009,22.1237,-65.8196
11.0841,21.9581,-65.2308
11.3563,21.779,-64.6362
11.6222,21.5825,-64.0377
11.8805,21.3718,-63.4353
12.1318,21.1514,-62.8303
12.3787,20.9223,-62.2321
12.6229,20.6869,-61.64
12.8645,20.4496,-61.0485
13.1035,20.2145,-60.4568
13.3388,19.9825,-59.8597
13.5719,19.7522,-59.257
13.7999,19.5248,-58.6505
14.025,19.2974,-58.0454
14.2492,19.0696,-57.4387
14.472,18.8428,-56.8292
14.6922,18.6179,-56.2155
14.9107,18.3972,-55.5973
15.1293,18.1829,-54.976
15.3491,17.976,-54.3523
15.5726,17.7786,-53.7263
15.799,17.5939,-53.0994
16.0288,17.4215,-52.4722
16.2603,17.2607,-51.8454
16.4953,17.1075,-51.229
16.733,16.9583,-50.6161
16.9725,16.8129,-50.0062
17.2097,16.6703,-49.3998
17.4415,16.528,-48.7968
17.6694,16.3836,-48.1986
17.8922,16.2361,-47.6072
18.1102,16.0819,-47.0294
18.3231,15.9218,-46.4607
18.5316,15.7587,-45.897
18.7361,15.5952,-45.3323
18.9512,15.4348,-44.7653
19.1716,15.2784,-44.1968
19.392,15.1244,-43.632
19.6126,14.9732,-43.0721
19.8325,14.8285,-42.5113
20.0539,14.6911,-41.9491
20.2774,14.5622,-41.3826
20.5008,14.448,-40.8156
20.7239,14.3447,-40.2461
20.946,14.2528,-39.6719
21.1698,14.1695,-39.0946
21.3939,14.0921,-38.5148
21.615,14.0211,-37.9339
21.8341,13.9559,-37.3526
22.0553,13.891,-36.77
22.2768,13.8237,-36.1865
22.4989,13.7535,-35.6019
22.7172,13.6786,-35.0161
22.9338,13.5977,-34.4335
23.146,13.5117,-33.8527
23.3558,13.4208,-33.2716
23.5617,13.3274,-32.6913
23.7631,13.234,-32.112
23.9613,13.1436,-31.5327
24.158,13.0599,-30.9567
24.3528,12.9851,-30.3929
24.5452,12.9184,-29.8263
24.7409,12.8631,-29.2548
24.9343,12.8175,-28.6779
25.1229,12.7825,-28.1001
25.3064,12.7541,-27.5208
25.4866,12.728,-26.9412
25.664,12.7002,-26.3622
25.8392,12.668,-25.7839
26.0134,12.6297,-25.2071
26.1849,12.5844,-24.6336
26.3557,12.5314,-24.0588
26.5226,12.4715,-23.4809
26.6861,12.4079,-22.9
26.845,12.3415,-22.3186
26.9988,12.2738,-21.7346
27.1478,12.2069,-21.1455
27.2909,12.1443,-20.548
27.4263,12.0902,-19.9419
27.5544,12.047,-19.3305
27.6767,12.0156,-18.7179
27.7912,11.9953,-18.1125
27.8971,11.9905,-17.5058
27.9964,11.9981,-16.8944
28.0899,12.0189,-16.2742
28.1788,12.0469,-15.6533
28.2628,12.0786,-15.0377
28.3417,12.1097,-14.433
28.417,12.1357,-13.841
28.4896,12.1543,-13.2588
28.5581,12.1629,-12.6867
28.6215,12.159,-12.1248
28.6788,12.1393,-11.5709
28.7286,12.103,-11.028
28.7709,12.0537,-10.4922
28.8062,11.9944,-9.96098
28.8331,11.9284,-9.43106
28.8513,11.8588,-8.90139
28.8602,11.7886,-8.37338
28.8574,11.721,-7.84745
28.8428,11.6585,-7.32001
28.8144,11.6042,-6.79049
28.7699,11.562,-6.25923
28.7135,11.532,-5.72714
28.6472,11.516,-5.19539
28.5709,11.5118,-4.66687
28.4845,11.5172,-4.14278
28.3898,11.53,-3.62341
28.2889,11.546,-3.10934
28.1826,11.5605,-2.60181
28.0725,11.5701,-2.10294
27.9582,11.5711,-1.61517
27.8394,11.5571,-1.14669
27.7199,11.5298,-0.700398
27.5976,11.4919,-0.268623
27.4713,11.4472,0.155018
27.3392,11.401,0.577116
27.2004,11.3572,0.998466
27.0544,11.3182,1.4177
26.9007,11.2869,1.83609
26.7388,11.267,2.25405
26.5676,11.26,2.67376
26.3845,11.2694,3.09755
26.1916,11.2939,3.52424
25.9886,11.3329,3.9532
25.7758,11.3849,4.38177
25.5553,11.4479,4.80786
25.328,11.5197,5.23229
25.0946,11.5978,5.65549
24.8577,11.6795,6.07642
24.6202,11.7622,6.49709
24.3825,11.8431,6.91647
24.1461,11.9161,7.32759
23.9135,11.9792,7.72789
23.6837,12.032,8.11599
23.4556,12.0753,8.49128
23.228,12.1105,8.85421
22.9999,12.14,9.20535
22.7709,12.1669,9.5452
22.5405,12.1947,9.87515
22.307,12.2261,10.1981
22.0686,12.262,10.5151
21.826,12.3031,10.8262
21.5786,12.3493,11.1298
21.3257,12.4006,11.4246
21.0694,12.4552,11.7109
20.8111,12.5101,11.99
20.5505,12.5627,12.2659
20.2878,12.6109,12.5418
20.0241,12.6537,12.816
19.7603,12.691,13.0839
19.4986,12.7221,13.3435
19.2413,12.7436,13.5907
18.9863,12.7577,13.8276
18.7319,12.7638,14.0521
18.4787,12.7623,14.2631
18.2254,12.7547,14.461
17.97,12.7424,14.6462
17.7106,12.7274,14.8182
17.4456,12.7119,14.9775
17.1732,12.6972,15.1254
16.8902,12.6842,15.2667
16.592,12.6739,15.4016
16.2778,12.6661,15.5281
15.9474,12.6611,15.6472
15.6031,12.6588,15.7555
15.2462,12.6602,15.8514
14.8768,12.6656,15.9367
14.4957,12.6744,16.0141
14.105,12.6859,16.085
13.7056,12.6999,16.1496
13.3001,12.7155,16.2077
12.8896,12.7327,16.2568
12.4755,12.7502,16.296
12.0579,12.7701,16.3256
11.6389,12.7916,16.3467
11.2186,12.8152,16.3606
10.7966,12.8415,16.3677
10.373,12.8704,16.3701
9.94752,12.902,16.3707
9.51943,12.9379,16.3659
9.08962,12.9779,16.3549
8.65469,13.0211,16.3376
8.21782,13.0668,16.3124
7.77826,13.1138,16.2806
7.33691,13.1625,16.2433
6.89349,13.2132,16.2001
6.44751,13.2659,16.1523
5.99903,13.3204,16.1013
5.54909,13.3764,16.0453
5.09977,13.4335,15.9803
4.65031,13.4916,15.9087
4.19946,13.5522,15.8327
3.74868,13.6142,15.7571
3.29868,13.6777,15.68
2.8495,13.7431,15.602
2.40078,13.8118,15.5214
1.95234,13.8839,15.4378
1.5038,13.959,15.3517
1.05424,14.0375,15.2627
0.60487,14.1213,15.1708
0.170298,14.2316,15.0759
-0.263759,14.3554,14.9768
-0.699371,14.4816,14.8691
-1.13818,14.6159,14.758
-1.59553,14.7386,14.64
-2.05635,14.8721,14.513
-2.51215,15.0293,14.3724
-2.96994,15.2009,14.2153
-3.43544,15.3807,14.0447
-3.90813,15.5708,13.8638
-4.38625,15.7707,13.676
-4.86643,15.9844,13.4786
-5.34799,16.2047,13.2704
-5.844,16.3963,13.0503
-6.34323,16.5693,12.8194
-6.84004,16.7319,12.5782
-7.33354,16.8836,12.3281
-7.81484,17.0364,12.0702
-8.27383,17.2054,11.8055
-8.72552,17.3646,11.5357
-9.17985,17.5126,11.2583
-9.63874,17.6438,10.9826
-10.0971,17.7696,10.7031
-10.5595,17.8911,10.4197
-11.0242,18.0063,10.1258
-11.4906,18.1162,9.82256
-11.9587,18.2223,9.51399
-12.4272,18.3243,9.20387
-12.8948,18.4213,8.89421
-13.3616,18.5143,8.58068
-13.8292,18.6027,8.26209
-14.2969,18.6876,7.93199
-14.7612,18.7716,7.59562
-15.2239,18.8508,7.25545
-15.682,18.9269,6.90881
-16.1375,19.002,6.55806
-16.5904,19.0766,6.20418
-17.0392,19.1503,5.84567
-17.4843,19.2231,5.47965
-17.9242,19.2939,5.10083
-18.3564,19.3617,4.71694
-18.7845,19.4291,4.32736
-19.2281,19.4644,3.92521
-19.669,19.4944,3.51673
-20.1056,19.5212,3.10443
-20.5368,19.5416,2.69008
-20.9624,19.5552,2.27406
-21.3833,19.5624,1.85629
-21.7995,19.5622,1.43811
-22.2131,19.553,1.02208
-22.6186,19.5363,0.606448
-23.0198,19.5093,0.189292
-23.4143,19.4724,-0.22559
-23.8023,19.4312,-0.647338
-24.1848,19.3832,-1.07334
-24.5626,19.3275,-1.49956
-24.9367,19.2652,-1.92442
-25.3077,19.1984,-2.34794
-25.6751,19.1292,-2.77005
-26.0389,19.0607,-3.19085
-26.399,18.9969,-3.61181
-26.7566,18.9417,-4.03371
-27.1122,18.896,-4.45614
-27.4632,18.8656,-4.88301
-27.8076,18.8518,-5.31554
-28.146,18.8578,-5.75215
-28.4776,18.8876,-6.19437
-28.8019,18.9438,-6.64406
-29.119,19.0277,-7.10012
-29.4271,19.1403,-7.56322
-29.7282,19.2814,-8.03578
-30.0188,19.4507,-8.52111
-30.3018,19.6406,-9.01465
-30.5754,19.8457,-9.5167
-30.8407,20.0601,-10.0315
-31.0996,20.2771,-10.5555
-31.3524,20.4893,-11.082
-31.5981,20.6897,-11.6065
-31.8331,20.8743,-12.1266
-32.0523,21.0456,-12.6388
-32.2654,21.1915,-13.1415
-32.4766,21.3044,-13.6331
-32.6853,21.3862,-14.1158
-32.8955,21.4383,-14.5928
-33.1023,21.4666,-15.0681
-33.307,21.4712,-15.5383
-33.5131,21.4537,-16.0003
-33.7278,21.4144,-16.4562
-33.9572,21.3531,-16.9069
-34.1903,21.2815,-17.3447
-34.4249,21.2046,-17.7767
-34.6593,21.1267,-18.2045
-34.8954,21.0508,-18.6313
-35.1335,20.9794,-19.0559
-35.3738,20.9145,-19.4815
-35.6159,20.8568,-19.9096
-35.8607,20.8069,-20.3399
-36.107,20.767,-20.7731
-36.3517,20.739,-21.2113
-36.594,20.7236,-21.6566
-36.8336,20.7216,-22.1065
-37.0696,20.7341,-22.559
-37.3008,20.7579,-23.0101
-37.5283,20.7907,-23.4632
-37.7516,20.8301,-23.9201
-37.9698,20.8763,-24.3821
-38.1821,20.93,-24.8524
-38.3889,20.9913,-25.3312
-38.5923,21.06,-25.8143
-38.792,21.1369,-26.3021
-38.9868,21.2234,-26.7958
-39.1792,21.3202,-27.2928
-39.3707,21.4266,-27.7949
-39.5623,21.5428,-28.3032
-39.755,21.665,-28.8136
-39.9508,21.7919,-29.3226
-40.1492,21.9222,-29.8276
-40.3488,22.0546,-30.3274
-40.5488,22.1873,-30.8224
-40.7487,22.3174,-31.3104
-40.9492,22.4428,-31.7892
-41.1516,22.5598,-32.2577
-41.3545,22.6682,-32.7184
-41.5568,22.7681,-33.1742
-41.7577,22.8595,-33.6293
-41.9578,22.9419,-34.0818
-42.1575,23.0148,-34.5301
-42.3561,23.0775,-34.9751
-42.5529,23.1297,-35.417
-42.7496,23.1729,-35.8562
-42.9455,23.2078,-36.2927
-43.1394,23.2369,-36.7274
-43.3301,23.2654,-37.1619
-43.5181,23.2948,-37.5994
-43.7032,23.3282,-38.0414
-43.8846,23.3676,-38.4857
-44.0624,23.4136,-38.9303
-44.2377,23.4655,-39.3751
-44.4104,23.521,-39.8193
-44.5804,23.577,-40.2617
-44.7495,23.6311,-40.701
-44.9204,23.6768,-41.1328
-45.0928,23.7096,-41.5548
-45.2654,23.7251,-41.967
-45.4371,23.7193,-42.3721
-45.6094,23.69,-42.7715
-45.7847,23.6372,-43.1646
-45.9633,23.562,-43.5492
-46.1435,23.4652,-43.9229
-46.3248,23.3496,-44.2865
-46.5078,23.2216,-44.6451
-46.69,23.0911,-45.0072
-46.8692,22.9648,-45.3767
-47.0464,22.8425,-45.7515
-47.2208,22.7271,-46.1312
-47.3906,22.6219,-46.5168
-47.5558,22.5292,-46.9091
-47.7162,22.4507,-47.3082
-47.8711,22.3882,-47.7136
-48.0184,22.3434,-48.1258
-48.1561,22.3176,-48.5438
-48.2824,22.3142,-48.9664
-48.3963,22.3279,-49.3939
-48.4965,22.3548,-49.8259
-48.5841,22.394,-50.2604
-48.6585,22.4442,-50.698
-48.7194,22.503,-51.1393
-48.7686,22.5675,-51.5832
-48.8091,22.6349,-52.0292
-48.8421,22.7026,-52.4789
-48.8685,22.7661,-52.929
-48.8926,22.8233,-53.375
-48.9139,22.87,-53.8195
-48.9349,22.9032,-54.2594
-48.959,22.9213,-54.6929
-48.9873,22.9256,-55.1191
-49.0198,22.9176,-55.537
-49.0567,22.898,-55.9468
-49.0986,22.8674,-56.3499
-49.145,22.8275,-56.7461
-49.1946,22.7817,-57.1379
-49.2485,22.7275,-57.5258
-49.3083,22.6656,-57.9104
-49.3726,22.5959,-58.2904
-49.4427,22.5183,-58.6618
-49.5189,22.4331,-59.0264
-49.6,22.3392,-59.3837
-49.6839,22.2349,-59.733
-49.7683,22.1214,-60.0777
-49.8507,22.004,-60.4254
-49.9281,21.8888,-60.7866
-50.0005,21.7788,-61.1604
-50.0663,21.6721,-61.5389
-50.1253,21.5686,-61.9225
-50.179,21.4667,-62.3085
-50.2266,21.3664,-62.6954
-50.2668,21.2678,-63.0837
-50.2996,21.1727,-63.4782
-50.3254,21.0836,-63.8833
-50.3445,20.998,-64.2945
-50.3595,20.9149,-64.7074
-50.3744,20.8308,-65.1125
-50.3893,20.7459,-65.511
-50.4026,20.6612,-65.9044
-50.4125,20.5777,-66.2988
-50.4197,20.4954,-66.6968
-50.4251,20.4132,-67.096
-50.4307,20.3303,-67.493
-50.4382,20.2476,-67.8868
-50.4466,20.1665,-68.2765
-50.4558,20.0878,-68.6638
-50.4662,20.0099,-69.0518
-50.4738,19.9291,-69.4358
-50.4768,19.8467,-69.8177
-50.4766,19.7633,-70.198
-50.4735,19.6821,-70.5819
-50.4681,19.6044,-70.97
-50.4606,19.5284,-71.3589
-50.4506,19.4515,-71.7456
-50.4383,19.3711,-72.1247
-50.4212,19.2884,-72.4955
-50.3995,19.205,-72.8584
-50.3749,19.1259,-73.2233
-50.3456,19.0516,-73.5861
-50.3118,18.9815,-73.9464
-50.2738,18.9167,-74.3031
-50.2304,18.86,-74.6557
-50.1805,18.8126,-75.0051
-50.1247,18.7674,-75.3555
-50.0658,18.7129,-75.7112
-49.9992,18.6777,-76.0578
-49.9249,18.6548,-76.4047
-49.8458,18.6362,-76.7528
-49.7621,18.6222,-77.1038
-49.6745,18.6094,-77.4558
-49.5833,18.5905,-77.8101
-49.4861,18.5689,-78.1651
-49.3822,18.5494,-78.5183
-49.2749,18.5272,-78.8701
-49.1626,18.5011,-79.2191
-49.0436,18.4746,-79.5723
-48.9146,18.426,-79.9326
-48.7784,18.3691,-80.2894
-48.6485,18.3207,-80.6303
-48.5119,18.2598,-80.9642
-48.3781,18.1991,-81.2854
-48.2518,18.1446,-81.5922
-48.1225,18.0863,-81.8955
-47.9832,18.0195,-82.2028
-47.8463,17.9496,-82.5031
-47.7113,17.8833,-82.796
-47.5777,17.8166,-83.0841
-47.4418,17.7509,-83.368
-47.3073,17.6826,-83.6443
-47.171,17.6127,-83.9207
-47.0307,17.5383,-84.1988
-46.8865,17.4558,-84.4774
-46.7386,17.3632,-84.7561
-46.5868,17.2602,-85.035
-46.4308,17.1488,-85.3131
-46.2715,17.0296,-85.5913
-46.1035,16.9035,-85.8642
-45.9321,16.7743,-86.1343
-45.7594,16.6426,-86.4009
-45.5817,16.514,-86.6592
-45.3982,16.388,-86.9141
-45.2087,16.2669,-87.162
-45.0135,16.1545,-87.3972
-44.8137,16.0515,-87.6224
-44.6085,15.959,-87.8369
-44.401,15.8756,-88.041
-44.1944,15.8046,-88.2325
-43.9826,15.7415,-88.4162
-43.7644,15.6908,-88.5935
-43.5372,15.6525,-88.7656
-43.2979,15.6226,-88.9362
-43.0462,15.5971,-89.1087
-42.7827,15.5732,-89.2851
-42.5061,15.5499,-89.4661
-42.2162,15.5301,-89.6522
-41.917,15.512,-89.8386
-41.6048,15.4932,-90.0232
-41.2865,15.4735,-90.2053
-40.9642,15.4528,-90.3837
-40.6391,15.4316,-90.556
-40.3106,15.4126,-90.7193
-39.9785,15.3953,-90.8745
-39.6437,15.3793,-91.0228
-39.3065,15.3673,-91.161
-38.9661,15.3599,-91.2891
-38.6258,15.3587,-91.4044
-38.2824,15.3635,-91.5044
-37.9358,15.3742,-91.591
-37.5903,15.3922,-91.6699
-37.2447,15.4151,-91.7371
-36.8991,15.4406,-91.7896
-36.5553,15.4679,-91.8261
-36.2133,15.4927,-91.8487
-35.8696,15.5075,-91.8609
-35.5224,15.5151,-91.8621
-35.1728,15.5196,-91.8543
-34.8171,15.5154,-91.8359
-34.4598,15.5083,-91.8096
-34.1033,15.499,-91.7748
-33.7465,15.4894,-91.7307
-33.3862,15.4795,-91.6764
-33.0194,15.4709,-91.6122
-32.6432,15.4663,-91.5407
-32.2556,15.466,-91.4623
-31.8583,15.4681,-91.3677
-31.4524,15.4707,-91.2552
-31.045,15.473,-91.12
-30.6342,15.4751,-90.9656
-30.2245,15.4778,-90.7903
-29.8157,15.4794,-90.5936
-29.4086,15.4822,-90.3761
-29.0034,15.4849,-90.1402
-28.5995,15.4837,-89.8891
-28.197,15.4783,-89.6286
-27.7978,15.4699,-89.3652
-27.3987,15.4574,-89.0949
-26.9986,15.4375,-88.8161
-26.5996,15.4134,-88.5271
-26.1961,15.3837,-88.2295
-25.7858,15.3512,-87.9221
-25.3675,15.3177,-87.6042
-24.941,15.2833,-87.275
-24.5046,15.2484,-86.9346
-24.0566,15.2139,-86.5841
-23.5982,15.1797,-86.2236
-23.1317,15.1462,-85.8481
-22.6553,15.1108,-85.4515
-22.1715,15.0709,-85.0345
-21.6802,15.0299,-84.6018
-21.1871,14.9874,-84.1555
-20.6958,14.9456,-83.6955
-20.2065,14.904,-83.2222
-19.7172,14.862,-82.7366
-19.2272,14.822,-82.2391
-18.7371,14.7842,-81.7311
-18.2462,14.7498,-81.2143
-17.7576,14.7171,-80.6878
-17.2726,14.6872,-80.1544
-16.7909,14.6602,-79.6158
-16.3151,14.6376,-79.0721
-15.8452,14.6184,-78.5252
-15.3817,14.6019,-77.9763
-14.9259,14.5872,-77.4242
-14.4777,14.5716,-76.8672
-14.0373,14.5528,-76.3051
-13.6017,14.5289,-75.7373
-13.1686,14.4968,-75.1648
-12.7395,14.4602,-74.587
-12.3168,14.4208,-74.0005
-11.8994,14.3801,-73.4038
-11.485,14.3398,-72.7973
-11.0754,14.3038,-72.1835
-10.6736,14.2752,-71.5647
-10.2781,14.2509,-70.9425
-9.88243,14.2239,-70.3155
-9.48848,14.1938,-69.6808
-9.09895,14.1592,-69.0377
-8.7078,14.1196,-68.3925
-8.31692,14.0752,-67.748
-7.93354,14.0291,-67.1055
-7.55884,13.985,-66.4658
-7.19101,13.9428,-65.8302
-6.82878,13.8988,-65.2008
-6.47242,13.8514,-64.5778
-6.12344,13.8057,-63.959
-5.78088,13.7638,-63.3423
-5.44311,13.719,-62.7285
-5.10936,13.6717,-62.1159
-4.7789,13.6225,-61.5003
-4.4525,13.5729,-60.8764
-4.12995,13.5248,-60.2413
-3.80878,13.4804,-59.5969
-3.4866,13.4406,-58.9468
-3.16227,13.4051,-58.2925
-2.83319,13.3744,-57.6355
-2.49719,13.3486,-56.977
-2.15559,13.3297,-56.322
-1.81151,13.3159,-55.672
-1.46678,13.3071,-55.0256
-1.12268,13.3031,-54.384
-0.781009,13.3029,-53.749
-0.443272,13.3074,-53.1217
-0.110466,13.3173,-52.5034
0.216161,13.3309,-51.8931
0.534456,13.3462,-51.2862
0.841791,13.3624,-50.682
1.13395,13.375,-50.0856
1.41044,13.38,-49.4952
1.67067,13.3755,-48.9094
1.91465,13.3573,-48.3239
2.14391,13.3233,-47.7369
2.35876,13.2733,-47.1465
2.55849,13.2096,-46.5502
2.74333,13.1362,-45.9457
2.91513,13.0559,-45.3306
3.07602,12.9712,-44.7063
3.23122,12.8866,-44.0722
3.38999,12.8059,-43.4354
3.55445,12.7319,-42.7972
3.72499,12.6693,-42.1584
3.90285,12.6209,-41.5209
4.08785,12.5891,-40.8875
4.27807,12.5757,-40.2603
4.47174,12.5818,-39.6397
4.66861,12.6075,-39.0261
4.86914,12.6527,-38.4209
5.0708,12.7182,-37.8266
5.27176,12.7989,-37.2401
5.47006,12.8917,-36.6526
5.67064,12.9956,-36.0646
5.86539,13.1017,-35.4826
6.04913,13.2018,-34.9126
6.22334,13.2907,-34.3556
6.38971,13.3636,-33.8079
6.54942,13.4178,-33.2672
6.70148,13.4513,-32.7298
6.84538,13.4593,-32.1982
6.98356,13.4452,-31.6721
7.11688,13.4115,-31.1499
7.24536,13.3589,-30.6314
7.37164,13.2889,-30.1145
7.49846,13.2057,-29.5997
7.62635,13.1183,-29.091
7.75558,13.0345,-28.5911
7.88957,12.948,-28.0957
8.02598,12.8579,-27.6031
8.16434,12.7675,-27.1156
8.30217,12.6818,-26.632
8.43897,12.6026,-26.1516
8.57592,12.5304,-25.6744
8.7121,12.4656,-25.1993
8.84764,12.4061,-24.7247
8.98363,12.3498,-24.2516
9.12014,12.2978,-23.783
9.25614,12.2509,-23.3162
9.38972,12.2048,-22.8498
9.52225,12.1584,-22.3815
9.65135,12.1112,-21.9033
9.77828,12.0611,-21.4199
9.907,12.0097,-20.9325
10.0394,11.9575,-20.445
10.1764,11.9027,-19.9583
10.319,11.8459,-19.4701
10.4673,11.7898,-18.9777
10.6186,11.733,-18.4811
10.774,11.6741,-17.9834
10.9341,11.6134,-17.4826
11.092,11.5533,-16.9822
11.2524,11.498,-16.4827
11.4161,11.4475,-15.9839
11.5819,11.4021,-15.4825
11.7488,11.3605,-14.9793
11.9145,11.322,-14.4764
12.0766,11.288,-13.9733
12.2376,11.2589,-13.471
12.3933,11.2326,-12.9743
12.5458,11.2124,-12.4815
12.6932,11.1948,-11.9873
12.8377,11.1818,-11.4927
12.9788,11.1725,-10.9988
13.117,11.1634,-10.5028
13.2532,11.1544,-10.004
13.3867,11.1464,-9.50485
13.518,11.1383,-9.00711
13.6528,11.1289,-8.50952
13.7898,11.1107,-8.0092
13.9295,11.089,-7.51048
14.0688,11.0638,-7.01263
14.2101,11.035,-6.5223
14.3519,11.0028,-6.03791
14.493,10.9679,-5.55998
14.632,10.9314,-5.08927
14.7673,10.8945,-4.62586
14.8971,10.8576,-4.17029
15.0213,10.8198,-3.72329
15.1372,10.7833,-3.28438
15.247,10.746,-2.85754
15.3473,10.7061,-2.43854
15.4401,10.6655,-2.02576
15.5256,10.6233,-1.6101
15.6067,10.5784,-1.19388
15.6847,10.5306,-0.777971
15.7602,10.4803,-0.359979
15.8356,10.4281,0.0605797
15.9111,10.3739,0.484046
15.9857,10.3222,0.905944
16.0646,10.2725,1.3269
16.1449,10.2272,1.74655
16.2259,10.1868,2.16589
16.309,10.1534,2.58577
16.3907,10.1271,3.00704
16.468,10.11,3.42872
16.5389,10.1035,3.84904
16.601,10.1063,4.26684
16.6533,10.1168,4.68092
16.6923,10.137,5.09257
16.7178,10.1647,5.50001
16.7314,10.1974,5.90038
16.7334,10.2342,6.2955
16.7248,10.2749,6.6873
16.7064,10.3178,7.07854
16.6796,10.3613,7.46939
16.6461,10.4035,7.85899
16.6071,10.4423,8.24922
16.565,10.4761,8.64362
16.5208,10.5029,9.0383
16.4774,10.5219,9.43244
16.4375,10.5364,9.82386
16.4002,10.5428,10.2114
16.3657,10.5422,10.5969
16.3348,10.5362,10.9806
16.3064,10.5262,11.3602
16.2778,10.5136,11.7339
16.2474,10.5001,12.1032
16.2142,10.4889,12.4688
16.1789,10.4809,12.8301
16.138,10.4764,13.1879
16.0956,10.4738,13.5379
16.0452,10.4702,13.8839
15.9888,10.4646,14.2255
15.9256,10.4557,14.5602
15.8547,10.444,14.8868
15.7764,10.4297,15.2063
15.6912,10.4104,15.5204
15.6021,10.3865,15.8288
15.5054,10.3579,16.1282
15.4035,10.3204,16.4149
15.2979,10.2735,16.695
15.1899,10.2209,16.9672
15.08,10.1622,17.2335
14.9695,10.0995,17.4935
14.8582,10.035,17.7474
14.7455,9.97105,17.995
14.632,9.91032,18.2358
14.5171,9.85525,18.4733
14.3992,9.80812,18.71
14.2744,9.77561,18.9541
14.1393,9.75501,19.1967
13.9926,9.74802,19.4339
13.8352,9.75319,19.6641
13.6678,9.76881,19.889
13.491,9.79429,20.1097
13.3058,9.82902,20.3246
13.1125,9.87111,20.5305
12.91,9.91768,20.7247
12.697,9.9662,20.9091
12.4752,10.0145,21.0874
12.2479,10.0584,21.2629
12.0161,10.096,21.4363
11.783,10.1272,21.6105
11.5497,10.153,21.7867
11.3162,10.1743,21.963
11.0823,10.1919,22.1364
10.8483,10.208,22.3061
10.6136,10.2244,22.4728
10.378,10.2452,22.6386
10.1411,10.2723,22.8063
9.89979,10.3053,22.9772
9.65392,10.3457,23.1471
9.40288,10.3945,23.3139
9.14575,10.4531,23.4735
8.8803,10.5222,23.6201
8.60539,10.6014,23.7523
8.32245,10.6892,23.8756
8.03257,10.7836,23.9928
7.73672,10.883,24.1052
7.43497,10.9856,24.2075
7.12799,11.0879,24.3022
6.81622,11.1889,24.3913
6.50131,11.2885,24.4725
6.1851,11.3856,24.5432
5.86867,11.4796,24.6032
5.55176,11.5702,24.6539
5.23322,11.657,24.6959
4.9124,11.7388,24.7289
4.58988,11.8164,24.7533
4.26456,11.8901,24.7698
3.93788,11.9601,24.779
3.60706,12.0276,24.7808
3.26943,12.0941,24.775
2.92412,12.1607,24.7619
2.56939,12.2284,24.74
2.20389,12.2976,24.7066
1.8287,12.3682,24.6602
1.44511,12.439,24.6017
1.05334,12.5113,24.5311
0.655682,12.5857,24.447
0.253462,12.6579,24.3506
-0.155221,12.7263,24.2441
-0.569322,12.7916,24.1283
-0.987217,12.8526,24.0016
-1.4074,12.9089,23.8637
-1.8284,12.9616,23.7156
-2.24946,13.0119,23.5573
-2.67196,13.0599,23.3876
-3.09754,13.106,23.2057
-3.52526,13.1469,23.0046
-3.95588,13.1825,22.7871
-4.39083,13.2149,22.557
-4.82954,13.2437,22.316
-5.27208,13.2692,22.0651
-5.71968,13.2933,21.8053
-6.1672,13.327,21.5382
-6.60547,13.3831,21.2649
-7.0407,13.4477,20.9851
-7.49287,13.4848,20.6971
-7.95658,13.5002,20.4059
-8.42379,13.509,20.115
-8.89415,13.5102,19.8223
-9.36535,13.5046,19.5246
-9.83647,13.491,19.223
-10.3083,13.4693,18.9182
-10.7814,13.4406,18.6108
-11.2505,13.4114,18.3019
-11.7021,13.3987,17.9925
-12.1443,13.3935,17.6806
-12.5869,13.3818,17.3652
-13.0259,13.363,17.0499
-13.4645,13.34,16.7336
-13.9034,13.3147,16.4148
-14.3427,13.288,16.0961
-14.7812,13.2597,15.7778
-15.218,13.2306,15.4583
-15.6527,13.2025,15.1352
-16.0843,13.1772,14.8049
-16.5149,13.1577,14.4704
-16.9402,13.1453,14.1342
-17.3601,13.1366,13.7932
-17.7751,13.1326,13.4473
-18.1866,13.1335,13.0986
-18.5956,13.1383,12.7484
-19.0017,13.1456,12.3988
-19.4047,13.1554,12.0503
-19.8054,13.1681,11.7014
-20.2038,13.1813,11.3519
-20.6022,13.1941,11.004
-20.9972,13.2086,10.658
-21.3909,13.2177,10.312
-21.7852,13.2184,9.96778
-22.1791,13.2135,9.6261
-22.5708,13.2028,9.28527
-22.9597,13.1869,8.94271
-23.346,13.1672,8.59916
-23.73,13.1441,8.25752
-24.1106,13.1191,7.91503
-24.4852,13.093,7.56998
-24.8536,13.0668,7.22521
-25.2212,13.0441,6.8796
-25.585,13.0239,6.53178
-25.9454,13.0087,6.17723
-26.3018,12.9979,5.81549
-26.6553,12.9913,5.44911
-27.0061,12.991,5.07953
-27.3517,12.9986,4.70591
-27.6939,13.0112,4.32774
-28.0356,13.0306,3.94357
-28.3748,13.0541,3.55945
-28.7107,13.0833,3.1754
-29.0456,13.1145,2.78952
-29.3807,13.148,2.39962
-29.7185,13.1803,2.00611
-30.06,13.2082,1.61158
-30.4035,13.2276,1.21963
-30.747,13.2353,0.831732
-31.0891,13.2371,0.444349
-31.4301,13.2303,0.0601928
-31.7699,13.2126,-0.321141
-32.1082,13.1932,-0.713905
-32.4454,13.1695,-1.1119
-32.7769,13.1407,-1.51254
-33.105,13.1098,-1.91743
-33.4299,13.0783,-2.32609
-33.7491,13.0462,-2.73671
-34.0629,13.015,-3.14995
-34.3765,12.9848,-3.56762
-34.6875,12.9577,-3.98933
-35.0024,12.9342,-4.41256
-35.3571,12.906,-4.85255
-35.7178,12.8805,-5.29786
-36.0764,12.8587,-5.74737
-36.4394,12.841,-6.19548
-36.8078,12.8262,-6.64225
-37.1782,12.8135,-7.0902
-37.5511,12.8031,-7.53805
-37.9267,12.794,-7.98732
-38.306,12.7833,-8.44102
-38.6882,12.7706,-8.89629
-39.0708,12.7549,-9.35019
-39.4524,12.7336,-9.79897
-39.8338,12.7055,-10.245
-40.2151,12.6718,-10.6908
-40.596,12.6355,-11.1414
-40.9759,12.5967,-11.5984
-41.3547,12.5539,-12.057
-41.7304,12.5118,-12.5172
-42.1025,12.4721,-12.982
-42.4682,12.4343,-13.4501
-42.8315,12.3981,-13.9211
-43.1928,12.3638,-14.3898
-43.5524,12.332,-14.8581
-43.9102,12.3024,-15.3266
-44.2661,12.2735,-15.7972
-44.6193,12.2463,-16.2737
-44.9688,12.223,-16.7583
-45.3137,12.2003,-17.248
-45.6559,12.1793,-17.741
-45.9946,12.1637,-18.2398
-46.3302,12.1519,-18.7441
-46.6609,12.1406,-19.2496
-46.9888,12.1276,-19.7528
-47.3116,12.1126,-20.2527
-47.6273,12.0965,-20.751
-47.9368,12.0811,-21.2521
-48.2416,12.0673,-21.7603
-48.5423,12.0516,-22.2709
-48.8371,12.0331,-22.7782
-49.127,12.0133,-23.2847
-49.4119,11.9902,-23.7875
-49.6954,11.9621,-24.2876
-49.9757,11.9293,-24.7853
-50.2534,11.8918,-25.2828
-50.5301,11.8481,-25.7795
-50.8052,11.7961,-26.2732
-51.0777,11.7353,-26.7628
-51.3494,11.6665,-27.247
-51.6218,11.591,-27.7246
-51.8927,11.5134,-28.1962
-52.1606,11.4396,-28.6691
-52.4252,11.369,-29.1408
-52.6854,11.3025,-29.61
-52.9403,11.2413,-30.077
-53.1871,11.1863,-30.543
-53.4236,11.1386,-31.0092
-53.6503,11.0989,-31.4777
-53.8668,11.0677,-31.9508
-54.073,11.0412,-32.4244
-54.2685,11.0202,-32.8985
-54.4557,11.0006,-33.3695
-54.6355,10.983,-33.8381
-54.8068,10.9672,-34.3042
-54.971,10.9539,-34.7679
-55.1289,10.9441,-35.2323
-55.2818,10.9373,-35.6982
-55.4315,10.9317,-36.1611
-55.5771,10.9275,-36.6209
-55.7201,10.9233,-37.0754
-55.8601,10.9204,-37.5261
-55.9967,10.922,-37.977
-56.1301,10.9286,-38.4322
-56.2601,10.9387,-38.8874
-56.3861,10.9512,-39.3397
-56.5086,10.9643,-39.7869
-56.6284,10.9769,-40.2283
-56.7452,10.9894,-40.665
-56.8591,11.0001,-41.0978
-56.9709,11.0086,-41.5291
-57.0794,11.014,-41.955
-57.1848,11.0161,-42.3763
-57.2865,11.0112,-42.792
-57.3832,10.999,-43.2015
-57.4768,10.9816,-43.607
-57.5687,10.9629,-44.0124
-57.6585,10.9462,-44.423
-57.7459,10.9322,-44.841
-57.8318,10.9194,-45.2584
-57.9147,10.9132,-45.6768
-57.9952,10.9179,-46.0976
-58.0745,10.929,-46.5181
-58.1532,10.9431,-46.9332
-58.2305,10.9582,-47.3397
-58.3069,10.9752,-47.7402
-58.3832,10.9946,-48.1373
-58.4595,11.0161,-48.5333
-58.5354,11.0401,-48.9319
-58.6117,11.0656,-49.3325
-58.6871,11.0863,-49.7308
-58.7594,11.0973,-50.1235
-58.8292,11.0968,-50.5106
-58.8985,11.0848,-50.8936
-58.9666,11.0633,-51.2737
-59.0326,11.0334,-51.6526
-59.0965,10.9965,-52.0304
-59.1582,10.9534,-52.4064
-59.2164,10.9055,-52.781
-59.2706,10.8544,-53.1546
-59.322,10.8048,-53.5267
-59.374,10.76,-53.8961
-59.4241,10.7191,-54.2633
-59.4698,10.6844,-54.6269
-59.5109,10.6578,-54.9865
-59.5466,10.639,-55.3421
-59.5785,10.6274,-55.693
-59.608,10.6222,-56.0389
-59.6339,10.6216,-56.3796
-59.6546,10.6221,-56.7141
-59.6723,10.6213,-57.0423
-59.6878,10.6148,-57.3642
-59.7017,10.604,-57.6887
-59.713,10.5889,-58.0175
-59.72,10.5663,-58.3463
-59.7226,10.5356,-58.6749
-59.7214,10.4976,-59.0047
-59.7169,10.4534,-59.337
-59.7094,10.4052,-59.6732
-59.6992,10.3558,-60.0156
-59.6875,10.3056,-60.3622
-59.6741,10.2551,-60.7078
-59.658,10.2057,-61.0525
-59.6407,10.1594,-61.3954
-59.6215,10.1182,-61.7371
-59.5997,10.0847,-62.0773
-59.5752,10.0601,-62.4139
-59.5488,10.044,-62.7441
-59.5213,10.036,-63.0672
-59.4931,10.0371,-63.3844
-59.4652,10.0498,-63.704
-59.4372,10.0671,-64.0245
-59.4092,10.0801,-64.3383
-59.3807,10.0854,-64.6403
-59.3549,10.0818,-64.9313
-59.332,10.07,-65.2163
-59.311,10.051,-65.4989
-59.2903,10.0265,-65.7822
-59.2699,9.99482,-66.0733
-59.2548,9.94693,-66.3837
-59.2392,9.88978,-66.7102
-59.2181,9.8404,-67.0552
-59.1926,9.79901,-67.409
-59.1611,9.76408,-67.764
-59.1207,9.73533,-68.1139
-59.0707,9.71253,-68.4537
-59.0099,9.69627,-68.7807
-58.9411,9.69046,-69.0905
-58.8709,9.69893,-69.3766
-58.8,9.71518,-69.6394
-58.7183,9.72564,-69.8875
-58.6358,9.73725,-70.1221
-58.56,9.75057,-70.3392
-58.4903,9.75974,-70.5389
-58.4222,9.75919,-70.7253
-58.3526,9.74894,-70.9041
-58.2791,9.73255,-71.079
-58.2008,9.71392,-71.2525
-58.1177,9.69614,-71.4261
-58.0289,9.6817,-71.5986
-57.9347,9.66783,-71.7717
-57.8353,9.65472,-71.9482
-57.7307,9.64198,-72.1244
-57.6204,9.6315,-72.3023
-57.5053,9.62369,-72.479
-57.3854,9.61974,-72.6564
-57.2585,9.62483,-72.8336
-57.1228,9.64141,-73.0058
-56.9792,9.66627,-73.1686
-56.8292,9.70006,-73.3191
-56.6712,9.74146,-73.4554
-56.5043,9.79293,-73.5761
-56.3256,9.85228,-73.685
-56.136,9.91671,-73.7812
-55.9354,9.98538,-73.8643
-55.724,10.059,-73.9357
-55.5035,10.1345,-73.9931
-55.2788,10.2075,-74.0341
-55.0534,10.276,-74.0604
-54.8248,10.3382,-74.0767
-54.5956,10.398,-74.0972
-54.3665,10.4535,-74.1195
-54.1334,10.5053,-74.1393
-53.8959,10.5516,-74.1494
-53.6523,10.5958,-74.1514
-53.4005,10.6369,-74.1475
-53.1426,10.6744,-74.1429
-52.8802,10.7085,-74.1396
-52.6129,10.7387,-74.1337
-52.3454,10.765,-74.1227
-52.0744,10.7897,-74.106
-51.8032,10.813,-74.0803
-51.5261,10.8332,-74.0434
-51.25,10.8503,-73.9953
-50.9698,10.8662,-73.9291
-50.6821,10.8796,-73.8446
-50.3859,10.8914,-73.7443
-50.0808,10.9071,-73.6333
-49.768,10.9288,-73.5177
-49.4504,10.947,-73.3977
-49.1306,10.9611,-73.2716
-48.81,10.9669,-73.1386
-48.4854,10.9656,-73.0014
-48.1554,10.9615,-72.8605
-47.8152,10.9563,-72.7186
-47.4616,10.9509,-72.5771
-47.0931,10.9484,-72.4366
-46.7104,10.9514,-72.2966
-46.3163,10.9595,-72.1561
-45.913,10.9722,-72.0171
-45.5006,10.9906,-71.8772
-45.0768,11.0195,-71.7319
-44.6435,11.0522,-71.5825
-44.2043,11.0956,-71.4249
-43.7588,11.1484,-71.2603
-43.3081,11.2096,-71.0892
-42.8562,11.2752,-70.9109
-42.4082,11.3408,-70.7244
-41.966,11.4047,-70.53
-41.5249,11.4646,-70.3293
-41.0842,11.5181,-70.1182
-40.6458,11.5582,-69.8953
-40.2386,11.5885,-69.6609
-39.8184,11.595,-69.4255
-39.4068,11.5951,-69.1808
-39.0003,11.5905,-68.9259
-38.5898,11.5803,-68.6647
-38.174,11.5687,-68.3991
-37.7512,11.5595,-68.1285
-37.3192,11.5534,-67.8528
-36.8742,11.5495,-67.5675
-36.4182,11.5519,-67.2759
-35.9551,11.5369,-66.9872
-35.4841,11.5254,-66.6908
-35.0034,11.525,-66.3851
-34.5151,11.5383,-66.073
-34.0219,11.5653,-65.758
-33.526,11.6053,-65.4398
-33.0297,11.6569,-65.1143
-32.5337,11.7159,-64.7822
-32.0394,11.7851,-64.4446
-31.5516,11.8618,-64.0951
-31.0717,11.9401,-63.7379
-30.5977,12.0155,-63.3732
-30.1311,12.0833,-63.001
-29.6797,12.1452,-62.6216
-29.2416,12.1992,-62.2364
-28.8095,12.2398,-61.8463
-28.3822,12.266,-61.452
-27.9592,12.2797,-61.0569
-27.5389,12.2811,-60.659
-27.1185,12.2728,-60.2604
-26.6967,12.2585,-59.8592
-26.2719,12.241,-59.4543
-25.8436,12.2174,-59.0457
-25.4127,12.1855,-58.6338
-24.9788,12.1511,-58.2188
-24.5412,12.1205,-57.8021
-24.1016,12.0942,-57.3857
-23.6624,12.0753,-56.9655
-23.2217,12.0627,-56.5408
-22.7806,12.055,-56.1129
-22.3394,12.0548,-55.6793
-21.899,12.0608,-55.2403
-21.4591,12.0727,-54.7953
-21.0199,12.0908,-54.3449
-20.5817,12.1129,-53.89
-20.1445,12.1353,-53.4296
-19.708,12.1557,-52.962
-19.271,12.1745,-52.4893
-18.8338,12.1899,-52.0117
-18.4076,12.2009,-51.5326
-17.9974,12.2079,-51.0501
-17.5916,12.2129,-50.5645
-17.1877,12.2151,-50.0755
-16.7862,12.2158,-49.5842
-16.3874,12.2162,-49.0908
-15.9909,12.2175,-48.5953
-15.5969,12.2216,-48.0982
-15.2064,12.2303,-47.5975
-14.8192,12.2463,-47.0945
-14.4392,12.2716,-46.5898
-14.0629,12.3052,-46.0851
-13.6869,12.3488,-45.5819
-13.3069,12.4017,-45.0784
-12.9307,12.4637,-44.5754
-12.5635,12.534,-44.0743
-12.2056,12.6109,-43.5751
-11.8581,12.6915,-43.0751
-11.5216,12.7737,-42.5712
-11.1957,12.8536,-42.0643
-10.8806,12.9308,-41.5545
-10.5783,13.0038,-41.0411
-10.2886,13.067,-40.5219
-10.0108,13.1228,-40.0007
-9.74202,13.1715,-39.4795
-9.47886,13.2121,-38.9585
-9.21917,13.2431,-38.4376
-8.96241,13.2648,-37.9159
-8.7082,13.28,-37.3939
-8.45453,13.2882,-36.872
-8.2011,13.29,-36.353
-7.94775,13.2867,-35.8335
-7.69555,13.281,-35.3108
-7.44488,13.2733,-34.7836
-7.19654,13.2616,-34.255
-6.95112,13.2465,-33.727
-6.70781,13.2311,-33.2003
-6.46489,13.2168,-32.6757
-6.22197,13.2043,-32.1536
-5.97812,13.1963,-31.6357
-5.73101,13.196,-31.1261
-5.48199,13.2009,-30.6201
-5.23364,13.2117,-30.1123
-4.98854,13.2276,-29.6012
-4.74762,13.2469,-29.0876
-4.51081,13.2686,-28.572
-4.27835,13.2923,-28.054
-4.05181,13.3168,-27.5327
-3.8333,13.3401,-27.0085
-3.62115,13.3622,-26.4845
-3.40903,13.3803,-25.9586
-3.19705,13.3962,-25.4308
-2.98467,13.4115,-24.9052
-2.76789,13.4274,-24.3844
-2.54055,13.4435,-23.8698
-2.29974,13.459,-23.3602
-2.0492,13.4751,-22.8526
-1.79607,13.4935,-22.3452
-1.54326,13.5129,-21.8378
-1.29225,13.5331,-21.3321
-1.04503,13.5571,-20.8319
-0.802202,13.5856,-20.3386
-0.563608,13.6208,-19.8531
-0.330488,13.6673,-19.3764
-0.104847,13.7269,-18.9106
0.112762,13.7966,-18.4566
0.322496,13.8714,-18.0141
0.52374,13.9476,-17.5826
0.716215,14.021,-17.1635
0.902418,14.0756,-16.7564
1.0837,14.1021,-16.3582
1.25764,14.1095,-15.9617
1.42618,14.0961,-15.5677
1.59207,14.0634,-15.1786
1.75671,14.0125,-14.7948
1.92026,13.9455,-14.4159
2.08256,13.8657,-14.0416
2.24426,13.7774,-13.6726
2.40722,13.684,-13.311
2.57193,13.5889,-12.9567
2.73481,13.4951,-12.6074
2.89687,13.408,-12.2618
3.05326,13.3345,-11.9238
3.20424,13.2748,-11.595
3.34984,13.2284,-11.2741
3.48909,13.1959,-10.9549
3.62292,13.1778,-10.6326
3.75379,13.1732,-10.3096
3.88059,13.1799,-9.98939
4.00381,13.1945,-9.67131
4.12309,13.2109,-9.35817
4.24106,13.2252,-9.04713
4.35755,13.236,-8.73949
4.47124,13.2419,-8.43643
4.58238,13.2417,-8.13779
4.69241,13.2353,-7.842
4.80283,13.2228,-7.54833
4.91404,13.204,-7.25738
5.02533,13.18,-6.96796
5.13955,13.1521,-6.67776
5.27211,13.1269,-6.38533
5.41303,13.1032,-6.0892
5.55751,13.0826,-5.78895
5.70463,13.0656,-5.48293
5.85303,13.0515,-5.17043
6.00051,13.0404,-4.85187
6.1427,13.0313,-4.52524
6.27521,13.023,-4.18744
6.39941,13.0191,-3.84241
6.51375,13.0221,-3.4942
6.61634,13.0389,-3.15375
6.70588,13.0631,-2.8205
6.78343,13.0987,-2.49176
6.84727,13.1436,-2.16147
6.89864,13.1927,-1.82878
6.93873,13.2401,-1.49495
6.97027,13.2821,-1.16062
6.99806,13.3158,-0.826172
7.02565,13.336,-0.492609
7.07176,13.3413,-0.158051
7.13055,13.3267,0.177714
7.19614,13.2962,0.506612
7.26734,13.2477,0.832493
7.34429,13.1832,1.15536
7.42474,13.105,1.47835
7.5075,13.0153,1.8019
7.59264,12.9167,2.12459
7.67906,12.812,2.44709
7.764,12.7034,2.77083
7.84632,12.5987,3.09472
7.92132,12.4977,3.41519
7.99322,12.4032,3.72394
8.06091,12.317,4.02635
8.12292,12.2424,4.32387
8.17884,12.1764,4.61774
8.22801,12.1193,4.91089
8.27185,12.0744,5.20431
8.31369,12.0412,5.49628
8.35371,12.0149,5.7876
8.39624,11.9938,6.07598
8.4438,11.974,6.36292
8.49647,11.9584,6.64598
8.55884,11.9454,6.93143
8.63116,11.9198,7.22147
8.71029,11.8805,7.51298
8.79447,11.8305,7.80526
8.88576,11.7769,8.09901
8.98596,11.7267,8.39218
9.09046,11.6705,8.68083
9.20068,11.6101,8.95653
9.31252,11.5487,9.2235
9.42754,11.4872,9.48562
9.53919,11.4283,9.74584
9.64601,11.3745,10.0124
9.74375,11.3274,10.2823
9.83165,11.2891,10.5504
9.91218,11.2608,10.8114
9.98629,11.2421,11.0612
10.0532,11.2341,11.3039
10.1168,11.2344,11.5465
10.1714,11.2432,11.7899
10.2215,11.2562,12.0319
10.2699,11.2721,12.2718
10.3165,11.287,12.5076
10.3611,11.3029,12.7406
10.4039,11.3208,12.9718
10.4453,11.3381,13.1982
10.4863,11.3534,13.4168
10.5295,11.3713,13.6306
10.5734,11.393,13.8413
10.6245,11.4153,14.0473
10.675,11.4418,14.2519
10.7271,11.4697,14.454
10.7765,11.5027,14.6519
10.8215,11.5415,14.843
10.8636,11.5836,15.0282
10.9025,11.628,15.209
10.9354,11.6756,15.3857
10.9634,11.7234,15.5623
10.9849,11.7663,15.7361
10.9972,11.7996,15.9078
11.0025,11.8219,16.0772
10.9999,11.8351,16.2439
10.991,11.8369,16.4094
10.9784,11.8275,16.5784
10.9622,11.8097,16.7499
10.9415,11.7857,16.9189
10.9182,11.7556,17.083
10.8965,11.7223,17.2427
10.8769,11.6895,17.3919
10.8643,11.6595,17.5333
10.8574,11.6351,17.6721
10.8565,11.6184,17.8101
10.8634,11.6069,17.9452
10.8778,11.6003,18.0774
10.9002,11.5985,18.2059
10.9293,11.5993,18.3312
10.9613,11.6006,18.4557
10.9955,11.6034,18.5784
11.0299,11.6066,18.703
11.0621,11.6106,18.8294
11.0928,11.6136,18.9577
11.1207,11.6164,19.0858
11.1458,11.6175,19.2159
11.1708,11.6179,19.3498
11.1972,11.6173,19.4883
11.2258,11.6142,19.6308
11.2572,11.6081,19.7755
11.2902,11.5993,19.9226
11.3322,11.5912,20.0712
11.3788,11.5863,20.2192
11.4316,11.5835,20.368
11.4924,11.5863,20.5192
11.5609,11.5984,20.671
11.6389,11.6183,20.8228
11.7249,11.6444,20.9752
11.8166,11.6782,21.1303
11.9129,11.7216,21.2888
12.0099,11.7721,21.447
12.1062,11.8305,21.6074
12.197,11.8962,21.7714
12.286,11.9661,21.9344
12.3726,12.0394,22.0976
12.4572,12.1066,22.259
12.5401,12.1574,22.4187
12.6219,12.1933,22.575
12.7042,12.2205,22.7262
12.7895,12.2385,22.8726
12.8796,12.2456,23.0143
12.9746,12.2458,23.1497
13.0767,12.2393,23.2777
13.1853,12.228,23.4005
13.2989,12.2165,23.5172
13.4136,12.2074,23.629
13.5269,12.2031,23.7383
13.6359,12.2069,23.8441
13.7365,12.2216,23.9434
13.8229,12.2484,24.0342
13.8894,12.288,24.1139
13.9342,12.3429,24.1842
13.9482,12.4155,24.2403
13.9319,12.5038,24.2812
13.8861,12.6064,24.3083
13.8122,12.7227,24.3207
13.712,12.8505,24.3159
13.5894,12.9854,24.2917
13.4491,13.1227,24.2486
13.2949,13.2578,24.1899
13.1324,13.3859,24.119
12.9658,13.5024,24.0393
12.7996,13.5996,23.9462
12.6386,13.6774,23.8391
12.4872,13.7349,23.7185
12.3474,13.7737,23.5862
12.2181,13.796,23.443
12.0979,13.8049,23.2891
11.9864,13.8035,23.1239
11.8832,13.7945,22.9461
11.7876,13.78,22.7551
11.699,13.7617,22.5504
11.6161,13.7415,22.3315
11.5326,13.7497,22.0975
11.447,13.7897,21.8514
11.3615,13.84,21.5973
11.2762,13.8942,21.3341
11.1905,13.9536,21.0616
11.1044,14.0187,20.7816
11.018,14.09,20.4952
10.9309,14.1677,20.2034
10.8423,14.2527,19.9067
10.7534,14.3459,19.6032
10.6623,14.4154,19.2986
10.5695,14.4598,18.9913
10.4793,14.5236,18.6752
10.3907,14.6004,18.3515
10.3009,14.664,18.023
10.2103,14.7115,17.6906
10.1216,14.7591,17.3532
10.0352,14.8054,17.0086
9.95212,14.8485,16.6562
9.87191,14.8872,16.298
9.80365,14.955,15.9328
9.74575,15.0437,15.5587
9.68336,15.1097,15.1726
9.62201,15.1662,14.7728
9.57027,15.2363,14.3614
9.52679,15.3185,13.9429
9.48498,15.4003,13.521
9.4431,15.4856,13.0954
9.39761,15.5764,12.665
9.34678,15.6753,12.2297
9.29586,15.7846,11.7899
9.24737,15.906,11.3458
9.19873,16.041,10.8998
9.15087,16.1901,10.4525
9.10686,16.3529,10.0041
9.06831,16.5291,9.55379
9.03465,16.7165,9.09956
9.00584,16.9099,8.6379
8.98369,17.1044,8.16776
8.97069,17.2918,7.68984
8.9638,17.463,7.202
8.96243,17.6142,6.7036
8.96702,17.7409,6.19383
8.97658,17.8389,5.67432
8.98921,17.907,5.14477
9.00357,17.9454,4.60364
9.01883,17.9539,4.0506
9.03285,17.9356,3.48487
9.04399,17.8935,2.90717
9.05193,17.8342,2.31732
9.05274,17.7648,1.71959
9.04673,17.6897,1.11708
9.03347,17.6113,0.511579
9.01334,17.5315,-0.0957914
8.98775,17.4523,-0.706534
8.95814,17.3749,-1.32099
8.92556,17.3006,-1.93601
8.89177,17.2325,-2.55057
8.85903,17.1691,-3.16893
8.82771,17.1096,-3.79074
8.80089,17.0555,-4.41195
8.77674,17.0099,-5.02631
8.75209,16.976,-5.63719
8.72827,16.9551,-6.24873
8.70557,16.9491,-6.86406
8.68417,16.9596,-7.48293
8.66564,16.9861,-8.10224
8.64808,17.0269,-8.72168
8.6305,17.0823,-9.34326
8.61466,17.1439,-9.97176
8.59848,17.2075,-10.6051
8.57902,17.2704,-11.245
8.55786,17.329,-11.8862
8.53575,17.3785,-12.5283
8.51261,17.4152,-13.1731
8.48844,17.4377,-13.8232
8.46366,17.4441,-14.4807
8.43867,17.4315,-15.1446
8.41143,17.398,-15.8143
8.38679,17.3444,-16.4986
8.3638,17.2764,-17.1911
8.34137,17.1939,-17.8877
8.31997,17.0993,-18.5879
8.29788,16.9944,-19.2912
8.27359,16.8802,-19.9965
8.24684,16.7606,-20.7029
8.21759,16.6418,-21.4109
8.18508,16.5285,-22.1236
8.14637,16.4232,-22.8371
8.09979,16.3292,-23.5508
8.05147,16.2474,-24.2655
7.99849,16.1794,-24.9807
7.94116,16.1236,-25.6955
7.88114,16.078,-26.4077
7.81873,16.0409,-27.117
7.75577,16.011,-27.8241
7.69491,15.9872,-28.5303
7.63308,15.9683,-29.2404
7.57646,15.9508,-29.9493
7.53044,15.9416,-30.6578
7.49491,15.941,-31.3598
7.47408,15.9488,-32.0585
7.46665,15.9675,-32.7564
7.4718,15.9958,-33.4555
7.49028,16.0378,-34.1607
7.52175,16.0979,-34.8737
7.56512,16.1754,-35.5909
7.62234,16.2737,-36.3133
7.68816,16.3927,-37.0344
7.76397,16.5353,-37.7573
7.84781,16.6978,-38.4817
7.93809,16.8742,-39.2096
8.0305,17.0618,-39.9392
8.12164,17.2545,-40.6722
8.21023,17.4486,-41.4122
8.29598,17.64,-42.1602
8.37877,17.8204,-42.9126
8.45859,17.9835,-43.6646
8.5307,18.1233,-44.4154
8.59383,18.2263,-45.1675
8.65304,18.2889,-45.9189
8.70479,18.3062,-46.6687
8.74753,18.2762,-47.4193
8.78214,18.2011,-48.1693
8.7832,18.0992,-48.9225
8.74551,17.9787,-49.6835
8.70279,17.8282,-50.4496
8.65191,17.6555,-51.2164
8.5965,17.4633,-51.978
8.58526,17.2032,-52.7267
8.56521,16.9432,-53.4719
8.53793,16.6961,-54.2105
8.50577,16.4676,-54.9464
8.47382,16.2604,-55.6782
8.4436,16.0792,-56.4022
8.41531,15.9268,-57.1169
8.39136,15.8028,-57.8227
8.37217,15.7126,-58.5186
8.35529,15.6482,-59.2011
8.3418,15.6138,-59.8652
8.33092,15.5988,-60.5057
8.32082,15.6026,-61.1308
8.31082,15.6222,-61.7457
8.30334,15.6533,-62.3573
8.29848,15.6924,-62.9665
8.29671,15.7355,-63.571
8.30006,15.7772,-64.1712
8.30493,15.8132,-64.7683
8.31235,15.8344,-65.364
8.32166,15.8377,-65.9562
8.33184,15.8252,-66.5401
8.34503,15.8,-67.1219
8.36147,15.765,-67.7039
8.38235,15.7256,-68.2847
8.4067,15.686,-68.8628
8.4338,15.6502,-69.4351
8.46464,15.6246,-69.998
8.49732,15.616,-70.5528
8.53228,15.6234,-71.097
8.571,15.6442,-71.6294
8.61384,15.6774,-72.1507
8.66244,15.724,-72.657
8.71755,15.7804,-73.1501
8.7769,15.8434,-73.631
8.84037,15.9115,-74.0989
8.90882,15.9823,-74.5532
8.98068,16.0532,-74.995
9.05447,16.1246,-75.4255
9.13564,16.1911,-75.8478
9.22282,16.2502,-76.258
9.31896,16.3017,-76.6539
9.41737,16.3423,-77.0347
9.5195,16.3722,-77.403
9.62846,16.3926,-77.7591
9.74708,16.4064,-78.1048
9.87652,16.4168,-78.4451
10.0165,16.4251,-78.7829
10.1671,16.429,-79.1091
10.3253,16.4283,-79.4197
10.4948,16.4313,-79.7084
10.6769,16.4429,-79.982
10.8733,16.4646,-80.2392
11.0842,16.4942,-80.4783
11.3101,16.5307,-80.6996
11.5505,16.5763,-80.9046
11.8078,16.6431,-81.0944
12.088,16.7473,-81.2667
12.3885,16.8785,-81.4159
12.6793,16.9746,-81.5444
12.9827,17.0834,-81.6428
13.2952,17.2004,-81.7144
13.6162,17.3274,-81.7604
13.9464,17.4604,-81.782
14.2845,17.5974,-81.7795
14.6264,17.7385,-81.7507
14.9681,17.8838,-81.6927
15.3082,18.0339,-81.6033
15.6473,18.1906,-81.4817
15.9831,18.3512,-81.3318
16.3128,18.5061,-81.1528
16.6352,18.6539,-80.95
16.9473,18.7924,-80.722
17.2498,18.9215,-80.468
17.543,19.0429,-80.1882
17.8252,19.1574,-79.8835
18.0949,19.2649,-79.5561
18.3526,19.3662,-79.2083
18.5994,19.4625,-78.8413
18.8353,19.5542,-78.4545
19.06,19.644,-78.045
19.2771,19.7338,-77.6166
19.4895,19.8228,-77.1683
19.6996,19.9121,-76.6991
19.9156,20.0152,-76.2059
20.1429,20.1417,-75.6859
20.3774,20.2849,-75.1401
20.6103,20.4308,-74.5727
20.8412,20.5796,-73.9851
21.0715,20.7309,-73.3772
21.3024,20.8872,-72.7431
21.5364,21.045,-72.0923
21.7724,21.2036,-71.4253
22.0076,21.3637,-70.7404
22.2311,21.5145,-70.038
22.4362,21.6497,-69.3192
22.6268,21.7741,-68.5849
22.8093,21.8934,-67.8363
22.9811,22.0037,-67.0748
23.1401,22.1035,-66.2992
23.2849,22.1893,-65.5087
23.4159,22.259,-64.7124
23.55,22.3231,-63.9131
23.687,22.3777,-63.1127
23.8137,22.4108,-62.3125
23.9213,22.4146,-61.5109
24.0099,22.3874,-60.7055
24.0821,22.3284,-59.896
24.1383,22.2373,-59.0848
24.1768,22.1122,-58.2747
24.1964,21.9487,-57.4633
24.2006,21.7512,-56.6475
24.1938,21.5225,-55.8289
24.1805,21.2672,-55.0062
24.1632,20.9917,-54.1779
24.1437,20.7025,-53.3426
24.1249,20.4052,-52.4981
24.1112,20.1064,-51.6422
24.1057,19.8145,-50.7742
24.1086,19.5351,-49.8949
24.1236,19.2764,-49.0067
24.1237,19.0279,-48.1138
24.1158,18.7993,-47.2129
24.1099,18.6011,-46.2989
24.1099,18.4387,-45.3734
24.116,18.3134,-44.4392
24.1262,18.2254,-43.5001
24.1377,18.1743,-42.5607
24.15,18.1592,-41.6202
24.1591,18.1776,-40.678
24.1699,18.2245,-39.7422
24.1798,18.2974,-38.8115
24.1845,18.3843,-37.8818
24.1806,18.4732,-36.9523
24.1695,18.5575,-36.0232
24.1626,18.6328,-35.0943
24.1651,18.6932,-34.1672
24.1659,18.7339,-33.2428
24.157,18.7528,-32.3158
24.141,18.7472,-31.3913
24.1164,18.713,-30.4742
24.084,18.6526,-29.5659
24.0429,18.5682,-28.6677
23.9943,18.4601,-27.7808
23.9382,18.3305,-26.9135
23.873,18.1831,-26.0694
23.7975,18.0221,-25.246
23.7116,17.8512,-24.4407
23.612,17.6733,-23.6518
23.4673,17.4972,-22.8865
23.3435,17.3091,-22.1312
23.2256,17.1103,-21.3877
23.1075,16.9,-20.66
22.9889,16.6769,-19.9475
22.8719,16.44,-19.25
22.7592,16.1883,-18.5665
22.6536,15.9222,-17.8944
22.5571,15.6448,-17.2302
22.4699,15.36,-16.5733
22.3931,15.0701,-15.9193
22.3278,14.7803,-15.2657
22.2722,14.4965,-14.6123
22.2275,14.2218,-13.9697
22.1896,13.9599,-13.333
22.1554,13.7158,-12.6999
22.1027,13.5115,-12.0738
22.0218,13.3556,-11.4568
21.9315,13.2291,-10.8464
21.833,13.1305,-10.2421
21.7211,13.0631,-9.64632
21.5945,13.0223,-9.06955
21.4543,13.005,-8.50605
21.3047,13.0069,-7.95687
21.1483,13.021,-7.42343
21.0166,13.0184,-6.89767
20.9098,12.9902,-6.37628
20.808,12.943,-5.85818
20.7094,12.8754,-5.33978
20.6168,12.7845,-4.82477
20.5324,12.6684,-4.31413
20.4589,12.5279,-3.80765
20.3957,12.3672,-3.30354
20.3454,12.1894,-2.80044
20.3061,11.9977,-2.30148
20.2798,11.7947,-1.80336
20.266,11.586,-1.30496
20.2612,11.379,-0.806846
20.2528,11.1937,-0.311462
20.2152,11.0708,0.170442
20.1749,10.9657,0.648552
20.1249,10.8744,1.12166
20.0861,10.7729,1.59918
20.0367,10.6911,2.07165
19.956,10.6549,2.53067
19.8552,10.6484,2.97455
19.7437,10.6573,3.40332
19.6366,10.6562,3.82182
19.5541,10.6145,4.23732
19.4778,10.5619,4.64578
19.4091,10.4919,5.04884
19.3552,10.403,5.45311
19.3094,10.2955,5.85671
19.2748,10.1718,6.25894
19.2527,10.0335,6.65659
19.2439,9.88139,7.04889
19.2482,9.7157,7.43002
19.2648,9.53951,7.79642
19.2914,9.35934,8.15331
19.3235,9.18017,8.50476
19.3567,9.0117,8.85476
19.3759,8.93596,9.18283
19.3925,8.86581,9.50371
19.4041,8.8052,9.81025
19.4107,8.76077,10.107
19.4095,8.73738,10.395
19.3984,8.73436,10.6714
19.3785,8.74656,10.9345
19.3522,8.76632,11.1848
19.3191,8.77652,11.4234
19.2775,8.72258,11.6553
19.2374,8.6428,11.8735
19.202,8.53656,12.079
19.1756,8.39887,12.2757
19.1585,8.22902,12.4696
19.1514,8.02862,12.6574
19.1541,7.79906,12.8369
19.1659,7.5402,13.0055
19.1857,7.25309,13.1594
19.2102,6.94429,13.3047
19.2365,6.61945,13.4458
19.2663,6.29665,13.5851
19.304,6.02577,13.7118
19.341,5.76185,13.8325
19.3759,5.50336,13.9483
19.4068,5.25701,14.0604
19.4317,5.02758,14.1694
19.4473,4.81868,14.2745
19.4506,4.63373,14.3745
19.4436,4.4734,14.4703
19.4252,4.33533,14.5635
19.3914,4.2324,14.6444
19.3523,4.15703,14.7253
19.3021,4.11395,14.8016
19.2436,4.10319,14.8725
19.1791,4.12291,14.9369
19.1084,4.17057,14.9948
19.0314,4.24457,15.0465
18.9504,4.34317,15.0906
18.8687,4.46099,15.1238
18.7848,4.59524,15.1475
18.6963,4.73978,15.1637
18.6056,4.8871,15.173
18.5119,5.02948,15.1697
18.4184,5.16408,15.1504
18.3281,5.28783,15.109
18.2388,5.39028,15.0469
18.1445,5.45804,14.9702
18.0476,5.50382,14.8786
17.9656,5.58193,14.7642
17.8861,5.64865,14.6343
17.8079,5.70288,14.483
17.7282,5.7475,14.3144
17.6486,5.78655,14.1289
17.5697,5.82524,13.9254
17.49,5.86711,13.7031
17.408,5.91507,13.4629
17.323,5.97196,13.2056
17.2359,6.03976,12.9312
17.1472,6.11902,12.6397
17.0567,6.20903,12.3287
16.9652,6.31019,11.998
16.8738,6.41838,11.6529
16.783,6.53218,11.2962
16.6954,6.65147,10.9263
16.6105,6.77681,10.5424
16.5281,6.90693,10.146
16.4497,7.03861,9.73955
16.3756,7.169,9.32376
16.3036,7.29745,8.89546
16.2351,7.4225,8.45414
16.172,7.54212,7.99836
16.1113,7.65667,7.52889
16.0538,7.76321,7.04376
16.0005,7.85984,6.5418
15.9507,7.94719,6.0248
15.9044,8.0257,5.49725
15.8618,8.09405,4.96389
15.8214,8.1503,4.425
15.7831,8.19427,3.87426
15.7469,8.22606,3.31181
15.7117,8.24159,2.7383
15.6791,8.24288,2.15123
15.648,8.2284,1.54785
15.6174,8.19817,0.924611
15.5867,8.15425,0.280771
15.555,8.09818,-0.381886
15.5223,8.03157,-1.05948
15.4912,7.95602,-1.74738
15.4625,7.8702,-2.44356
15.4348,7.77473,-3.15173
15.4093,7.67255,-3.87896
15.3578,7.55272,-4.62569
15.3011,7.42393,-5.38607
15.2681,7.29796,-6.15969
15.2274,7.16426,-6.9464
15.1532,7.01475,-7.74372
15.0564,6.85429,-8.54696
14.9581,6.69073,-9.35146
14.8638,6.52566,-10.1554
14.806,6.36412,-10.9605
14.7861,6.20824,-11.7681
14.7656,6.05195,-12.5809
14.7436,5.89575,-13.397
14.7209,5.74133,-14.2156
14.6988,5.58941,-15.0388
14.6771,5.44153,-15.8677
14.6531,5.29942,-16.7009
14.6137,5.16455,-17.5396
14.533,5.03985,-18.3911
14.4609,4.92604,-19.2534
14.4326,4.82403,-20.1184
14.4034,4.73404,-20.9832
14.3746,4.65745,-21.846
14.3469,4.59414,-22.7076
14.3196,4.54457,-23.5705
14.2925,4.5091,-24.4355
14.2671,4.4867,-25.3027
14.2452,4.47494,-26.1722
14.2203,4.47289,-27.0431
14.1465,4.48957,-27.9149
14.0362,4.52245,-28.7856
13.9282,4.5612,-29.6533
13.8216,4.60399,-30.5214
13.7167,4.65165,-31.3908
13.6139,4.70431,-32.26
13.512,4.76195,-33.1292
13.43,4.81482,-33.9955
13.3828,4.85682,-34.8549
13.3174,4.9165,-35.7108
13.2755,4.97356,-36.5554
13.269,5.02665,-37.3876
13.2644,5.09708,-38.2139
13.2646,5.18688,-39.0269
13.2721,5.29962,-39.8279
13.2882,5.437,-40.619
13.3135,5.60087,-41.4026
13.3479,5.79092,-42.1841
13.3917,6.00367,-42.969
13.4474,6.23723,-43.7551
13.5134,6.48989,-44.5406
13.5859,6.75433,-45.323
13.6085,7.05095,-46.1122
13.6026,7.34859,-46.9043
13.5872,7.62265,-47.6967
13.5668,7.86043,-48.4901
13.5397,8.05701,-49.285
13.5043,8.21167,-50.0802
13.4601,8.3269,-50.8738
13.4071,8.40848,-51.6648
13.3453,8.46422,-52.4527
13.2731,8.49975,-53.2337
13.1939,8.52662,-54.0092
13.1066,8.54798,-54.7778
13.0098,8.56899,-55.5382
12.9351,8.56071,-56.2838
12.8826,8.52344,-57.0143
12.8297,8.48411,-57.7327
12.7705,8.45589,-58.4401
12.7043,8.43721,-59.1388
12.6306,8.42915,-59.823
12.5492,8.43418,-60.4904
12.4607,8.45349,-61.1356
12.3696,8.48471,-61.7612
12.2765,8.52404,-62.3714
12.1822,8.57209,-62.9659
12.0884,8.6286,-63.5441
11.997,8.69308,-64.1061
11.9088,8.76674,-64.6512
11.825,8.84893,-65.1772
11.7442,8.93814,-65.6853
11.6676,9.0294,-66.176
11.591,9.12505,-66.6512
11.5207,9.22544,-67.1167
11.4561,9.32992,-67.5672
11.396,9.43646,-68.0042
11.3406,9.54327,-68.4293
11.2879,9.65005,-68.8422
11.2347,9.7574,-69.2429
11.1839,9.86564,-69.6312
11.1391,9.97809,-70.0043
11.0997,10.0905,-70.3616
11.0642,10.2057,-70.7058
11.0246,10.3218,-71.0313
10.9872,10.4401,-71.3391
10.9546,10.5639,-71.6309
10.9265,10.6911,-71.9067
10.9023,10.8191,-72.1667
10.8809,10.9489,-72.4124
10.8596,11.0762,-72.6446
10.8335,11.1989,-72.8648
10.8039,11.31,-73.0629
10.7621,11.412,-73.2473
10.7122,11.4999,-73.4162
10.6514,11.5706,-73.5784
10.575,11.6207,-73.7314
10.4807,11.6441,-73.8714
10.3701,11.6387,-73.9974
10.2466,11.6099,-74.1082
10.1142,11.563,-74.2026
9.97897,11.5033,-74.2861
9.85538,11.4331,-74.3679
9.74062,11.3706,-74.4395
9.64023,11.315,-74.5026
9.5556,11.2731,-74.5436
9.48436,11.2542,-74.568
9.44577,11.2822,-74.5813
9.44847,11.3616,-74.5845
9.47191,11.4665,-74.5783
9.51538,11.5945,-74.5594
9.58102,11.7484,-74.531
9.66429,11.9264,-74.4921
9.76065,12.1277,-74.4443
9.86936,12.3474,-74.3862
9.98933,12.5833,-74.3151
10.1214,12.8316,-74.227
10.266,13.0883,-74.1211
10.4217,13.3509,-73.9995
10.5858,13.6171,-73.8641
10.7573,13.8819,-73.7151
10.9369,14.1404,-73.5514
11.1223,14.39,-73.3712
11.3065,14.6309,-73.1696
11.4942,14.8595,-72.9503
11.6859,15.0734,-72.719
11.8796,15.2702,-72.4753
12.0749,15.4489,-72.2201
12.2707,15.611,-71.9534
12.464,15.7561,-71.6734
12.6504,15.8733,-71.3834
12.7934,15.9334,-71.0815
12.9311,15.9771,-70.7667
13.0704,16.002,-70.4415
13.2121,16.0169,-70.1041
13.3569,16.0178,-69.7545
13.5047,16.0086,-69.389
13.6548,15.9933,-69.0046
13.8064,15.9714,-68.6
13.9589,15.9417,-68.1748
14.1122,15.9072,-67.7326
14.2684,15.8699,-67.2799
14.4266,15.823,-66.8044
14.5833,15.7709,-66.3119
14.7393,15.712,-65.7976
14.8972,15.6475,-65.2608
15.0561,15.578,-64.7013
15.2188,15.5041,-64.1186
15.3893,15.4249,-63.5145
15.5678,15.3377,-62.8906
15.7535,15.2434,-62.2435
15.9471,15.1443,-61.5758
16.1452,15.0408,-60.8871
16.3529,14.9319,-60.1803
16.5681,14.8189,-59.4558
16.7883,14.7007,-58.7142
17.0131,14.5795,-57.958
17.2472,14.4565,-57.1888
17.494,14.3291,-56.4066
17.7496,14.196,-55.6102
18.0097,14.0616,-54.7988
18.2751,13.9237,-53.9728
18.5526,13.7933,-53.1327
18.8479,13.6843,-52.2853
19.1431,13.5632,-51.4282
19.4346,13.4231,-50.5636
19.7213,13.262,-49.6973
20.0024,13.0816,-48.8294
20.2765,12.8866,-47.9559
20.5415,12.6818,-47.0746
20.7956,12.4721,-46.1837
21.0416,12.261,-45.2908
21.2827,12.0554,-44.4006
21.5186,11.8581,-43.5164
21.7489,11.6743,-42.6354
21.9717,11.5079,-41.756
22.184,11.3556,-40.8773
22.3806,11.2124,-39.9991
22.5616,11.0818,-39.1218
22.7347,10.9727,-38.2451
22.903,10.8843,-37.3679
23.0791,10.8243,-36.491
23.2734,10.8005,-35.614
23.4658,10.7905,-34.7373
23.657,10.7922,-33.8612
23.8477,10.8044,-32.9846
24.0372,10.8257,-32.1083
24.2239,10.8533,-31.2333
24.4078,10.8836,-30.3588
24.5889,10.9146,-29.4825
24.7653,10.9467,-28.6011
24.9374,10.9788,-27.7133
25.1031,11.0069,-26.823
25.2584,11.0323,-25.9368
25.4009,11.0548,-25.0584
25.529,11.0763,-24.1881
25.6344,11.0978,-23.3287
25.7175,11.1192,-22.4811
25.792,11.1391,-21.6441
25.8633,11.1555,-20.8173
25.9074,11.165,-20.0027
25.9384,11.1643,-19.1981
25.9878,11.1443,-18.4017
26.0326,11.103,-17.6145
26.0738,11.0347,-16.8357
26.1149,10.9368,-16.0649
26.1575,10.809,-15.3027
26.2016,10.6516,-14.55
26.2479,10.4659,-13.8066
26.2986,10.2561,-13.0711
26.3546,10.0283,-12.343
26.4153,9.78731,-11.6198
26.4811,9.53842,-10.8984
26.5486,9.29171,-10.1797
26.6156,9.05574,-9.46406
26.6816,8.83814,-8.75706
26.7438,8.64544,-8.06241
26.7984,8.48313,-7.37892
26.8437,8.35495,-6.70478
26.8786,8.26196,-6.04153
26.9009,8.20275,-5.39074
26.9117,8.17453,-4.7504
26.9109,8.17367,-4.12038
26.9004,8.19067,-3.50137
26.8837,8.21992,-2.89161
26.864,8.25525,-2.28906
26.8429,8.28992,-1.69275
26.8217,8.3171,-1.10245
26.8029,8.3307,-0.516052
26.7892,8.32601,0.0697548
26.7814,8.29948,0.653801
26.7803,8.24633,1.23202
26.7907,8.1633,1.80325
26.8115,8.05571,2.36565
26.8377,7.92607,2.91799
26.8635,7.77996,3.46011
26.8724,7.63919,3.98558
26.8596,7.51287,4.49159
26.8331,7.39354,4.98242
26.7992,7.27506,5.46446
26.7561,7.16202,5.9403
26.7036,7.05594,6.407
26.6447,6.9543,6.86008
26.6034,6.81944,7.30335
26.5747,6.65927,7.73507
26.5509,6.48729,8.15669
26.5323,6.30614,8.56787
26.521,6.11511,8.96999
26.5185,5.91349,9.36699
26.5261,5.69902,9.76211
26.5444,5.46959,10.1557
26.5731,5.22761,10.5531
26.6138,4.97121,10.9506
26.6649,4.70462,11.3479
26.7223,4.43184,11.747
26.7757,4.18778,12.1387
26.8248,3.97081,12.5222
26.8719,3.76711,12.8973
26.9167,3.57381,13.2636
26.9564,3.39714,13.6232
26.9873,3.24118,13.9785
27.0106,3.11073,14.3302
27.0157,2.95937,14.6905
27.0063,2.81222,15.0488
26.9852,2.68103,15.3961
26.9542,2.56589,15.732
26.9144,2.46473,16.0565
26.8669,2.3759,16.3705
26.8138,2.29751,16.6719
26.7573,2.22682,16.9565
26.696,2.16121,17.2267
26.6329,2.10023,17.4854
26.5692,2.04422,17.7325
26.5058,1.99009,17.9716
26.443,1.93567,18.2014
26.3791,1.88105,18.4229
26.3135,1.82533,18.6366
26.2443,1.76925,18.842
26.1683,1.71492,19.0383
26.0844,1.66337,19.2258
25.9939,1.61453,19.4048
25.8953,1.57088,19.5723
25.7979,1.59654,19.7165
25.6934,1.64098,19.8515
25.5858,1.69335,19.9765
25.4748,1.75144,20.0919
25.3547,1.77879,20.2076
25.2264,1.77651,20.3236
25.0982,1.79284,20.4284
24.9729,1.84356,20.5163
24.8412,1.85394,20.5981
24.7093,1.85883,20.673
24.5841,1.93111,20.7213
24.4613,2.01622,20.764
24.3416,2.1076,20.7977
24.2227,2.20486,20.8233
24.1067,2.30956,20.8396
23.9927,2.42287,20.845
23.8771,2.54551,20.8397
23.7571,2.67753,20.8236
23.6331,2.8173,20.7936
23.5059,2.96582,20.7481
23.3733,3.12074,20.6903
23.237,3.28633,20.6185
23.0941,3.45618,20.5259
22.9453,3.63106,20.4171
22.793,3.81046,20.294
22.6384,3.99286,20.1618
22.4808,4.17638,20.0242
22.3204,4.35885,19.8774
22.1597,4.53837,19.7205
21.9978,4.7128,19.5547
21.8385,4.88172,19.3779
21.6768,5.04194,19.1919
21.5176,5.19413,18.9928
21.3597,5.33793,18.7804
21.204,5.47497,18.5558
21.0528,5.60808,18.3271
20.9056,5.73838,18.0972
20.7594,5.86577,17.8583
20.6155,5.99293,17.6105
20.4738,6.11889,17.352
20.3368,6.24711,17.0715
20.2031,6.37638,16.7793
20.0718,6.51062,16.4758
19.9466,6.65129,16.1648
19.8249,6.79517,15.8447
19.7057,6.93971,15.5145
19.5878,7.08453,15.1758
19.4689,7.22915,14.8292
19.351,7.3718,14.4703
19.2333,7.51377,14.0959
19.1156,7.65626,13.7046
18.9975,7.79241,13.2948
18.8826,7.92237,12.8707
18.7692,8.04497,12.4347
18.6582,8.15925,11.9865
18.5516,8.263,11.5263
18.449,8.35329,11.0544
18.3495,8.4287,10.57
18.2559,8.4894,10.0762
18.1642,8.5315,9.57281
18.0802,8.5575,9.0569
18.0033,8.56636,8.52784
17.9303,8.55986,7.98783
17.8607,8.54093,7.43782
17.796,8.50852,6.87853
17.7365,8.46415,6.31064
17.6802,8.4108,5.73437
17.6259,8.34855,5.15072
17.5752,8.27638,4.56285
17.5294,8.19755,3.96628
17.4799,8.11375,3.36121
17.4346,8.02694,2.75307
17.3933,7.93864,2.13783
17.3519,7.84894,1.51384
17.3108,7.7582,0.880026
17.2706,7.66835,0.233105
17.2315,7.58062,-0.426645
17.1941,7.49447,-1.09328
17.1574,7.41116,-1.76386
17.1175,7.33301,-2.433
17.0786,7.25183,-3.10322
17.042,7.17087,-3.78067
17.0066,7.08776,-4.4726
16.9733,7.00117,-5.17111
16.9414,6.91176,-5.87253
16.9105,6.82018,-6.57705
16.8809,6.72717,-7.28553
16.8521,6.63332,-7.99754
16.823,6.53731,-8.71018
16.7943,6.44146,-9.42159
16.7627,6.34767,-10.1353
16.7292,6.25218,-10.8502
16.6927,6.15635,-11.5655
16.6535,6.06336,-12.2832
16.6126,5.97147,-13.0027
16.5709,5.87947,-13.7229
16.5285,5.7881,-14.4436
16.484,5.69771,-15.1657
16.4371,5.6082,-15.8892
16.3904,5.52189,-16.6143
16.3408,5.43705,-17.346
16.2923,5.35563,-18.0793
16.2438,5.27734,-18.8105
16.1946,5.20339,-19.5367
16.1447,5.13256,-20.2589
16.096,5.06289,-20.9781
16.0484,4.99411,-21.6951
15.9997,4.92841,-22.4107
15.9518,4.86859,-23.123
15.9041,4.81342,-23.8307
15.856,4.76815,-24.535
15.8091,4.72714,-25.2378
15.7662,4.69178,-25.9351
15.7252,4.66284,-26.6249
15.6843,4.63959,-27.3062
15.6426,4.62214,-27.9811
15.5999,4.61073,-28.6516
15.5561,4.6041,-29.3183
15.5121,4.60091,-29.9823
15.4691,4.6026,-30.6428
15.4275,4.60858,-31.2974
15.3882,4.61754,-31.9479
15.3514,4.6305,-32.5939
15.3149,4.6466,-33.2311
15.277,4.66453,-33.8572
15.2372,4.68365,-34.4731
15.1935,4.70277,-35.081
15.1433,4.7201,-35.682
15.0885,4.7356,-36.2787
15.0313,4.7488,-36.873
14.9714,4.75808,-37.459
14.9095,4.76574,-38.0361
14.8459,4.77491,-38.6007
14.7832,4.78685,-39.155
14.7229,4.80184,-39.7007
14.665,4.82184,-40.2382
14.6105,4.84907,-40.7672
14.5612,4.88393,-41.2881
14.5166,4.92641,-41.8018
14.4762,4.97728,-42.3083
14.441,5.03364,-42.8086
14.4111,5.09738,-43.3005
14.3871,5.16928,-43.7821
14.3691,5.24558,-44.2551
14.3565,5.32546,-44.7218
14.3486,5.40826,-45.185
14.345,5.493,-45.6471
14.3448,5.57985,-46.1075
14.3463,5.66926,-46.5633
14.35,5.76062,-47.0099
14.3536,5.85536,-47.4441
14.356,5.95129,-47.8723
14.3559,6.04697,-48.2941
14.3512,6.14246,-48.7083
14.3425,6.23574,-49.1166
14.3306,6.3241,-49.5225
14.3162,6.40606,-49.9279
14.2997,6.48189,-50.3315
14.2824,6.55235,-50.7316
14.266,6.61572,-51.1263
14.2524,6.67217,-51.5155
14.2412,6.726,-51.8987
14.2337,6.78252,-52.2745
14.2334,6.84625,-52.6448
14.2432,6.92114,-53.0104
14.2649,7.01037,-53.3705
14.2998,7.11661,-53.7207
14.3494,7.24235,-54.0544
14.4128,7.39295,-54.3716
14.4817,7.59245,-54.6797
14.5604,7.8384,-54.9836
14.6504,8.10708,-55.2818
14.7528,8.3741,-55.5707
14.8651,8.63807,-55.8545
14.985,8.90705,-56.1356
15.1108,9.18374,-56.4142
15.2418,9.46311,-56.6885
15.3767,9.7391,-56.9576
15.5125,10.0095,-57.2238
15.6457,10.271,-57.4874
15.7755,10.5215,-57.7473
15.8994,10.7615,-58.0032
16.017,10.9869,-58.2554
16.1274,11.1964,-58.5051
16.2292,11.3922,-58.7506
16.3235,11.5739,-58.9902
16.4109,11.7394,-59.2245
16.4901,11.8895,-59.4547
16.5615,12.0273,-59.6787
16.6272,12.1576,-59.8963
16.6865,12.28,-60.1052
16.7419,12.3965,-60.3059
16.7931,12.5099,-60.4985
16.8412,12.62,-60.6818
16.885,12.7289,-60.8558
16.9236,12.8386,-61.0202
16.9574,12.9503,-61.1752
16.9873,13.0656,-61.3213
17.0165,13.1863,-61.4594
17.0457,13.3141,-61.5935
17.0718,13.4474,-61.7226
17.0951,13.5845,-61.8426
17.1128,13.7239,-61.9558
17.1271,13.8626,-62.0599
17.1369,13.9987,-62.1553
17.1424,14.1323,-62.2404
17.1458,14.2623,-62.3127
17.1487,14.3851,-62.3717
17.1529,14.4998,-62.4158
17.1577,14.606,-62.4432
17.1618,14.7042,-62.4555
17.1682,14.7928,-62.4503
17.1728,14.8728,-62.4274
17.1761,14.945,-62.3882
17.178,15.0093,-62.3329
17.1788,15.0678,-62.26
17.1779,15.1232,-62.1681
17.173,15.1751,-62.057
17.1649,15.2227,-61.928
17.1554,15.2734,-61.7851
17.1462,15.3251,-61.6297
17.1401,15.3854,-61.458
17.1346,15.4519,-61.2708
17.1333,15.5255,-61.0662
17.1374,15.6082,-60.8416
17.1482,15.697,-60.5972
17.1656,15.7888,-60.3333
17.1862,15.8852,-60.0493
17.2078,15.9848,-59.7471
17.2374,16.0838,-59.4283
17.2742,16.1819,-59.0829
17.3116,16.2795,-58.7216
17.3535,16.3729,-58.3441
17.4023,16.459,-57.95
17.4563,16.5347,-57.5417
17.5127,16.6,-57.1206
17.5696,16.6568,-56.6872
17.6265,16.7072,-56.2409
17.6834,16.7537,-55.776
17.7388,16.7956,-55.2943
17.7963,16.8323,-54.7946
17.8555,16.8681,-54.2759
17.9151,16.9081,-53.7411
17.9757,16.9549,-53.1909
18.0395,17.0097,-52.6306
18.106,17.0713,-52.0607
18.1734,17.1374,-51.4775
18.2417,17.2086,-50.8778
18.3111,17.2864,-50.2591
18.3761,17.3644,-49.6259
18.4465,17.442,-48.9788
18.5191,17.5174,-48.3189
18.5926,17.5851,-47.6479
18.6655,17.6454,-46.9674
18.7405,17.6945,-46.2789
18.817,17.7314,-45.5851
18.8932,17.7553,-44.8865
18.9738,17.7636,-44.1817
19.0641,17.7574,-43.474
19.1297,17.7311,-42.7687
19.1903,17.6879,-42.0653
19.2464,17.6281,-41.3627
19.2955,17.5592,-40.6638
19.3374,17.4818,-39.9676
19.3729,17.3969,-39.2744
19.402,17.3085,-38.5851
19.4239,17.2187,-37.899
19.4388,17.1243,-37.2159
19.4464,17.0212,-36.5367
19.4435,16.9118,-35.8626
19.4365,16.791,-35.2109
19.4231,16.6622,-34.5661
19.4105,16.527,-33.9222
19.4118,16.3768,-33.2693
19.4199,16.213,-32.6109
19.4288,16.0394,-31.9522
19.4395,15.8578,-31.2977
19.4529,15.6694,-30.6501
19.4691,15.4759,-30.0028
19.4877,15.2801,-29.354
19.5073,15.0866,-28.7035
19.5271,14.9002,-28.0537
19.5439,14.7282,-27.4096
19.5413,14.5812,-26.7819
19.5309,14.4553,-26.1652
19.5205,14.3455,-25.5538
19.5065,14.2509,-24.9474
19.4861,14.1712,-24.3463
19.4575,14.1072,-23.7506
19.4241,14.0534,-23.1599
19.3855,14.0079,-22.5802
19.3392,13.9699,-22.0074
19.2874,13.9357,-21.44
19.2336,13.9039,-20.8778
19.1768,13.8699,-20.3204
19.1166,13.8293,-19.7669
19.0553,13.7799,-19.2186
18.9972,13.7203,-18.6789
18.9548,13.6461,-18.1487
18.9536,13.5526,-17.6173
18.9561,13.4473,-17.088
18.9614,13.3336,-16.5549
18.9701,13.2128,-16.0202
18.9732,13.0913,-15.4853
18.9548,12.9803,-14.9547
18.9218,12.8774,-14.4298
18.8871,12.7775,-13.9095
18.8469,12.6857,-13.3931
18.8002,12.6053,-12.8786
18.7446,12.5393,-12.3664
18.6831,12.4903,-11.8625
18.6133,12.456,-11.3666
18.5376,12.4339,-10.8761
18.4577,12.4187,-10.3909
18.3761,12.4063,-9.91236
18.296,12.3911,-9.44294
18.2242,12.3666,-8.98057
18.1701,12.3287,-8.51798
18.1334,12.2758,-8.05193
18.0838,12.2155,-7.58383
18.0761,12.1223,-7.11204
18.0745,12.0131,-6.63987
18.0796,11.888,-6.16719
18.0826,11.7551,-5.6976
18.0714,11.6252,-5.23248
18.0549,11.4979,-4.7712
18.047,11.3691,-4.31394
18.0462,11.2422,-3.86115
18.0478,11.1228,-3.40932
18.0478,11.0151,-2.9573
18.0466,10.9234,-2.50846
18.0426,10.8466,-2.06404
18.0328,10.7838,-1.62264
18.0174,10.7395,-1.18446
17.996,10.7134,-0.75251
17.9694,10.7021,-0.328731
17.9398,10.702,0.087401
17.9108,10.7101,0.497525
17.8868,10.7213,0.903433
17.8774,10.721,1.3087
17.879,10.7068,1.7111
17.8847,10.6859,2.1062
17.9118,10.6356,2.50071
17.9514,10.5653,2.89261
17.9996,10.4794,3.28104
18.0556,10.3797,3.66692
18.115,10.2775,4.05043
18.1702,10.1905,4.43009
18.2182,10.1217,4.80471
18.2666,10.0534,5.17559
18.3124,9.9948,5.53864
18.352,9.94777,5.89146
18.385,9.91429,6.23619
18.4118,9.89715,6.57235
18.4308,9.89714,6.89863
18.4426,9.91179,7.21586
18.4535,9.93125,7.52712
18.4719,9.94261,7.83554
18.4974,9.94625,8.14203
18.5227,9.95548,8.4438
18.5501,9.96812,8.73997
18.5813,9.98058,9.03129
18.6176,9.98997,9.31703
18.6593,9.99442,9.59815
18.707,9.99205,9.87689
18.761,9.98081,10.1542
18.8149,9.9669,10.4277
18.8581,9.96285,10.6936
18.892,9.96691,10.9527
18.9261,9.96233,11.2091
18.9552,9.94483,11.4621
18.9799,9.92145,11.7045
18.998,9.89527,11.9357
19.0085,9.86762,12.1596
19.0125,9.83933,12.3773
19.0118,9.80804,12.5896
19.0075,9.76847,12.7974
19.0047,9.71104,13.0016
19.0168,9.62013,13.2053
19.0452,9.49654,13.4137
19.0831,9.34884,13.6255
19.1299,9.17888,13.8374
19.1858,8.98812,14.0475
19.2515,8.77635,14.2559
19.3266,8.54462,14.4627
19.4101,8.29526,14.6706
19.501,8.03281,14.8814
19.5976,7.76299,15.0935
19.6959,7.49189,15.3037
19.7936,7.24408,15.5031
19.8883,7.01733,15.695
19.9792,6.80052,15.8897
20.0671,6.59865,16.0881
20.1476,6.41527,16.2869
20.2179,6.2515,16.4837
20.2774,6.10824,16.6781
20.3268,5.98598,16.8695
20.3673,5.88329,17.0568
20.3979,5.79391,17.2418
20.4132,5.69325,17.4301
20.4185,5.59236,17.6145
20.4183,5.5016,17.7933
20.4131,5.42227,17.9685
20.4031,5.35216,18.1438
20.3886,5.29034,18.3188
20.3703,5.23595,18.4911
20.3495,5.18782,18.657
20.3273,5.14474,18.8138
20.3022,5.10541,18.9623
20.2731,5.07088,19.1044
20.2389,5.04273,19.241
20.1975,5.02035,19.372
20.1487,5.00377,19.4974
20.0909,4.99341,19.614
20.0328,5.01517,19.7155
19.9745,5.07108,19.8
19.9086,5.14233,19.8707
19.8313,5.22044,19.9296
19.7438,5.30665,19.974
19.647,5.39919,20.0041
19.5319,5.451,20.0275
19.4102,5.49548,20.0371
19.2883,5.5406,20.0318
19.166,5.58723,20.011
19.0483,5.66367,19.9697
18.9378,5.7689,19.9075
18.832,5.87975,19.8285
18.7276,5.98831,19.734
18.6248,6.09607,19.6222
18.5271,6.2004,19.4962
18.4334,6.30015,19.3536
18.3443,6.39314,19.1944
18.2588,6.47759,19.024
18.1747,6.55378,18.8414
18.0923,6.6214,18.6443
18.0133,6.6797,18.4281
17.9389,6.72762,18.1912
17.8685,6.76408,17.9384
17.7986,6.78941,17.6734
17.73,6.80826,17.4006
17.6656,6.81818,17.1159
17.6035,6.81894,16.819
17.5455,6.81094,16.5113
17.4897,6.79524,16.1934
17.4364,6.77339,15.8653
17.3849,6.7465,15.5266
17.3335,6.7138,15.1783
17.2835,6.67458,14.8215
17.2381,6.63282,14.4569
17.1958,6.59007,14.0811
17.1555,6.54011,13.6875
17.1169,6.48668,13.2834
17.0816,6.42956,12.8722
17.0487,6.36747,12.4525
17.0204,6.30169,12.0247
16.9952,6.23193,11.5905
16.9706,6.15802,11.1502
16.9488,6.0827,10.7036
16.9316,6.00785,10.2516
16.9136,5.92895,9.79303
16.9007,5.84761,9.32954
16.8886,5.76732,8.86106
16.8789,5.68601,8.38752
16.8703,5.60529,7.90577
16.8623,5.52357,7.41443
16.8552,5.44188,6.91509
16.8514,5.36258,6.40968
16.8531,5.2855,5.89932
16.855,5.21013,5.38646
16.8603,5.13533,4.86901
16.868,5.05982,4.34458
16.8778,4.98387,3.8151
16.8925,4.90852,3.2825
16.911,4.8344,2.74668
16.9313,4.76175,2.20553
16.954,4.69096,1.65901
16.98,4.62188,1.10836
17.0079,4.55538,0.555789
17.0391,4.49573,0.00685266
17.0686,4.43796,-0.544853
17.0948,4.37986,-1.10012
17.1278,4.32567,-1.66044
17.1595,4.27122,-2.22646
17.189,4.21781,-2.79694
17.215,4.16558,-3.37168
17.2398,4.11481,-3.95095
17.2664,4.06568,-4.53422
17.2937,4.01725,-5.12003
17.3176,3.96911,-5.70714
17.3395,3.92337,-6.29618
17.3632,3.8769,-6.88687
17.39,3.83368,-7.47691
17.4151,3.79224,-8.06434
17.4402,3.75426,-8.64812
17.4648,3.71817,-9.22976
17.4884,3.68347,-9.80852
17.5108,3.65111,-10.384
17.5319,3.62107,-10.9587
17.5531,3.59303,-11.5322
17.5742,3.56972,-12.1043
17.596,3.55648,-12.6813
17.6185,3.55035,-13.2574
17.6388,3.54957,-13.8303
17.6591,3.557,-14.3984
17.6795,3.57258,-14.9615
17.6995,3.59616,-15.5206
17.7197,3.62825,-16.0775
17.7397,3.66839,-16.6328
17.7585,3.71548,-17.1855
17.776,3.76957,-17.7344
17.7914,3.82867,-18.2755
17.8054,3.89053,-18.8108
17.8188,3.95476,-19.3386
17.8313,4.02164,-19.8592
17.8425,4.0882,-20.3728
17.8523,4.15372,-20.8807
17.8615,4.21899,-21.3851
17.8703,4.28306,-21.8889
17.8778,4.34457,-22.3964
17.8868,4.40322,-22.8998
17.8993,4.46305,-23.3974
17.9146,4.5254,-23.8863
17.9338,4.58908,-24.3684
17.9553,4.65453,-24.8458
17.978,4.72218,-25.3183
18.0019,4.79333,-25.7864
18.028,4.86906,-26.2504
18.0569,4.94864,-26.7097
18.0879,5.0307,-27.1649
18.1218,5.11783,-27.6154
18.1562,5.20693,-28.0617
18.1918,5.2992,-28.503
18.2297,5.39257,-28.9383
18.2657,5.48768,-29.3682
18.2998,5.58268,-29.793
18.3328,5.6769,-30.2151
18.3647,5.77052,-30.6344
18.3948,5.86257,-31.0466
18.4217,5.95239,-31.4466
18.4467,6.03995,-31.8322
18.4696,6.12789,-32.21
18.4937,6.21732,-32.5814
18.5191,6.30728,-32.9461
18.5454,6.39733,-33.3029
18.5732,6.48732,-33.6499
18.6016,6.57821,-33.9848
18.6294,6.67115,-34.3086
18.6579,6.76636,-34.6245
18.6888,6.86347,-34.935
18.7235,6.9625,-35.2421
18.7611,7.06348,-35.5426
18.8004,7.16382,-35.8365
18.8411,7.26456,-36.1207
18.8799,7.36193,-36.3946
18.9162,7.45601,-36.6603
18.9498,7.54778,-36.917
18.9801,7.63645,-37.162
19.0061,7.72071,-37.3944
19.0276,7.80115,-37.6175
19.0474,7.87804,-37.8348
19.0639,7.95344,-38.0479
19.0774,8.02771,-38.2512
19.0888,8.1001,-38.4417
19.0996,8.17117,-38.6174
19.1096,8.24203,-38.7785
19.1178,8.31352,-38.9258
19.1235,8.38507,-39.0598
19.1264,8.45574,-39.1799
19.1276,8.52732,-39.2846
19.13,8.60006,-39.3748
19.1332,8.67335,-39.4477
19.1368,8.74564,-39.5044
19.1415,8.81746,-39.5456
19.1478,8.88861,-39.5694
19.1572,8.95815,-39.5758
19.1699,9.02702,-39.5663
19.1848,9.09653,-39.5424
19.201,9.16573,-39.5038
19.2179,9.23238,-39.4501
19.2344,9.2978,-39.3824
19.2505,9.3612,-39.3028
19.267,9.41821,-39.2118
19.2835,9.47147,-39.1085
19.2995,9.52238,-38.9915
19.3152,9.57174,-38.8597
19.3312,9.62018,-38.7134
19.3468,9.6675,-38.5538
19.3613,9.71326,-38.3823
19.3766,9.75839,-38.1992
19.3927,9.80099,-38.0052
19.4029,9.84377,-37.7997
19.4106,9.88734,-37.5868
19.418,9.92889,-37.3658
19.4251,9.97007,-37.1363
19.4334,10.0128,-36.8959
19.4439,10.0576,-36.6438
19.4561,10.1029,-36.381
19.4697,10.1457,-36.1084
19.4854,10.1842,-35.8257
19.5022,10.2197,-35.5326
19.5194,10.2548,-35.2303
19.5372,10.2908,-34.9161
19.5572,10.3266,-34.5909
19.5779,10.3636,-34.2579
19.5997,10.4045,-33.918
19.625,10.4497,-33.5726
19.6551,10.4991,-33.2232
19.6893,10.5547,-32.8697
19.7252,10.6173,-32.5128
19.7632,10.6841,-32.1548
19.8018,10.7539,-31.7952
19.8409,10.8289,-31.4319
19.8784,10.9077,-31.0583
19.9155,10.9898,-30.6762
19.9504,11.0742,-30.2885
19.9823,11.1598,-29.8991
20.0125,11.2456,-29.51
20.0419,11.3294,-29.1206
20.0703,11.4095,-28.7295
20.095,11.4876,-28.3374
20.1179,11.563,-27.9446
20.1401,11.6327,-27.5498
20.1601,11.6971,-27.1539
20.1771,11.7565,-26.7524
20.1925,11.812,-26.3453
20.2058,11.8628,-25.9346
20.2158,11.9061,-25.5256
20.2228,11.9407,-25.1251
20.2272,11.9679,-24.732
20.2265,11.9903,-24.3419
20.2226,12.005,-23.9501
20.2148,12.0109,-23.5602
20.2052,12.0124,-23.1729
20.1953,12.0066,-22.7907
20.1829,11.9923,-22.4146
20.1686,11.97,-22.0424
20.1533,11.9407,-21.6705
20.1353,11.9045,-21.298
20.115,11.8592,-20.9279
20.0938,11.8052,-20.5608
20.072,11.7416,-20.1973
20.0489,11.6685,-19.8347
20.0252,11.5879,-19.4732
20.0006,11.5056,-19.1124
19.9761,11.4199,-18.7543
19.9539,11.3314,-18.398
19.934,11.2441,-18.0409
19.9143,11.1623,-17.6851
19.896,11.089,-17.3333
19.8791,11.0229,-16.9821
19.8639,10.9656,-16.6318
19.8478,10.9195,-16.2727
19.8328,10.8846,-15.9106
19.8158,10.8614,-15.5505
19.7978,10.8467,-15.2009
19.781,10.839,-14.8622
19.765,10.8382,-14.5297
19.7466,10.8427,-14.2014
19.724,10.8501,-13.8753
19.7012,10.8587,-13.5511
19.6753,10.8705,-13.2316
19.646,10.8806,-12.9143
19.6187,10.8908,-12.6021
19.5921,10.8979,-12.296
19.5653,10.9003,-11.9947
19.5376,10.8974,-11.6963
19.5089,10.8894,-11.4009
19.4801,10.8775,-11.111
19.4532,10.8611,-10.8283
19.4262,10.8371,-10.5543
19.4018,10.8073,-10.2872
19.3795,10.7725,-10.0246
19.358,10.7333,-9.76591
19.3361,10.6948,-9.51432
19.3141,10.6519,-9.26841
19.2926,10.6053,-9.02655
19.2703,10.558,-8.79112
19.246,10.5083,-8.5651
19.2212,10.4601,-8.34445
19.1934,10.4146,-8.12948
19.1657,10.3703,-7.92297
19.1364,10.3277,-7.72017
19.1081,10.2885,-7.52498
19.0797,10.2492,-7.33618
19.0502,10.2089,-7.15326
19.0213,10.1694,-6.97533
18.9935,10.1314,-6.79988
18.9651,10.0938,-6.62532
18.9402,10.058,-6.45463
18.9162,10.0235,-6.28771
18.8914,9.99186,-6.12403
18.8693,9.96381,-5.96257
18.8475,9.93928,-5.80507
18.8284,9.91857,-5.65207
18.8111,9.90103,-5.50267
18.7946,9.88796,-5.35808
18.7771,9.88134,-5.21931
18.7575,9.88093,-5.08583
18.7392,9.88515,-4.96008
18.7188,9.89798,-4.843
18.6947,9.91694,-4.73275
18.6647,9.94088,-4.62541
18.6325,9.96832,-4.52292
18.5996,9.99726,-4.42488
18.5676,10.0267,-4.33513
18.5367,10.0563,-4.25269
18.5057,10.0847,-4.17384
18.4742,10.111,-4.097
18.4414,10.1365,-4.01929
18.4064,10.1571,-3.94319
18.3713,10.1761,-3.87121
18.3369,10.1927,-3.8042
18.3014,10.2051,-3.7459
18.2663,10.2159,-3.69264
18.2316,10.2262,-3.64249
18.1969,10.2366,-3.5957
18.1616,10.2481,-3.55291
18.1251,10.2611,-3.51402
18.0878,10.275,-3.47862
18.0498,10.2904,-3.45086
18.0125,10.3076,-3.42562
17.9751,10.3264,-3.40373
17.9379,10.3467,-3.38099
17.9005,10.3697,-3.35949
17.8623,10.3941,-3.34129
17.8233,10.4197,-3.32739
17.7838,10.4472,-3.3182
17.744,10.4757,-3.31383
17.7044,10.5041,-3.31405
17.6668,10.5331,-3.31706
17.629,10.5637,-3.32428
17.5902,10.5943,-3.33485
17.5532,10.6244,-3.34705
17.516,10.6533,-3.36119
17.4784,10.6808,-3.37756
17.4418,10.7053,-3.39607
17.407,10.7268,-3.41428
17.3731,10.7476,-3.42997
17.3382,10.7665,-3.44796
17.3046,10.783,-3.46895
17.2747,10.7955,-3.49248
17.245,10.8046,-3.51887
17.218,10.809,-3.54898
17.1935,10.8075,-3.58358
17.1704,10.801,-3.62146
17.1476,10.7918,-3.66104
17.1259,10.7809,-3.70159
17.1075,10.7684,-3.74289
17.0921,10.755,-3.78471
17.0796,10.7374,-3.82866
17.0671,10.7205,-3.87488
17.0555,10.7028,-3.9278
17.0454,10.6858,-3.98375
17.036,10.6704,-4.04033
17.0261,10.6562,-4.09671
17.0166,10.6432,-4.15295
17.0088,10.6317,-4.20788
17.0017,10.6221,-4.25949
16.994,10.6153,-4.30855
16.986,10.6093,-4.35617
16.9797,10.6052,-4.40531
16.9739,10.6015,-4.45708
16.9682,10.5986,-4.50901
16.9623,10.5947,-4.56025
16.9573,10.5901,-4.61278
16.9528,10.5848,-4.6702
16.948,10.5788,-4.73261
16.9435,10.5729,-4.79455
16.9389,10.5664,-4.85037
16.9335,10.5605,-4.89661
16.9283,10.5549,-4.94022
16.9238,10.5483,-4.9844
16.9172,10.5394,-5.03004
16.9102,10.5292,-5.07549
16.9046,10.5187,-5.12169
16.9004,10.5084,-5.1697
16.896,10.498,-5.21912
16.8906,10.4877,-5.26858
16.8861,10.4778,-5.31657
16.8823,10.4688,-5.36122
16.8777,10.4594,-5.40431
16.8736,10.451,-5.44717
16.8698,10.4434,-5.49037
16.8657,10.4356,-5.53301
16.8615,10.4287,-5.57473
16.857,10.4237,-5.61764
16.852,10.4199,-5.66399
16.8473,10.4158,-5.71311
16.8429,10.4111,-5.76206
16.8383,10.4082,-5.80741
16.8342,10.4062,-5.84583
16.8293,10.4037,-5.88258
16.8237,10.402,-5.91965
16.8176,10.4004,-5.95827
