38.9231,-13.9461,-10.1186
40.1378,-18.3304,-10.9168
41.493,-23.3505,-12.161
42.4595,-27.9828,-13.192
43.5792,-32.1442,-14.1358
44.8125,-36.2462,-15.253
45.6929,-40.4627,-16.4935
46.4179,-44.1895,-17.6369
47.252,-47.0326,-18.8397
46.8257,-50.1605,-20.7486
48.0797,-51.0101,-22.5716
48.415,-52.8851,-23.3503
49.2345,-55.0504,-25.1012
49.7707,-56.5692,-26.5151
50.0191,-57.8113,-28.435
49.809,-58.625,-29.9315
49.2498,-59.2704,-31.1989
48.9535,-60.6439,-33.0487
49.2546,-63.0573,-35.1963
49.2618,-65.2232,-37.5972
48.9908,-67.1357,-40.797
48.6831,-68.6459,-43.9692
46.111,-70.4741,-47.5826
44.8762,-72.189,-51.5652
43.5833,-73.4209,-55.4894
42.2833,-74.0941,-59.2867
40.0259,-73.9266,-63.651
36.9379,-72.8223,-68.53
35.0059,-71.0445,-72.9471
32.7128,-68.1468,-77.3729
29.843,-62.5408,-80.9554
27.3557,-57.1146,-86.0249
23.5679,-51.0011,-90.6552
20.044,-43.9597,-96.0731
16.0744,-36.7841,-102.687
13.1491,-30.0309,-109.178
10.7315,-23.05,-115.337
7.55058,-16.1383,-122.193
4.28901,-10.7167,-130.292
1.25427,-5.42734,-139.181
-1.63747,0.0288697,-148.261
-4.69144,4.35878,-158.172
-7.20602,8.41208,-167.813
-9.53455,11.1557,-177.251
-11.972,12.9531,-186.116
-14.3587,13.6761,-195.075
-17.5693,13.637,-204.492
-21.6587,12.8947,-214.046
-24.9356,10.8063,-223.516
-27.3821,7.61029,-233.237
-30.6218,3.34268,-242.875
-32.8805,-2.39417,-251.856
-33.8838,-8.85081,-260.443
-34.9323,-15.2283,-267.999
-36.4001,-22.0464,-275.445
-37.4733,-29.0321,-282.121
-39.1102,-36.0642,-287.788
-41.686,-43.0741,-292.987
-44.0783,-49.8575,-297.906
-48.2349,-56.7881,-302.245
-52.537,-62.4292,-306.159
-57.3036,-67.2964,-309.45
-62.1836,-70.4628,-312.43
-66.6428,-72.9279,-313.951
-71.2445,-74.4203,-314.939
-75.4983,-75.3471,-314.905
-80.3335,-75.8628,-313.875
-85.976,-76.1775,-311.877
-90.9231,-76.7583,-308.355
-96.1676,-77.2064,-304.169
-100.816,-78.3095,-299.322
-107.515,-78.8208,-293.124
-114.194,-79.3856,-286.658
-121.091,-80.0005,-279.687
-128.629,-81.4841,-271.694
-136.661,-83.1749,-263.057
-144.676,-84.7483,-253.745
-152.215,-86.8712,-243.829
-159.207,-89.9245,-233.796
-166.075,-93.0586,-223.089
-173.3,-97.4051,-212.424
-180.802,-102.555,-201.907
-187.701,-108.618,-192.042
-194.7,-114.741,-181.994
-201.358,-121.177,-171.632
-207.434,-127.55,-160.973
-212.694,-134,-149.822
-217.625,-140.495,-138.079
-222.719,-146.426,-126.066
-226.482,-152.468,-114.177
-232.262,-159.56,-102.249
-237.311,-166.377,-91.638
-242.439,-173.186,-80.7829
-246.985,-179.936,-69.7948
-251.146,-186.611,-58.4091
-255.271,-193.255,-47.1463
-259.377,-199.417,-36.3851
-263.408,-204.937,-25.8418
-267.325,-210.159,-15.3154
-270.667,-214.553,-5.61374
-273.913,-218.245,3.6737
-276.622,-220.84,12.6506
-279.224,-221.813,21.335
-281.816,-222.105,29.5139
-283.632,-221.757,37.7864
-285.105,-220.72,46.2039
-286.442,-219.343,54.6868
-287.512,-217.495,63.2623
-288.296,-214.734,71.8664
-288.377,-212.082,80.2301
-288.018,-208.734,88.2238
-287.379,-204.587,95.5731
-286.185,-199.924,102.566
-284.709,-195.316,109.476
-282.809,-191.128,116.151
-280.546,-187.905,122.634
-277.966,-185.474,129.181
-274.572,-183.616,135.8
-269.631,-182.908,142.105
-263.452,-183.869,147.948
-257.24,-185.786,154.015
-251.197,-188.326,159.823
-244.947,-190.322,165.616
-238.044,-193.199,171.036
-230.808,-196.821,176.4
-222.991,-200.431,181.54
-214.846,-203.586,186.233
-206.758,-206.619,190.473
-198.59,-209.881,194.369
-190.272,-212.561,198.01
-180.869,-215.269,201.111
-170.513,-219.057,203.457
-159.875,-223.151,206.52
-148.185,-227.069,209.958
-135.882,-230.788,213.328
-122.851,-234.248,216.327
-109.202,-237.267,219.1
-95.4603,-239.434,221.895
-81.9564,-240.406,224.609
-68.5992,-240.424,227.032
-56.0088,-238.811,229.758
-42.4372,-235.946,231.107
-28.9494,-233.299,232.186
-16.1346,-230.214,233.676
-3.8635,-227.16,235.323
8.36506,-224.556,236.679
20.4443,-222.185,237.503
31.9816,-219.292,237.953
42.9622,-215.151,238.282
53.5355,-209.641,238.366
64.0952,-203.141,238.996
73.6855,-195.083,239.79
82.0844,-185.861,240.067
89.9787,-175.768,240.032
97.6928,-165.117,240.217
104.818,-153.895,240.602
111.073,-142.339,241.281
116.84,-131.12,242.384
122.776,-120.872,243.59
128.896,-111.553,244.4
134.401,-102.588,245.548
138.979,-93.9668,247.377
143.473,-86.7554,248.867
147.636,-80.4351,250.756
151.985,-74.5102,252.82
156.576,-69.1915,255.198
161.722,-64.307,257.961
167.413,-59.6923,261.096
173.277,-55.5724,264.65
180.082,-51.6334,268.394
186.948,-48.6059,272.123
194.108,-46.6298,275.446
202.12,-44.291,279.368
210.925,-43.0255,282.625
219.946,-41.9263,285.836
228.934,-40.7672,288.704
237.863,-39.62,290.837
246.41,-38.4824,292.459
254.133,-37.1268,293.76
261.383,-34.7773,293.949
268.247,-31.2438,293.084
273.51,-26.0542,291.618
276.441,-19.6666,287.886
281.407,-12.2823,283.589
285.65,-4.26754,279.316
288.418,3.50694,275.03
290.597,10.787,270.618
291.779,16.9286,266.586
291.014,21.6467,261.991
291.73,28.0103,252.211
300.324,33.9256,243.231
300.116,38.2549,233.481
301.918,43.4663,222.52
305.153,48.1685,211.175
307.316,53.4844,199.355
313.147,58.3279,185.262
319.642,60.855,170.804
322.57,60.4494,157.37
325.804,57.4731,142.594
330.176,51.5251,127.176
333.482,43.1068,111.26
335.344,30.5777,93.4496
337.812,16.6948,75.4754
339.585,1.07971,55.9784
340.013,-15.4425,35.4868
339.655,-32.0951,14.5442
339.229,-48.31,-6.58556
338.182,-63.3741,-27.8182
335.287,-76.4426,-48.9828
331.252,-87.1387,-69.4329
327.274,-95.3232,-88.142
323.353,-100.461,-106.315
318.707,-103.708,-123.706
313.494,-104.737,-141.287
308.321,-104.34,-158.549
302.224,-102.403,-175.611
294.887,-99.0308,-192.832
287.562,-94.2437,-209.579
281.492,-87.9057,-224.927
275.964,-81.3501,-240.032
270.385,-75.6193,-254.622
264.719,-70.3286,-267.795
259.597,-66.7741,-280.398
255.067,-65.2142,-292.919
251.191,-66.6339,-305.21
247.228,-71.1718,-317.166
243.536,-77.9064,-329.502
240.375,-86.2732,-342.292
237.156,-96.2407,-354.956
234.649,-106.407,-368.936
231.26,-116.381,-383.495
228.229,-127.411,-397.831
224.627,-137.739,-411.928
220.137,-147.697,-425.387
214.395,-157.158,-438.109
207.488,-166.189,-449.93
199.853,-174.184,-460.165
191.448,-180.698,-468.751
181.616,-186.271,-476.247
170.324,-191.3,-481.716
158.437,-195.304,-485.494
144.984,-198.67,-487.401
129.752,-201.634,-486.335
113.134,-204.226,-483.981
95.8393,-206.678,-480.97
77.9949,-208.545,-477.312
60.2323,-209.979,-472.984
43.2702,-211.693,-467.963
27.0434,-214.042,-462.108
11.1875,-216.788,-455.369
-4.40574,-219.649,-447.832
-20.2419,-222.215,-438.951
-36.4368,-223.517,-429.58
-52.0403,-223.704,-419.813
-66.4149,-223.093,-409.371
-80.3786,-221.727,-398.577
-94.5583,-219.543,-387.235
-109.3,-216.721,-375.129
-124.643,-213.597,-362.71
-139.341,-210.078,-350.146
-154.619,-205.84,-337.325
-168.727,-201.026,-323.93
-181.45,-196.327,-309.625
-194.515,-192.07,-295.317
-206.81,-187.856,-280.526
-218.306,-183.762,-265.232
-229.296,-179.892,-249.639
-239.758,-175.958,-234.207
-249.325,-171.687,-219.482
-257.245,-167.633,-205.24
-263.89,-164.332,-191.424
-269.553,-161.239,-178.435
-273.823,-159.731,-165.53
-276.855,-159.398,-153.31
-279.01,-159.751,-141.574
-280.471,-160.593,-130.304
-281.743,-161.526,-119.181
-283.108,-162.001,-108.03
-284.28,-161.973,-97.1497
-285.348,-161.989,-86.5034
-286.651,-160.621,-76.1769
-287.826,-159.065,-66.2048
-288.455,-157.032,-57.0001
-288.738,-155.13,-48.4916
-288.892,-153.039,-40.3493
-288.92,-151.024,-32.5416
-288.71,-149.395,-24.9733
-288.225,-148.328,-17.5791
-287.551,-147.792,-10.5557
-286.715,-147.263,-4.05324
-285.418,-147.316,2.36339
-283.547,-147.998,8.58099
-281.504,-148.799,14.6786
-279.354,-149.895,20.6866
-276.778,-151.43,26.5488
-274.183,-153.438,31.9477
-271.588,-155.983,36.8099
-268.545,-159.19,41.3802
-264.918,-163.025,45.9186
-261.133,-167.107,50.4434
-257.505,-171.367,54.5266
-253.254,-175.794,58.6
-248.968,-180.25,62.5772
-245.098,-184.315,66.2806
-241.288,-187.663,69.4739
-237.263,-190.278,72.4331
-233.2,-192.233,75.2958
-229.279,-193.617,78.0572
-225.261,-194.558,80.7823
-220.858,-195.15,83.3619
-216.563,-195.258,85.9436
-212.555,-194.995,88.3218
-208.273,-194.361,90.6236
-203.741,-193.371,92.8337
-199.097,-192.364,94.9433
-194.535,-191.314,96.9411
-189.94,-190.426,98.8389
-184.909,-189.89,100.695
-179.297,-189.582,102.699
-173.671,-189.679,105.164
-168.221,-190.37,107.723
-162.885,-191.246,110.324
-157.328,-192.66,113.219
-151.471,-194.511,116.183
-145.43,-196.488,119.381
-139.013,-198.289,122.861
-132.363,-199.995,126.448
-125.856,-201.723,129.959
-119.62,-203.335,133.452
-113.51,-204.839,137.205
-107.069,-206.372,141.186
-100.573,-207.38,144.799
-94.1026,-207.944,148.284
-87.3132,-208.089,151.992
-80.2129,-207.655,155.832
-72.9324,-206.427,159.658
-65.6222,-204.636,163.491
-58.4232,-202.318,167.399
-51.3713,-199.061,171.276
-44.306,-195.201,174.875
-37.3579,-191.598,178.58
-30.2221,-187.412,182.209
-22.7534,-182.975,185.548
-15.2309,-178.832,189.01
-7.67798,-175.334,192.516
-0.0321087,-172.208,195.657
7.3763,-169.328,198.689
14.3541,-166.892,202.023
21.2269,-164.801,205.482
28.1507,-162.302,208.886
35.3787,-159.998,212.428
42.8027,-157.643,216.08
50.3589,-154.888,219.742
58.2862,-151.955,224.205
66.1459,-149.147,228.767
74.0757,-146.181,233.049
82.5847,-142.935,237.257
91.9047,-139.496,241.534
101.717,-135.909,245.687
111.643,-132.402,249.75
122.221,-129.037,253.533
133.469,-125.529,257.154
144.788,-122.239,260.251
156.073,-118.83,262.38
167.114,-115.787,264.032
177.01,-112.748,265.587
185.654,-109.378,267.027
193.658,-105.917,268.37
201.366,-102.559,269.749
208.846,-98.6048,270.883
216.918,-93.8678,272.18
225.245,-87.9935,273.935
233.831,-81.0388,276.678
242.926,-73.5813,279.233
251.803,-65.8307,281.375
260.263,-57.8014,283.522
268.405,-49.5635,285.59
276.177,-41.5436,287.214
283.385,-34.3244,288.195
290.092,-27.8974,288.062
296.627,-21.855,287.124
302.337,-16.9392,285.493
308.907,-13.4528,283.402
316.222,-10.675,280.683
324.134,-7.91208,277.522
332.324,-5.14301,274.16
339.872,-2.2667,270.798
345.904,0.736642,267.3
350.354,3.55998,263.371
353.646,6.14799,259.246
355.978,8.025,254.481
358.164,8.03419,249.249
360.643,6.20504,243.332
363.632,1.55364,236.843
366.936,-5.78102,229.341
370.818,-15.2026,220.322
374.902,-26.2318,209.783
378.396,-38.4165,198.133
381.37,-51.1997,185.267
384.898,-64.225,170.068
387.836,-77.0884,153.835
390.552,-89.3959,136.556
393.509,-100.414,119.408
396.17,-109.943,101.885
398.905,-117.882,83.7423
399.715,-124.17,66.2899
398.467,-128.718,50.638
397.518,-131.516,33.8692
396.555,-133.095,13.2107
389.541,-134.549,-4.31001
382.882,-134.304,-23.5276
374.595,-132.624,-42.8877
365.935,-128.744,-62.844
356.667,-123.412,-82.0427
346.419,-116.817,-100.52
335.191,-108.425,-118.048
323.062,-98.5793,-134.779
310.216,-88.4013,-150.578
297.174,-78.6968,-164.977
284.681,-69.7985,-178.868
272.918,-62.6069,-191.859
261.885,-56.319,-203.376
251.354,-51.0991,-213.793
241.688,-46.8403,-223.903
231.998,-44.0187,-233.144
222.974,-41.5369,-241.651
214.607,-39.0308,-249.821
206.409,-37.0295,-257.817
198.975,-35.8355,-265.435
193.315,-35.607,-272.34
188.557,-35.8795,-280.013
184.634,-37.8213,-286.593
180.804,-41.48,-293.999
176.578,-45.7943,-301.212
173.069,-51.0623,-308.386
170.036,-57.8706,-315.939
167.013,-66.0503,-323.705
164.166,-75.1619,-331.843
161.607,-84.7888,-340.633
158.493,-93.8435,-348.574
155.237,-103.171,-357.332
149.921,-112.232,-364.605
142.819,-119.683,-371.49
134.969,-126.357,-376.832
125.036,-131.661,-380.72
113.231,-134.806,-383.646
100.178,-135.637,-385.147
86.1579,-134.498,-384.559
71.2136,-131.87,-382.395
55.0999,-128.391,-379.748
38.0902,-124.218,-374.992
21.0344,-119.831,-368.145
4.43889,-116.095,-360.81
-11.4763,-112.912,-353.106
-26.047,-111.278,-345.555
-39.3176,-110.862,-338.221
-51.1759,-110.967,-331.078
-61.9799,-110.977,-324.236
-72.8491,-110.282,-317.747
-84.1067,-108.565,-311.37
-96.3144,-105.263,-304.748
-109.437,-100.114,-298.357
-123.701,-93.1865,-291.458
-138.765,-84.4664,-284.203
-154.618,-75.1246,-275.729
-169.873,-66.0271,-266.734
-184.612,-57.8919,-257.818
-199.231,-51.194,-248.796
-212.775,-46.269,-239.372
-225.039,-43.7904,-229.674
-236.167,-42.8971,-220.066
-246.784,-43.2316,-211.53
-255.763,-45.2026,-202.154
-263.869,-48.9166,-193.473
-270.508,-53.5078,-184.235
-275.838,-58.7141,-174.996
-280.303,-64.3119,-166.394
-283.893,-69.9995,-158.268
-286.346,-75.7245,-150.212
-288.129,-81.4387,-141.935
-290.295,-85.8187,-133.705
-291.6,-89.172,-125.281
-292.563,-92.452,-117.355
-293.765,-95.6256,-109.522
-294.777,-98.6496,-101.882
-296.239,-101.363,-94.3957
-297.914,-103.902,-87.4165
-298.996,-106.281,-80.9693
-299.664,-108.198,-74.5495
-300.704,-109.768,-68.5006
-300.97,-110.823,-62.471
-301,-111.99,-57.0548
-301.27,-112.754,-51.6826
-300.387,-112.953,-46.6116
-299.123,-113.254,-41.5053
-297.545,-113.629,-36.4737
-295.798,-113.929,-31.4817
-294.266,-114.186,-26.4561
-292.787,-114.411,-21.6454
-290.513,-114.505,-17.2566
-287.98,-114.614,-13.1368
-285.145,-114.78,-8.90616
-282.786,-114.864,-4.60959
-280.713,-114.85,-0.319318
-278.664,-114.591,3.89195
-276.756,-114.214,7.88915
-274.764,-113.705,11.4886
-272.467,-112.788,14.5995
-269.98,-111.384,17.2921
-267.078,-110.052,19.6735
-264.155,-108.867,21.8748
-261.164,-107.852,24.305
-257.736,-107.204,26.3727
-254.224,-106.831,28.5164
-250.195,-107.108,30.5181
-246.016,-107.815,32.2826
-241.761,-108.933,33.9124
-237.06,-110.665,35.6815
-231.846,-112.793,37.8828
-226.559,-114.665,40.4839
-221.206,-116.689,43.0669
-216.178,-119.258,45.7608
-210.739,-122.266,48.656
-205.263,-126.042,51.5507
-199.73,-130.537,54.6304
-193.845,-135.238,58.0405
-187.781,-140.063,61.5163
-182.041,-145.177,65.0294
-176.768,-150.384,68.9974
-171.488,-155.233,73.2445
-165.755,-159.368,77.5779
-160.214,-162.727,82.5095
-155.165,-165.529,87.6345
-150.171,-167.661,92.5566
-144.851,-169.343,97.5661
-139.565,-170.829,102.525
-134.421,-172.019,107.416
-129.131,-172.864,112.369
-123.635,-173.647,117.345
-118.336,-174.457,122.246
-113.012,-175.397,127.075
-107.36,-176.307,131.408
-101.534,-177.192,136.084
-95.7065,-177.663,140.925
-89.8683,-177.576,145.738
-83.7518,-177.1,150.696
-77.2444,-176.315,155.659
-70.4475,-175.146,160.332
-63.4711,-173.613,164.78
-56.3591,-171.952,169.299
-49.2351,-170.238,173.864
-41.4149,-168.354,178.044
-33.3272,-166.512,182.009
-25.3437,-164.563,186.146
-17.1967,-162.613,190.218
-8.89595,-161.111,193.974
-0.236872,-159.942,197.71
8.91143,-158.588,201.674
17.9389,-156.847,205.391
25.9357,-154.941,208.246
34.3187,-152.852,210.848
43.6741,-150.9,213.949
53.0216,-149.428,217.122
62.4762,-148.088,220.332
72.0376,-146.473,223.438
81.4358,-145.063,226.241
90.3433,-143.895,229.047
98.9176,-142.823,232.166
107.86,-141.93,235.344
117.598,-140.671,238.24
127.842,-139.452,240.668
137.463,-138.236,243.161
147.375,-136.777,245.413
157.184,-134.883,247.489
166.53,-132.505,248.983
175.526,-129.963,250.121
184.103,-127.07,251.247
192.341,-123.385,252.42
200.543,-118.971,253.578
208.196,-114.371,254.88
215.117,-109.755,256.332
220.063,-103.701,261.864
228.234,-101.071,261.945
235.723,-100.15,261.941
242.455,-99.5004,263.702
249.212,-100.313,266.374
255.975,-102.866,268.968
262.935,-106.435,270.891
270.756,-110.768,271.701
278.627,-115.216,271.718
287.279,-118.798,270.966
296.132,-119.661,268.748
305.079,-116.307,265.538
313.589,-108.406,261.114
320.412,-96.6687,255.836
325.632,-82.008,250.3
329.254,-65.2718,243.957
331.189,-47.5467,236.535
331.33,-30.4026,229.156
328.814,-15.5366,222.177
326.575,-4.03224,214.175
321.189,3.54541,205.478
316.277,5.28657,197.007
307.519,3.10574,188.942
300.576,-2.02222,179.449
295.903,-8.98446,167.574
291.882,-16.6614,153.512
288.359,-23.9878,138.838
286.202,-30.4612,125.176
285.544,-36.8121,111.541
286.025,-42.152,98.1341
288.556,-47.2644,84.1655
291.843,-52.0008,69.6942
295.753,-56.9553,54.7716
299.453,-61.6042,41.1186
303.216,-65.5241,27.417
307.169,-68.5898,12.8686
311.032,-70.9799,-2.30349
314.547,-72.963,-17.9886
317.357,-74.4608,-33.397
319.419,-75.2998,-49.2398
321.492,-75.4086,-65.4293
322.749,-75.0856,-81.5304
323.779,-74.6952,-97.4541
324.932,-74.8468,-112.673
325.145,-76.4356,-127.667
323.538,-80.0314,-141.887
320.305,-85.462,-154.777
316.242,-92.2232,-167.021
311.76,-100.105,-178.58
306.459,-107.145,-188.416
299.812,-114.145,-198.022
291.799,-119.652,-206.567
283.458,-123.271,-213.788
274.531,-125.125,-221.209
266.05,-125.292,-228.756
258.061,-123.826,-236.149
250.252,-121.238,-243.495
243.297,-118.291,-250.895
237.4,-115.097,-258.635
231.858,-112.613,-267.497
226.442,-110.132,-277.013
222.101,-108.905,-287.398
217.987,-108.59,-298.259
214.324,-109.897,-309.169
210.918,-112.074,-320.047
207.359,-115.102,-330.59
203.29,-119.133,-340.87
198.692,-123.319,-351.016
194.061,-127.22,-359.519
188.609,-130.488,-367.26
182.979,-132.651,-374.989
176.223,-133.437,-381.74
167.772,-133.659,-388.224
158.062,-133.834,-392.982
147.18,-133.301,-396.725
135.326,-131.661,-399.251
122.251,-129.013,-399.876
107.308,-125.625,-399.05
91.2905,-122.06,-396.888
75.8977,-117.622,-393.64
60.6967,-114.041,-389.106
45.0472,-110.656,-383.28
28.9119,-108.285,-376.866
12.9528,-106.323,-370.079
-3.04182,-104.769,-363.56
-19.014,-103.728,-357.164
-35.1357,-102.333,-350.267
-51.8483,-99.2881,-343.057
-68.0248,-94.8224,-336.546
-83.6837,-88.5808,-329.554
-98.5569,-81.0832,-322.808
-113.508,-73.6569,-316.497
-127.252,-66.2272,-310.323
-140.808,-60.0097,-302.527
-154.039,-55.2654,-293.187
-167.498,-52.6942,-285.793
-180.572,-51.6499,-281.562
-192.209,-49.8714,-276.556
-206.027,-48.0647,-268.597
-217.142,-48.4419,-259.439
-225.183,-51.4194,-252.718
-233.843,-54.8171,-244.753
-241.354,-59.1124,-236.442
-248.622,-64.5127,-228.661
-255.577,-70.1576,-221.484
-261.564,-75.8247,-214.875
-266.308,-81.4648,-208.665
-270.12,-86.2491,-202.596
-273.341,-89.6597,-196.995
-275.637,-92.4763,-191.122
-277.708,-94.4591,-185.143
-280.206,-96.0369,-180.228
-282.159,-96.8118,-175.442
-283.566,-96.8457,-170.524
-284.297,-96.4191,-165.954
-284.23,-96.0243,-161.487
-283.556,-95.7198,-156.622
-282.665,-95.0746,-151.622
-281.654,-94.2584,-146.976
-280.231,-93.381,-142.468
-278.963,-92.6811,-137.645
-277.958,-92.1057,-133.395
-276.815,-92.4621,-129.148
-275.588,-93.7075,-125.019
-273.831,-95.5167,-121.151
-271.664,-98.0989,-117.536
-269.372,-101.581,-113.962
-266.871,-105.711,-110.158
-264.549,-110.862,-106.087
-262.569,-116.238,-101.63
-260.2,-122.175,-97.0187
-257.5,-128.521,-92.0928
-254.791,-134.806,-87.2384
-252.365,-141.16,-81.9775
-249.688,-147.618,-76.5927
-246.752,-153.826,-71.2584
-243.804,-159.359,-65.9029
-240.61,-164.077,-60.4848
-237.156,-168.055,-54.7622
-234.126,-171.618,-48.947
-231.457,-174.053,-42.8013
-228.659,-176.32,-37.4968
-225.685,-178.439,-32.2497
-222.566,-179.965,-26.5348
-219.226,-180.754,-20.8251
-215.684,-180.984,-14.8414
-211.89,-180.908,-8.52482
-207.684,-180.706,-2.70226
-203.212,-180.513,3.08367
-198.254,-180.051,8.84758
-192.944,-179.8,14.4657
-187.954,-180.049,20.4112
-183.196,-180.4,26.3094
-178.524,-180.715,32.1947
-173.867,-181.297,38.2027
-168.937,-182.236,44.1209
-163.718,-183.412,49.7178
-158.721,-184.708,55.1334
-154.12,-185.806,60.5891
-149.26,-186.511,66.2554
-144.399,-187.458,71.8429
-139.306,-188.202,77.1422
-134.064,-188.711,82.4527
-128.954,-189.216,87.7904
-123.859,-189.577,92.9247
-118.586,-189.564,98.0959
-113.032,-189.232,103.566
-107.172,-188.859,109.084
-101.067,-188.48,114.469
-94.5276,-188.055,119.768
-87.7168,-187.469,125.363
-81.3334,-187.058,130.669
-75.0105,-186.734,135.868
-68.9757,-186.213,141.441
-63.4418,-185.335,147.198
-58.0084,-184.197,152.906
-52.3566,-182.812,158.427
-46.8466,-180.989,163.589
-41.7314,-178.768,168.491
-36.5632,-176.242,173.494
-31.0828,-173.658,178.343
-25.6259,-171.338,182.823
-20.0317,-168.926,187
-14.1766,-166.543,190.759
-8.04216,-164.653,194.164
-1.89422,-163.095,197.327
4.02483,-161.377,200.118
9.73166,-159.415,202.284
15.2423,-157.404,204.043
20.8145,-155.337,205.787
27.4691,-153.133,207.363
34.8416,-150.855,208.585
42.1496,-148.636,209.543
49.2037,-146.62,210.702
56.0358,-144.524,211.925
62.6507,-142.722,213.027
68.9509,-141.753,214.018
74.9086,-141.549,214.952
80.7572,-141.919,215.852
86.343,-142.161,216.501
91.4222,-142.364,216.803
96.5752,-142.793,217.158
100.936,-142.508,217.444
104.824,-141.524,217.882
109.038,-139.98,218.393
114.038,-138.074,218.86
119.632,-135.614,219.338
125.142,-132.14,219.927
129.943,-127.974,220.594
134.621,-123.33,221.893
139.122,-118.66,223.775
143.027,-114.136,225.616
146.967,-109.924,227.785
150.896,-106.001,230.426
155.03,-102.239,233.039
159.282,-98.9306,235.236
163.422,-96.2937,237.102
167.301,-94.0726,238.832
170.414,-92.226,240.237
172.725,-90.8588,241.162
174.22,-90.127,242.056
175.731,-90.0592,242.413
177.217,-90.3295,242.33
176.968,-90.5372,242.247
177.439,-90.8829,241.805
179.062,-91.3683,240.743
180.268,-91.8837,239.81
181.109,-92.502,239.848
182.693,-93.045,239.828
185.098,-93.5418,239.62
189.02,-94.2099,238.928
194.509,-94.2324,237.655
200.665,-94.4436,236.062
208.741,-94.7175,234.454
218.68,-94.568,232.673
230.362,-93.7891,230.608
242.948,-92.6888,228.611
254.485,-91.7702,226.949
264.327,-91.3491,224.859
272.985,-92.5566,222.47
278.752,-94.7932,219.859
284.25,-97.5174,215.711
289.364,-100.369,211.097
294.342,-102.129,203.998
298.557,-103.854,195.258
301.439,-105.453,186.2
303.632,-106.257,177.034
306.395,-106.79,167.251
309.628,-107.138,156.301
313.546,-107,144.775
318.68,-106.251,132.27
323.446,-105.733,120.158
327.875,-104.827,108.311
330.794,-103.293,97.2275
333.94,-100.937,85.4494
336.891,-97.9214,73.164
339.096,-94.3046,61.2454
341.872,-90.018,49.1652
343.366,-85.8262,36.8325
343.151,-81.8317,24.5168
341.197,-78.4639,10.8908
337.487,-75.3263,-3.24893
331.885,-73.4245,-18.1199
325.322,-72.8061,-33.9105
318.811,-73.4275,-50.165
311.928,-75.3515,-66.6638
303.489,-78.7206,-83.4808
293.162,-83.5545,-100.35
281.523,-89.461,-116.557
267.716,-95.8439,-132.259
252.635,-101.238,-146.767
237.656,-105.932,-159.003
222.192,-110.31,-170.096
206.503,-113.574,-179.557
191.012,-116.023,-187.907
176.153,-117.823,-195.457
162.143,-118.367,-202.035
148.857,-117.095,-207.882
136.156,-114.354,-213.921
124.65,-109.593,-220.163
116.063,-102.744,-227.463
108.909,-95.3051,-236.075
103.372,-87.3227,-245.077
100.023,-79.0473,-254.781
96.9452,-72.5099,-266.752
94.3248,-68.1254,-280.472
92.956,-65.33,-294.446
91.8132,-64.3583,-308.4
91.0501,-64.9491,-322.139
90.3409,-67.0367,-335.573
89.7776,-71.192,-348.464
88.9214,-76.5422,-361.012
86.4678,-82.4952,-372.553
83.165,-88.1881,-383.259
78.5537,-93.9985,-392.35
72.8445,-100.343,-399.812
66.7768,-107.175,-405.991
60.3096,-114.494,-410.848
52.973,-122.598,-414.974
44.6587,-130.696,-417.875
36.1075,-139.299,-421.491
28.8152,-148.274,-423.515
20.3513,-156.587,-425.796
11.3968,-163.63,-428.372
2.25694,-169.217,-430.537
-7.38579,-172.928,-432.055
-18.1167,-174.314,-432.733
-30.3209,-173.133,-431.985
-43.664,-169.048,-429.674
-57.8858,-162.91,-425.595
-71.4911,-154.839,-420.336
-86.3584,-144.595,-412.316
-102.116,-133.144,-402.985
-118.63,-121.556,-391.794
-135.455,-110.252,-378.654
-152.168,-100.112,-364.287
-168.305,-91.9462,-349.384
-183.355,-86.0445,-334.036
-197.2,-83.4192,-318.263
-209.62,-84.8382,-302.599
-219.249,-89.7773,-287.856
-228.312,-97.6598,-274
-237.036,-107.057,-262.327
-244.615,-116.903,-251.942
-251.496,-126.201,-242.761
-258.258,-133.861,-235.023
-264.927,-139.355,-228.62
-271.314,-143.074,-222.807
-277.432,-145.522,-216.277
-283.256,-146.956,-209.183
-288.922,-147.682,-202.225
-294.206,-148.814,-195.355
-298.811,-150.006,-188.219
-302.657,-151.054,-180.742
-305.933,-152.037,-172.917
-308.898,-152.872,-164.671
-311.57,-153.547,-156.204
-313.626,-154.261,-147.789
-314.771,-154.938,-138.932
-315.472,-155.849,-130.284
-314.923,-157.3,-121.784
-314.206,-159.028,-114.39
-312.394,-160.823,-107.071
-310.288,-162.828,-99.6352
-307.954,-164.672,-92.0004
-305.741,-166.626,-84.3845
-303.985,-169.017,-76.9224
-302.181,-171.53,-69.4045
-299.71,-174.157,-61.785
-297.216,-176.657,-53.859
-294.318,-178.567,-46.5999
-291.114,-180.53,-39.7071
-287.998,-182.165,-33.0752
-284.578,-183.004,-26.2788
-281.143,-183.213,-19.647
-277.278,-182.964,-13.4191
-272.505,-182.238,-7.57175
-267.356,-181.198,-2.21942
-262.454,-180.338,2.41612
-257.924,-179.654,6.6102
-253.028,-178.735,10.4661
-248.206,-177.71,13.9539
-243.631,-176.525,17.2403
-239.188,-175.457,20.0915
-234.667,-174.414,22.6354
-229.715,-173.192,25.1066
-224.321,-171.973,27.4853
-218.972,-171.175,29.5857
-213.852,-170.6,31.5336
-208.554,-169.842,33.7129
-203.567,-169.465,36.0239
-198.614,-168.88,38.0962
-193.796,-168.684,40.4839
-188.966,-168.624,43.2155
-184.244,-168.767,45.8081
-179.487,-169.131,48.3879
-174.516,-169.655,51.3713
-169.457,-170.311,54.5529
-164.318,-170.867,57.3481
-158.812,-171.198,60.3577
-153.182,-171.65,63.7903
-147.464,-171.871,66.7238
-141.814,-171.79,69.399
-136.251,-171.775,72.0552
-130.379,-171.717,74.6622
-124.237,-171.373,77.2379
-118.347,-170.625,79.8444
-112.923,-169.546,82.513
-107.378,-168.398,85.3986
-101.71,-167.195,88.4268
-96.1128,-166.079,91.3401
-90.5549,-165.389,94.5119
-85.0082,-164.563,97.8829
-79.498,-163.699,101.598
-73.88,-162.703,105.57
-68.3061,-161.563,109.665
-62.9653,-160.368,113.824
-57.5102,-159.204,118.064
-51.2539,-158.326,122.47
-44.743,-157.899,126.967
-38.2259,-157.061,130.97
-31.8729,-156.138,135.445
-25.6768,-155.173,140.06
-19.6433,-153.728,144.454
-13.7185,-152.092,148.785
-7.59354,-150.563,153.2
-0.914823,-148.959,157.628
6.40301,-147.049,161.83
14.2762,-145.271,165.46
23.0765,-144.057,169.072
32.1977,-142.76,172.005
41.0825,-141.849,174.008
50.2472,-141.173,175.665
58.5026,-140.784,177.51
66.2321,-141.201,179.535
74.2956,-142.323,181.35
82.4331,-143.473,182.8
89.7699,-144.407,184.358
96.9466,-145.684,186.757
104.521,-146.593,190.055
113.622,-146.182,193.369
124.064,-144.667,197.252
134.78,-141.98,200.909
145.22,-138.594,204.471
154.989,-134.654,208.11
163.792,-130.166,211.885
171.994,-125.282,216.031
180.514,-120.253,220.767
189.605,-115.077,225.535
199.223,-109.305,229.858
208.342,-103.943,233.475
216.152,-99.2153,237.143
224.376,-94.7316,240.507
232.599,-91.4131,243.522
240.609,-89.2458,246.282
248.59,-87.8268,248.828
256.64,-87.0922,250.885
264.499,-87.2726,252.145
271.74,-88.2042,253.059
278.062,-88.6295,254.29
284.003,-89.227,255.184
289.154,-89.6172,256.286
294.742,-89.3889,256.883
300.347,-88.1306,258.029
306.483,-86.128,259.116
313.709,-83.3755,260.255
322.165,-80.1888,261.538
331.966,-77.4974,261.97
343.185,-74.9383,261.911
354.367,-70.1785,263.383
362.978,-70.588,258.752
372.254,-69.9833,255.388
380.212,-68.566,251.281
387.439,-66.6264,246.555
393.708,-64.0654,240.471
399.477,-60.4211,232.727
405.961,-55.3035,223.226
413.469,-48.5764,211.624
420.688,-39.9788,198.538
427.584,-29.1346,184.364
431.644,-17.6782,168.186
433.739,-4.44209,149.498
433.299,8.08057,129.233
432.219,18.5432,108.346
430.712,26.0566,86.8324
428.348,29.881,64.435
425.234,29.9116,41.7851
421.548,26.6162,19.9188
416.632,19.9379,-1.66718
411.451,10.1511,-22.9739
405.565,-1.25111,-43.6009
400.05,-14.508,-64.7366
394.546,-29.0978,-85.0942
389.462,-43.6804,-105.133
384.374,-57.9291,-124.596
378.82,-70.9844,-144.07
372.801,-82.0576,-163.831
366.572,-90.8537,-183.213
360.26,-95.9409,-203.189
353.392,-97.9559,-223.81
345.595,-96.0564,-244.63
337.192,-91.7751,-264.848
328.656,-85.5413,-282.969
319.676,-77.6785,-300.195
309.13,-68.8481,-315.707
297.805,-59.9845,-328.741
287.045,-52.106,-339.813
276.855,-45.9203,-349.497
267.472,-41.3873,-357.201
259.073,-38.3361,-364.436
252.936,-38.3225,-371.885
245.727,-39.5139,-379.971
237.987,-43.4336,-387.669
229.078,-49.4136,-395.464
219.648,-56.7476,-404.051
210.539,-64.53,-413.669
201.837,-71.888,-424.164
192.716,-78.1392,-435.054
181.865,-82.4191,-445.315
169.783,-85.528,-454.203
155.099,-86.4086,-461.656
139.243,-87.1791,-465.971
122.242,-86.9616,-468.909
101.921,-87.5955,-468.525
83.8627,-86.7692,-467.215
65.9534,-84.9892,-464.913
45.6944,-84.7209,-460.699
27.1652,-85.6474,-455.521
6.08321,-86.1945,-447.425
-14.2637,-88.27,-438.588
-34.8531,-92.0745,-427.872
-54.055,-97.4046,-417.149
-73.6826,-103.455,-406.913
-92.3757,-110.38,-395.128
-109.784,-117.178,-382.129
-123.597,-123.792,-368.129
-140.499,-130.411,-354.761
-168.66,-135.481,-343.824
-188.13,-136.59,-330.777
-206.548,-135.098,-317.492
-224.382,-135.084,-304.93
-241.206,-135.004,-293.582
-255.655,-135.194,-281.289
-269.421,-136.33,-268.405
-282.692,-137.987,-255.551
-294.887,-139.78,-242.781
-305.765,-141.704,-230.033
-315.41,-143.62,-217.555
-323.657,-145.214,-205.341
-330.272,-147.334,-192.484
-336.861,-148.945,-180.057
-342.373,-151.193,-168.411
-347.349,-153.17,-157.428
-351.06,-155.103,-146.842
-353.904,-157.244,-136.609
-356.095,-159.589,-126.523
-357.806,-162.381,-116.85
-359.282,-165.956,-108.128
-359.576,-169.654,-99.4664
-359.445,-173.193,-90.7678
-358.433,-176.425,-82.7527
-356.196,-179.148,-75.2975
-353.835,-181.532,-67.418
-351.076,-183.652,-58.8864
-347.47,-185.399,-50.6962
-343.151,-187.166,-43.3902
-338.598,-189.027,-36.3065
-334.044,-190.552,-28.7221
-329.316,-192.402,-21.3348
-323.991,-194.357,-13.5029
-317.781,-196.039,-6.10064
-311.527,-197.86,0.954926
-304.988,-200.046,7.59454
-297.544,-202.026,13.9768
-289.691,-203.994,20.6768
-281.962,-206.101,27.5537
-274.27,-208.061,34.2149
-266.46,-209.616,40.8687
-259.015,-211.014,47.6952
-251.368,-212.347,53.6767
-243.594,-213.335,59.8982
-235.855,-214.668,66.0144
-228.183,-215.851,72.2036
-220.116,-217.176,78.5267
-211.79,-218.321,84.7891
-203.422,-219.378,90.6763
-194.988,-220.816,96.3206
-186.344,-222.62,102.158
-177.418,-224.21,107.868
-168.294,-225.587,113.362
-159.026,-226.587,118.431
-149.74,-227.33,123.228
-140.194,-228.147,128.005
-130.42,-228.5,132.601
-120.514,-228.165,136.86
-110.3,-227.197,140.844
-100.049,-225.92,144.661
-90.3961,-224.865,148.349
-80.7849,-224.338,152.058
-71.0794,-223.999,155.763
-61.1398,-223.729,159.57
-51.0716,-223.603,163.492
-41.2259,-223.245,167.722
-31.7208,-222.63,172.198
-22.2738,-221.85,176.873
-12.7013,-220.845,181.734
-2.85119,-219.536,186.599
7.46071,-217.974,191.244
18.0475,-216.195,195.893
29.0308,-214.191,200.802
40.5451,-212.417,205.861
52.5084,-210.653,210.411
65.1155,-209.267,214.543
78.5715,-208.363,218.246
93.0188,-207.881,221.592
108.083,-207.736,224.782
123.396,-207.651,227.706
138.755,-207.113,230.132
153.358,-205.83,232.666
167.735,-204.259,235.237
180.672,-201.984,238.11
194.736,-197.774,240.229
210.348,-191.985,241.665
225.07,-184.717,243.43
239.3,-175.164,245.909
253.852,-162.549,248.893
268.365,-147.312,252.097
282.29,-130.588,255.749
296.23,-112.169,260.486
310.612,-91.9272,264.237
322.412,-71.4732,267.638
333.143,-50.4407,271.52
343.374,-30.2573,274.017
352.609,-12.1174,275.774
360.551,3.46624,277.13
367.19,16.2722,277.529
372.862,26.1154,276.439
378.059,32.9172,273.928
382.867,37.02,270.071
387.367,39.9203,265.587
390.152,40.829,258.076
392.457,41.2796,248.173
393.341,43.3967,236.906
392.041,47.3878,223.98
388.777,53.1755,209.277
384.118,59.9735,192.921
378.688,66.7929,175.039
373.156,73.2148,155.599
368.031,78.9441,134.594
363.743,82.644,113.071
360.343,83.1469,92.069
357.246,79.835,72.0568
354.31,72.9495,52.949
351.488,62.618,34.6135
349.559,49.4575,16.6829
349.151,34.3642,-1.21733
350.437,18.4144,-19.4755
353.05,2.87469,-38.3118
355.747,-10.9999,-57.2848
358.157,-22.4406,-76.0251
359.546,-30.7046,-94.4357
360.051,-35.447,-112.437
360.437,-36.6937,-130.168
361.264,-35.7149,-147.555
362.075,-33.1243,-164.862
362.543,-29.1208,-182.068
362.556,-23.9617,-199.12
361.749,-18.1778,-215.941
359.789,-12.4859,-231.625
356.799,-6.81184,-246.659
353.563,-1.91696,-260.368
351.082,0.857738,-273.571
348.689,1.27454,-286.408
346.302,-0.645808,-299.207
344.242,-4.84099,-312.063
342.689,-11.075,-324.847
341.224,-18.813,-337.768
339.032,-27.4989,-351.118
335.829,-37.0111,-364.103
332.459,-46.7836,-376.504
328.693,-56.3092,-389.255
323.022,-65.1335,-400.94
315.69,-72.8765,-411.262
305.934,-79.8028,-420.486
294.285,-85.7708,-428.945
281.105,-90.6386,-436.518
266.137,-94.1626,-442.673
249.466,-96.3334,-446.866
232.086,-98.3675,-448.946
214.128,-100.216,-449.906
194.792,-102.947,-449.934
175.917,-106.057,-449.673
156.884,-109.629,-448.417
137.829,-112.774,-446.454
119.667,-115.497,-443.628
102.921,-118.057,-440.336
86.2242,-120.449,-436.164
68.1347,-122.549,-430.137
50.9737,-124.397,-423.905
32.6934,-126.08,-415.024
10.7427,-126.622,-404.599
-10.564,-125.855,-394.516
-31.5261,-123.539,-385.397
-53.1589,-120.142,-374.552
-74.8997,-116.175,-361.281
-95.593,-112.068,-346.828
-114.606,-108.634,-332.434
-132.012,-106.731,-318.203
-148.187,-105.937,-303.858
-163.859,-105.707,-290.128
-177.321,-107.749,-275.612
-189.447,-108.063,-262.005
-200.79,-108.651,-250.817
-210.612,-109.678,-241.364
-218.949,-111.21,-232.526
-225.909,-113.592,-224.355
-228.9,-116.954,-215.361
-228.354,-121.741,-205.161
-236.145,-129.473,-201.248
-238.459,-136.257,-192.859
-241.36,-140.667,-187.431
-241.981,-146.456,-180.925
-243.928,-151.976,-173.482
-245.375,-156.959,-165.878
-246.676,-161.398,-158.663
-248.235,-165.177,-151.512
-249.871,-168.475,-143.897
-251.578,-171.69,-136.135
-252.97,-174.566,-129.032
-254.778,-177.383,-121.002
-256.546,-180.36,-112.564
-258.554,-183.872,-103.83
-260.128,-188.307,-95.7347
-260.284,-193.178,-87.5823
-259.728,-198.636,-79.4863
-258.722,-204.557,-71.3422
-257.006,-210.252,-63.0833
-254.819,-215.223,-55.0688
-252.62,-219.734,-47.067
-251.223,-223.393,-39.4498
-249.191,-225.531,-31.8443
-247.418,-227.215,-24.5909
-245.048,-228.21,-17.844
-242.304,-228.817,-11.3822
-239.165,-229.382,-5.18785
-235.701,-229.561,1.04838
-232.21,-229.035,7.32785
-228.828,-228.282,13.1198
-225.292,-227.847,18.6374
-221.997,-227.169,24.4058
-218.138,-226.29,29.7942
-213.806,-225.393,34.944
-210.093,-223.829,39.9308
-206.303,-221.756,44.7517
-202.664,-219.401,49.5498
-199.22,-217.018,54.2474
-195.269,-214.331,58.6434
-190.627,-211.086,62.8566
-186.73,-208.563,67.4082
-182.081,-205.68,72.2117
-177.267,-202.853,76.2394
-171.929,-201.024,80.5935
-166.019,-199.42,84.8533
-160.139,-198.22,88.8813
-153.617,-197.42,92.4816
-146.687,-197.202,95.8764
-139.882,-197.664,99.3551
-132.795,-198.49,102.931
-125.429,-199.534,106.752
-118.501,-201.061,110.346
-111.795,-200.914,114.439
-105.625,-199.944,118.033
-100.4,-198.122,121.388
-96.0395,-195.713,124.859
-91.767,-192.153,128.399
-87.3215,-187.295,131.728
-83.026,-181.541,134.899
-78.9073,-175.074,138.321
-74.3653,-167.766,141.909
-69.815,-160.419,145.055
-65.2649,-153.001,147.84
-60.3778,-145.297,150.315
-55.6578,-137.517,153.288
-50.7839,-130.104,156.356
-45.7587,-123.065,158.717
-40.8489,-116.687,160.673
-36.0395,-111.229,162.867
-31.0699,-106.51,165.018
-26.188,-102.6,166.478
-21.5596,-100.027,167.504
-17.1346,-98.4564,168.73
-13.4465,-98.0634,169.485
-9.52153,-97.8678,169.411
-4.91482,-97.7547,169.319
0.395945,-97.8105,169.262
6.39523,-97.5822,168.895
13.1747,-96.3854,168.151
20.878,-94.121,167.092
29.5883,-91.2405,165.203
38.9618,-86.5104,162.547
48.7403,-79.2532,158.716
59.1604,-70.9242,154.871
69.342,-61.5115,151.037
79.27,-51.1142,147.365
88.8981,-40.784,143.441
98.5532,-31.7249,139.156
108.492,-24.3057,134.675
118.478,-18.1053,129.786
128.352,-13.0119,124.052
137.781,-9.24995,118.693
146.298,-7.71404,113.83
154.481,-7.3248,109.37
163.488,-7.81247,104.331
173.194,-9.01849,99.4273
183.543,-10.1242,95.3291
194,-10.4572,91.6313
203.964,-9.81092,87.6713
213.405,-8.04442,83.5855
222.34,-4.76401,79.9228
230.113,-0.130458,76.7774
236.939,5.6338,73.9487
243.933,12.5548,72.0864
250.667,20.8006,71.0683
257.058,30.1231,70.8138
263.108,39.8302,71.3945
268.598,49.6534,72.8999
273.114,59.6175,75.2983
276.518,69.5855,78.4263
279.428,79.3954,82.0896
282.343,88.4331,86.0687
284.997,96.9089,91.3888
287.619,104.939,97.695
289.451,112.046,104.28
290.78,118.458,110.909
291.521,124.122,117.768
291.662,128.9,125.109
291.431,132.758,132.881
291.016,135.654,140.71
290.401,137.446,148.289
289.466,138.511,155.81
287.44,138.577,162.227
285.144,136.515,167.944
282.598,132.497,173.396
278.733,126.316,178.692
273.542,117.627,183.669
267.608,106.87,187.741
260.99,94.7756,190.699
253.157,81.749,193.178
244.156,68.3899,195.678
234.612,55.0375,197.796
224.856,42.1763,198.89
215.41,29.3044,199.436
205.779,15.9283,200.046
195.637,2.30172,201.077
184.915,-11.0586,202.577
173.977,-24.2593,204.592
163.197,-37.456,206.967
152.62,-50.0723,209.317
142.433,-61.2357,211.509
133.429,-70.0653,212.922
125.197,-76.057,214.753
117.547,-78.8932,216.589
110.348,-78.9893,218.429
102.27,-76.2099,220.665
93.9315,-70.578,222.563
86.2179,-62.7296,223.86
79.1895,-53.828,224.924
72.3972,-45.5137,225.977
65.4633,-39.8826,227.084
58.3973,-37.4589,228.077
50.4761,-40.4464,227.883
41.3206,-47.5905,226.157
32.3273,-58.2908,221.891
22.1454,-70.5835,215.588
11.2743,-83.0941,207.352
0.705449,-94.1474,197.807
-8.91934,-102.183,188.411
-16.8583,-106.574,180.291
-22.3045,-107.149,172.909
-26.0892,-104.15,165.661
-29.3529,-98.0779,158.072
-32.8818,-92.1014,150.394
-37.8987,-87.4941,143.251
-44.4887,-84.6776,137.325
-51.9219,-84.6281,131.993
-59.1218,-87.7641,126.929
-65.6211,-93.5803,121.378
-71.547,-101.35,113.986
-76.4278,-110.622,105.34
-80.9125,-120.001,95.693
-84.199,-129.445,85.0368
-86.2181,-137.987,74.6405
-86.9663,-147.14,64.3608
-86.8956,-156.909,55.2197
-85.7105,-168.084,46.5582
-82.9041,-180.584,37.995
-78.3892,-194.021,30.1771
-72.0471,-208.255,23.5137
-63.0243,-221.555,17.3071
-53.1852,-231.847,12.9448
-42.2712,-236.279,8.22758
-31.066,-235.089,4.90245
-21.6477,-228.169,2.90408
-14.064,-216.583,3.03794
-9.45353,-201.908,7.52828
-4.67079,-183.581,10.079
2.51807,-161.241,8.31616
7.67879,-136.37,9.88656
7.05556,-108.781,11.4304
9.91087,-78.7016,7.12753
9.20284,-49.2258,-0.27606
5.04686,-20.0219,-11.7463
-2.61278,8.234,-26.1835
-13.1969,34.5898,-43.0141
-24.9794,58.5431,-62.0748
-36.4436,80.1877,-82.5708
-46.4239,99.4454,-103.741
-54.116,115.871,-125.317
-59.9592,129.466,-146.189
-64.0732,138.998,-164.836
-65.2521,142.669,-181.812
-63.9887,141.332,-196.876
-59.8389,133.412,-208.608
-54.3486,119.724,-218.841
-49.5412,101.018,-227.384
-45.9318,77.9463,-235.068
-43.0442,51.933,-243.286
-41.1101,25.3545,-251.92
-40.8871,0.433604,-260.486
-39.341,-21.6163,-269.5
-39.2464,-39.4052,-279.327
-39.5146,-52.423,-287.942
-40.2909,-61.029,-296.794
-41.1838,-66.3491,-305.319
-42.097,-68.9623,-313.991
-42.8916,-69.2681,-322.683
-43.5418,-67.7373,-330.922
-44.0533,-64.667,-338.881
-43.8781,-59.9751,-346.622
-43.8734,-53.9925,-354.023
-43.114,-47.1115,-360.547
-41.1806,-38.6675,-366.961
-38.8325,-29.5003,-372.041
-36.4046,-18.932,-376.44
-32.9987,-7.30473,-379.893
-29.2481,4.91122,-382.952
-25.8646,17.2822,-386.221
-22.2995,29.2805,-389.213
-19.4869,40.8571,-392.039
-17.8018,51.2468,-396.077
-14.8998,60.0849,-400.52
-12.604,67.5407,-404.198
-8.77489,73.4732,-407.67
-3.74721,76.6583,-410.513
2.21322,78.1148,-413.15
8.22801,77.8022,-415.932
13.7963,75.1792,-418.802
19.8266,71.0462,-421.452
27.1605,66.1058,-423.386
34.7259,60.7683,-425.628
40.7412,57.2907,-428.341
45.952,54.4417,-430.308
49.2096,51.592,-429.882
51.6763,49.0934,-427.5
53.7447,46.475,-423.026
55.2496,43.5978,-416.551
56.3847,40.4487,-408.522
57.6155,36.8549,-399.337
58.5273,33.4371,-389.641
57.9532,29.5986,-380.452
56.2672,26.1563,-371.333
54.7503,24.4007,-361.286
53.1861,24.7423,-350.996
51.3266,27.1789,-340.305
48.8647,31.7524,-329.174
46.051,38.5548,-317.774
42.841,46.9785,-306.347
38.8363,56.0067,-294.752
35.028,65.8235,-282.168
31.4599,75.8734,-269.269
29.0013,86.3998,-256.739
28.351,95.7099,-242.384
28.1068,104.341,-227.187
28.334,111.523,-211.518
28.4124,118.119,-195.498
28.2072,123.877,-178.732
28.3682,128.659,-161.02
29.0677,133.669,-142.749
29.0819,138.46,-124.057
28.7697,142.688,-105.258
26.5312,147.187,-85.1487
23.6692,150.762,-64.767
19.777,154.553,-43.5722
15.5424,158.017,-21.5972
11.4907,160.541,0.731477
7.69558,162.307,23.6799
4.07863,163.468,47.2801
0.614676,163.606,70.7283
-2.81858,162.619,94.0742
-6.06835,159.726,118.167
-8.52789,155.465,141.969
-10.6993,149.882,165.756
-12.695,142.604,189.599
-14.2428,134.14,212.585
-15.3303,124.316,234.42
-15.5527,113.173,255.51
-14.7669,100.835,276.233
-13.4815,87.1875,296.257
-11.6331,72.7154,314.692
-8.98152,58.6746,331.451
-5.30726,44.9985,347.281
-1.9431,32.1751,360.774
1.8089,20.2466,373.289
5.9158,9.13124,384.91
10.5753,-1.16829,395.686
15.144,-10.5153,405.492
18.9487,-18.7731,414.043
22.1753,-25.9881,421.214
24.6711,-32.3585,427.102
25.5053,-37.6299,431.051
26.5068,-41.5424,432.99
26.8928,-44.2288,433.819
27.4854,-46.0472,434.173
27.1244,-47.3926,432.711
26.9145,-48.7691,430.254
27.1816,-50.0341,427.37
27.1206,-50.8497,423.972
26.7669,-51.6866,420.167
27.2775,-53.5995,415.717
28.5547,-55.4099,411.152
30.8051,-56.8662,407.148
32.2902,-58.4898,403.437
33.9214,-60.671,400.378
34.7859,-63.7599,397.023
35.4829,-67.2778,393.039
36.292,-71.1814,388.792
37.0747,-76.2398,383.975
37.9424,-83.4563,377.657
38.4156,-93.5993,370.412
38.0312,-107.297,362.172
36.5163,-123.157,354.056
34.028,-140.502,345.417
32.0779,-159.471,336.638
30.5456,-178.195,326.745
29.9855,-194.588,315.904
30.3168,-207.094,303.918
31.1007,-214.321,290.784
32.1997,-215.399,277.554
32.9989,-211.412,264.932
33.5655,-203.513,253.375
32.6333,-191.803,241.738
30.579,-179.097,230.521
27.158,-166.483,219.793
22.356,-155.247,209.134
16.8997,-146.108,198.312
10.9826,-139.6,186.971
4.3523,-135.93,175.36
-2.8902,-134.569,164.222
-10.254,-134.386,152.956
-16.9207,-134.386,141.159
-24.6525,-133.323,129.564
-33.6776,-129.587,119.064
-42.8998,-122.898,108.961
-51.5989,-113.876,98.2613
-60.7228,-103.118,89.0295
-69.9951,-90.3809,80.4527
-78.3238,-75.5242,70.9034
-85.4909,-59.1606,61.3667
-91.4831,-41.5575,51.7576
-96.071,-23.0059,41.8466
-99.0619,-4.24947,31.5677
-101.504,14.4474,21.655
-103.633,32.6748,11.7489
-106.54,49.6313,1.27123
-110.563,64.8654,-9.75354
-115.27,77.8748,-21.2349
-120.3,88.3999,-33.4013
-125.439,96.6697,-46.5535
-129.62,102.739,-60.5434
-132.056,106.399,-74.9849
-134.631,108.423,-89.6379
-136.386,109.527,-103.621
-137.845,109.587,-116.512
-139.831,108.554,-128.678
-141.659,106.484,-141.328
-142.56,103.591,-154.469
-142.43,100.044,-167.171
-141.382,95.8301,-179.171
-139.303,91.0477,-191.136
-136.7,86.1637,-203.062
-133.177,81.2734,-214.439
-129.33,76.2418,-224.957
-125.242,71.7662,-234.923
-120.648,68.1273,-244.657
-115.968,65.2592,-253.96
-111.352,63.374,-262.684
-106.501,62.8283,-270.792
-101.281,63.7395,-278.098
-96.0678,66.0698,-284.346
-91.2871,69.4978,-289.298
-87.2846,73.6956,-293.566
-83.1851,77.8093,-296.746
-79.9155,81.3207,-299.634
-76.9444,84.2166,-302.313
-74.2725,86.2637,-304.917
-71.8195,87.36,-307.437
-69.2929,87.5752,-309.824
-66.535,86.9482,-312.023
-63.6383,85.554,-313.649
-61.7917,83.7889,-314.874
-59.7793,81.1173,-316.279
-58.2237,77.3308,-317.258
-56.6231,72.5336,-318.312
-54.8428,67.4454,-319.127
-52.6915,62.1875,-319.846
-50.2892,57.217,-320.708
-48.0394,53.0865,-321.281
-46.1031,49.7707,-320.799
-44.1015,47.1228,-319.461
-42.3526,45.6098,-316.909
-40.961,44.219,-313.863
-39.3921,42.2761,-311.249
-37.2643,40.9879,-308.757
-34.2256,40.0155,-305.348
-30.9589,39.0359,-300.515
-27.7808,37.9779,-294.335
-25.2213,37.0177,-287.265
-24.1939,36.3548,-280.132
-23.9052,35.7946,-273.89
-23.5078,35.2426,-267.371
-22.1332,33.9909,-259.814
-20.0642,33.9183,-252.105
-18.596,34.8535,-243.899
-17.6577,37.0172,-235.519
-16.6771,40.4556,-226.248
-15.9912,45.2656,-216.193
-16.0498,51.2091,-205.58
-16.2704,57.689,-193.907
-15.7858,64.6737,-181.519
-14.5061,72.0271,-167.937
-12.4862,81.0975,-153.748
-10.1772,90.6571,-137.796
-7.42255,100.231,-121.76
-5.31595,110.319,-104.59
-2.90497,121.024,-86.8986
0.451284,131.36,-69.1601
4.20626,140.632,-51.3913
7.79671,149.223,-33.6232
11.4961,157.308,-15.3106
15.2977,166.438,2.10115
18.5372,173.016,19.435
20.5861,178.421,37.5093
21.6516,181.06,55.3488
21.2143,181.603,73.1478
20.3008,179.57,91.0644
19.6609,174.981,109.506
19.1578,168.307,128.276
18.5546,159.682,146.567
17.9894,149.578,164.954
17.7606,137.803,184.253
17.8116,125.011,202.433
18.012,112.109,220.5
19.343,98.2518,238.381
20.7806,85.151,255.435
22.8754,72.3538,271.393
25.5884,59.7694,286.386
28.6876,48.419,300.344
32.416,39.1154,312.903
35.8805,31.9003,324.269
40.6849,26.5915,335.232
45.5567,24.5505,345.42
50.7698,25.2269,353.706
56.2194,27.7484,361.476
61.4338,32.5825,367.83
65.2519,38.7087,372.328
67.6133,45.0487,375.132
68.6998,50.1881,376.391
68.3545,52.0986,376.175
67.6608,49.9754,374.915
64.7826,43.4282,372.349
63.1173,31.4249,368.226
61.3103,14.5933,364.712
59.1715,-5.18751,360.267
58.2121,-27.3129,355.61
57.7018,-50.7716,350.835
57.539,-74.0766,346.114
58.351,-95.602,341.158
59.9083,-114.073,335.627
61.5428,-128.913,331.288
62.8038,-139.115,326.939
65.3714,-145.577,324.234
66.9237,-148.669,321.687
69.1954,-150.721,320.004
72.0254,-151.804,318.437
74.824,-153.449,317.354
77.3555,-157.623,316.321
79.8697,-165.59,314.67
82.574,-178.367,312.403
84.8593,-197.419,308.825
85.6039,-220.711,304.425
86.1046,-247.92,299.199
85.7704,-276.789,292.232
83.6801,-304.803,284.103
80.8267,-329.89,275.383
78.1992,-349.24,266.97
76.2043,-361.231,258.273
75.4425,-364.705,248.774
76.3596,-357.787,239.353
77.4409,-339.66,230.356
78.3992,-313.077,223.533
83.0064,-278.603,219.263
85.3022,-239.913,216.316
83.3321,-199.089,212.727
77.1023,-157.937,207.743
68.0106,-118.651,201.264
57.5043,-83.5169,193.428
46.607,-53.7363,184.144
35.404,-29.2906,173.432
22.5197,-10.3674,162.369
9.05642,3.93716,151.253
-4.33665,14.095,140.277
-16.4592,22.2842,128.28
-28.4037,29.2161,115.341
-40.1606,35.9066,102.532
-50.9622,42.0229,90.5993
-60.2201,47.3276,79.8227
-68.3867,51.7141,70.0593
-76.5536,54.9499,60.7712
-85.0104,57.4769,51.3519
-94.3245,58.4785,42.3841
-104.575,59.1299,33.2774
-114.54,59.5458,23.3903
-123.655,59.8486,12.8082
-131.696,60.0512,1.49534
-138.701,60.5443,-10.3235
-144.654,61.6935,-22.5715
-149.629,63.5328,-34.7374
-153.898,66.0186,-45.8854
-157.572,69.5174,-56.1574
-160.474,74.153,-65.9377
-162.876,79.2868,-76.7554
-164.444,84.1514,-87.6132
-165.26,88.7171,-97.9016
-165.793,92.7237,-107.725
-166.505,95.6719,-117.219
-167.01,97.9311,-126.528
-166.783,99.8858,-135.832
-165.988,101.248,-145.228
-164.83,102.25,-154.552
-162.853,102.414,-163.352
-160.488,101.917,-172.628
-157.575,101.643,-181.928
-154.022,101.351,-190.972
-149.931,100.599,-199.565
-145.358,99.6565,-207.882
-140.244,99.0234,-216.054
-134.569,98.7651,-223.753
-128.453,98.5898,-230.693
-122.027,98.6419,-237.633
-115.308,99.4262,-244.61
-108.439,100.064,-251.268
-101.134,100.202,-257.827
-94.5765,99.6304,-264.127
-88.9813,98.8537,-270.746
-84.0119,98.0085,-277.853
-79.3557,96.8078,-285.019
-74.9904,94.919,-291.936
-71.1235,92.263,-298.723
-67.8443,88.9847,-305.108
-64.2087,85.2901,-310.331
-60.5093,81.3982,-314.692
-57.4743,77.5054,-318.907
-54.2567,73.4842,-323.144
-51.092,69.4462,-327.282
-48.366,66.0059,-330.874
-45.7955,63.7185,-333.524
-43.0095,62.7705,-335.241
-40.3888,63.0585,-336.442
-38.6886,64.3342,-337.43
-37.7292,66.1185,-337.421
-36.9665,68.5574,-336.312
-36.0227,71.8442,-334.969
-35.3406,75.5081,-333.247
-35.0668,79.2461,-330.205
-35.182,82.6755,-325.679
-36.0086,84.9178,-319.674
-37.9635,85.5304,-312.063
-41.0318,85.1169,-303.167
-44.7627,84.2919,-294.218
-48.6496,83.5537,-285.348
-52.2197,83.896,-275.968
-55.6974,85.3341,-266.066
-59.4739,88.0998,-255.676
-63.2398,92.1435,-245.368
-66.6546,97.6791,-235.436
-69.7122,104.802,-225.605
-72.3817,113.084,-215.708
-74.172,122.081,-206.011
-74.4593,132.222,-196.389
-73.7236,142.628,-186.414
-72.9612,151.92,-176.609
-72.0984,159.92,-166.698
-71.131,165.854,-157.136
-69.6325,169.741,-147.96
-67.5774,171.645,-138.44
-64.8712,171.734,-128.275
-61.5865,170.603,-117.609
-58.2717,168.963,-106.574
-55.2475,166.709,-95.4337
-51.5504,163.7,-83.7739
-47.5991,160.557,-71.4176
-44.537,157.899,-58.5003
-42.1448,155.416,-44.3989
-40.2596,152.223,-29.6707
-38.5754,148.594,-14.2881
-36.9958,144.771,1.87756
-35.5517,140.48,18.6779
-34.0745,135.545,35.9035
-32.3051,130.286,53.5232
-30.9183,124.336,71.1379
-28.8318,117.937,88.692
-26.1523,110.799,105.813
-23.6575,103.894,122.712
-21.3967,97.1342,139.059
-19.2082,90.4613,154.992
-17.3416,84.2881,170.639
-15.8254,78.5998,185.848
-14.1519,72.7156,200.502
-12.2564,66.8449,214.995
-9.66776,62.1483,229.958
-7.06673,57.6707,244.826
-3.63768,52.9958,259.284
-0.363276,47.5827,273.945
1.88191,40.9341,288.931
3.70953,32.331,304.277
5.53639,21.398,319.319
7.56658,7.7351,333.573
10.2202,-8.67157,347.381
13.3815,-26.0867,360.602
17.9542,-45.0833,371.974
22.7766,-66.0521,382.086
28.2732,-87.5269,391.025
34.3729,-108.815,398.202
40.2554,-130.508,402.17
47.1815,-151.747,404.029
54.2576,-171.69,404.604
59.9863,-189.697,404.176
64.7196,-205.229,403.055
68.0942,-218.796,400.239
71.1932,-229.334,395.832
72.6985,-236.016,389.368
74.8111,-239.461,382.835
76.4198,-241.209,375.672
77.3275,-240.685,367.441
78.274,-238.524,358.131
79.3905,-235.042,348.327
80.37,-229.867,338.544
81.6401,-222.823,328.928
84.1894,-213.992,319.927
86.446,-202.505,311.483
88.5529,-189.378,303.294
89.7009,-177.682,294.533
88.8265,-167.752,285.658
87.7674,-161.018,278.075
85.4486,-157.194,272.085
82.2488,-156.387,266.802
79.6989,-158.413,261.752
77.9016,-162.046,256.959
76.5599,-167.011,250.977
75.2879,-171.298,244.695
75.8816,-173.1,238.988
75.3469,-171.3,233.299
75.7686,-164.141,226.943
77.4306,-152.118,219.407
79.7527,-135.829,211.3
81.408,-116.705,202.912
80.7622,-96.8244,194.67
76.8165,-78.4958,187.512
69.688,-64.287,181.082
58.3188,-53.6919,173.616
47.2126,-48.4031,164.898
35.5924,-46.711,153.465
24.587,-48.419,141.228
13.9846,-52.6123,128.762
3.34858,-58.3723,116.561
-7.21037,-64.1158,104.949
-17.9025,-67.8631,93.9256
-28.5588,-68.4534,83.5626
-36.1927,-66.1978,74.5104
-41.237,-60.7115,66.6762
-44.7695,-53.0302,60.7874
-47.6001,-44.5048,55.8605
-50.8093,-35.6423,51.0076
-54.9605,-26.4223,45.9806
-60.5074,-17.4958,39.9151
-67.6642,-8.56538,32.5433
-76.2458,0.775572,23.9011
-85.6488,10.0214,13.5452
-95.1052,19.0434,1.21839
-104.609,27.0592,-12.2657
-113.572,35.1375,-25.3916
-121.509,42.9199,-38.4189
-129.341,50.3137,-51.2445
-136.352,56.7054,-63.2713
-142.709,61.85,-74.702
-148.191,65.8705,-85.7616
-152.836,68.7734,-96.545
-157.187,70.5778,-107.094
-160.323,72.044,-117.045
-162.944,73.0762,-126.741
-164.089,74.0146,-136.773
-164.793,74.953,-145.911
-164.83,76.0342,-154.879
-164.232,77.7572,-164.033
-163.35,79.757,-173.172
-162.187,81.87,-182.035
-160.554,84.264,-190.879
-158.412,86.9123,-200.157
-155.647,89.627,-209.391
-152.557,92.2323,-218.066
-149.066,94.7704,-227.473
-144.807,96.8864,-236.795
-139.82,98.8933,-245.516
-134.015,100.989,-253.924
-127.344,102.983,-262.294
-119.832,104.769,-270.601
-111.559,106.367,-278.325
-102.653,107.473,-285.113
-93.377,107.291,-291.944
-84.3373,105.956,-298.809
-75.2983,103.655,-304.895
-66.3104,99.7807,-310.906
-57.9677,95.7196,-316.608
-50.3434,91.4902,-321.944
-43.1954,86.9126,-326.727
-36.7702,82.3379,-331.348
-31.3164,78.5094,-335.825
-26.7561,75.7402,-339.691
-23.5097,73.2617,-343.843
-21.238,70.3143,-347.713
-19.9091,67.7199,-350.458
-17.5288,64.7869,-351.985
-14.6057,61.5787,-353.854
-11.5845,58.6625,-355.459
-8.63184,55.0474,-356.537
-6.04308,51.0965,-356.83
-3.79273,48.0822,-356.361
-1.363,46.3831,-355.581
1.22199,45.9927,-354.349
3.26575,46.0289,-352.377
5.30053,46.9728,-348.752
6.95718,49.6425,-343.601
8.49611,52.5685,-338.035
9.43599,55.6876,-332.089
10.0409,58.8172,-325.025
10.2348,61.7763,-316.484
9.65021,64.1792,-307.008
8.46961,65.4532,-297.359
7.46932,65.5306,-287.452
7.21933,63.9318,-277.514
7.83786,60.6018,-268.298
9.40711,57.3418,-259.298
10.3668,54.754,-250.074
10.7481,53.1326,-240.771
10.7765,52.6771,-231.583
10.7448,53.6612,-222.484
10.7765,56.3598,-213.233
10.7922,60.8404,-203.667
10.9631,66.8258,-193.935
11.176,73.7103,-183.557
11.4759,81.0505,-172.081
11.6745,89.1592,-159.536
11.4681,97.9468,-145.847
10.9331,107.487,-131.287
10.2013,117.398,-115.85
9.48999,127.227,-99.6113
8.97235,136.688,-82.5375
8.59636,145.64,-64.4082
8.18239,154.027,-45.4993
7.94378,161.39,-26.2423
7.68756,166.837,-6.78493
7.65761,170.656,12.817
7.34249,172.595,32.7369
6.58234,172.919,53.0936
5.42936,172.059,73.9802
4.11841,170.015,94.9251
2.80246,166.703,115.476
1.38283,162.473,135.89
-0.191279,157.8,156.574
-1.36544,152.65,176.932
-2.45192,146.491,196.967
-3.51877,139.221,216.748
-4.3962,131.211,235.99
-5.12631,122.588,254.911
-5.54939,113.288,273.582
-5.57916,103.274,291.587
-5.28093,92.5279,308.609
-4.71035,81.1624,324.813
-3.85612,69.7312,340.218
-2.9564,58.4313,354.739
-2.31791,47.1546,367.979
-1.80535,35.9975,379.511
-0.458228,25.5669,389.541
1.28661,16.0571,398.639
3.14834,7.26504,406.469
5.15221,-0.978716,413.075
7.50139,-8.53709,418.725
10.1533,-15.1965,423.297
12.3439,-21.1565,426.744
13.9661,-26.6016,428.394
15.6011,-31.9271,428.105
18.2033,-36.8379,426.469
22.0753,-41.3033,423.071
26.3236,-45.5647,418.473
30.5983,-49.3771,413.333
34.3522,-53.2745,407.991
36.864,-58.1028,402.719
37.9049,-63.8628,397.744
37.822,-69.9393,392.667
36.9623,-76.0667,387.114
35.1245,-82.0473,380.786
33.5163,-86.8446,373.932
31.4823,-89.4183,366.551
29.0314,-90.0401,358.544
26.2688,-88.9934,350.321
23.3269,-86.4524,342.184
20.0787,-82.5903,333.792
16.3498,-77.4908,324.603
12.7971,-71.0276,314.873
10.0986,-63.5204,304.495
7.25396,-55.8153,293.409
4.9418,-48.7359,282.097
2.19687,-43.3663,271.538
-0.00136815,-40.1646,261.254
-1.09009,-38.8502,250.907
-1.0852,-39.1708,240.265
0.0234309,-40.7585,229.094
1.99197,-43.2281,217.253
3.22505,-47.0471,204.794
2.58522,-51.5468,192.236
-1.05397,-55.2925,179.37
-8.45178,-58.1266,166.447
-17.683,-58.9493,153.032
-27.2416,-57.5055,137.702
-36.5533,-54.4563,121.388
-45.6927,-50.9645,104.666
-54.9999,-47.7142,87.677
-64.3594,-44.5871,71.3957
-72.6783,-41.5355,56.6761
-80.5946,-38.5435,42.9294
-86.98,-35.6956,29.1721
-92.0061,-33.6308,16.5273
-96.4042,-32.6586,4.67888
-100.262,-32.1952,-6.77897
-103.823,-32.4872,-17.1778
-107.021,-33.2182,-26.3459
-109.399,-33.8881,-35.055
-110.898,-34.3235,-44.0405
-112.528,-33.5153,-53.2033
-114.146,-31.186,-62.8715
-115.465,-27.559,-71.9853
-116.824,-22.3432,-81.8357
-117.942,-16.6807,-91.8653
-118.667,-10.5918,-102.584
-119.594,-4.62691,-113.267
-120.344,0.68993,-124.225
-120.453,4.8923,-135.686
-120.193,7.58102,-146.724
-119.067,9.08502,-157.606
-118.333,9.54209,-167.318
-116.186,9.03189,-177.264
-114.152,7.108,-185.923
-111.729,4.06312,-194.529
-109.086,0.44156,-203.084
-106.188,-3.66176,-210.776
-103.002,-7.62008,-217.796
-99.512,-10.8028,-224.579
-95.4648,-13.4866,-230.867
-90.5656,-16.1277,-236.895
-86.4188,-17.4934,-242.449
-81.2927,-19.0233,-247.084
-75.3197,-20.1485,-252.137
-69.6123,-21.7352,-256.569
-63.6049,-23.1378,-261.485
-57.6748,-24.126,-266.291
-51.8589,-25.0979,-270.321
-46.064,-25.7118,-274.284
-40.4448,-25.2856,-278.952
-34.4684,-25.1534,-282.866
-29.5906,-23.6329,-286.568
-24.8966,-21.8687,-290.321
-20.6922,-19.8584,-294.563
-16.8531,-17.5179,-298.269
-13.3266,-15.4505,-302.242
-10.4094,-12.96,-306.162
-8.44366,-10.2296,-310.011
-7.11418,-7.81602,-314.056
-5.61058,-5.34292,-318.013
-3.86498,-2.68766,-321.466
-1.89912,-1.04175,-324.079
0.966973,-1.17711,-327.109
3.77076,-1.90048,-328.903
7.11131,-4.04193,-331.114
10.1828,-7.74192,-332.836
13.3807,-11.8536,-334.331
16.08,-15.7706,-335.35
18.1687,-19.2737,-335.612
20.7044,-21.8891,-335.535
22.1844,-23.6532,-334.742
22.3637,-24.078,-334.329
22.5641,-22.3414,-333.091
21.5513,-19.2419,-332.536
20.3226,-15.0079,-330.977
18.8461,-10.2508,-328.762
16.9914,-5.27998,-325.972
14.6195,-0.390687,-322.367
11.7557,4.16744,-318.05
8.78428,8.39019,-313.38
6.21537,12.3732,-308.1
3.79732,16.0329,-302.482
2.0479,20.1213,-296.464
-0.283629,24.0563,-289.76
-1.30949,28.8411,-282.663
-2.22308,34.4568,-275.22
-2.99727,40.9136,-267.509
-2.98875,47.8757,-259.156
-2.19257,54.6847,-249.994
-1.18496,61.0389,-240.444
-0.0643021,67.4848,-230.522
1.04906,74.2463,-220.216
3.18126,80.248,-208.974
5.88841,86.8981,-197.648
7.83521,93.7546,-185.699
9.53368,100.606,-173.606
10.8707,107.8,-161.411
12.3425,115.027,-149.129
13.9278,122.168,-136.996
14.8461,129.84,-125.014
16.2742,137.741,-112.565
17.4335,145.715,-99.8856
18.3789,152.678,-86.1166
18.3486,159.602,-71.4362
17.2106,165.546,-55.3368
15.474,170.171,-37.664
12.9069,173.371,-18.4409
9.61154,174.722,1.76963
5.98933,174.542,22.3688
2.13663,173.866,43.3362
-1.88955,172.296,64.8365
-5.79419,170.555,86.1263
-9.59787,168.627,107.199
-13.218,166.587,128.003
-16.4777,164.733,148.162
-19.3175,162.506,167.695
-22.4274,159.618,186.413
-25.873,156.16,204.566
-29.1674,152.251,222.56
-32.0671,147.946,240.357
-34.5605,143.463,257.652
-37.0681,138.463,274.149
-39.8561,132.936,289.861
-42.2418,126.409,304.983
-44.6218,119.162,320.107
-46.7675,111.435,334.674
-48.429,102.715,348.194
-49.5512,93.0965,360.297
-50.2249,83.0027,371.226
-50.4026,72.3967,381.669
-49.7485,61.3074,391.493
-48.7543,50.017,400.828
-47.883,37.6456,409.841
-46.8282,25.1445,418.206
-45.6674,12.5247,425.531
-43.8544,0.187926,432.092
-41.8661,-11.1841,437.507
-40.2589,-21.0705,441.283
-38.9819,-29.072,443.331
-37.6977,-34.8057,443.934
-36.4884,-38.1114,443.36
-35.6681,-38.6475,441.254
-35.0622,-36.0007,437.713
-34.3588,-30.3949,433.308
-33.632,-22.5697,428.061
-32.8746,-13.4282,422.34
-32.6041,-3.55365,415.882
-32.4835,6.79863,408.761
-31.8267,17.3866,401.395
-30.5476,27.8909,393.731
-28.5256,38.1796,385.053
-25.4961,47.8376,375.496
-22.4815,55.9191,365.16
-18.6758,62.088,354.823
-15.0738,65.2136,344.85
-11.7969,64.5373,335.227
-8.51944,59.1293,325.481
-5.16252,48.3424,315.402
-1.56165,32.3392,305.294
2.55923,11.7723,295.546
6.61717,-13.2116,286.139
10.4286,-42.3139,277.225
14.1747,-74.9093,268.893
17.1085,-108.754,260.602
18.8929,-141.473,251.837
20.4668,-171.402,242.494
22.5645,-197.308,232.331
24.8259,-218.373,221.233
26.7338,-234.209,209.669
28.5118,-244.989,198.518
30.2742,-251.597,188.138
31.1202,-255.022,178.122
31.4569,-255.057,168.466
31.1004,-252.994,159.628
30.2327,-248.34,152.526
31.2756,-241.169,145.743
32.8987,-232.135,139.813
33.2284,-221.154,135.334
33.1822,-207.144,131.609
34.9556,-189.227,127.774
37.3501,-168.017,124.564
38.844,-143.963,122.177
38.477,-116.468,120.908
35.9303,-87.1436,120.606
31.0978,-56.8777,120.353
24.4901,-26.1766,119.735
16.852,4.12963,118.252
8.58629,33.1063,115.58
-0.344086,60.0778,111.485
-9.87124,84.6723,105.903
-19.3158,106.639,99.3933
-28.7634,126.343,91.9571
-38.6192,143.491,83.9362
-47.8271,158.588,76.1691
-56.4833,170.815,68.6525
-63.8319,179.644,62.115
-69.1759,183.913,56.8995
-72.3005,183.263,52.5209
-73.5734,177.952,48.3816
-73.5371,167.992,44.5056
-72.2341,153.566,41.2071
-69.7037,135.681,38.3441
-66.9697,114.91,36.3119
-63.9336,93.006,34.9423
-61.2616,71.3195,33.4048
-58.3004,50.312,31.7063
-55.1509,31.3033,29.4772
-52.3119,15.0148,26.8746
-49.9677,1.83681,24.0627
-47.887,-7.69231,20.7056
-45.9677,-14.0211,17.0249
-44.7102,-17.3588,13.2456
-43.635,-16.9304,8.86557
-43.4475,-14.4382,3.68554
-44.3209,-9.69583,-1.94185
-45.9092,-3.24781,-8.74204
-48.2995,4.34506,-16.9165
-51.3587,12.7433,-26.6154
-54.5211,21.6564,-37.6884
-57.3539,30.8012,-49.535
-60.0214,40.1212,-61.9702
-62.0494,49.0864,-74.5984
-63.8709,56.488,-87.1086
-64.7233,62.9989,-99.7036
-65.2975,68.1116,-111.892
-65.4886,71.658,-123.687
-65.3876,73.3226,-135.185
-64.5227,73.0749,-146.133
-62.8457,71.151,-156.424
-61.1987,67.77,-166.335
-59.4532,63.1166,-175.796
-57.1953,57.2304,-184.997
-54.5925,50.7366,-193.518
-52.6863,43.1513,-201.635
-50.2361,35.0006,-209.653
-47.9805,26.2816,-216.692
-45.9359,17.4088,-223.18
-44.0917,8.08459,-229.603
-42.5302,-1.6858,-235.806
-40.9237,-10.9801,-241.547
-38.9034,-19.9824,-247.109
-37.9387,-29.4943,-252.443
-37.4077,-37.9379,-257.5
-35.8261,-45.5007,-262.484
-34.6708,-52.7145,-266.882
-33.7828,-59.581,-270.824
-33.0896,-65.8138,-274.843
-32.3669,-70.9227,-278.955
-31.871,-74.6807,-282.98
-32.0893,-77.1414,-286.9
-31.932,-77.9017,-290.284
-31.4122,-76.7562,-293.697
-31.3182,-74.3629,-297.883
-31.577,-70.5247,-301.762
-30.5416,-65.3715,-305.418
-29.7627,-60.105,-308.838
-28.275,-55.1904,-311.927
-26.3767,-50.4843,-315.067
-24.8028,-46.178,-318.418
-23.1221,-42.7141,-321.459
-22.5334,-39.6557,-323.985
-22.9866,-37.8353,-325.783
-23.0027,-37.6176,-326.374
-23.3863,-37.5893,-326.979
-24.4547,-38.0919,-326.578
-25.1395,-38.894,-325.183
-25.7751,-39.5332,-323.455
-26.3809,-39.8073,-321.402
-26.6037,-39.4786,-319.161
-26.5056,-38.3757,-317.417
-26.1078,-37.2458,-315.676
-26.0334,-35.9255,-313.311
-24.5896,-34.9275,-311.616
-22.787,-33.7573,-310.631
-21.8319,-33.2842,-309.36
-20.3476,-33.1846,-308.001
-19.3185,-32.9177,-306.266
-18.762,-32.1613,-304.221
-18.0776,-30.9522,-302.122
-17.941,-29.5012,-299.702
-18.8162,-27.8589,-296.477
-19.651,-26.2795,-292.847
-20.5713,-24.1523,-289.34
-21.308,-21.6481,-284.762
-22.494,-19.0002,-279.797
-23.312,-16.5023,-274.244
-23.6545,-13.5433,-268.655
-24.0098,-10.2384,-262.941
-24.233,-6.92433,-256.595
-23.8714,-3.40298,-249.608
-23.9955,-0.0432113,-242.25
-23.5405,3.29906,-235.455
-23.4238,6.76235,-228.174
-23.2112,9.43111,-220.907
-22.6886,12.4075,-213.48
-22.2485,14.9841,-206.134
-21.3848,17.1875,-198.582
-20.139,18.7655,-190.394
-18.9834,19.9248,-181.698
-17.7746,21.4363,-173.032
-16.0513,22.4437,-164.314
-15.0719,23.4278,-155.351
-15.0542,23.9008,-147.012
-14.9378,25.1143,-137.825
-14.6934,26.7565,-128.341
-14.2783,28.4033,-119.089
-13.8821,30.0767,-109.601
-13.1891,32.1331,-99.9529
-11.8839,34.7279,-90.3832
-10.231,37.4143,-80.6081
-8.39282,39.6016,-70.7216
-6.2312,42.617,-59.9779
-4.79161,45.9961,-49.2396
-2.99451,49.2992,-38.8217
-1.24476,52.0992,-28.1018
0.523919,54.3759,-17.498
2.468,56.4797,-6.57945
4.78955,58.574,4.40462
7.43005,60.4009,15.1653
10.1927,61.8871,26.0617
13.3573,63.7533,36.6462
16.3106,64.912,47.4529
19.2142,67.0229,58.1871
21.0129,68.9602,68.3964
22.9733,70.5804,78.4287
24.7791,71.8513,88.2696
25.8677,73.2002,97.9881
26.7799,74.6912,107.572
27.8705,75.8501,117.214
28.4885,76.4245,127.208
28.7741,76.961,137.267
28.5285,76.7996,148.227
27.5837,76.41,159.075
26.7006,75.1434,169.914
26.2593,73.9977,180.569
25.6501,72.7565,191.429
24.906,71.5496,202.094
24.2183,70.7179,212.023
23.6035,70.3683,221.03
22.8969,70.4174,229.203
21.7914,70.9304,236.673
20.8212,71.1569,243.584
20.1758,71.5128,249.833
19.1901,71.0281,255.273
17.778,69.588,260.044
16.1778,67.2084,264.536
14.4415,64.0183,268.195
12.7904,59.9792,271.23
11.3357,55.0429,273.904
9.94525,49.4413,275.713
8.84306,43.5608,276.939
7.85843,37.3808,277.645
6.67288,31.36,277.412
4.97214,25.3985,276.714
3.47376,20.0231,275.327
2.27412,14.9554,273.683
1.12992,10.4618,272.054
0.222166,6.71715,270.642
-0.29494,3.40569,269.418
-0.580351,0.214427,268.201
-0.276126,-2.41438,267.247
0.45754,-3.90925,266.348
1.88701,-4.27283,265.792
3.44573,-3.10603,265.312
4.43495,-0.744327,264.879
4.94925,1.93629,264.552
5.24966,5.01958,264.178
5.48846,8.59494,263.554
5.46099,12.47,262.464
4.9067,16.5212,260.755
4.23757,20.6923,258.53
3.43595,24.8841,255.545
2.18589,29.293,252.28
0.310391,33.6404,248.386
-1.9242,37.4655,243.597
-4.16928,40.3885,238.247
-5.90259,41.9947,232.745
-7.10854,41.9124,227.363
-7.99822,39.8255,222.27
-8.34278,35.5128,217.632
-7.6359,29.0173,213.575
-6.27817,20.7318,209.951
-4.55618,10.9588,206.633
-2.02375,0.987845,204.107
0.749722,-8.72256,201.792
3.90242,-17.4603,199.438
6.94632,-24.4133,197.587
10.2156,-29.5453,196.101
14.2818,-33.2886,194.792
18.564,-35.7017,194.043
21.9208,-36.4967,193.44
25.0739,-36.3168,192.919
28.0234,-34.8463,192.817
30.1558,-32.1506,192.468
31.3183,-28.7044,191.699
31.5887,-24.5209,190.289
31.3927,-20.1988,188.537
30.9612,-16.1211,186.691
30.5401,-12.3873,184.852
30.3627,-9.34042,183.004
29.963,-7.62674,180.724
29.9446,-7.60131,177.907
30.4161,-9.2891,175.016
31.0246,-12.1568,172.842
32.9711,-16.2558,171.214
35.6392,-21.4548,170.221
38.2652,-27.4289,169.65
40.7467,-33.4418,169.139
43.3954,-38.9899,168.659
46.2781,-44.115,168.325
48.9588,-48.4808,167.682
50.9381,-51.1198,167.357
52.5578,-52.0293,166.792
53.834,-51.3786,165.715
54.8662,-48.7338,164.07
55.3934,-44.6821,161.689
54.8379,-39.2505,158.445
53.0513,-32.6404,154.432
50.4356,-25.2285,149.773
47.1306,-17.2014,144.501
42.4505,-8.85861,138.782
37.7387,-0.50587,132.753
33.3612,7.71317,126.194
28.2628,15.119,119.689
23.68,21.5353,112.986
19.4801,26.4783,106.132
15.8296,29.9083,99.7227
12.6739,32.0825,93.8536
9.65189,33.0433,88.0991
6.58429,32.8232,82.3571
3.67392,32.2046,77.1309
1.01021,30.838,71.8723
-1.58455,28.3894,66.6006
-3.80602,25.7501,61.2782
-6.27271,22.7025,57.08
-8.89781,20.0378,52.8252
-11.6486,17.4334,48.3312
-14.1084,14.7376,43.8251
-16.3399,12.2722,39.3677
-18.9474,10.1569,34.7768
-21.2638,8.29126,29.6488
-23.252,7.49238,24.7779
-25.0957,7.30569,20.3403
-26.8803,7.34539,16.2479
-28.3351,7.83044,11.9772
-29.7261,8.29947,7.40734
-30.7187,8.5356,3.16619
-31.1855,8.73988,-0.655841
-31.435,8.8583,-4.32691
-31.6831,8.472,-7.75822
-31.7252,7.80408,-10.9095
-31.6786,7.17964,-14.4122
-31.3888,6.05626,-17.1562
-31.1041,4.97771,-19.6416
-30.8263,3.29542,-21.8175
-30.0724,1.28793,-23.9419
-29.2848,-0.749948,-25.848
-28.6286,-2.9603,-27.7764
-27.9571,-5.30827,-29.6653
-27.3287,-7.48383,-30.9484
-26.7155,-9.9127,-32.1249
-26.4469,-12.2986,-32.6562
-25.4337,-13.9792,-33.8407
-24.4282,-15.899,-35.101
-23.6659,-17.6442,-36.059
-23.1612,-19.4115,-36.8336
-22.5669,-21.0861,-37.5556
-21.4945,-22.1461,-38.2959
-20.1761,-22.6591,-39.1002
-19.2497,-23.3095,-39.8857
-18.5132,-23.8885,-40.3361
-17.7437,-25.0074,-40.6222
-16.9709,-25.3326,-41.1588
-15.8255,-25.9867,-41.383
-15.1898,-26.9042,-41.1433
-14.5952,-27.3992,-41.0477
-14.1143,-27.6931,-40.8879
-13.6577,-28.3075,-40.3503
-13.2175,-29.3056,-39.2635
-13.0612,-30.2811,-37.5398
-12.8607,-31.1315,-35.5045
-13.2369,-32.9905,-33.4622
-13.3502,-34.594,-31.8023
-13.8025,-36.0974,-29.5114
-14.0866,-36.9436,-27.1825
-14.7106,-37.527,-25.0133
-15.3208,-37.6458,-23.0482
-15.6918,-37.405,-21.6415
-16.1368,-37.3088,-20.6221
-16.8132,-37.2533,-19.2448
-17.1386,-36.196,-17.9192
-17.0834,-35.431,-16.9354
-17.0238,-34.8545,-16.2067
-16.8655,-33.7445,-15.2805
-16.6259,-32.3048,-15.0002
-16.5784,-31.1906,-14.5127
-16.6563,-30.4992,-14.1155
-16.6202,-29.8753,-13.9241
-16.2855,-29.1611,-13.4359
-15.829,-28.5099,-12.5105
-15.8518,-27.7528,-11.9196
-15.4743,-27.0548,-11.4256
-15.2457,-25.9603,-11.5059
-15.4478,-24.9154,-10.8948
-15.5352,-23.5584,-11.1132
-15.497,-22.358,-10.8023
-15.5855,-21.1143,-10.2095
-15.7899,-19.5749,-10.0643
-15.8865,-18.003,-10.1316
-15.8713,-16.5763,-9.71665
-16.0954,-14.5396,-9.26279
-16.4667,-13.069,-8.93799
-16.0279,-11.1673,-8.34089
-15.8766,-10.2289,-8.11397
-15.4585,-8.44565,-7.87739
-14.9223,-6.8197,-7.63872
-14.3982,-5.68593,-7.07951
-14.0098,-4.81206,-6.54585
-13.6897,-3.90324,-6.32931
-13.1407,-2.88966,-5.96428
-12.3196,-2.1635,-5.45136
-11.6271,-1.95654,-5.54449
-10.5329,-1.18418,-5.67402
-9.6309,-0.982307,-5.37631
-9.30978,-0.411246,-5.63929
-8.93458,0.119826,-5.7345
-8.30235,0.178209,-5.67504
-7.72164,-0.109511,-5.84579
-7.21451,-0.359071,-6.27974
-6.53305,-0.460992,-6.67118
-6.20842,-0.682793,-6.95405
-5.70922,-1.46034,-7.13164
-5.47606,-2.38023,-7.27877
-5.00647,-3.18282,-7.16351
-4.74882,-4.30239,-6.91595
-4.17219,-5.37685,-6.65745
-3.72462,-6.14122,-6.58094
-3.3497,-6.93246,-6.76444
-2.77043,-7.72513,-6.76372
-2.2988,-7.9707,-6.23544
-2.01208,-8.23022,-6.13632
-1.75345,-8.67185,-5.42728
-1.71305,-8.74339,-5.3693
-1.64149,-8.23905,-5.5454
-1.45788,-8.26803,-5.35243
-1.32869,-8.10956,-5.10741
-1.26025,-7.7539,-5.0906
-1.30675,-7.38715,-5.10116
-1.4399,-6.87581,-4.88713
-1.4951,-6.18274,-4.61713
-1.53891,-5.85004,-4.60342
-1.49157,-5.21784,-4.76766
-1.21555,-4.6372,-4.57545
-1.19073,-4.13296,-4.58943
-1.42718,-4.05729,-4.54032
-1.39216,-3.78904,-4.41823
-1.37351,-3.38494,-4.2418
-1.52621,-2.83487,-4.14423
-1.66663,-2.11148,-4.07532
-1.73076,-1.48748,-3.85621
-1.8073,-1.03223,-3.80117
-1.79143,-0.792476,-3.63935
-1.98628,-0.25902,-3.5642
-2.02276,-0.0836193,-3.38576
-1.77156,0.090183,-3.16542
-1.86926,0.341053,-3.05242
-1.9965,0.564433,-2.91518
-1.85049,0.626331,-2.68222
-1.66921,0.576893,-2.48015
-1.75656,0.54947,-2.42207
-1.91229,0.368507,-2.39057
-1.98895,0.0595209,-2.37828
-1.91123,-0.193976,-2.16983
-1.845,-0.175128,-2.02825
-1.77671,-0.0713598,-1.97762
-1.6588,-0.190392,-1.95431
-1.35017,-0.160154,-1.83089
-0.893175,0.135003,-1.58275
-0.537639,0.409825,-1.30242
-0.342307,0.579493,-1.20944
0.117921,0.971433,-1.59924
0.433027,1.40748,-1.82069
0.74925,1.90432,-1.40917
1.38507,2.37859,-1.08369
1.88174,2.76696,-0.785126
2.16674,3.05521,-0.73877
2.2869,3.33276,-1.01002
2.43585,3.67091,-1.23793
2.62872,3.99478,-1.17776
2.61569,4.14334,-1.02619
2.44384,4.11008,-0.871613
2.47123,4.02749,-1.0059
2.44342,3.77874,-1.28112
2.34219,3.38276,-1.18808
2.34161,3.29862,-0.985431
2.42425,3.19708,-0.783633
2.53518,2.77643,-0.510123
2.762,2.07695,-0.0495278
3.10406,1.40861,0.451587
3.40593,1.06248,0.62922
3.71298,1.0368,0.530352
3.66119,1.07617,0.998528
3.81,0.667186,1.29135
4.3507,0.6507,1.32796
4.7773,0.899554,1.1602
4.91745,1.06997,1.13917
4.92582,1.09772,1.33636
5.01288,1.12353,1.3972
5.33517,1.23396,1.19264
5.75655,1.32095,1.08511
5.65159,1.25633,1.11502
5.56164,1.44841,0.942606
5.62007,1.9556,0.808195
5.59697,2.26739,0.822662
5.60656,2.33927,0.639436
5.47928,2.53018,0.397924
5.09252,2.70501,0.305412
4.60746,3.03088,0.322922
4.32543,3.62899,0.424658
4.20762,4.11532,0.690789
3.67928,4.34589,0.869855
3.16142,4.37659,1.01003
3.30931,4.51346,1.51342
3.28942,4.5208,1.6834
3.1215,4.22257,1.72268
2.8948,4.07785,1.92144
2.63573,3.84446,2.02256
2.31076,3.45089,2.1001
2.01714,3.05758,2.25179
2.02787,2.56524,2.25673
2.39238,1.83353,2.2483
2.24816,1.60899,1.39718
2.12988,1.49228,1.30415
2.33528,1.04578,1.0914
2.10973,0.883419,0.611467
2.16716,0.79011,0.472211
2.15548,0.555707,0.664381
1.94752,0.632525,0.809814
1.73835,1.12316,0.742429
1.45493,1.48401,0.628698
1.14713,2.09496,0.573192
0.831043,2.49697,0.638286
0.863255,3.04079,0.385278
0.399626,3.22017,0.33898
0.0320345,3.23881,0.706878
0.171403,3.39894,0.721678
0.112331,3.87731,0.810267
0.0154451,4.18068,0.838154
0.211674,4.06205,0.535718
0.264388,3.85593,0.537513
0.444234,3.20374,1.20391
0.677603,2.98998,1.54554
0.297721,2.73255,1.4108
0.993268,1.91051,1.31473
1.51368,1.43736,0.913445
1.71737,0.97587,1.04533
1.73891,0.458318,1.27387
1.79459,0.146049,1.45348
1.87505,0.0840621,1.62925
1.77718,-0.0215252,1.4705
1.68268,-0.203893,1.18533
1.79805,-0.24408,0.467868
1.73648,0.0285164,1.00287
1.3877,0.312564,1.06688
0.922985,0.376026,1.15386
0.984565,0.308386,1.11595
1.17719,0.460598,1.18107
1.28285,0.666826,1.18967
1.08619,0.614682,0.919798
0.460085,0.391677,0.736066
0.598859,0.100036,0.928366
