24.1153,12.058,-8.48515
24.2586,12.0046,-8.57316
24.4044,11.9318,-8.67077
24.5491,11.8416,-8.77741
24.6953,11.7367,-8.89204
24.8436,11.6173,-9.015
24.9923,11.4845,-9.14639
25.1411,11.3406,-9.28513
25.29,11.1865,-9.4308
25.438,11.0195,-9.58495
25.6092,10.823,-9.74005
25.781,10.6187,-9.89994
25.9545,10.4073,-10.0687
26.1296,10.1898,-10.251
26.3046,9.96849,-10.4449
26.4777,9.74548,-10.6448
26.6476,9.52135,-10.8494
26.815,9.29405,-11.0594
26.9814,9.06048,-11.2747
27.1458,8.82114,-11.4994
27.3073,8.57767,-11.7371
27.4657,8.33089,-11.9908
27.6108,8.08155,-12.2588
27.75,7.83004,-12.5428
27.8819,7.57884,-12.8399
28.0074,7.32979,-13.1499
28.1223,7.08725,-13.4748
28.2247,6.85532,-13.8154
28.3191,6.63576,-14.1695
28.4049,6.43306,-14.5364
28.4815,6.25684,-14.9107
28.5495,6.10963,-15.306
28.6044,5.99262,-15.7125
28.6486,5.91039,-16.1323
28.6796,5.86451,-16.5701
28.7028,5.8514,-17.0278
28.7193,5.87206,-17.5041
28.7263,5.92736,-18.0002
28.7224,6.01327,-18.5219
28.7084,6.12986,-19.0728
28.6849,6.27812,-19.6528
28.6491,6.45839,-20.2697
28.6043,6.66555,-20.9178
28.5501,6.89364,-21.5985
28.4852,7.13898,-22.3101
28.4087,7.39834,-23.0512
28.3162,7.67025,-23.8243
28.2042,7.95184,-24.6329
28.0747,8.23711,-25.4798
27.9295,8.52121,-26.3685
27.7644,8.80119,-27.2976
27.5793,9.06873,-28.2708
27.3805,9.32079,-29.2808
27.1663,9.55902,-30.3155
26.9347,9.78063,-31.3802
26.6875,9.98311,-32.4748
26.4217,10.166,-33.5959
26.1343,10.3298,-34.7415
25.8253,10.4751,-35.9101
25.4882,10.6027,-37.0993
25.1237,10.7172,-38.3069
24.7277,10.8206,-39.5303
24.3053,10.9216,-40.7632
23.8586,11.0211,-41.9942
23.3888,11.1225,-43.2242
22.8986,11.2256,-44.4504
22.3859,11.3329,-45.667
21.8489,11.4452,-46.8693
21.2902,11.5594,-48.0541
20.7093,11.6759,-49.2193
20.1077,11.7912,-50.363
19.4761,11.9109,-51.4742
18.818,12.0342,-52.5561
18.1326,12.1616,-53.6061
17.4158,12.2906,-54.6178
16.6663,12.4218,-55.5899
15.885,12.5551,-56.5207
15.0729,12.6878,-57.4074
14.2301,12.8161,-58.2494
13.3576,12.9394,-59.0457
12.4518,13.0546,-59.7966
11.5057,13.1591,-60.4958
10.5241,13.2497,-61.1533
9.50634,13.3274,-61.7671
8.45312,13.3906,-62.3328
7.36721,13.4387,-62.8507
6.25188,13.4698,-63.3206
5.10837,13.4836,-63.7397
3.93753,13.4828,-64.1032
2.74296,13.4647,-64.4064
1.51668,13.4302,-64.6554
0.258425,13.3778,-64.853
-1.02768,13.3102,-65.0078
-2.33936,13.2268,-65.1154
-3.67504,13.1275,-65.1714
-5.03485,13.0128,-65.1727
-6.4173,12.8849,-65.1215
-7.82043,12.7462,-65.0202
-9.24299,12.5979,-64.8663
-10.6817,12.4412,-64.6585
-12.134,12.2794,-64.4055
-13.5964,12.1157,-64.1073
-15.0629,11.9575,-63.7753
-16.5345,11.8064,-63.4076
-18.0125,11.6627,-63.0014
-19.4903,11.5287,-62.5554
-20.9633,11.4046,-62.0642
-22.4178,11.2818,-61.5289
-23.8122,11.131,-60.9649
-25.1059,10.9166,-60.382
-26.4235,10.7492,-59.7583
-27.8327,10.7005,-59.0819
-29.2204,10.6717,-58.3823
-30.586,10.6636,-57.6641
-31.929,10.6731,-56.925
-33.2504,10.6948,-56.1599
-34.5508,10.7239,-55.3613
-35.8278,10.7568,-54.5286
-37.0778,10.7886,-53.6683
-38.2996,10.8103,-52.7789
-39.4946,10.8181,-51.8544
-40.6613,10.8109,-50.8991
-41.8002,10.7933,-49.9182
-42.9103,10.7615,-48.9149
-43.9913,10.7136,-47.8897
-45.041,10.6461,-46.8364
-46.0576,10.5582,-45.7534
-47.041,10.4523,-44.6477
-47.991,10.3302,-43.5264
-48.906,10.1921,-42.3874
-49.7825,10.0323,-41.2255
-50.6141,9.83901,-40.0343
-51.4035,9.62057,-38.8227
-52.1455,9.37747,-37.5904
-52.8375,9.10994,-36.338
-53.4762,8.81852,-35.0687
-54.0587,8.50506,-33.7855
-54.5835,8.1737,-32.4906
-55.0501,7.82951,-31.1869
-55.4581,7.47611,-29.877
-55.8088,7.12123,-28.5629
-56.091,6.76201,-27.2442
-56.3125,6.39767,-25.9213
-56.4756,6.03519,-24.5985
-56.5825,5.67591,-23.2761
-56.6338,5.31813,-21.9545
-56.6308,4.96095,-20.6354
-56.5753,4.60675,-19.3214
-56.469,4.26071,-18.0153
-56.313,3.92805,-16.7207
-56.1069,3.6139,-15.4378
-55.849,3.32848,-14.1705
-55.5497,3.0735,-12.9219
-55.2111,2.85197,-11.6946
-54.8338,2.67355,-10.5016
-54.4207,2.54162,-9.34435
-53.9759,2.45492,-8.21565
-53.5015,2.41084,-7.10881
-52.9978,2.40275,-6.01479
-52.4651,2.41736,-4.91406
-51.906,2.45974,-3.81531
-51.3221,2.54061,-2.72837
-50.7162,2.66313,-1.67985
-50.09,2.81887,-0.653707
-49.4428,3.00202,0.361055
-48.7749,3.19856,1.39387
-48.0841,3.40645,2.45025
-47.3682,3.63278,3.51619
-46.6261,3.88031,4.58587
-45.8543,4.14882,5.66015
-45.0523,4.43507,6.74031
-44.2155,4.73643,7.82736
-43.3434,5.07165,8.87075
-42.4326,5.42351,9.90022
-41.482,5.78752,10.9284
-40.4919,6.16241,11.9557
-39.4626,6.54586,12.9826
-38.3961,6.93626,14.0095
-37.2954,7.33509,15.0311
-36.156,7.7599,16.0455
-34.9308,8.31684,17.0846
-33.6642,8.93079,18.1082
-32.3895,9.57065,19.0963
-31.1456,10.1155,20.0223
-29.9103,10.6334,20.9042
-28.671,11.166,21.7517
-27.4262,11.7196,22.5705
-26.1798,12.2888,23.3661
-24.9377,12.8681,24.1337
-23.6974,13.4604,24.8512
-22.4296,14.0702,25.5246
-21.1674,14.6859,26.1463
-19.9033,15.3119,26.7127
-18.6319,15.947,27.2225
-17.3625,16.591,27.6893
-16.0789,17.2449,28.0979
-14.7789,17.901,28.4422
-13.4718,18.5467,28.7272
-12.1552,19.1721,28.9496
-10.8227,19.7674,29.1057
-9.47671,20.3226,29.1945
-8.12019,20.8131,29.2065
-6.75054,21.2416,29.1456
-5.37117,21.6006,29.0053
-3.99069,21.8861,28.796
-2.6121,22.0985,28.5125
-1.23569,22.2407,28.1472
0.133966,22.3176,27.6986
1.48739,22.3362,27.1683
2.81823,22.3056,26.5592
4.12517,22.2365,25.8779
5.40252,22.1389,25.1188
6.64943,22.0241,24.2915
7.86109,21.9015,23.3983
9.03692,21.7771,22.4421
10.1705,21.6577,21.4309
11.2563,21.549,20.3655
12.2954,21.4571,19.2447
13.2927,21.3889,18.0729
14.2507,21.3462,16.8507
15.1703,21.3264,15.5796
16.0483,21.3307,14.2595
16.8939,21.3487,12.8932
17.7096,21.3739,11.4821
18.4988,21.3952,10.0267
19.2594,21.4032,8.53917
19.9935,21.3903,7.01148
20.7054,21.3478,5.42423
21.3954,21.2694,3.77288
22.0623,21.1579,2.06314
22.7018,21.0144,0.292017
23.3115,20.8315,-1.54669
23.891,20.6167,-3.44277
24.4358,20.3717,-5.38966
24.9411,20.0982,-7.38485
25.4028,19.7976,-9.42495
25.8194,19.4729,-11.5043
26.1892,19.1291,-13.616
26.5067,18.7702,-15.7521
26.7675,18.3982,-17.9022
26.97,18.0173,-20.0558
27.1029,17.6295,-22.206
27.1675,17.2359,-24.3394
27.1594,16.8393,-26.4499
27.077,16.441,-28.5356
26.9189,16.0447,-30.5936
26.6868,15.652,-32.622
26.3841,15.261,-34.6217
26.0134,14.8684,-36.5929
25.5754,14.4736,-38.529
25.0709,14.0767,-40.4261
24.4924,13.6797,-42.2731
23.8482,13.2889,-44.0716
23.1427,12.9086,-45.8187
22.3819,12.5406,-47.5081
21.5686,12.1879,-49.1404
20.7042,11.8542,-50.7154
19.7885,11.5429,-52.2311
18.8206,11.257,-53.6867
17.8037,10.9983,-55.0805
16.7377,10.7716,-56.4108
15.6238,10.5821,-57.6678
14.473,10.4226,-58.8566
13.283,10.2939,-59.9781
12.0575,10.195,-61.0296
10.7995,10.125,-62.007
9.51081,10.0829,-62.9106
8.19437,10.0689,-63.7433
6.85427,10.0834,-64.5068
5.49591,10.1233,-65.2016
4.12289,10.1838,-65.8342
2.73736,10.2656,-66.4021
1.34213,10.3573,-66.9112
-0.0608054,10.4531,-67.3671
-1.46977,10.5495,-67.772
-2.88336,10.6442,-68.1272
-4.30088,10.7371,-68.4336
-5.72107,10.8308,-68.6909
-7.14211,10.9268,-68.8984
-8.56359,11.0251,-69.0552
-9.98251,11.1317,-69.1667
-11.3972,11.249,-69.2312
-12.8052,11.3758,-69.2525
-14.2064,11.5098,-69.2277
-15.5992,11.6526,-69.1647
-16.983,11.8048,-69.0709
-18.3574,11.9658,-68.952
-19.7226,12.1333,-68.8086
-21.0797,12.3046,-68.6359
-22.4284,12.478,-68.4306
-23.7688,12.6499,-68.1884
-25.0984,12.818,-67.9142
-26.4181,12.9814,-67.6091
-27.7282,13.1383,-67.2701
-29.0276,13.287,-66.9019
-30.277,13.4056,-66.5148
-31.4321,13.4697,-66.1187
-32.5133,13.4895,-65.7115
-33.5894,13.4996,-65.2809
-34.6602,13.4986,-64.8259
-35.7269,13.4862,-64.3445
-36.8574,13.4798,-63.8232
-38.0718,13.4887,-63.2658
-39.2881,13.4822,-62.6801
-40.4932,13.4564,-62.0673
-41.6845,13.4147,-61.4332
-42.8605,13.36,-60.7807
-44.0204,13.2937,-60.1093
-45.1628,13.2171,-59.4198
-46.2854,13.1323,-58.7176
-47.3872,13.0422,-58.0051
-48.4669,12.9487,-57.2838
-49.5247,12.8527,-56.5543
-50.5593,12.7533,-55.8148
-51.5705,12.6496,-55.0641
-52.5586,12.543,-54.3049
-53.5235,12.4337,-53.5391
-54.4644,12.3201,-52.7667
-55.3794,12.2008,-51.9866
-56.2689,12.0755,-51.1965
-57.1343,11.9433,-50.3955
-57.9738,11.8009,-49.5777
-58.7896,11.6473,-48.7414
-59.5811,11.4828,-47.889
-60.3474,11.3063,-47.0172
-61.0864,11.1177,-46.1242
-61.7971,10.9186,-45.2118
-62.4798,10.7114,-44.2836
-63.1351,10.4985,-43.3422
-63.7631,10.2816,-42.3871
-64.3623,10.0599,-41.4158
-64.9286,9.83284,-40.4275
-65.4648,9.60268,-39.4252
-65.9687,9.37191,-38.4101
-66.4382,9.14292,-37.3839
-66.8718,8.91712,-36.3465
-67.2688,8.69568,-35.298
-67.6291,8.48183,-34.2406
-67.9523,8.2788,-33.1766
-68.238,8.08407,-32.1023
-68.4871,7.89754,-31.0172
-68.6942,7.72785,-29.9299
-68.862,7.5744,-28.8443
-68.9911,7.43692,-27.7595
-69.0821,7.31352,-26.6739
-69.1351,7.2017,-25.5876
-69.1517,7.10072,-24.4996
-69.1338,7.01069,-23.4086
-69.082,6.9292,-22.3106
-68.9963,6.85037,-21.1965
-68.8755,6.77578,-20.0681
-68.7149,6.71347,-18.9333
-68.5176,6.66379,-17.7941
-68.2818,6.62938,-16.6478
-68.0081,6.60997,-15.4944
-67.6963,6.6058,-14.3354
-67.344,6.61762,-13.1718
-66.9481,6.64609,-12.0042
-66.5069,6.69145,-10.8335
-66.0202,6.75347,-9.66005
-65.4855,6.83109,-8.48478
-64.8949,6.92665,-7.30853
-64.2539,7.03626,-6.13339
-63.5633,7.15863,-4.96346
-62.8244,7.29176,-3.79932
-62.0423,7.43628,-2.64124
-61.2219,7.59356,-1.49023
-60.3656,7.76396,-0.346647
-59.4748,7.94753,0.789742
-58.5506,8.14614,1.9169
-57.5909,8.36308,3.0336
-56.5872,8.62885,4.09679
-55.5443,8.93406,5.13163
-54.4616,9.27248,6.1487
-53.3444,9.62647,7.182
-52.1945,9.99933,8.22851
-51.0117,10.401,9.26996
-49.795,10.8413,10.2821
-48.5435,11.3245,11.2456
-47.2619,11.8368,12.1753
-45.9527,12.3697,13.0803
-44.6165,12.9195,13.9586
-43.2517,13.478,14.8119
-41.8554,14.0426,15.6376
-40.4179,14.7006,16.4701
-38.9326,15.4387,17.3018
-37.4171,16.1439,18.0884
-35.8908,16.7601,18.8096
-34.3516,17.3488,19.4907
-32.7997,17.9374,20.1476
-31.2384,18.5232,20.7768
-29.666,19.0985,21.3729
-28.084,19.6522,21.9525
-26.4874,20.1754,22.5086
-24.8729,20.6588,23.034
-23.2383,21.0939,23.5252
-21.5831,21.474,23.9776
-19.9094,21.7945,24.3853
-18.22,22.0523,24.7441
-16.5156,22.2456,25.049
-14.7991,22.3753,25.2922
-13.0717,22.4367,25.4589
-11.3354,22.4442,25.5571
-9.59366,22.4039,25.584
-7.84818,22.323,25.536
-6.1086,22.2073,25.4178
-4.38387,22.0633,25.2438
-2.67577,21.899,25.011
-0.988232,21.7195,24.7002
0.659107,21.5222,24.3237
2.26602,21.3149,23.8679
3.81801,21.1031,23.3299
5.31653,20.8979,22.719
6.75779,20.7059,22.0463
8.13807,20.5321,21.3134
9.45367,20.3841,20.524
10.6981,20.2696,19.6993
11.8688,20.1909,18.8491
12.9707,20.1447,17.9564
14.0074,20.1287,17.0206
14.9835,20.1373,16.0443
15.8967,20.1708,15.0283
16.7623,20.2179,13.9555
17.5804,20.2794,12.8488
18.3481,20.3528,11.7315
19.0708,20.437,10.5973
19.7548,20.5284,9.42462
20.4011,20.6255,8.21462
21.0091,20.7298,6.99087
21.5874,20.8371,5.74736
22.1394,20.9461,4.47845
22.6673,21.0489,3.17979
23.1727,21.1399,1.8517
23.654,21.2173,0.495895
24.114,21.2774,-0.888897
24.5534,21.3148,-2.30575
24.9715,21.3248,-3.75619
25.3677,21.3047,-5.2413
25.7415,21.2539,-6.76229
26.0916,21.1734,-8.3176
26.4161,21.0631,-9.91092
26.7039,20.92,-11.5393
26.9532,20.7529,-13.203
27.1586,20.5683,-14.8735
27.3144,20.37,-16.5512
27.4185,20.1635,-18.2445
27.4682,19.9578,-19.9419
27.4606,19.7622,-21.623
27.393,19.5837,-23.2736
27.2597,19.4301,-24.8762
27.0635,19.2985,-26.443
26.7989,19.1919,-27.9601
26.4747,19.105,-29.4302
26.0939,19.0353,-30.8542
25.6603,18.9762,-32.2357
25.1773,18.9231,-33.5772
24.6501,18.8735,-34.8809
24.0823,18.8278,-36.1489
23.4747,18.7897,-37.3816
22.827,18.7642,-38.5778
22.1379,18.7592,-39.7328
21.4023,18.7871,-40.8433
20.624,18.8534,-41.91
19.8035,18.9663,-42.9305
18.9399,19.1283,-43.899
18.0363,19.3374,-44.815
17.0928,19.5904,-45.6785
16.1083,19.8824,-46.4896
15.0848,20.2052,-47.2497
14.0232,20.5487,-47.9576
12.924,20.9064,-48.6085
11.7839,21.2747,-49.2099
10.612,21.6423,-49.7661
9.40747,22.0025,-50.28
8.17568,22.35,-50.7511
6.92041,22.6809,-51.1813
5.64381,22.9931,-51.5732
4.34871,23.2854,-51.9281
3.03913,23.556,-52.2461
1.7182,23.8043,-52.5279
0.386951,24.0362,-52.7725
-0.950439,24.2525,-52.9716
-2.29122,24.4552,-53.1362
-3.63636,24.6454,-53.2647
-4.98533,24.8233,-53.3546
-6.3389,24.9916,-53.4082
-7.6969,25.1516,-53.4302
-9.05683,25.3032,-53.424
-10.4164,25.4478,-53.3902
-11.7764,25.5875,-53.3296
-13.1333,25.723,-53.2415
-14.4871,25.8528,-53.1233
-15.8374,25.9802,-52.9811
-17.1785,26.1051,-52.8184
-18.5101,26.2264,-52.6329
-19.8315,26.3429,-52.4223
-21.1419,26.455,-52.188
-22.4412,26.5642,-51.9328
-23.7164,26.6633,-51.658
-24.919,26.7247,-51.366
-25.997,26.7206,-51.0595
-27.0606,26.7204,-50.7285
-28.115,26.7244,-50.3665
-29.2058,26.7515,-49.9855
-30.3737,26.8171,-49.5925
-31.566,26.8997,-49.1895
-32.744,26.9836,-48.7769
-33.9072,27.0684,-48.3535
-35.0555,27.1535,-47.917
-36.1884,27.2368,-47.4664
-37.3049,27.32,-47.0091
-38.4025,27.4038,-46.5451
-39.4822,27.4854,-46.0766
-40.5443,27.5642,-45.6025
-41.5876,27.6369,-45.1233
-42.613,27.7008,-44.637
-43.6214,27.753,-44.1408
-44.6119,27.7912,-43.6338
-45.5817,27.8156,-43.1178
-46.5298,27.8277,-42.5917
-47.456,27.8269,-42.0553
-48.3595,27.8114,-41.507
-49.2415,27.7796,-40.9443
-50.1034,27.7282,-40.3644
-50.9448,27.6564,-39.7676
-51.7637,27.5644,-39.1535
-52.5595,27.4516,-38.5218
-53.3335,27.3183,-37.8716
-54.0867,27.1657,-37.201
-54.8182,26.9958,-36.509
-55.526,26.8081,-35.7926
-56.2069,26.6042,-35.0458
-56.8634,26.3926,-34.2776
-57.4947,26.176,-33.4913
-58.0988,25.956,-32.6877
-58.6758,25.7336,-31.8677
-59.2264,25.5086,-31.0292
-59.7502,25.28,-30.1694
-60.2464,25.0484,-29.2887
-60.7146,24.8172,-28.3927
-61.1532,24.5915,-27.4903
-61.5576,24.3724,-26.585
-61.9319,24.1544,-25.6668
-62.2781,23.9315,-24.7234
-62.594,23.7111,-23.7649
-62.8758,23.5024,-22.8036
-63.1223,23.3054,-21.8392
-63.3341,23.1151,-20.865
-63.5114,22.9297,-19.8782
-63.6537,22.7498,-18.8793
-63.7598,22.5798,-17.874
-63.8258,22.4108,-16.8493
-63.8549,22.2427,-15.8092
-63.8455,22.0831,-14.7632
-63.7946,21.9402,-13.7248
-63.7018,21.8133,-12.6967
-63.5668,21.6973,-11.6722
-63.3903,21.5854,-10.6387
-63.1751,21.4716,-9.58697
-62.9251,21.3582,-8.52381
-62.6368,21.2531,-7.4629
-62.2966,21.172,-6.42593
-61.9109,21.1083,-5.40529
-61.4815,21.0545,-4.38903
-61.0086,21.0105,-3.37682
-60.4932,20.9745,-2.36836
-59.9375,20.9457,-1.36242
-59.3424,20.925,-0.358093
-58.7065,20.9117,0.645201
-58.0276,20.9045,1.64841
-57.3041,20.903,2.64872
-56.5328,20.9106,3.64297
-55.7186,20.9244,4.63401
-54.8622,20.9465,5.61934
-53.9658,20.9789,6.59346
-53.031,21.0214,7.55565
-52.0599,21.0754,8.50593
-51.0538,21.1442,9.44224
-50.0132,21.2312,10.3624
-48.9404,21.337,11.2669
-47.8381,21.4619,12.1568
-46.7095,21.6216,13.0464
-45.5451,21.7889,13.9161
-44.3494,21.9566,14.7778
-43.1238,22.1273,15.6384
-41.8658,22.2972,16.4995
-40.5753,22.4591,17.3655
-39.2515,22.6071,18.2376
-37.891,22.7388,19.1085
-36.4917,22.866,19.9743
-35.0419,23.0754,20.8496
-33.5351,23.3246,21.7074
-31.9818,23.5882,22.5304
-30.3907,23.8786,23.3232
-28.8075,24.1322,24.0538
-27.2406,24.3728,24.72
-25.6845,24.6493,25.3303
-24.1402,24.9824,25.8884
-22.6143,25.3687,26.3977
-21.1142,25.7982,26.8649
-19.637,26.2579,27.289
-18.1988,26.7303,27.6809
-16.7855,27.1906,28.0437
-15.4089,27.6222,28.3815
-14.0589,28.0159,28.6898
-12.7286,28.3664,28.9573
-11.4171,28.6715,29.1739
-10.1236,28.9337,29.3365
-8.84339,29.1586,29.4478
-7.57142,29.3487,29.5056
-6.30453,29.5096,29.509
-5.03804,29.6419,29.4541
-3.76909,29.7515,29.3402
-2.49542,29.8386,29.163
-1.21905,29.9053,28.9346
0.059448,29.9552,28.6524
1.33964,29.9924,28.31
2.62001,30.0197,27.9035
3.89796,30.0391,27.432
5.16989,30.0525,26.8994
6.43217,30.0623,26.3034
7.68265,30.0724,25.6342
8.90916,30.0881,24.937
10.1184,30.1078,24.1856
11.3142,30.1289,23.3739
12.4942,30.145,22.5014
13.6574,30.145,21.5581
14.8011,30.1201,20.5452
15.9189,30.0669,19.4824
17.0093,29.982,18.3761
18.0701,29.8676,17.2335
19.0918,29.7205,16.053
20.0716,29.5502,14.8496
21.0098,29.3636,13.6277
21.9028,29.1678,12.3863
22.7524,28.9702,11.1259
23.5594,28.778,9.84917
24.3244,28.5962,8.55743
25.0512,28.4267,7.24854
25.7437,28.2713,5.91895
26.4043,28.1271,4.55667
27.0277,27.9987,3.16121
27.6212,27.8804,1.73172
28.1834,27.7713,0.271062
28.7167,27.6644,-1.22531
29.2243,27.5546,-2.7688
29.704,27.4396,-4.35278
30.1516,27.3181,-5.96912
30.5675,27.1871,-7.62664
30.955,27.0437,-9.32789
31.3088,26.893,-11.0575
31.6248,26.74,-12.817
31.9032,26.5902,-14.5958
32.1377,26.4462,-16.3912
32.3198,26.3129,-18.1736
32.4493,26.1908,-19.9485
32.5273,26.0806,-21.7193
32.5543,25.9826,-23.4871
32.5278,25.8971,-25.2544
32.4391,25.832,-26.9894
32.2865,25.7967,-28.6637
32.0807,25.773,-30.3303
31.8191,25.7665,-31.9547
31.4988,25.7744,-33.5337
31.1135,25.8031,-35.0384
30.6665,25.8484,-36.4858
30.1616,25.9052,-37.8912
29.5993,25.9757,-39.2522
28.9806,26.0674,-40.5656
28.3093,26.1864,-41.833
27.5909,26.3387,-43.0516
26.8258,26.5343,-44.2163
26.0178,26.7697,-45.3324
25.1731,27.0435,-46.4036
24.2914,27.3495,-47.4238
23.3716,27.6821,-48.383
22.4075,28.0363,-49.2919
21.3981,28.4086,-50.1676
20.35,28.7994,-51.0073
19.258,29.2102,-51.7952
18.1302,29.6279,-52.534
16.9673,30.0397,-53.2329
15.769,30.4457,-53.8825
14.5405,30.8396,-54.4896
13.2804,31.2177,-55.0583
11.9895,31.5799,-55.5906
10.6707,31.9246,-56.0897
9.32881,32.2505,-56.5586
7.96855,32.5594,-56.998
6.5938,32.8556,-57.4079
5.20756,33.1397,-57.7817
3.81426,33.4135,-58.1232
2.41308,33.6813,-58.4408
1.00851,33.9452,-58.7362
-0.395916,34.207,-59.0091
-1.79788,34.4671,-59.2601
-3.19641,34.7234,-59.4844
-4.58924,34.9746,-59.6804
-5.97262,35.2221,-59.8549
-7.34541,35.4669,-60.0116
-8.70567,35.709,-60.1529
-10.0525,35.9482,-60.2746
-11.3901,36.1847,-60.3784
-12.7208,36.4141,-60.46
-14.0196,36.6143,-60.5203
-15.2312,36.7429,-60.5587
-16.3841,36.8207,-60.5787
-17.5348,36.8891,-60.5829
-18.6919,36.9498,-60.5703
-19.8905,37.0163,-60.5429
-21.1838,37.1191,-60.4995
-22.476,37.1906,-60.4228
-23.764,37.2334,-60.321
-25.0479,37.2479,-60.1933
-26.329,37.2342,-60.0341
-27.6051,37.1921,-59.8455
-28.8745,37.1227,-59.6291
-30.1362,37.0278,-59.3831
-31.3875,36.9097,-59.1073
-32.6245,36.7723,-58.8057
-33.8473,36.6188,-58.4791
-35.0525,36.454,-58.1257
-36.242,36.2785,-57.7512
-37.4148,36.0928,-57.3555
-38.5686,35.8994,-56.9369
-39.7017,35.7,-56.4957
-40.8115,35.4971,-56.0325
-41.896,35.2922,-55.5479
-42.9544,35.0843,-55.0435
-43.986,34.873,-54.5193
-44.9881,34.6593,-53.9779
-45.9564,34.4421,-53.4191
-46.896,34.2215,-52.8419
-47.8078,33.9979,-52.2463
-48.6929,33.7702,-51.6292
-49.5521,33.5364,-50.9866
-50.3846,33.2958,-50.3205
-51.1895,33.0482,-49.6344
-51.9682,32.7931,-48.9273
-52.7218,32.532,-48.1988
-53.4477,32.2681,-47.4521
-54.1431,32.0008,-46.6857
-54.8111,31.7284,-45.8995
-55.4511,31.4506,-45.0922
-56.063,31.1699,-44.267
-56.6456,30.8893,-43.4294
-57.1971,30.6119,-42.5826
-57.716,30.3386,-41.7261
-58.202,30.0671,-40.8557
-58.6555,29.794,-39.9675
-59.0753,29.5179,-39.0604
-59.4544,29.2437,-38.1385
-59.799,28.9723,-37.2059
-60.1091,28.7039,-36.2634
-60.3854,28.4404,-35.3091
-60.63,28.1824,-34.3398
-60.8433,27.9295,-33.3539
-61.0245,27.6827,-32.3542
-61.1735,27.4454,-31.3458
-61.2917,27.2192,-30.3307
-61.379,27.0046,-29.3077
-61.431,26.8027,-28.2767
-61.4518,26.6117,-27.2414
-61.4407,26.4324,-26.2047
-61.3974,26.2637,-25.1687
-61.3217,26.1028,-24.1329
-61.2147,25.9471,-23.0959
-61.0779,25.796,-22.0576
-60.9126,25.6496,-21.0212
-60.7201,25.508,-19.9882
-60.5027,25.3638,-18.9466
-60.2529,25.2182,-17.8999
-59.9663,25.0841,-16.874
-59.6447,24.959,-15.866
-59.2905,24.8391,-14.8677
-58.9049,24.7242,-13.8779
-58.4889,24.6135,-12.8966
-58.0458,24.5002,-11.9153
-57.5796,24.3757,-10.9214
-57.0896,24.2415,-9.91962
-56.5749,24.1038,-8.92097
-56.031,23.9727,-7.94605
-55.462,23.8429,-6.9857
-54.873,23.7135,-6.03336
-54.2663,23.5855,-5.08582
-53.6402,23.4609,-4.14398
-52.9917,23.3415,-3.21067
-52.3181,23.2303,-2.28898
-51.6201,23.1317,-1.38125
-50.9005,23.0485,-0.487685
-50.1595,22.9831,0.394037
-49.397,22.9355,1.27381
-48.6172,22.9042,2.14991
-47.8188,22.8904,3.02072
-47.0013,22.8943,3.8874
-46.1635,22.9158,4.74829
-45.3054,22.9525,5.60218
-44.4276,23.0012,6.44965
-43.5315,23.0593,7.29251
-42.6209,23.124,8.13349
-41.6987,23.1929,8.97096
-40.7667,23.2647,9.8044
-39.8267,23.3338,10.6369
-38.8789,23.3989,11.4657
-37.9302,23.4606,12.2906
-36.9768,23.5177,13.1106
-36.0157,23.5692,13.9231
-35.0481,23.6154,14.728
-34.0745,23.6568,15.5299
-33.0935,23.6925,16.3328
-32.1012,23.7238,17.132
-31.0896,23.751,17.9205
-30.0547,23.7774,18.6937
-28.9952,23.8012,19.4544
-27.9031,23.8239,20.1995
-26.7737,23.8973,20.9338
-25.5962,24.03,21.6591
-24.3671,24.1555,22.3634
-23.0975,24.2168,23.0325
-21.7916,24.2626,23.676
-20.4521,24.3041,24.3019
-19.086,24.3346,24.9085
-17.698,24.3518,25.49
-16.2897,24.3551,26.0444
-14.8648,24.3477,26.5608
-13.428,24.3277,27.0349
-11.9857,24.2949,27.4705
-10.5415,24.2519,27.8691
-9.09353,24.2009,28.2247
-7.64102,24.1432,28.531
-6.18244,24.0817,28.7851
-4.71405,24.0207,28.977
-3.2378,23.9593,29.1147
-1.75531,23.8996,29.1991
-0.274346,23.8433,29.2416
1.20568,23.7949,29.2369
2.68285,23.7569,29.181
4.15471,23.7318,29.075
5.62212,23.7232,28.9189
7.08026,23.7301,28.712
8.5229,23.7506,28.4559
9.93129,23.788,28.1835
11.3085,23.8353,27.861
12.6484,23.8864,27.4833
13.9481,23.9366,27.0468
15.2089,23.9824,26.5493
16.4294,24.0192,25.9896
17.6044,24.0412,25.3668
18.7278,24.042,24.6815
19.7955,24.0169,23.9364
20.8,23.9629,23.1348
21.7334,23.8742,22.2496
22.5955,23.7667,21.3481
23.3886,23.6371,20.4149
24.1133,23.4889,19.4543
24.7707,23.325,18.4704
25.3636,23.1486,17.4664
25.8961,22.9639,16.4421
26.3711,22.7772,15.3972
26.7881,22.5981,14.3432
27.151,22.4355,13.2799
27.4644,22.3042,12.2012
27.7401,22.204,11.0967
27.9834,22.1394,9.96861
28.2024,22.1135,8.814
28.3959,22.1212,7.62203
28.5649,22.1574,6.38809
28.7137,22.2171,5.11032
28.8441,22.2924,3.78313
28.9579,22.3772,2.40488
29.055,22.4656,0.976111
29.1347,22.5484,-0.510603
29.1971,22.6202,-2.04918
29.2374,22.6758,-3.64227
29.2497,22.7198,-5.27076
29.2299,22.7494,-6.92939
29.1754,22.7602,-8.61585
29.0854,22.7494,-10.3251
28.9586,22.7138,-12.0533
28.7915,22.6503,-13.798
28.5813,22.5577,-15.5555
28.32,22.4329,-17.3285
28.0186,22.2753,-19.109
27.6707,22.0901,-20.8959
27.2744,21.8843,-22.6832
26.8305,21.663,-24.4691
26.3394,21.4331,-26.2521
25.7997,21.2036,-28.0271
25.2098,20.9846,-29.7863
24.5693,20.7875,-31.5197
23.8786,20.6201,-33.2179
23.138,20.495,-34.8671
22.3536,20.4155,-36.4614
21.5252,20.3867,-37.9963
20.6521,20.4092,-39.4633
19.7351,20.4819,-40.856
18.7746,20.6003,-42.1722
17.7716,20.7567,-43.4134
16.7279,20.9422,-44.5812
15.6434,21.1439,-45.6749
14.5174,21.3463,-46.6971
13.3499,21.5321,-47.6459
12.1404,21.6916,-48.5291
10.8875,21.8212,-49.3601
9.59409,21.9187,-50.1424
8.26137,21.9869,-50.8736
6.89213,22.0328,-51.5599
5.491,22.0645,-52.2119
4.06209,22.0884,-52.8327
2.60935,22.1088,-53.4196
1.13631,22.1293,-53.971
-0.357217,22.1534,-54.4829
-1.86891,22.1784,-54.9569
-3.3953,22.2035,-55.3947
-4.93282,22.2282,-55.796
-6.47917,22.2523,-56.1589
-8.03234,22.2764,-56.4822
-9.5904,22.301,-56.7667
-11.151,22.3253,-57.0125
-12.7109,22.3479,-57.216
-14.2695,22.367,-57.3737
-15.8215,22.3788,-57.4888
-17.3679,22.3831,-57.573
-18.9037,22.3784,-57.6295
-20.4289,22.3639,-57.6557
-21.9425,22.3397,-57.6472
-23.4464,22.3047,-57.5992
-24.9256,22.2473,-57.5123
-26.3328,22.1392,-57.3954
-27.6288,21.9571,-57.2529
-28.9179,21.7728,-57.0762
-30.1988,21.5894,-56.8658
-31.512,21.4266,-56.6224
-32.9036,21.3086,-56.3419
-34.3014,21.1998,-56.0306
-35.6794,21.0888,-55.6928
-37.0353,20.976,-55.3303
-38.3654,20.8608,-54.9444
-39.6685,20.7433,-54.5374
-40.9461,20.6234,-54.1132
-42.2005,20.5,-53.6708
-43.4279,20.3711,-53.2067
-44.6307,20.2398,-52.7302
-45.8098,20.1071,-52.2421
-46.9664,19.972,-51.7433
-48.1001,19.8345,-51.2358
-49.2092,19.6946,-50.7207
-50.2923,19.5509,-50.1971
-51.3507,19.4016,-49.6651
-52.3853,19.2475,-49.1271
-53.3951,19.0891,-48.582
-54.3791,18.9252,-48.0268
-55.3398,18.7579,-47.4658
-56.278,18.5871,-46.8969
-57.1936,18.4124,-46.3174
-58.0875,18.2321,-45.7262
-58.9597,18.0465,-45.1236
-59.8092,17.8563,-44.5095
-60.6355,17.6614,-43.8826
-61.4385,17.4614,-43.2445
-62.2163,17.2578,-42.5961
-62.9652,17.0504,-41.9336
-63.688,16.8388,-41.2604
-64.3845,16.6248,-40.5792
-65.0555,16.407,-39.8873
-65.6996,16.1838,-39.1838
-66.3156,15.9573,-38.471
-66.9038,15.7298,-37.7505
-67.4657,15.5013,-37.0198
-68.0006,15.2724,-36.2781
-68.5076,15.0466,-35.5297
-68.984,14.825,-34.7752
-69.4332,14.6079,-34.0151
-69.8549,14.397,-33.2498
-70.2491,14.1925,-32.4769
-70.6152,13.9936,-31.6931
-70.9535,13.7996,-30.8963
-71.2646,13.6122,-30.0877
-71.5478,13.4332,-29.2692
-71.8003,13.2609,-28.4393
-72.0216,13.0939,-27.5966
-72.2078,12.9347,-26.7445
-72.3629,12.7852,-25.8835
-72.4872,12.6462,-25.0135
-72.5813,12.5189,-24.1365
-72.6456,12.4014,-23.2494
-72.6797,12.2918,-22.3499
-72.681,12.1915,-21.44
-72.647,12.1029,-20.5246
-72.5759,12.0243,-19.6062
-72.4646,11.9528,-18.6833
-72.3074,11.8881,-17.7585
-72.1109,11.8263,-16.8352
-71.8741,11.7656,-15.9138
-71.601,11.7067,-14.9922
-71.2935,11.6475,-14.0681
-70.9509,11.5828,-13.1374
-70.5736,11.5093,-12.1982
-70.1643,11.4302,-11.2524
-69.7229,11.3498,-10.301
-69.2468,11.2735,-9.34492
-68.7252,11.2063,-8.38753
-68.1562,11.1517,-7.42921
-67.54,11.1093,-6.46877
-66.8779,11.0818,-5.50813
-66.1723,11.0734,-4.55065
-65.427,11.0878,-3.59854
-64.6442,11.1268,-2.65035
-63.8225,11.1912,-1.70291
-62.9599,11.2822,-0.757777
-62.0543,11.402,0.180275
-61.1043,11.5472,1.1156
-60.12,11.714,2.04838
-59.0989,11.9026,2.97452
-58.0413,12.1073,3.89631
-56.948,12.3237,4.81483
-55.8189,12.5495,5.72947
-54.6538,12.7808,6.64038
-53.4538,13.0114,7.54857
-52.2211,13.2391,8.45263
-50.959,13.4669,9.35118
-49.6664,13.6923,10.2459
-48.3495,13.9168,11.136
-47.0065,14.1427,12.0168
-45.6378,14.375,12.8884
-44.2419,14.6145,13.7529
-42.8153,14.8644,14.6099
-41.3529,15.1277,15.4556
-39.8438,15.43,16.2973
-38.2668,15.8448,17.1654
-36.6312,16.3278,18.0345
-34.9865,16.6636,18.8163
-33.3132,16.9616,19.5675
-31.6111,17.2548,20.2906
-29.8817,17.5495,20.9814
-28.1308,17.846,21.6359
-26.3619,18.1471,22.2475
-24.5743,18.4581,22.8058
-22.7672,18.7846,23.3011
-20.9448,19.1326,23.7285
-19.1111,19.5107,24.0818
-17.2795,19.923,24.3456
-15.4623,20.3703,24.5199
-13.6738,20.845,24.6222
-11.913,21.3408,24.645
-10.1787,21.8478,24.5806
-8.47178,22.3524,24.4243
-6.79218,22.8408,24.1764
-5.13974,23.3013,23.842
-3.51708,23.7213,23.4251
-1.92479,24.09,22.9342
-0.367527,24.3955,22.3584
1.16063,24.6381,21.7025
2.65891,24.8144,20.9761
4.12895,24.9269,20.1765
5.57037,24.9777,19.3035
6.97717,24.9737,18.368
8.34498,24.9239,17.3725
9.67473,24.8373,16.3034
10.9637,24.7292,15.1569
12.2094,24.6112,13.9223
13.3977,24.502,12.6032
14.5311,24.4118,11.2161
15.6097,24.3482,9.77259
16.6332,24.3175,8.27439
17.5969,24.3228,6.73122
18.501,24.3635,5.15419
19.3494,24.4358,3.55037
20.1461,24.5334,1.92421
20.8964,24.6494,0.280283
21.6046,24.7784,-1.38159
22.276,24.9098,-3.07185
22.9081,25.039,-4.78826
23.4988,25.1551,-6.5302
24.0446,25.2494,-8.30883
24.5414,25.3192,-10.124
24.9879,25.3655,-11.9755
25.3846,25.3911,-13.8665
25.7292,25.4017,-15.7969
26.0163,25.4056,-17.7608
26.2428,25.4074,-19.7508
26.3932,25.4183,-21.7589
26.4728,25.4366,-23.7661
26.4711,25.4744,-25.7338
26.3827,25.5223,-27.6713
26.2297,25.5787,-29.6094
26.0039,25.6528,-31.5126
25.6923,25.7456,-33.3496
25.3085,25.8446,-35.1511
24.8475,25.9511,-36.9087
24.3095,26.0607,-38.6152
23.6831,26.1676,-40.2551
22.9801,26.2655,-41.8334
22.1974,26.3543,-43.3545
21.3398,26.4286,-44.8136
20.413,26.4879,-46.2068
19.4315,26.5277,-47.5294
18.3788,26.5571,-48.7791
17.2205,26.6003,-49.9572
15.9964,26.6576,-51.0637
14.7161,26.7374,-52.0995
13.3718,26.8383,-53.0587
11.9733,26.9581,-53.9537
10.5285,27.0917,-54.7746
9.03942,27.235,-55.525
7.50827,27.3863,-56.2089
5.93952,27.5439,-56.8286
4.33801,27.706,-57.3855
2.70808,27.8713,-57.8806
1.05505,28.0391,-58.3144
-0.616433,28.2049,-58.6812
-2.30559,28.3721,-58.9812
-4.00798,28.5363,-59.2262
-5.72154,28.6987,-59.4185
-7.44202,28.857,-59.5583
-9.16683,29.0096,-59.6488
-10.8937,29.1552,-59.6908
-12.623,29.2909,-59.6824
-14.3567,29.4134,-59.624
-16.0889,29.5214,-59.5231
-17.8173,29.6152,-59.3801
-19.5387,29.6923,-59.1915
-21.2472,29.7544,-58.9692
-22.9415,29.8035,-58.7107
-24.6189,29.8398,-58.4116
-26.2757,29.8635,-58.0763
-27.8899,29.8597,-57.7107
-29.4108,29.7947,-57.3171
-30.8188,29.6603,-56.895
-32.2099,29.5239,-56.4428
-33.5836,29.3815,-55.9612
-34.9735,29.2518,-55.4432
-36.4356,29.1626,-54.881
-37.8801,29.0631,-54.2891
-39.2899,28.9467,-53.6735
-40.6627,28.8144,-53.035
-41.999,28.6668,-52.3726
-43.2991,28.504,-51.6851
-44.5625,28.3262,-50.9698
-45.7902,28.1341,-50.2235
-46.9814,27.9293,-49.4551
-48.1304,27.7119,-48.6605
-49.243,27.4803,-47.8382
-50.3179,27.2383,-46.993
-51.3533,26.9858,-46.1256
-52.348,26.7232,-45.2362
-53.3022,26.451,-44.327
-54.216,26.1683,-43.3991
-55.0888,25.8745,-42.4512
-55.9197,25.5689,-41.4824
-56.7081,25.2509,-40.4921
-57.4479,24.9228,-39.4849
-58.1437,24.5865,-38.4645
-58.7945,24.2419,-37.4309
-59.3989,23.8909,-36.3866
-59.9563,23.5346,-35.333
-60.4655,23.1736,-34.2707
-60.9265,22.8091,-33.2012
-61.3415,22.4423,-32.1258
-61.7118,22.0697,-31.0397
-62.0378,21.689,-29.9395
-62.3122,21.3045,-28.8311
-62.539,20.9195,-27.7195
-62.7185,20.538,-26.6061
-62.8519,20.1603,-25.4878
-62.9396,19.7868,-24.3628
-62.9812,19.4165,-23.2273
-62.9764,19.0474,-22.077
-62.9235,18.6798,-20.9133
-62.8203,18.3192,-19.7442
-62.6645,17.9708,-18.5753
-62.4474,17.6372,-17.4083
-62.1751,17.3105,-16.2373
-61.846,16.9876,-15.0617
-61.4579,16.6624,-13.877
-61.0077,16.3321,-12.6828
-60.4929,15.998,-11.4834
-59.912,15.6636,-10.2861
-59.2644,15.3331,-9.09876
-58.553,15.01,-7.92204
-57.7807,14.6877,-6.74188
-56.9467,14.3695,-5.55418
-56.0518,14.067,-4.37752
-55.0902,13.7844,-3.21791
-54.0652,13.5354,-2.08916
-52.9775,13.3334,-0.998844
-51.8271,13.1864,0.0570228
-50.6162,13.0988,1.08555
-49.3481,13.0757,2.08976
-48.0229,13.1254,3.07138
-46.6398,13.2548,4.02028
-45.2047,13.4732,4.93683
-43.7282,13.7735,5.82713
-42.2126,14.1509,6.68432
-40.6579,14.652,7.53328
-39.061,15.2859,8.38484
-37.4332,15.9647,9.20924
-35.7923,16.5994,9.97724
-34.1418,17.1967,10.6984
-32.4725,17.8009,11.3922
-30.7846,18.4077,12.0557
-29.085,19.0053,12.6758
-27.3802,19.5883,13.253
-25.6782,20.1629,13.7821
-23.9898,20.7352,14.254
-22.3255,21.31,14.6651
-20.693,21.8896,15.0121
-19.0963,22.4739,15.2884
-17.5369,23.0617,15.4872
-16.0153,23.6504,15.6062
-14.5279,24.2335,15.6438
-13.0729,24.7997,15.5901
-11.6431,25.3353,15.4631
-10.2358,25.8283,15.2673
-8.84841,26.2668,15.0052
-7.47738,26.6417,14.6827
-6.11721,26.9472,14.3011
-4.76152,27.1823,13.8542
-3.40611,27.3502,13.3348
-2.05215,27.4583,12.7411
-0.702308,27.5166,12.074
0.63671,27.5339,11.3268
1.96063,27.5308,10.511
3.2681,27.5214,9.62826
4.56062,27.5148,8.67975
5.83744,27.5177,7.66584
7.0965,27.5365,6.59025
8.3355,27.5762,5.45626
9.552,27.6397,4.2643
10.7435,27.7265,3.01702
11.9083,27.8364,1.71282
13.043,27.9697,0.352699
14.1543,28.1148,-1.05388
15.2429,28.2624,-2.51025
16.3085,28.404,-4.01676
17.351,28.5316,-5.57334
18.3713,28.638,-7.18018
19.3695,28.7174,-8.84311
20.3419,28.7666,-10.5652
21.2796,28.786,-12.3284
22.1829,28.7739,-14.1352
23.0533,28.7235,-16.0231
23.8833,28.6442,-17.9636
24.6666,28.5416,-19.9431
25.3878,28.4256,-21.9295
26.0423,28.3005,-23.9217
26.629,28.1693,-25.9264
27.1487,28.034,-27.9543
27.6028,27.8959,-30.013
27.9849,27.76,-32.0731
28.2914,27.63,-34.1203
28.4964,27.5151,-36.1087
28.6195,27.4059,-38.071
28.6619,27.2996,-40.0103
28.6251,27.1987,-41.9243
28.5131,27.1041,-43.807
28.3315,27.0155,-45.6576
28.0814,26.9333,-47.474
27.7608,26.8593,-49.25
27.3744,26.7935,-50.9877
26.9202,26.737,-52.6743
26.3797,26.7035,-54.2904
25.7653,26.6973,-55.8379
25.082,26.7252,-57.3233
24.3318,26.7912,-58.7391
23.5178,26.8964,-60.0748
22.646,27.0394,-61.3274
21.7215,27.2153,-62.501
20.7473,27.4172,-63.5986
19.7256,27.6399,-64.6197
18.6574,27.882,-65.5691
17.5416,28.1321,-66.4392
16.3926,28.3945,-67.2432
15.2075,28.6691,-67.9835
13.9909,28.9522,-68.6716
12.7472,29.2395,-69.3139
11.4783,29.5258,-69.9136
10.1972,29.7975,-70.4702
8.91167,30.0429,-70.9861
7.5828,30.2746,-71.4749
6.2329,30.4812,-71.9177
4.86347,30.6721,-72.3283
3.48298,30.8373,-72.7092
2.08762,30.9828,-73.0535
0.682026,31.1088,-73.3624
-0.732492,31.2178,-73.6379
-2.15632,31.3125,-73.8736
-3.58856,31.3946,-74.0649
-5.02687,31.4653,-74.2176
-6.46932,31.5257,-74.3363
-7.91565,31.5774,-74.4172
-9.36389,31.6209,-74.4614
-10.8168,31.6554,-74.4653
-12.2759,31.6767,-74.4307
-13.7403,31.6774,-74.3437
-15.2082,31.655,-74.209
-16.6757,31.608,-74.0331
-18.0779,31.5029,-73.8147
-19.3521,31.3105,-73.5532
-20.6215,31.1042,-73.2567
-21.8903,30.887,-72.9274
-23.1573,30.664,-72.5546
-24.5572,30.4999,-72.1535
-25.958,30.3363,-71.7247
-27.3385,30.1671,-71.2751
-28.6978,29.9911,-70.8042
-30.0344,29.8089,-70.3095
-31.3468,29.6227,-69.7908
-32.637,29.4309,-69.2428
-33.9083,29.2265,-68.6511
-35.1568,29.0177,-68.0331
-36.3769,28.8051,-67.3934
-37.5699,28.5879,-66.7353
-38.7365,28.371,-66.0611
-39.8755,28.1558,-65.3723
-40.9872,27.9435,-64.6681
-42.0724,27.7347,-63.9493
-43.1285,27.5299,-63.2193
-44.1529,27.329,-62.4791
-45.1495,27.1311,-61.7238
-46.1144,26.9377,-60.9569
-47.0447,26.7478,-60.1799
-47.9452,26.5518,-59.3809
-48.8131,26.3521,-58.569
-49.6493,26.1488,-57.7469
-50.4525,25.9387,-56.9161
-51.2232,25.718,-56.0739
-51.963,25.4848,-55.2183
-52.6707,25.2395,-54.3513
-53.3453,24.9822,-53.4731
-53.989,24.7132,-52.5852
-54.5956,24.4385,-51.6864
-55.1705,24.1613,-50.7797
-55.7168,23.8839,-49.8629
-56.236,23.612,-48.9391
-56.7261,23.3508,-48.0125
-57.1853,23.1038,-47.0859
-57.6132,22.8742,-46.1615
-58.0094,22.6658,-45.2409
-58.3714,22.4809,-44.3249
-58.7002,22.317,-43.4123
-58.9922,22.1793,-42.5098
-59.25,22.0654,-41.6192
-59.474,21.9776,-40.7392
-59.6641,21.9154,-39.8708
-59.8214,21.8755,-39.0152
-59.9484,21.8533,-38.1687
-60.0474,21.8424,-37.3219
-60.1195,21.8379,-36.47
-60.1654,21.8419,-35.6236
-60.1877,21.8507,-34.7832
-60.1858,21.8621,-33.9462
-60.167,21.8716,-33.1117
-60.1308,21.8773,-32.2829
-60.0745,21.8782,-31.4601
-59.9957,21.8729,-30.643
-59.8919,21.8609,-29.8331
-59.7636,21.8584,-29.0245
-59.6166,21.9056,-28.1985
-59.4553,22.0325,-27.3464
-59.2591,22.1646,-26.5222
-59.0186,22.3053,-25.7409
-58.7381,22.4544,-25.0006
-58.4153,22.6178,-24.305
-58.0499,22.8003,-23.6539
-57.6406,23.0016,-23.0452
-57.1873,23.2191,-22.4763
-56.6917,23.4505,-21.9445
-56.1555,23.6923,-21.4469
-55.5794,23.9385,-20.9834
-54.9636,24.1839,-20.5535
-54.3132,24.4191,-20.157
-53.6226,24.5811,-19.816
-52.8816,24.6331,-19.5457
-52.1031,24.6387,-19.3092
-51.2894,24.6232,-19.0911
-50.4396,24.5903,-18.892
-49.5551,24.5441,-18.715
-48.6374,24.489,-18.5619
-47.6904,24.4377,-18.4313
-46.7382,24.4387,-18.3077
-45.7958,24.5233,-18.187
-44.8267,24.6179,-18.093
-43.8287,24.7264,-18.0243
-42.8017,24.8552,-17.9793
-41.7443,25.0088,-17.956
-40.6561,25.1916,-17.951
-39.5394,25.407,-17.9586
-38.3984,25.6558,-17.9734
-37.2337,25.9361,-17.9942
-36.0419,26.2431,-18.0188
-34.8215,26.5756,-18.0394
-33.5738,26.9294,-18.0512
-32.3036,27.3024,-18.0509
-31.0152,27.6918,-18.0365
-29.7117,28.0942,-18.0049
-28.3969,28.5071,-17.9533
-27.0674,28.9324,-17.8765
-25.7149,29.3753,-17.7682
-24.3425,29.8337,-17.626
-22.9651,30.2978,-17.4492
-21.589,30.764,-17.2357
-20.216,31.2227,-16.9943
-18.8474,31.6666,-16.7269
-17.49,32.088,-16.4317
-16.1506,32.4771,-16.1063
-14.8353,32.8253,-15.749
-13.5495,33.127,-15.3594
-12.2982,33.3795,-14.939
-11.0846,33.5825,-14.4911
-9.91021,33.7366,-14.0206
-8.7818,33.8375,-13.5296
-7.69426,33.8901,-13.0215
-6.64867,33.8922,-12.4955
-5.6474,33.8429,-11.9468
-4.69209,33.7438,-11.373
-3.78216,33.5953,-10.7739
-2.9159,33.3975,-10.1509
-2.09187,33.1524,-9.50618
-1.30822,32.8654,-8.84116
-0.56077,32.5447,-8.1599
0.152233,32.1986,-7.46468
0.837762,31.843,-6.75714
1.49741,31.4883,-6.03559
2.12688,31.1455,-5.29244
2.72557,30.8258,-4.52855
3.29625,30.5372,-3.74879
3.84232,30.2829,-2.95862
4.36531,30.0602,-2.1619
4.86396,29.8583,-1.3572
5.33651,29.6646,-0.542531
5.77423,29.4563,0.278753
6.17352,29.2165,1.10082
6.53341,28.9321,1.9119
6.84711,28.5982,2.70497
7.11099,28.2144,3.47264
7.32541,27.7874,4.21014
7.49429,27.329,4.91817
7.6252,26.8534,5.60051
7.72799,26.3755,6.25792
7.80854,25.9097,6.89079
7.86524,25.4712,7.49562
7.89973,25.0567,8.0744
7.90653,24.6592,8.63083
7.8812,24.2711,9.17101
7.82227,23.8805,9.69596
7.7323,23.4752,10.2055
7.61426,23.0452,10.6962
7.46977,22.5836,11.1607
7.30266,22.0853,11.5921
7.11503,21.5498,11.9809
6.90837,20.9731,12.3201
6.68993,20.3645,12.6183
6.46501,19.7214,12.8766
6.23796,19.0416,13.0994
6.01458,18.3196,13.2867
5.80292,17.551,13.4326
5.61103,16.7326,13.5362
5.44664,15.8625,13.6055
5.31949,14.9457,13.6443
5.23257,13.994,13.6603
5.19261,13.0295,13.6512
5.19364,12.0784,13.6276
5.2265,11.1613,13.5891
5.28282,10.2946,13.549
5.3505,9.48759,13.53
5.42957,8.7559,13.5226
5.52572,8.11593,13.5094
5.63045,7.57569,13.4986
5.72061,7.14335,13.497
5.80673,6.83133,13.4844
5.87276,6.6505,13.4387
5.90466,6.58441,13.3508
5.88872,6.62811,13.2119
5.81459,6.77287,13.0113
5.67909,7.0093,12.7407
5.48447,7.32907,12.3952
5.23753,7.72364,11.9735
4.94796,8.18311,11.475
4.62432,8.69678,10.8988
4.27547,9.24904,10.2514
3.915,9.81912,9.51727
3.5568,10.3835,8.7199
3.21496,10.9161,7.87354
2.89519,11.3951,6.98284
2.59451,11.8006,6.06237
2.30877,12.1154,5.11568
2.03508,12.328,4.13644
1.76849,12.4363,3.12408
1.50104,12.4463,2.08411
1.23693,12.3693,1.011
0.968778,12.2129,-0.102921
0.695151,12.0069,-1.24532
0.413781,11.7682,-2.41863
0.124692,11.5088,-3.62142
-0.171814,11.239,-4.85737
-0.474824,10.9676,-6.12624
-0.783445,10.7013,-7.4244
-1.09626,10.4462,-8.75232
-1.40948,10.2082,-10.1145
-1.72344,9.99225,-11.5043
-2.03389,9.80472,-12.9201
-2.3348,9.64847,-14.3591
-2.62338,9.52569,-15.82
-2.89811,9.44203,-17.2989
-3.15333,9.40049,-18.7912
-3.38754,9.40292,-20.2941
-3.60131,9.44954,-21.8076
-3.7935,9.53874,-23.3328
-3.96666,9.66924,-24.87
-4.1257,9.83723,-26.426
-4.26487,10.0392,-28.0027
-4.3897,10.2656,-29.5938
-4.49388,10.509,-31.2049
-4.57604,10.7569,-32.83
-4.63437,11.0018,-34.4665
-4.67169,11.2364,-36.1112
-4.69242,11.452,-37.7628
-4.6963,11.6423,-39.4235
-4.6795,11.8024,-41.0916
-4.64205,11.93,-42.769
-4.58467,12.0315,-44.4681
-4.51239,12.113,-46.1755
-4.43222,12.1774,-47.8794
-4.34466,12.2275,-49.5764
-4.2509,12.263,-51.2563
-4.15302,12.2842,-52.9088
-4.05263,12.2902,-54.5238
-3.95021,12.2794,-56.0938
-3.84611,12.2534,-57.6222
-3.74664,12.2134,-59.1127
-3.65524,12.163,-60.5716
-3.56695,12.109,-61.9902
-3.47758,12.0595,-63.3677
-3.38305,12.0227,-64.7079
-3.28078,12.0076,-66.007
-3.16674,12.0225,-67.2614
-3.03881,12.0738,-68.47
-2.89795,12.1655,-69.6283
-2.74137,12.2995,-70.7272
-2.56639,12.4766,-71.7731
-2.36448,12.7011,-72.7647
-2.13294,12.9582,-73.7066
-1.87277,13.2445,-74.5899
-1.58566,13.5535,-75.4111
-1.2736,13.8842,-76.1635
-0.939166,14.2337,-76.8442
-0.582027,14.5979,-77.4543
-0.199352,14.9761,-77.9937
0.206681,15.3688,-78.4619
0.633552,15.7748,-78.8563
1.07865,16.2016,-79.1617
1.53606,16.6452,-79.3913
2.00331,17.1087,-79.5362
2.47884,17.5909,-79.5917
2.96088,18.0871,-79.556
3.44869,18.5937,-79.4256
3.94153,19.1072,-79.1981
4.43717,19.6233,-78.8744
4.93231,20.1374,-78.4528
5.42188,20.6418,-77.9246
5.90544,21.1274,-77.2866
6.38101,21.5893,-76.5522
6.84456,22.0207,-75.7201
7.29464,22.4162,-74.7961
7.72902,22.7698,-73.787
8.14828,23.0746,-72.7004
8.55292,23.3236,-71.5397
8.94033,23.5114,-70.3036
9.30897,23.6344,-68.9951
9.66013,23.6931,-67.6136
9.99921,23.6785,-66.1658
10.3275,23.6038,-64.6708
10.6489,23.4713,-63.1331
10.9668,23.2835,-61.559
11.2846,23.0427,-59.9508
11.6032,22.7533,-58.3114
11.922,22.4212,-56.6465
12.2408,22.0521,-54.962
12.5572,21.6513,-53.2585
12.8664,21.2268,-51.542
13.1712,20.782,-49.8235
13.4701,20.3263,-48.1034
13.7657,19.8622,-46.3834
14.0539,19.394,-44.6724
14.3352,18.9215,-42.9723
14.6109,18.445,-41.2841
14.8807,17.9668,-39.6105
15.1437,17.4871,-37.9544
15.401,17.0015,-36.3169
15.6557,16.5097,-34.6984
15.9135,16.0107,-33.101
16.171,15.5051,-31.5241
16.4287,14.9903,-29.9619
16.6821,14.464,-28.4162
16.931,13.9251,-26.892
17.1754,13.3721,-25.3894
17.414,12.8012,-23.9098
17.6454,12.2048,-22.4625
17.8662,11.572,-21.056
18.0702,10.8915,-19.6901
18.25,10.1487,-18.3704
18.4038,9.34497,-17.0966
18.5342,8.47389,-15.8675
18.6435,7.53832,-14.6865
18.7381,6.54827,-13.5541
18.8237,5.51935,-12.4728
18.9053,4.47253,-11.4446
18.9874,3.43088,-10.4672
19.0715,2.41259,-9.54035
19.1587,1.4305,-8.6665
19.244,0.506966,-7.8346
19.3231,-0.361863,-7.0325
19.3904,-1.17321,-6.26068
19.4401,-1.93236,-5.52133
19.4699,-2.6477,-4.81796
19.4775,-3.32952,-4.15641
19.46,-3.98863,-3.53958
19.4149,-4.63403,-2.96684
19.3418,-5.2709,-2.4435
19.2435,-5.9007,-1.97694
19.1128,-6.51646,-1.5633
18.9475,-7.1092,-1.19299
18.7474,-7.66827,-0.86669
18.5154,-8.18388,-0.581266
18.2491,-8.65038,-0.326531
17.9484,-9.06032,-0.100919
17.6172,-9.40557,0.0913372
17.26,-9.68056,0.250762
16.8817,-9.88022,0.380337
16.4877,-10.001,0.478139
16.0833,-10.0324,0.537288
15.6721,-9.98454,0.566293
15.2556,-9.8593,0.566202
14.8304,-9.66177,0.533961
14.3922,-9.39876,0.46506
13.9388,-9.07911,0.35574
13.4692,-8.7122,0.20213
12.9833,-8.3065,-0.000901736
12.4849,-7.87048,-0.258196
11.9809,-7.41351,-0.571816
11.4698,-6.94041,-0.950481
10.9555,-6.45766,-1.38458
10.4384,-5.97002,-1.87
9.91566,-5.48206,-2.4039
9.38814,-4.99777,-2.98858
8.85931,-4.52042,-3.62594
8.33266,-4.05305,-4.31437
7.8113,-3.59877,-5.05114
7.29879,-3.16019,-5.83604
6.79683,-2.73806,-6.66891
6.31046,-2.33493,-7.54813
5.83883,-1.94996,-8.46466
5.38258,-1.58125,-9.41914
4.94379,-1.2259,-10.4092
4.5225,-0.881345,-11.4324
4.11866,-0.544038,-12.4877
3.7336,-0.209207,-13.5708
3.36918,0.128378,-14.6742
3.02595,0.473706,-15.7955
2.70279,0.830718,-16.9341
2.39941,1.20435,-18.0901
2.11412,1.59197,-19.2618
1.84293,1.99144,-20.4476
1.58468,2.40044,-21.6448
1.3374,2.81571,-22.8488
1.09962,3.23363,-24.0579
0.87097,3.65058,-25.2738
0.65163,4.06297,-26.4967
0.441297,4.46762,-27.7229
0.235641,4.86394,-28.9514
0.0348018,5.24657,-30.1851
-0.164951,5.61268,-31.425
-0.364544,5.95827,-32.6703
-0.563683,6.28227,-33.9186
-0.761392,6.58344,-35.1684
-0.956679,6.86273,-36.4201
-1.14927,7.12345,-37.6728
-1.33914,7.3689,-38.9228
-1.52512,7.6014,-40.1657
-1.70636,7.82487,-41.3888
-1.88361,8.03979,-42.5934
-2.05768,8.2446,-43.7867
-2.22472,8.44153,-44.9751
-2.38069,8.62994,-46.1532
-2.52489,8.80947,-47.3131
-2.65745,8.97982,-48.4473
-2.78058,9.1425,-49.5514
-2.89913,9.30108,-50.6262
-3.01579,9.45712,-51.6755
-3.13006,9.61049,-52.6984
-3.23857,9.7561,-53.6873
-3.3366,9.89815,-54.646
-3.42505,10.0415,-55.5699
-3.50311,10.1917,-56.4596
-3.56737,10.3532,-57.3125
-3.61601,10.5316,-58.1266
-3.64908,10.7323,-58.8988
-3.6654,10.9576,-59.6239
-3.66082,11.2077,-60.3011
-3.63098,11.4826,-60.9266
-3.5639,11.7908,-61.504
-3.46075,12.1297,-62.0241
-3.31995,12.4979,-62.4852
-3.1432,12.8983,-62.8717
-2.92687,13.332,-63.1846
-2.66798,13.7954,-63.4287
-2.36658,14.2839,-63.6095
-2.0237,14.7955,-63.7317
-1.64013,15.3275,-63.7873
-1.21373,15.8829,-63.7779
-0.748835,16.4551,-63.685
-0.255849,17.0401,-63.5195
0.255656,17.6292,-63.2834
0.776239,18.2183,-62.976
1.29993,18.7984,-62.5998
1.823,19.3594,-62.1527
2.34144,19.893,-61.6313
2.85002,20.3922,-61.033
3.34417,20.8511,-60.347
3.82442,21.2625,-59.5808
4.28818,21.6157,-58.7335
4.73919,21.9155,-57.8211
5.17934,22.1552,-56.8419
5.60993,22.3384,-55.7979
6.03269,22.4642,-54.6896
6.4498,22.5329,-53.5212
6.86556,22.5486,-52.3009
7.28557,22.5179,-51.0367
7.71303,22.449,-49.7372
8.155,22.3467,-48.4003
8.61937,22.2211,-47.0233
9.10818,22.0861,-45.6182
9.62398,21.9483,-44.1835
10.1682,21.8175,-42.7255
10.7356,21.7011,-41.251
11.3206,21.6019,-39.7692
11.9153,21.5173,-38.2867
12.5084,21.438,-36.8049
13.0923,21.3499,-35.328
13.6524,21.2398,-33.8601
14.1834,21.081,-32.4137
14.6828,20.8577,-30.9865
15.147,20.5605,-29.5872
15.5795,20.1797,-28.2166
15.9809,19.7107,-26.875
16.3545,19.1543,-25.5626
16.7065,18.5172,-24.2807
17.043,17.811,-23.0297
17.3688,17.049,-21.803
17.6868,16.2494,-20.5979
18.007,15.4217,-19.408
18.3275,14.5845,-18.2282
18.6536,13.739,-17.0579
18.9896,12.8865,-15.9108
19.3341,12.0247,-14.7786
19.6837,11.1449,-13.6549
20.0362,10.2332,-12.5424
20.3905,9.27159,-11.4467
20.7422,8.23726,-10.3766
21.0844,7.11518,-9.33815
21.4149,5.87768,-8.34489
21.7311,4.53261,-7.39773
22.027,3.08586,-6.50061
22.3022,1.54931,-5.65771
22.5601,-0.0536516,-4.86062
22.8054,-1.69377,-4.10251
23.045,-3.33773,-3.38089
23.287,-4.94722,-2.69466
23.5327,-6.48194,-2.04351
23.7823,-7.90797,-1.39709
24.0522,-9.17954,-0.73544
24.3284,-10.2976,-0.0568467
24.5934,-11.2531,0.641065
24.8305,-12.0444,1.35029
25.0288,-12.6799,2.05647
25.1838,-13.1747,2.75157
25.2951,-13.5475,3.429
25.362,-13.8183,4.07592
25.3783,-14.0091,4.6813
25.3433,-14.1364,5.24741
25.2517,-14.2104,5.76769
25.1167,-14.2445,6.24211
24.9388,-14.2426,6.66555
24.7188,-14.2057,7.03882
24.4605,-14.1371,7.36503
24.1694,-14.0409,7.64817
23.8493,-13.9214,7.89167
23.5003,-13.7833,8.09723
23.1218,-13.6292,8.26525
22.7109,-13.4653,8.39795
22.2592,-13.2929,8.48602
21.773,-13.1134,8.5314
21.2562,-12.9263,8.53305
20.7132,-12.7317,8.48734
20.1478,-12.5281,8.39127
19.5638,-12.3128,8.24207
18.9646,-12.0834,8.04131
18.3526,-11.8375,7.79546
17.7291,-11.572,7.50761
17.0965,-11.2831,7.17907
16.4565,-10.9644,6.80405
15.8138,-10.6203,6.38823
15.1713,-10.2521,5.93707
14.5299,-9.86201,5.45452
13.8887,-9.45528,4.93876
13.2484,-9.03483,4.38687
12.6117,-8.60229,3.79685
11.9806,-8.15999,3.16795
11.3568,-7.70924,2.50305
10.7435,-7.25331,1.80794
10.1439,-6.79432,1.0796
9.55834,-6.33241,0.316655
8.98911,-5.86817,-0.479913
8.43794,-5.40402,-1.30822
7.90645,-4.9409,-2.16787
7.39659,-4.47785,-3.05806
6.91033,-4.01393,-3.97602
6.44911,-3.54935,-4.91893
6.014,-3.08363,-5.88779
5.60616,-2.61426,-6.8829
5.22962,-2.14162,-7.89735
4.88249,-1.66867,-8.92541
4.56064,-1.19876,-9.9741
4.2601,-0.732414,-11.0468
3.97843,-0.269892,-12.1458
3.71413,0.187142,-13.2717
3.46555,0.635806,-14.4257
3.23018,1.07311,-15.6099
3.00534,1.49671,-16.823
2.79193,1.9046,-18.0575
2.59133,2.29361,-19.3089
2.3988,2.66615,-20.5738
2.21519,3.02124,-21.8544
2.03985,3.35879,-23.1493
1.87132,3.68158,-24.4556
1.71014,3.99397,-25.7703
1.55828,4.30068,-27.0905
1.41602,4.60645,-28.4132
1.28064,4.91578,-29.733
1.14996,5.23119,-31.0455
1.02507,5.55628,-32.3505
0.907559,5.89337,-33.6527
0.796839,6.24398,-34.9508
0.691772,6.60867,-36.237
0.590752,6.98653,-37.5013
0.489685,7.37367,-38.7358
0.382886,7.76558,-39.9354
0.265555,8.15999,-41.0983
0.134947,8.55647,-42.2256
-0.00927953,8.95571,-43.318
-0.165352,9.36224,-44.3681
-0.329693,9.77985,-45.3739
-0.501094,10.2142,-46.334
-0.676939,10.6702,-47.2514
-0.853097,11.1528,-48.1291
-1.02541,11.6674,-48.9673
-1.19017,12.2176,-49.7659
-1.34239,12.8046,-50.5265
-1.47423,13.43,-51.2509
-1.58081,14.0931,-51.9385
-1.66047,14.7937,-52.5855
-1.71783,15.5221,-53.1958
-1.75675,16.2703,-53.7669
-1.77865,17.0296,-54.3007
-1.78437,17.7919,-54.7974
-1.77408,18.5494,-55.2556
-1.74739,19.2967,-55.6735
-1.70466,20.0319,-56.0502
-1.64777,20.753,-56.3846
-1.57628,21.4557,-56.6691
-1.48634,22.1361,-56.8978
-1.38101,22.8008,-57.0773
-1.24678,23.3515,-57.2076
-1.09433,23.8188,-57.2847
-0.934849,24.2489,-57.3044
-0.77208,24.7188,-57.2587
-0.604229,25.2594,-57.141
-0.428044,25.8128,-56.951
-0.240791,26.3409,-56.6915
-0.044436,26.8419,-56.3639
0.16372,27.3086,-55.9584
0.383292,27.7403,-55.4872
0.614288,28.1387,-54.9519
0.854691,28.5044,-54.3502
1.10444,28.8376,-53.6839
1.36383,29.1409,-52.9565
1.63269,29.4163,-52.1709
1.91096,29.6628,-51.3295
2.19965,29.8797,-50.4335
2.50394,30.07,-49.4823
2.82654,30.2312,-48.4696
3.16869,30.3639,-47.4075
3.52814,30.4652,-46.2935
3.89904,30.5319,-45.1241
4.27659,30.5567,-43.8935
4.65688,30.5308,-42.6029
5.03707,30.4436,-41.258
5.41617,30.2844,-39.8637
5.79515,30.0485,-38.4249
6.17553,29.7289,-36.9492
6.55528,29.3071,-35.4373
6.93645,28.7915,-33.901
7.32056,28.1834,-32.3473
7.70353,27.4826,-30.7886
8.09152,26.6909,-29.2397
8.48539,25.814,-27.7056
8.88116,24.8617,-26.1835
9.27699,23.8449,-24.6725
9.66902,22.7733,-23.1766
10.0583,21.6595,-21.7009
10.4407,20.5178,-20.2543
10.8227,19.3652,-18.8335
11.2037,18.2078,-17.4463
11.5818,17.0558,-16.0931
11.9579,15.916,-14.7752
12.3338,14.7931,-13.499
12.7106,13.6938,-12.2663
13.0896,12.6257,-11.0699
13.4769,11.5951,-9.9066
13.8736,10.6111,-8.78473
14.2797,9.68798,-7.69591
14.6887,8.81392,-6.63582
15.0917,7.98226,-5.60681
15.4888,7.17942,-4.60324
15.8738,6.39415,-3.61905
16.2441,5.61431,-2.6531
16.6022,4.82855,-1.71024
16.9513,4.02971,-0.795884
17.2928,3.2144,0.0912372
17.6273,2.38574,0.952304
17.9626,1.55213,1.78393
18.2935,0.730417,2.59521
18.6246,-0.0570376,3.3873
18.96,-0.791533,4.1545
19.3013,-1.45611,4.89918
19.6449,-2.03994,5.62405
19.981,-2.54203,6.32468
20.2967,-2.97128,6.99688
20.5801,-3.34286,7.6502
20.8159,-3.67096,8.27997
21.0012,-3.97168,8.87795
21.1409,-4.26243,9.42998
21.2393,-4.55571,9.9312
21.2989,-4.86049,10.3788
21.3197,-5.18397,10.7666
21.3022,-5.5258,11.0974
21.2451,-5.8776,11.3796
21.1481,-6.2276,11.6189
21.0215,-6.56476,11.8231
20.874,-6.87654,12.0001
20.7082,-7.15129,12.1561
20.5279,-7.39171,12.2886
20.3315,-7.59564,12.4046
20.1152,-7.76144,12.506
19.8744,-7.88974,12.5917
19.603,-7.98003,12.656
19.2956,-8.03117,12.6908
18.9495,-8.04317,12.6865
18.565,-8.0163,12.6321
18.1429,-7.95317,12.5261
17.6809,-7.84899,12.3646
17.1882,-7.70931,12.1546
16.665,-7.53564,11.8986
16.1151,-7.33267,11.5984
15.5411,-7.10548,11.2553
14.9473,-6.85796,10.8731
14.337,-6.59441,10.4534
13.7115,-6.31964,9.99281
13.0752,-6.03531,9.49093
12.4299,-5.7439,8.9423
11.7814,-5.44349,8.34764
11.132,-5.13532,7.71872
10.4844,-4.81836,7.06088
9.84063,-4.49019,6.37033
9.20143,-4.15042,5.64517
8.56782,-3.79888,4.88546
7.94152,-3.43463,4.09102
7.32452,-3.05667,3.26111
6.71919,-2.66493,2.39631
6.1267,-2.26016,1.50019
5.55057,-1.84089,0.571512
4.99214,-1.41131,-0.391323
4.45408,-0.972215,-1.38828
3.93954,-0.523745,-2.42278
3.45185,-0.0667392,-3.49279
2.9942,0.397656,-4.59482
2.56942,0.868169,-5.72388
2.17972,1.34211,-6.87531
1.82609,1.81389,-8.05232
1.50715,2.27863,-9.25418
1.2266,2.73056,-10.4758
0.979122,3.16356,-11.72
0.761656,3.57752,-12.9864
0.571116,3.9716,-14.2738
0.405418,4.34419,-15.58
0.261334,4.69563,-16.9042
0.135378,5.02918,-18.2448
0.0243565,5.34911,-19.5966
-0.0769767,5.65708,-20.9582
-0.172609,5.95181,-22.3329
-0.265609,6.23383,-23.7182
-0.351897,6.50199,-25.1079
-0.430152,6.75473,-26.5041
-0.499912,6.9933,-27.9066
-0.562221,7.21435,-29.3148
-0.618767,7.41739,-30.7249
-0.669875,7.60622,-32.131
-0.713747,7.78548,-33.528
-0.748549,7.95977,-34.9116
-0.77527,8.13127,-36.2849
-0.79098,8.30345,-37.6406
-0.795456,8.48409,-38.9743
-0.788645,8.6734,-40.2854
-0.772476,8.87306,-41.5723
-0.747326,9.08332,-42.8316
-0.714344,9.30423,-44.0595
-0.676887,9.53469,-45.2521
-0.638755,9.77136,-46.4057
-0.60112,10.0095,-47.5174
-0.563947,10.2417,-48.5858
-0.526986,10.4585,-49.612
-0.485825,10.66,-50.6063
-0.441884,10.8505,-51.5697
-0.395681,11.0343,-52.4985
-0.346773,11.2162,-53.3888
-0.29292,11.4016,-54.2377
-0.23055,11.5965,-55.0453
-0.155689,11.8073,-55.8153
-0.0643244,12.0392,-56.5506
0.0461229,12.2953,-57.2507
0.179763,12.5799,-57.9019
0.336126,12.8931,-58.5041
0.515728,13.2379,-59.0523
0.71968,13.6174,-59.5429
0.948726,14.0329,-59.9727
1.2032,14.4836,-60.3363
1.48335,14.9673,-60.6274
1.78941,15.4817,-60.8423
2.1213,16.0243,-60.9819
2.47843,16.5909,-61.0479
2.85999,17.1761,-61.031
3.26042,17.7703,-60.9375
3.67448,18.367,-60.7627
4.09762,18.9608,-60.5035
4.52701,19.548,-60.1594
4.95994,20.1239,-59.7304
5.39361,20.6838,-59.2171
5.82607,21.2241,-58.6203
6.2567,21.7428,-57.9407
6.6861,22.237,-57.1806
7.11352,22.6988,-56.3365
7.53704,23.1265,-55.4196
7.95536,23.5169,-54.4293
8.36678,23.8675,-53.3617
8.77093,24.1748,-52.2163
9.16825,24.4354,-50.999
9.5584,24.6461,-49.7148
9.94053,24.8044,-48.3648
10.3155,24.9098,-46.9533
10.6844,24.9625,-45.4878
11.0469,24.9568,-43.9742
11.4021,24.9003,-42.4253
11.7532,24.7953,-40.8436
12.1019,24.6454,-39.2311
12.4491,24.4536,-37.5928
12.7954,24.2223,-35.9334
13.1428,23.9543,-34.2572
13.493,23.6531,-32.5686
13.8448,23.3224,-30.8727
14.1956,22.9659,-29.1754
14.5441,22.5827,-27.4836
14.8951,22.1766,-25.8075
15.2527,21.7496,-24.1541
15.6172,21.3034,-22.5255
15.9888,20.8405,-20.9229
16.3656,20.3609,-19.3467
16.7424,19.8622,-17.7956
17.1135,19.3416,-16.2682
17.4751,18.7989,-14.765
17.8242,18.2345,-13.2872
18.1552,17.6479,-11.8394
18.4727,17.0456,-10.4278
18.7755,16.4376,-9.05063
19.0618,15.8323,-7.70562
19.3311,15.2364,-6.39061
19.5834,14.6554,-5.10581
19.8178,14.0942,-3.85272
20.0323,13.5585,-2.63199
20.2274,13.054,-1.44384
20.4065,12.5846,-0.293194
20.5666,12.1566,0.81403
20.7116,11.7629,1.88262
20.8401,11.3954,2.91226
20.9548,11.0455,3.9025
21.0604,10.7068,4.85263
21.1611,10.3738,5.76189
21.2613,10.0427,6.62794
21.3644,9.7106,7.44628
21.4681,9.3724,8.21203
21.566,9.02375,8.91793
21.6438,8.66673,9.56097
21.6868,8.30545,10.1531
21.6882,7.94809,10.6948
21.6464,7.6042,11.1765
21.5618,7.28021,11.5965
21.435,6.97807,11.9548
21.2654,6.69653,12.2488
21.0537,6.43383,12.4777
20.8041,6.18955,12.6503
20.5186,5.9633,12.7727
20.1995,5.75753,12.8391
19.8575,5.56622,12.8596
19.4954,5.38458,12.8359
19.1155,5.21086,12.7689
18.7197,5.04118,12.6625
18.3097,4.87349,12.5211
17.8892,4.70793,12.3459
17.4612,4.54591,12.1353
17.0247,4.39224,11.8901
16.5792,4.25299,11.6093
16.1244,4.13528,11.2918
15.6606,4.0438,10.938
15.1888,3.9798,10.5482
14.7104,3.94543,10.1199
14.2246,3.93924,9.65114
13.7327,3.95875,9.13968
13.2374,3.99993,8.58508
12.7407,4.05684,7.9889
12.2463,4.12488,7.35135
11.7531,4.1992,6.67658
11.2677,4.27653,5.95829
10.7892,4.34926,5.20459
10.3195,4.41325,4.41588
9.85928,4.46635,3.5929
9.40951,4.5063,2.74106
8.97127,4.53362,1.8628
8.54564,4.55091,0.958322
8.13484,4.5596,0.02923
7.74201,4.55964,-0.924091
7.36441,4.55535,-1.90295
7.00825,4.54518,-2.90304
6.67471,4.53133,-3.92289
6.36177,4.51168,-4.94954
6.07105,4.48685,-5.99034
5.80214,4.45793,-7.04765
5.5551,4.42402,-8.12535
5.32992,4.38658,-9.22617
5.12598,4.34955,-10.3462
4.94447,4.31158,-11.4798
4.78144,4.27843,-12.6185
4.63886,4.25135,-13.7701
4.51244,4.23076,-14.9366
4.40129,4.21786,-16.1164
4.30397,4.21131,-17.3107
4.21838,4.21344,-18.5187
4.14092,4.22526,-19.74
4.0693,4.24591,-20.976
4.0044,4.27544,-22.2273
3.94736,4.31414,-23.4908
3.89846,4.35778,-24.7633
3.86112,4.39818,-26.0514
3.8332,4.4329,-27.3452
3.81548,4.45549,-28.6468
3.80474,4.46024,-29.9498
3.8015,4.44577,-31.2552
3.80351,4.41318,-32.5631
3.80957,4.36435,-33.875
3.8222,4.30193,-35.1935
3.83813,4.2304,-36.5092
3.85393,4.15643,-37.8219
3.87305,4.08883,-39.1289
3.89192,4.03466,-40.4319
3.91207,3.99799,-41.7258
3.93337,3.98086,-43.008
3.95489,3.98458,-44.2745
3.97483,4.00949,-45.5225
3.99129,4.05505,-46.751
4.00377,4.12015,-47.9609
4.01377,4.20321,-49.1535
4.02136,4.30295,-50.3234
4.03015,4.42205,-51.4647
4.03743,4.55888,-52.5747
4.05104,4.7142,-53.6545
4.07242,4.89104,-54.7033
4.10423,5.09203,-55.7201
4.15069,5.31712,-56.7023
4.21454,5.56401,-57.6477
4.29615,5.83061,-58.556
4.39656,6.11682,-59.4275
4.51666,6.42367,-60.2583
4.66177,6.74787,-61.0393
4.83331,7.0886,-61.7751
5.02859,7.44808,-62.4615
5.24743,7.82628,-63.0989
5.48963,8.22523,-63.6877
5.7563,8.64401,-64.2285
6.04769,9.08232,-64.7221
6.36299,9.54312,-65.1675
6.70472,10.0258,-65.5619
7.07227,10.5308,-65.9027
7.4663,11.0568,-66.1806
7.88044,11.6031,-66.3968
8.30863,12.1678,-66.5416
8.74707,12.7462,-66.6117
9.19038,13.3343,-66.602
9.63237,13.9263,-66.5084
10.069,14.5173,-66.3295
10.499,15.1051,-66.065
10.9201,15.6862,-65.7132
11.3325,16.2593,-65.2746
11.7351,16.822,-64.7378
12.1296,17.3736,-64.1168
12.518,17.914,-63.4153
12.9007,18.4401,-62.6365
13.2747,18.9505,-61.7834
13.6372,19.4436,-60.8555
13.9873,19.9175,-59.8495
14.3251,20.3697,-58.7648
14.6531,20.798,-57.6104
14.9704,21.2003,-56.3932
15.2744,21.5718,-55.1124
15.5649,21.9109,-53.7745
15.8406,22.2149,-52.3781
16.1013,22.4819,-50.9253
16.3469,22.7073,-49.4221
16.5773,22.8879,-47.8755
16.7932,23.0217,-46.2906
16.9956,23.1063,-44.6694
17.1868,23.1391,-43.0148
17.3682,23.1189,-41.3304
17.5378,23.0351,-39.6168
17.6977,22.8938,-37.882
17.8474,22.6955,-36.1283
17.9906,22.441,-34.3599
18.1289,22.1347,-32.5827
18.2617,21.7842,-30.8008
18.3887,21.3985,-29.017
18.5116,20.9876,-27.2339
18.632,20.5617,-25.4541
18.7504,20.1324,-23.6833
18.8684,19.7148,-21.9273
18.9882,19.3208,-20.1864
19.1104,18.9592,-18.4626
19.2355,18.6348,-16.7565
19.3615,18.3505,-15.0745
19.4882,18.108,-13.4226
19.6172,17.9082,-11.8006
19.7491,17.7517,-10.2053
19.8858,17.6382,-8.64082
20.03,17.5657,-7.11174
20.1811,17.534,-5.62546
20.3409,17.5299,-4.17971
20.5076,17.5411,-2.77494
20.6795,17.5528,-1.41164
20.8566,17.5467,-0.095188
21.0394,17.502,1.16804
21.2293,17.3996,2.37488
21.429,17.2223,3.5255
21.6393,16.9537,4.62017
21.8609,16.5781,5.65844
22.0978,16.0663,6.63075
22.3462,15.428,7.54367
22.6016,14.6695,8.39853
22.8639,13.8029,9.19592
23.1347,12.8451,9.9346
23.4138,11.8147,10.6096
23.6992,10.7311,11.2189
23.9892,9.61381,11.7697
24.2826,8.47928,12.2737
24.5754,7.33866,12.7325
24.8645,6.20574,13.1461
25.1464,5.08859,13.5288
25.419,3.99486,13.8866
25.6902,2.93513,14.2218
25.9604,1.91601,14.542
26.2236,0.942419,14.8511
26.4779,0.0244944,15.15
26.728,-0.821464,15.4445
26.9746,-1.58183,15.746
27.2128,-2.24673,16.0616
27.4311,-2.7921,16.3994
27.6205,-3.2257,16.763
27.7716,-3.54545,17.1535
27.8771,-3.75127,17.5666
27.9333,-3.84493,17.9972
27.9385,-3.83068,18.4409
27.8911,-3.71515,18.8907
27.7903,-3.50668,19.3375
27.6377,-3.21427,19.7756
27.4345,-2.84556,20.2001
27.1744,-2.40298,20.5996
26.8678,-1.90331,20.9767
26.5186,-1.35736,21.3315
26.1348,-0.777305,21.6695
25.7277,-0.180641,21.9925
25.3092,0.414531,22.297
24.8898,0.991258,22.5787
24.478,1.5327,22.8348
24.0824,2.02269,23.0649
23.7104,2.44866,23.2679
23.3688,2.78939,23.4412
23.0567,3.05087,23.5991
22.772,3.23389,23.7384
22.5156,3.34082,23.856
22.2866,3.37926,23.9457
22.0812,3.35914,24.0072
21.8951,3.29275,24.0448
21.7242,3.19482,24.0634
21.565,3.07874,24.0708
21.4127,2.95474,24.0658
21.2639,2.8376,24.0434
21.1122,2.73464,24.0001
20.9518,2.65404,23.937
20.7785,2.60249,23.8514
20.5883,2.58448,23.7393
20.3779,2.60304,23.5923
20.1466,2.66054,23.4039
19.8954,2.759,23.1735
19.6249,2.89986,22.9008
19.3377,3.08272,22.5869
19.0342,3.30581,22.2247
18.7211,3.56137,21.8175
18.4005,3.84291,21.3624
18.0751,4.14451,20.8609
17.7472,4.45897,20.3142
17.4213,4.77997,19.7289
17.101,5.10157,19.1092
16.7873,5.41713,18.4516
16.4813,5.72101,17.7546
16.1856,6.0084,17.018
15.9033,6.27422,16.2393
15.6302,6.51517,15.4248
15.3691,6.72955,14.5744
15.1188,6.91479,13.6963
14.8783,7.06995,12.7916
14.6469,7.19245,11.8584
14.4233,7.28048,10.8974
14.2074,7.33559,9.9114
14.0002,7.35873,8.90065
13.7976,7.34735,7.86594
13.5974,7.30182,6.80941
13.4034,7.22972,5.73235
13.2131,7.13151,4.63705
13.0255,7.00785,3.52194
12.8396,6.86141,2.38775
12.6551,6.69687,1.23667
12.4706,6.51933,0.0697204
12.2834,6.33367,-1.11244
12.0952,6.14634,-2.30611
11.9073,5.96471,-3.51028
11.7182,5.79543,-4.72895
11.5268,5.6431,-5.9609
11.3397,5.51247,-7.20362
11.1549,5.40337,-8.4556
10.9763,5.31392,-9.71567
10.8049,5.24332,-10.9845
10.6397,5.18982,-12.2631
10.4811,5.1498,-13.5534
10.325,5.12115,-14.861
10.1669,5.10002,-16.1758
10.0076,5.07982,-17.4914
9.84472,5.06087,-18.7945
9.67573,5.04027,-20.0895
9.50276,5.01611,-21.3756
9.32604,4.98878,-22.6571
9.14622,4.95949,-23.9326
8.96516,4.93062,-25.1984
8.78465,4.90496,-26.4555
8.60585,4.8824,-27.7037
8.42777,4.86387,-28.9388
8.25628,4.8471,-30.1643
8.09226,4.83234,-31.3847
7.93076,4.81775,-32.5924
7.77448,4.80103,-33.7908
7.62133,4.7835,-34.98
7.47081,4.76712,-36.1624
7.32391,4.75333,-37.3388
7.17873,4.74384,-38.5048
7.03194,4.74046,-39.6568
6.88385,4.74275,-40.7949
6.73486,4.75412,-41.9159
6.58666,4.77462,-43.0165
6.43751,4.80547,-44.0947
6.28922,4.84511,-45.1487
6.14445,4.89497,-46.1792
6.00353,4.95615,-47.1853
5.86747,5.02839,-48.1639
5.73874,5.11145,-49.1116
5.61565,5.20538,-50.0289
5.50039,5.30927,-50.9185
5.39309,5.42545,-51.7743
5.29181,5.54907,-52.6008
5.19881,5.68114,-53.3982
5.11307,5.81988,-54.1724
5.0359,5.96319,-54.9205
4.96722,6.10798,-55.6369
4.90615,6.25321,-56.3179
4.85361,6.39985,-56.9627
4.81059,6.54507,-57.573
4.77466,6.69013,-58.1493
4.74208,6.83495,-58.6973
4.71447,6.98236,-59.2101
4.69312,7.13344,-59.6859
4.67844,7.28775,-60.1238
4.67007,7.44565,-60.5165
4.67032,7.6078,-60.865
4.68274,7.77468,-61.174
4.70872,7.9457,-61.4422
4.74784,8.11882,-61.6669
4.80357,8.29593,-61.8488
4.87528,8.44635,-61.9827
4.96116,8.51732,-62.0752
5.06181,8.65469,-62.1265
5.16869,8.72974,-62.1377
5.28474,8.76441,-62.112
5.41327,8.8034,-62.0489
5.55362,8.84582,-61.9442
5.70473,8.88777,-61.7934
5.86638,8.9297,-61.5941
6.04016,8.9686,-61.351
6.23204,9.00653,-61.0601
6.43463,9.04334,-60.7282
6.64773,9.07893,-60.3547
6.87077,9.11425,-59.9412
7.10916,9.17299,-59.4893
7.37551,9.29636,-59.0016
7.66729,9.47602,-58.4779
7.96455,9.65314,-57.9151
8.26522,9.8242,-57.3113
8.56131,9.95994,-56.6607
8.8468,10.044,-55.9597
9.13821,10.1657,-55.2151
9.42365,10.2298,-54.4239
9.7066,10.275,-53.5876
9.99035,10.3193,-52.7087
10.2746,10.3749,-51.792
10.5578,10.4631,-50.8426
10.8394,10.5879,-49.8633
11.1188,10.7127,-48.8545
11.3961,10.8362,-47.8191
11.6726,10.9586,-46.7581
11.9446,11.0772,-45.6762
12.2092,11.1893,-44.5775
12.4644,11.2914,-43.4647
12.7082,11.3814,-42.3403
12.9397,11.456,-41.2059
13.1582,11.5119,-40.0637
13.3632,11.5467,-38.9174
13.5552,11.5595,-37.7684
13.7339,11.5494,-36.6157
13.8969,11.5157,-35.4598
14.0443,11.4614,-34.3079
14.1783,11.3887,-33.1643
14.3006,11.2983,-32.031
14.412,11.1935,-30.907
14.5138,11.0778,-29.7908
14.6078,10.951,-28.6823
14.6968,10.8105,-27.5824
14.7856,10.6572,-26.4905
14.8747,10.4975,-25.4041
14.9685,10.335,-24.3195
15.0683,10.1768,-23.2344
15.1725,10.0275,-22.1497
15.2801,9.88755,-21.0686
15.3907,9.75867,-19.9936
15.504,9.64305,-18.9238
15.6184,9.54287,-17.8558
15.7313,9.46005,-16.7873
15.842,9.39551,-15.7192
15.95,9.34911,-14.6597
16.0445,9.34326,-13.6218
16.1218,9.37479,-12.6079
16.187,9.42511,-11.614
16.2409,9.48813,-10.6406
16.2849,9.55932,-9.68906
16.3194,9.63364,-8.76063
16.3442,9.70516,-7.85547
16.3665,9.7606,-6.9715
16.4045,9.77331,-6.10377
16.4595,9.7347,-5.25148
16.5183,9.65439,-4.42125
16.5846,9.53531,-3.60915
16.6595,9.37869,-2.81459
16.7448,9.18889,-2.03628
16.8272,8.98922,-1.27702
16.9014,8.79292,-0.538093
16.9793,8.59265,0.186069
17.0752,8.37891,0.905401
17.1874,8.16094,1.62486
17.3155,7.94301,2.3454
17.4586,7.72767,3.06698
17.6115,7.51961,3.78897
17.7825,7.30939,4.51121
17.9652,7.10307,5.23108
18.1495,6.90985,5.94669
18.3302,6.73344,6.65876
18.5075,6.57273,7.36854
18.6802,6.4283,8.07405
18.8423,6.30463,8.76824
18.9977,6.19234,9.44059
19.1545,6.08026,10.0892
19.3135,5.96327,10.7248
19.4817,5.83615,11.3504
19.6695,5.67216,11.9724
19.8765,5.46656,12.5917
20.0981,5.23052,13.2043
20.332,4.97354,13.8077
20.5791,4.69753,14.4037
20.8382,4.40589,14.9935
21.1057,4.10477,15.5798
21.3801,3.80107,16.1652
21.6581,3.502,16.7482
21.9376,3.21552,17.3272
22.2157,2.94574,17.8943
22.4869,2.69786,18.4466
22.7457,2.4766,18.9854
22.9882,2.28601,19.5138
23.2112,2.12924,20.0342
23.409,2.00648,20.543
23.5815,1.91733,21.0359
23.7269,1.8643,21.4996
23.8457,1.83969,21.9394
23.9411,1.84095,22.3566
24.0155,1.86279,22.7502
24.0723,1.8996,23.1212
24.1144,1.9467,23.4707
24.143,1.99942,23.798
24.1591,2.05322,24.1017
24.1636,2.10576,24.381
24.1581,2.15473,24.6367
24.1426,2.19542,24.8661
24.1202,2.22885,25.0745
24.09,2.25186,25.2655
24.0512,2.26622,25.438
24.0033,2.27185,25.5908
23.9476,2.2688,25.724
23.8847,2.25806,25.8377
23.8128,2.24082,25.9322
23.7328,2.21897,26.0067
23.645,2.19644,26.0622
23.5487,2.17541,26.0984
23.4448,2.15519,26.1132
23.3344,2.1387,26.1088
23.2175,2.12629,26.0859
23.0962,2.11728,26.0468
22.9724,2.11231,25.9952
22.8478,2.1273,25.9297
22.7234,2.17757,25.8451
22.5983,2.23347,25.7472
22.4731,2.28733,25.6369
22.3517,2.33458,25.5151
22.2324,2.37825,25.3835
22.1155,2.4134,25.2373
22.0019,2.43987,25.0786
21.8931,2.45819,24.9105
21.7891,2.46709,24.7334
21.6892,2.46575,24.5478
21.5937,2.45523,24.3561
21.5016,2.43527,24.159
21.413,2.404,23.9607
21.331,2.36536,23.7573
21.2546,2.31875,23.5485
21.1824,2.26457,23.3357
21.1124,2.20395,23.1191
21.0446,2.13451,22.8995
20.9807,2.05918,22.6775
20.9219,1.9815,22.4522
20.8674,1.90018,22.2233
20.8154,1.8162,21.9927
20.7669,1.72822,21.7607
20.7221,1.63876,21.5353
20.6833,1.5466,21.3114
20.6458,1.45135,21.089
20.6107,1.35354,20.8652
20.5792,1.2535,20.6412
20.5516,1.15003,20.4191
20.5266,1.04307,20.1982
20.5032,0.933733,19.9776
20.4817,0.818871,19.7637
20.4578,0.695233,19.5567
20.4359,0.562415,19.3565
20.413,0.421202,19.1609
20.3909,0.273601,18.9734
20.3662,0.119575,18.7947
20.339,-0.0396489,18.6254
20.3097,-0.201711,18.4632
20.2774,-0.364596,18.3061
20.2418,-0.527387,18.1568
20.2033,-0.689754,18.0204
20.1633,-0.852736,17.8909
20.1229,-1.01251,17.7656
20.0799,-1.17045,17.639
20.0389,-1.32361,17.5128
19.9983,-1.4745,17.3899
19.9569,-1.62214,17.2708
19.9145,-1.76555,17.1548
19.8726,-1.90597,17.0422
19.8319,-2.04456,16.934
19.7916,-2.18013,16.8264
19.7521,-2.31673,16.7084
19.715,-2.45039,16.5887
19.6755,-2.58089,16.4735
19.6354,-2.70523,16.3687
19.5956,-2.82492,16.2712
19.5558,-2.93924,16.1777
19.5147,-3.04595,16.0811
19.4726,-3.14614,15.9796
19.4313,-3.24178,15.88
19.3863,-3.32711,15.7847
19.34,-3.40663,15.698
19.2944,-3.47725,15.617
19.249,-3.54261,15.5363
19.2036,-3.60084,15.451
19.1596,-3.6533,15.3649
19.1175,-3.70126,15.2813
19.0774,-3.74509,15.2005
19.0389,-3.78391,15.1229
19.0015,-3.81649,15.0501
18.967,-3.84399,14.9804
18.9381,-3.87126,14.9113
18.9132,-3.89467,14.8441
18.8927,-3.91699,14.7789
18.8716,-3.93413,14.7131
18.8522,-3.94743,14.6488
18.8364,-3.96059,14.5858
18.8229,-3.97422,14.5215
18.8113,-3.98697,14.4525
18.8036,-3.99927,14.3773
18.7966,-4.0129,14.3003
18.7902,-4.02633,14.2227
18.7855,-4.04088,14.1475
18.7831,-4.05912,14.0735
18.784,-4.08084,13.9998
18.7874,-4.10587,13.928
18.7926,-4.13268,13.8604
18.7998,-4.16275,13.7953
18.8089,-4.19676,13.731
18.8193,-4.2316,13.6682
18.8311,-4.26689,13.6043
18.8444,-4.30525,13.5429
18.8592,-4.34387,13.4805
18.8723,-4.38025,13.4145
18.887,-4.41796,13.3486
18.9017,-4.45555,13.283
18.9158,-4.49205,13.2152
18.9292,-4.52761,13.1458
18.942,-4.56104,13.078
18.9546,-4.59054,13.0144
18.9676,-4.61804,12.9556
18.9804,-4.64102,12.8976
18.993,-4.66147,12.8413
19.0059,-4.6804,12.7846
19.0182,-4.69884,12.7265
19.0303,-4.71593,12.6685
19.0418,-4.7314,12.6118
19.052,-4.74488,12.5568
19.0612,-4.75621,12.5038
19.07,-4.76567,12.4515
19.0789,-4.77358,12.3963
19.0879,-4.78145,12.3355
19.0948,-4.78655,12.274
19.1017,-4.7912,12.2142
19.1098,-4.79405,12.1571
19.117,-4.79596,12.1013
19.123,-4.79743,12.047
19.13,-4.79888,11.995
19.1387,-4.8002,11.9446
19.1474,-4.80103,11.8946
19.1549,-4.80262,11.8449
19.1619,-4.80509,11.797
19.1695,-4.80866,11.7534
19.1768,-4.81146,11.711
19.1835,-4.81481,11.6684
19.19,-4.81985,11.6245
19.197,-4.82546,11.5805
19.2052,-4.83009,11.5362
19.215,-4.83358,11.4893
19.2264,-4.83637,11.4389
19.2396,-4.8372,11.3869
19.2532,-4.83583,11.338
19.2678,-4.83328,11.2972
19.2847,-4.82808,11.2591
19.3033,-4.82067,11.2214
19.3232,-4.81192,11.1821
19.3436,-4.80199,11.1408
19.3641,-4.79055,11.0989
19.3846,-4.77754,11.0591
19.405,-4.76347,11.0248
19.4253,-4.749,10.9962
19.4452,-4.73351,10.9679
19.4661,-4.71861,10.9364
19.4867,-4.70562,10.9031
19.507,-4.69278,10.8699
19.5276,-4.68088,10.8359
19.5485,-4.67052,10.8006
19.5703,-4.66282,10.7653
19.5933,-4.65848,10.7315
19.6166,-4.65644,10.6987
19.6401,-4.65502,10.6659
19.6637,-4.65438,10.6352
19.6887,-4.65586,10.6056
19.7146,-4.65745,10.5763
19.7415,-4.65648,10.5464
19.7684,-4.65485,10.5167
19.7956,-4.65362,10.4888
19.8236,-4.65219,10.4624
19.8534,-4.64965,10.4363
19.8849,-4.64634,10.4097
19.9162,-4.64391,10.3816
19.9481,-4.64213,10.3518
19.9802,-4.63691,10.3212
20.0118,-4.63033,10.2885
20.0445,-4.62512,10.2531
20.0761,-4.6191,10.2161
20.1057,-4.61168,10.1814
20.1336,-4.60232,10.1509
20.1607,-4.59046,10.1238
20.1871,-4.57681,10.0992
20.2114,-4.56298,10.0775
20.2322,-4.54934,10.0582
20.2544,-4.5351,10.0414
20.276,-4.52006,10.025
20.2955,-4.50548,10.0053
20.3148,-4.49104,9.98323
20.3338,-4.47739,9.95985
20.3514,-4.46569,9.93739
20.3672,-4.4561,9.91728
20.3815,-4.44839,9.89824
20.3968,-4.44395,9.87839
20.4116,-4.44093,9.84967
20.4262,-4.43793,9.81607
20.4427,-4.43772,9.78075
20.4576,-4.43846,9.74743
20.473,-4.43995,9.71724
20.4895,-4.44237,9.68911
20.5054,-4.44501,9.65937
20.5193,-4.44647,9.6254
20.5316,-4.4455,9.58851
20.5433,-4.44186,9.55114
20.554,-4.43823,9.51439
20.5641,-4.43211,9.47813
20.5719,-4.42508,9.44228
20.5796,-4.41767,9.40798
20.5882,-4.40834,9.37663
20.5952,-4.3975,9.3492
20.6006,-4.38554,9.32329
20.6063,-4.3722,9.29745
20.6127,-4.35826,9.27418
20.6196,-4.3464,9.25441
20.6277,-4.33506,9.23611
20.6328,-4.32718,9.21408
20.643,-4.32211,9.1896
20.6561,-4.31941,9.16296
20.6684,-4.31823,9.13483
20.6803,-4.32091,9.10578
20.6935,-4.32643,9.07687
20.708,-4.33199,9.04832
20.7219,-4.33766,9.01983
20.7353,-4.34461,8.99324
20.7505,-4.35018,8.96504
20.7658,-4.3544,8.9396
20.7793,-4.35748,8.91904
20.7908,-4.35893,8.90079
20.8019,-4.36087,8.88317
20.8136,-4.36346,8.86144
20.8257,-4.36604,8.83438
20.8364,-4.3687,8.80404
20.8447,-4.37217,8.77346
18.7681,-3.9385,7.87545
