-4503.33,9550.92,17040
-3602.98,9565.81,19071.3
-4318.77,10506.8,19376.1
-3753.17,10129,19354.5
-3232.33,9974.08,18238.7
-3735.78,9453.42,17800.7
-3978.78,9727.33,18854.7
-3802.6,9892.43,20699.4
-4564.42,7959.26,21990.5
-3972.33,10607.4,20573.3
-5280.47,8745.69,20533.3
-5215.95,9246.02,19705.3
-5199.39,9235.7,19778.6
-5577.45,9412.61,19572.1
-6155.64,10037.5,19064
-6369.25,9744,19712.1
-6067.8,8897.74,20975.6
-5989.19,8260.55,21622.4
-6621.56,7713.23,21610.4
-6742.33,8582.61,20571.1
-8484.72,6697.22,22212.9
-6495.28,8278.87,22306.9
-6839.14,8440.48,23215.7
-6708.02,8493.41,23105.4
-8049.27,7834.51,23741.6
-8299.7,7755.73,22919.3
-8013.6,8447.47,22727.6
-8793.47,9042.38,24048.8
-9033.99,9143.62,23378.4
-8944.71,8441.87,24440.8
-10125.1,8747.83,24180.7
-8762.15,8341.57,22929.9
-8767.44,9225.79,24988.8
-8533.83,7299.16,23055.8
-8270.69,6867.17,22573.9
-8750.9,6906.5,23400.5
-9288.32,7605.82,23543.7
-8696.32,8802.07,23073.8
-7826.82,8235.22,22751.2
-9113.75,8739.57,21884.8
-7345.16,9575.04,23440.3
-7192.55,9536.2,23162.8
-7906.12,8760.07,22265.4
-8778.07,8230.03,23357.7
-9477.42,9216.86,23389.5
-9044.73,9329.11,24061.3
-8413.13,9112.91,23739.5
-8199.37,9680.51,22296
-7810.2,9333.96,23341.9
-9001.68,8706.39,22210.8
-6912.49,9567.46,22758.6
-7667.01,10728.3,23459.3
-7690.55,10208.1,24981.9
-9571.67,11287.4,25252.6
-8249.54,11538.9,24933.3
-7334.33,11365.5,25340.1
-8043.99,11703.6,25688.5
-7667.71,12183.4,25135.4
-6110.81,12345.5,24901.2
-6234.83,13096.1,25737.3
-6378.69,13447.7,26151.8
-5384.41,12113.5,26289.3
-6360.48,12551.5,26465.6
-5512.26,13855.3,27112.7
-4839.92,13753.6,26912.3
-4030.13,13621,26340.1
-3560.42,13951.8,27055.3
-4187.74,13852.9,28508.5
-4681.91,13693.1,28239.3
-3631.06,14786.8,27414.9
-2390.79,13879.3,28220.8
-1262.86,16077,26233.7
-1854.31,17233,27016
-1239.47,15534.2,27686.7
-648.313,16357.3,27221.6
-421.877,17371.8,27268.6
-217.611,16927,27647.9
37.7758,17135.7,27057.2
193.396,18268.3,26076.7
279.002,15871.1,26418.2
-1379.7,16431,27489
947.33,19416.1,28477.9
1250.23,17378.5,26278.7
704.592,18584.7,25964.7
409.818,18745.3,26951.2
361.874,18131.4,26141
-227.619,17451.7,24716.3
-626.355,17035.2,24873.9
461.37,17693.3,25374
341.1,17560.9,25477.8
-439.101,17221.4,25683.1
-43.9101,17424.9,24551.3
965.569,17796.6,24750.1
629.52,18357.3,23121.6
984.519,18351.4,22970
-45.7436,17992.3,23123.3
-886.593,17929.4,21802.5
143.512,18141.3,20523.8
340.724,17871.7,21210.1
-94.6095,17062.6,20568.8
942.739,17521.7,19613.3
496.247,17251.5,19958.1
89.3274,16908.1,19638.7
382.68,16338.5,18780.8
459.218,15868.4,18093.5
-2.2126,15032.4,17574.6
-226.821,14520.7,16614.5
482.528,14735.5,15855.7
1497.27,14380.7,16520.5
1412.99,13081.4,16577.4
1216.56,13134.6,15089.4
1024.37,11438,14675
1375.13,13078.6,14763
1999.68,12986.9,14254.7
2270.94,12864.1,12908.7
1664.55,12191.9,11877.9
923.869,10961.5,11354.3
536.127,10563.6,11191.6
85.5348,11558.7,11838.8
412.211,12422,12486.6
273.043,11823.9,11002.6
290.328,11252.2,9602.98
58.4498,10622.6,9856.63
-1300.65,10729.7,10611.9
-1604.3,9557.64,11188.6
-717.56,9078.54,11252.3
-262.775,9043.99,10809.2
-630.01,8647.28,10318.4
-477.048,8808.18,10224.8
-230.713,7512.76,9959.92
-1258.45,8132.34,8662.36
-1518.07,9790.14,9458.82
-309.383,7891.05,10406.7
0,7587.59,10237.3
-257.918,7664.68,10240.4
-577.878,7653.97,10365.6
-955.672,7954.92,10546.7
-1276.34,8145.47,10206.4
-1232.18,7433.45,8882.87
-1170.86,7207.65,9062.21
-192.742,8896.35,8610.72
-2004.71,6189.86,8940.91
-2337.07,6830.14,8319.03
-1936.65,6807.68,8195.83
-1442.99,6815.71,7877.82
-1436.21,7532.27,7893.16
-1969.1,7477.26,7718.16
-1921.77,6277.09,7265.53
-1182.69,5793.27,7335.99
-3161.45,5365.66,5973.98
-1477.01,5387.78,5345.89
-241.199,6981.23,6992.63
-985.224,7233.35,7818.56
-646.692,6913.53,6077.26
-396.79,6438.68,5485.28
-1420.77,5710.58,6262.81
-1721.68,5938.98,6701.86
-662.211,7051.73,6406.04
-787.429,7195.94,6452.57
-861.072,7789.08,6546.57
0,8585.54,4771.14
-1226.99,8177.66,6375.39
-2464.06,6182.35,6846.31
-1886.92,6666.8,7167.33
-1320.08,7563.1,6753.57
-1464.72,7583.25,6791.25
-2164.59,7078.78,6940.03
-2433.85,7979.28,6937.67
-1945.76,10259.5,7555.78
-3547.78,8077.58,6793.7
-5127.97,7797.01,7166.7
-5135.04,7602.73,9100.09
-5002.54,7725.34,9220.19
-4862.47,8690.78,10818.7
-5762.69,8697.38,10268.4
-6660.55,9719.41,9675.67
-7488.81,10237.2,10405.8
-8130.27,9804.77,11525.9
-7578.29,11650.7,12370.3
-7517.95,12244.1,11997.6
-10038,11245.7,10281.1
-9136.3,10118.1,11581.1
-8694.56,10607.4,11526.2
-9029.08,11642.3,12441.7
-10357.2,12269.7,11887.7
-11093,11388.9,11065.8
-11423,10796.2,11699.2
-12374.8,11134.6,13023.9
-13520.8,10827,12749.4
-14200.6,12745.5,10841
-13696.8,12261.7,12740
-15146.8,11551.9,13992.6
-14925.2,12009.2,14071.8
-15499.3,13339.6,15660.9
-16973.7,13042.8,17249.7
-18922.2,12470.5,18250.4
-19892.7,12862.7,19056.6
-19824.1,13712.9,19607.7
-20722.2,14196.2,19793.8
-22410.9,14095.9,21082.1
-22979.3,13659.7,21065.8
-23745.9,12559.9,22159.9
-24635,12748.4,21812.8
-24577.9,13893.7,22532.9
-26100.9,14351.2,24362.3
-25698.8,14279,24654.8
-24603.6,13753,23799.2
-25400.7,12931.9,23415.5
-26153.3,12143.1,23269.4
-27209.3,10301.7,24081.5
-26687.1,10330.8,25547.2
-25607.9,10693.9,26990.2
-26408.7,10160.7,25893.1
-25349.2,10383.2,24806.8
-24530.8,11626.5,25863.7
-23879.6,11745.4,26498.4
-23163.4,11915.1,26119.5
-22186.5,12598.8,26404.6
-20932.4,11042.2,27426.6
-21609.6,9528.24,27758.1
-21310.5,11697.3,29041.8
-20500.6,12076.6,27516.5
-20472.5,10859.5,27316.1
-21106.9,11200.1,28619
-19866.8,11591.8,28717.6
-19084.8,11883.9,27509.6
-19675.4,12391,27292.5
-20375,12978.1,28040.2
-20552.3,13319.5,27562.9
-19793.2,13388.9,28255
-18825.5,14632,28533.4
-17495.6,14311,28685.5
-17575.2,14444.6,28455.4
-16340,15796.5,29484
-15016.6,16601.8,30807
-13709.8,17577.1,31074.8
-13082.2,18088.5,30734.8
-13459.2,17680.4,30437.4
-13804.8,17794.9,30069.2
-13650.2,17933.2,30959.4
-10554.2,18716.6,31930.9
-9639.89,20437.2,34464.7
-9732.24,19857.8,32972.7
-8292,21638,31499.8
-7576.18,21909.5,31452.2
-7136.6,22111.4,31165.2
-6590.62,22427.1,31327.5
-5708.15,22192.6,32176.5
-4025.12,22565.5,31633.9
-3327.07,22526.5,31694
-3446.28,22913.1,33412.9
-1055.18,22731.3,33554.1
-1151.81,22608.9,33005.9
14.1698,22654.9,34006.9
638.389,23476.4,34177.2
1388.02,23485,33641.8
2356.92,23116.5,33920.5
2897.19,24172.9,34553.2
3321.7,25941.4,33837.2
4108.05,25281.6,33414.1
6460.62,25516.7,32766
3908.34,24815.3,33902.4
6666.61,23924.6,32671.4
6401.78,24218.5,31441.4
5639.83,23641.6,31172.2
5156.01,23684.7,30588.9
5558.08,23617,29666.1
7003.43,22455.1,29242.8
7592,21900.4,29099.9
5818.66,21622.5,28556.6
5552.25,21816.9,26577.2
4771.3,22500.9,27198.3
4602.64,20427.5,27650
4254.42,20031.2,27645.2
4608.01,20915,28170.1
4333.15,21256.2,26687.6
3743.74,21032.2,24471.4
3515.92,20240,24324
3085.61,18884.1,25005.8
3413.97,20612.6,23993
853.92,20485.1,22671.3
1793.51,19866.7,23127.1
1451.06,20630,23142.8
2252.78,19408.6,22185.7
2015.59,16577.5,20989.2
1040.14,15673.5,21220.3
1386.67,16663.5,21337.3
2312.09,17293.7,19689.8
1240.39,17138.7,18289.2
814.45,16310.7,19145.9
-466.218,15077.9,19619.4
383.914,15715.5,16488.1
484.297,16080.7,17087.5
733.501,16067.7,18134
621.697,15596.2,17437.8
-419.502,14649.3,16772.7
-1794.44,13848.2,17066.4
-1975.73,13631.6,17012.5
-863.964,13581.5,15929.6
-1343.04,13343.5,15837.2
-545.086,12916.1,16264.7
-1346.12,12186.1,15193.6
-2611.49,12371.2,13933
-877.397,11450.3,14131.5
-831.272,11906.5,13584.4
-1953.64,11258.8,13341.7
-2386.83,10607.2,13676.6
-1872.39,11705.9,13670.2
-856.318,11777.6,13319.9
189.031,10196.4,12704.7
-1465.72,12279.9,9852.55
-269.045,11499.6,11318.1
-20.146,8448.18,12990.5
-67.8121,9273.72,11183.4
-1385.31,9677.32,9527.9
-1585.67,9617.36,9082.31
-921.91,9659.29,9406.31
-637.262,9235.2,9730.74
-207.461,8464.2,9847.65
-1091.79,8056.61,11122.4
-1582.15,6181.58,9089.09
-2741.43,7506.73,10811.2
-3696.8,7868.33,10201.5
-2102.99,7661.73,10032.4
-1204.3,7991.12,9746.66
-781.71,8115,9318.15
-661.035,8357.12,9809
-894.836,8843.55,10390.4
-575.829,8423.58,9087.55
-152.594,7894.13,8665.98
-100.514,7175.6,9905.12
-871.123,7105.42,7914.17
-1408.31,7228.87,9045.24
-1355.76,6421.69,8842.49
-828.493,6572.76,8221.47
-262.126,7146.05,8011.01
-382.699,6340.67,8220.98
-905.828,5214.27,8296.23
-639.926,6500.72,8033.53
-46.3968,7353.74,8349.77
0,4883.67,6697.22
-166.318,4793.73,7905.67
-36.9596,5549.13,7769.43
0,6557.6,7748.43
0,6259.49,8164.09
-418.311,6322.32,7801.73
-967.378,6159.04,6937.76
-814.457,4902.27,7046.4
-270.441,4116.49,8126.82
-1277.69,3677.48,8111.94
-607.081,5393.57,8177.09
-60.7081,5012.79,7611.89
-1093.24,5587.13,6266.12
-1333.92,4331.83,5801.95
-1195.2,3515.26,5173.92
-1369.79,3600.28,5891.03
-1506.02,3503.68,6532.25
-1337.39,2523.88,5661.74
-1620.8,1940.24,5322.64
-2567.31,4130.94,5768.51
-2029.4,3290.66,6020.76
-956.633,4562.5,7562.58
-167.487,3527.84,6407.02
-1004.58,3874.4,6835.98
-1905.53,3668.74,6327.71
-2501.9,4698.14,6123.57
-3208.1,5337.71,7105.73
-3475.7,5106.22,7523.89
-3149.92,6403.05,6512.39
-5132.52,3975.92,7238.83
-3826.99,5455.66,5923.01
-4330.18,5436.18,6619.8
-5336.29,4931.03,6314.53
-5615.2,3751.91,7223.44
-5410.43,4161.34,8485.96
-5506.6,4748.88,9043.62
-6045.9,4691.17,8409.74
-6904.1,4522.62,7994.5
-7885.23,4668.32,9146.41
-8041.76,5841.92,8584.25
-9073.53,5987.45,7422.57
-7400.11,7607.68,7561.39
-7676.96,6713.79,7930.65
-8068.34,5806.56,9810.58
-8733.98,7089.56,10525.1
-9014.93,8305.03,10331.7
-9950.91,8818.08,9974.93
-11932,9162.73,10539
-13114.6,9134.96,12286.7
-13659.5,10655.4,11426
-13872.8,12026.1,13216.5
-13656.3,10997.9,14235.2
-17556,9926.41,14111.5
-17282.7,10272.6,15265.1
-16386.9,9333.91,14854.6
-17104.4,10069.6,14829.9
-17936.9,10856.6,15619.9
-17952,9761.72,16165.3
-18512.5,9822.59,16622.1
-18950.1,10048.2,16240.9
-19593.4,11376.3,17679.9
-19375.5,11157.8,18382.1
-18810.9,12942.3,18209
-20299.7,13578.9,17760
-21161.5,14073.9,18365.8
-21160.2,15154.2,19742.2
-21445.9,16065.4,20973.3
-22461.6,16208.9,21556.7
-23161.8,16350.2,21867.5
-22007.9,16969.8,22837.6
-21649.4,15877.2,22890.8
-21152,17032.7,25064
-23203.8,15220.6,26724.5
-22075.9,13983.1,26763.9
-20878.4,14064.6,26369.7
-20770.8,15314.3,26014.5
-20821.3,15829.2,26136.8
-20261.8,15205.4,26774.7
-19862.7,15460.1,27096.2
-20991.7,15408.9,26705.7
-19631,12012.3,26806.6
-17967.6,12825.7,29299.2
-19005.7,12633.6,27587.8
-17625.4,13479.3,28219.5
-16388.6,13118.4,28989.8
-15715.7,13622.6,29002.9
-15241.6,14135.3,29045.7
-15208.7,13295.9,28743.9
-15260.6,12858.5,27372.1
-13854.3,11999.6,27879
-14721,11742.3,28666.2
-14648.8,9869.1,29215.1
-13496.1,12253,29694.1
-13410.8,12498.9,29551.5
-13191.3,12843.9,29533.5
-13098.4,11802.6,29938.1
-12744.2,11902.1,29581.5
-12341.4,13749.2,29137.1
-13083.6,12787.5,30277.5
-13146.7,12753.3,29395
-11751,15037.9,31600.9
-11776.4,15308.8,30256
-11441.7,14980.9,32026.5
-10064.9,16000.4,33005
-7795.25,16649.8,31461.1
-7152.69,17040,31016.2
-7435.78,18522.5,31688.3
-6969.76,19431.7,31770.3
-6273.6,17354.1,32228.5
-4716.83,17670.3,32452.8
-4114.68,19422.6,31763.3
-4899.51,18107.1,31839.5
-4441.63,17505.7,32183.4
-3750.53,18387.1,32001
-3870.73,18314.8,31639.5
-3767.85,17621.2,31963.2
-4087.62,17204.2,32434.1
-4105.92,17246.3,32946.8
-1671.16,17791.8,34212
-889.454,18916.5,34050.6
280.689,20008.7,32331.7
1183.75,19485.2,33864.7
2163.2,19063.4,33595.9
2697.42,20688.2,32843
2515.01,19816.3,32518.1
1891.81,19410.8,32275.6
1785.49,19260.7,32119.3
2822.18,18613.2,31971.3
3854.54,19985.1,31561.7
2519.64,19897.9,31930.2
1938.16,18153.5,30842.7
1938.27,17487.9,29928.4
1744.71,17851.6,28683.1
2217.82,18621,27444.5
1286.79,17911.8,28035.9
1044.93,17304.8,27917.7
1606.69,16985.9,27429.2
1965.26,16689.5,27947.5
2630.52,17194.9,28001.4
2395.82,16773,27375.3
2178.16,16916.1,26005.2
1201.94,17642,27571.6
1279.19,17234.1,26258.7
735.615,16521.9,25166.6
939.842,16667.8,24045.4
1223.31,17138.9,23883
721.23,16556.4,23833.9
142.472,15498.3,23265.1
571.273,15989,22947.8
932.746,16482.8,21069.3
716.741,13631.2,21766.8
71.6741,15462.7,20152.9
-2.19738,15375.9,18921.4
628.145,16442.2,19833.5
863.047,15664.5,19897.5
809.826,14674.1,19369.6
468.156,13988.7,18458.1
-110.171,13222.7,17586.6
-293.788,13361.4,17948.4
-76.0699,13534.7,17803.2
-760.699,13676.8,15548.4
-942.735,11711.7,17909.6
-1723.39,12291.2,17369.2
-1735.51,12710,15866.1
-2283.12,12542,16169
-2058.22,12632.8,16247
-2189.88,12140,15921
-2971.49,10715.6,15536.4
-2545.2,9680.5,14076.7
-4069.67,8313.06,14266.1
-1458.15,9158.18,14772
-2600.46,9697.97,14393.3
-801.686,10114.7,13756.6
-881.923,8945.55,13547.6
-2306.21,7616.87,12871.3
-2646.46,8097.02,13103.1
-2079.52,8769.02,13074.1
-1377.19,8611.87,12441.1
-797.964,8960.85,12833.9
-3262.04,7188.94,10850.6
-2180.26,7611.65,13182.8
-2188.09,6475.45,12577.5
-1711.64,7904.19,12578
-1608.72,7845.66,12457.5
-2463.3,7846.14,12062.7
-3216.73,7265.43,10407.4
-3289.06,6486.76,9469.23
-2795.08,6613.32,9763.3
-2102.71,6804.08,8914.1
-2412.26,5565.79,9733
-3253.06,6984.48,10237
-2630.24,6295.41,10356.3
-1147.56,7073.43,9727.89
-1383.55,6110.65,9279.5
-2024.66,6348.91,9689.94
-3095.72,6228.18,10544.4
-2401.76,5506.6,9733.05
-1220.59,5215.14,8011.8
-3239.62,5437.44,8341.25
-1399.35,7426.61,7460.07
-2689.02,6186.21,8132.34
-2364.76,4209.36,7644.99
-2040.51,5133.03,7428.01
-1153.39,5188,7025.38
-1182.7,5710.76,7689.85
-1469.7,6102.89,7671.34
-902.563,5733.6,7879.93
-592.293,5389.61,8524.09
-2039.45,5683.32,7407.02
-2236.08,5057.92,7596.61
-1660.65,3676.63,6167.6
-557.979,3889.19,7074.8
-1617.89,3203.85,6533.45
-713.548,3168.37,6934.79
-1777.5,3062.51,7389.54
-3291.42,4079.1,6884.74
-3555,4629.24,6193.55
-3490.07,3802.48,5909.14
-3456.3,3842.08,5275.66
-1422.88,3434.16,4946.53
-3857.85,1658.87,6411.74
-3208.76,3906.65,5821.78
-3181.72,3932.83,6041.79
-2836.52,4078.93,5721.75
-2191.78,3712.63,5960.36
-2474.22,3247.68,5807.21
-2738.05,2964.14,5526.08
-2470.66,2833.84,5567.19
-3308.91,2985.01,5557.86
-4301.98,3080.29,7063.12
-4271.54,2733.33,6389.58
-4430.95,5037.69,7354.95
-4077.67,2800.12,7829.86
-5204.85,3675.72,5734.1
-5708.25,4271.21,7266.43
-4407.26,5334.3,7389
-3711.61,5815.22,5594.93
-3933.63,5223.48,5710.79
-2965.45,5890.01,6703.69
-5260.97,5540.02,5793.63
-4783.73,5983.43,5615.24
-6294.67,3173.43,5886.35
-6267.29,5547.32,6157.77
-6050.25,5507.53,6385
-6983.65,6241.57,7177.71
-7175.6,7205.31,7744.98
-7746.48,7364.55,7096.02
-8976.82,7211.34,6567
-7978.59,7064.96,8405.46
-7458.12,6349.62,10374
-9851.77,6412.92,10136.1
-11728.2,5822.97,9219.2
-11401.2,7274.66,10668.2
-10668.4,9170.86,12200.6
-9618.16,10611.2,13378.5
-9221.67,11168.2,13846.1
-10431.5,10818,14517.1
-12256.9,10982.3,15305.5
-13187.4,12634.5,14641.5
-15128.6,12483.5,14225
-16696.4,13382.8,17244.8
-16307.9,15030.2,17526.4
-17115.2,15799,17586.2
-18451.8,15730.8,17320.4
-19376.6,14713.9,17079.5
-20510.7,14029.4,17977.2
-21120.3,14171.7,19222.3
-20812.3,14136.2,19015.2
-20748.4,13230.3,17840.2
-20425.8,12653.3,18624.5
-22796.5,10606.9,17221.4
-20452.5,11212.8,18853.2
-20877.1,10292.6,19370
-21259.3,10475.6,19048.7
-21059.4,11152.5,19105.5
-20452.3,11312.7,19126.1
-20751.8,11820,18357.9
-21582.4,12592.5,18469.7
-20947.9,12473.4,20501.2
-20614.8,14121.7,18678.9
-20381.3,13010.4,18562.2
-19828.2,14266,20093.1
-19091.3,14914.7,19913.3
-18872.1,14658,19966.7
-19485.6,14032.4,19314.4
-19149.6,15818.4,19749.1
-18903.2,16499.5,21221.2
-19646.1,14506.7,22281
-19441.1,14667.8,23437.8
-18804,14365.5,25994.4
-18213.9,16412.2,25537.1
-17017.6,15721.5,26116.1
-17877,14907.5,25561.6
-16487.9,16604.5,24794.9
-15786.3,16318.9,25021.4
-15051.1,15945.5,25023.2
-15076.4,16123.1,24004.2
-15988.2,15312.1,23155.2
-15588.1,14140.1,23813.6
-15834.6,14740.2,24588.4
-13242.4,16492.7,24093
-13809.8,16008.9,24638.9
-13361.8,16074.4,24456.4
-12886.3,16746.5,24271.4
-13156,15682,23800.4
-13856.5,15066.7,24677
-13733.1,15588.7,25863.1
-12977.8,15658,26522
-13019.9,15534.1,27718.5
-12476.2,17842.4,26859.1
-11257.4,18146.9,27490.8
-12440.7,17583,25729
-11829.1,18130.9,26239.3
-9779.39,19182,28048.8
-9922.21,19548.4,29015.6
-9269.17,19191.5,29282.4
-8533.54,18493,28461.6
-9215.57,18056.2,28095.7
-8554.22,18348.2,30184.8
-7069.22,18545.8,29326.8
-6111.79,17731.2,30276
-7132.35,17970.6,31542.7
-6806.93,20314.1,31129.4
-7006.19,19683.1,32031.6
-6626.66,17584.2,32054.3
-5408.93,17707.2,31496
-5163.47,18218.8,32139.6
-5138.03,17291.8,32938
-2541.78,17469.6,31771.4
-1379.21,17662.2,32539.7
-2740.79,18902.3,32632.5
-2908.77,18681.1,33297.8
-2110.15,20179.7,31935.5
-699.906,19056.9,32578.4
-217.399,17771.2,32648.6
-419.262,18149.7,32558.9
-358.948,19219.4,32636.9
108.54,19059.7,32207.4
362.514,17965.2,31430.7
328.83,18947.3,31395
0,20547,31988.3
411.278,18402.2,30749.9
-41.9132,17792.6,30437.4
-290.769,17954.4,28969
-920.157,18002.3,27965
-1725.33,17707.9,27582.5
-1543.79,17627.1,27831.6
-1299.8,17590.6,27935.5
-2572.28,16500.1,26538.2
-1500.99,15123.5,25076.8
-1480.36,17167.1,24424.2
-2981.56,15674.1,23764
-1482.41,16234.1,24900.5
-970.96,15187.6,23299.4
-1233.18,15472.7,22935.3
-2151.39,15613.5,22716.8
-1826.8,15304.3,21652.4
-605.434,15555.3,21142.2
-1115.97,15632.9,21806.2
56.4568,14690.8,21427.6
433.792,13049.8,19880.8
-703.204,12104.5,18441.8
-2087.43,12358.1,19355
-1341.93,12440.7,20106.5
-1183.92,12706.7,19183
-1541.06,13076.6,18271.9
-1818.91,12839,17883.9
-2120.94,12418.5,17694
-2327.84,12740.7,17379.3
-2069.72,11901.7,14892.8
-2772.03,11382.7,16952.2
-843.56,10173.8,15767.1
-2631.6,11857.7,14954.3
-3425.66,11446.4,14947.2
-3343.51,10371.4,15077
-2362.31,9819.4,15409.4
-1365.92,9618,14819.6
-2128.92,9241.63,13516.3
-3823.58,8877.95,13871.6
-1292.85,9114.77,14951.6
-979.602,7676.83,13546.3
-97.9602,9910.58,14511.4
-499.947,9420.28,12657.8
-396.36,7793.61,13613.2
-119.36,8107.48,13101.7
223.698,9086.15,12600.9
-148.022,9313.02,12845.1
-728.804,9134.96,12713.5
-191.349,8584.84,12820.4
-915.653,6116.43,14173.6
-545.81,5194.67,12575.7
-347.994,6445.97,11828.6
182.288,5650.43,11410.1
92.8092,7451.74,11769.4
-530.175,6530.68,13284.8
-475.561,6244.16,12619.2
-362.341,6555.43,10790.9
-436.669,5826.9,10544.3
448.962,5971.76,10781.8
424.031,4997.14,10109.1
-776.212,5120.67,9967.63
-505.137,5395.5,11040.6
206.482,4367.07,12100.9
113.057,4638.75,11313.5
524.241,6460.15,10714.4
-129.369,6441.66,9798.12
-1056.7,5047.22,9627.3
-489.38,4323.21,10019.8
365.134,3597.17,9251.95
-451.691,3180.01,11142.4
-457.327,4429.74,8340.91
-616.788,4317.8,10358.7
-930.981,3539.96,10269.3
-986.24,3690.97,8779.89
218.654,4979.36,9871.62
637.089,4360.75,10091.8
154.59,2943.64,9424.59
74.0832,3238.82,10144.5
128.607,4211.23,10744.2
-330.414,4770.76,9734.99
-201.488,4305.36,8837.34
-783.569,3346.64,7967.61
-1313.9,2951.91,8860.86
-429.093,3207.99,9764.58
-147.514,3430.37,9103
-486.903,4077.11,8532.19
-629.608,4813,8503.32
-1344.75,4417.57,8427.66
-3570.99,3278.58,8183.19
-4406.63,4382.57,6973.61
-4245.21,4004.62,9447.17
-3862.93,1694.03,8690.45
-3013.91,3151.86,9143.36
-3112.96,3827.79,9227.57
-3562.98,4156.72,9634.24
-3923.65,3583.76,10347.6
-4090.6,3704.46,9791.91
-3964.48,4663.15,8804.39
-3753.34,4131.63,9976.59
-4367.59,4748.89,10200.3
-4333.3,3840.95,10995.6
-5412.29,3014.18,9373.48
-5760.66,3468.24,10346.9
-5979.39,2852.31,9098.97
-5152.15,3433.76,9864.04
-4482.27,3882.55,9901.95
-3794.13,3576.68,9743.13
-3114.1,3248.26,10114.6
-3719.61,3078.44,8325.61
-3850.87,3165.8,8905.71
-3718.04,1636.42,14938.5
-5107.7,2936.29,13075.3
-3862.75,3426.47,11375.7
-4446.81,4693.02,12007.2
-5722.01,4244.31,12959.9
-6193.63,4844.97,12497.5
-5495.86,5593.8,12111.9
-4959.47,4849.48,12838.6
-5700.11,5092.74,13332.4
-5539.05,6146.53,14601.6
-6218.85,5858.15,15768
-6797.66,7189.27,14920.6
-7147.63,6059.82,15350.7
-7910.62,5421.12,14161.9
-7673.84,5210.97,14537.6
-7402.45,5014.79,14560.9
-7352.27,5378.41,13692.2
-7291.52,5470.11,13550.5
-7605.54,4110.73,14013.5
-7448.91,5030.27,13365.5
-6544.72,5567.11,12264.3
-9174.22,4431.53,13240.2
-7200.76,5070.76,11753.9
-6886.53,4696.47,11927.4
-7497.78,4885.1,11165.4
-8160.83,6174.04,10137.7
-9448.51,6927.27,11912.3
-10961.3,6454,14750
-11304.2,6240.46,14075.1
-11953.3,6616.53,14697.9
-11552.5,9223.17,14485.3
-11396.2,8956.19,16563.3
-12632,10328.3,15887.6
-13259.7,10570.6,15279.6
-13107.4,9419.88,14922.3
-13110.1,9409.93,14822.6
-12514.1,9147.92,14553.8
-12050.1,7847.77,14399.2
-13481.7,8420.5,14769.3
-12505.4,8838.58,13577
-12735.8,7293.46,14131.7
-12614.7,9198.4,15048.6
-15369.7,9292.56,15137.2
-13613.9,9170.97,15472
-13933.7,9136.09,16312.6
-15844.5,9341.4,17565
-16528,10127.2,17822.4
-16494.8,11002.6,17802
-17588.9,11205,19506.6
-17961,12027.8,19178.7
-18782.2,12145.9,20071.4
-20770.3,13700.1,19421.4
-19314.2,14599.8,21052.9
-19405.6,14854.1,21535.8
-19575.6,15628.6,22401.2
-18925.3,15522,22897.2
-19253.1,15185.3,23191.6
-20274.7,15357.3,23855.9
-19551.5,15042.9,24594
-20298.2,15935.7,26442.2
-19725.8,16292.9,27070.4
-21296.5,15885,27341.6
-18855,15405.2,28058.1
-19967.3,16173,27357.3
-20196,16165.6,27738.2
-19820.1,14926.9,27733.6
-18860.9,14770.4,27237.6
-17439.9,15544.5,27109.8
-17410.3,14098.9,26510.7
-17307.9,12775.9,25741.1
-15962.8,13755.1,28165.2
-17956.1,12138.4,26926.5
-17507.7,12487,27364.2
-16667.3,12578.1,27677.4
-16064.5,12560.7,26451.5
-16062.2,11900.1,25718.8
-16695.7,11071.6,25224.4
-16907.3,10944.3,24391.7
-15815.1,11283.5,24964.3
-15424.1,11435.2,26346.3
-15313.1,11023.2,27246.7
-13877.8,13824.1,26931.8
-14607.3,13723.6,26921.8
-14976.9,13890.9,28411.2
-13636.3,14778,28572
-12996.2,16120.2,28342.3
-13362.4,15960.9,27669.9
-13467,15138,27427.8
-13263.1,16685.2,28603.6
-12547.6,16877.1,25205
-13345.9,18178.2,27600
-11484.7,17844.5,27828
-13603.1,18753.6,27001.8
-14217.4,19072.9,26947
-13045.2,20327.4,27966.3
-11322.2,21715.4,28987.1
-9074.18,22176.5,30103
-7108.62,21876.1,31171
-6580.41,21286.8,31376.8
-4222.3,20369.7,32496.3
-2698.59,22483.5,32974.9
-269.859,21186.8,32153.7
-206.317,21546.5,33171.4
814.07,21683.6,32526.9
1202.87,21543.3,31509.3
1335.73,20691,32526.9
1474.88,20554.9,32996.3
1133.1,21262.8,31568.9
899.798,20749.1,31602.8
2422.62,20594.6,31542.5
956.746,19124.4,31271.3
482.768,19047,32123.1
86.0207,19881,29736.8
0,18752.2,29872.4
-964.231,17994.3,30396.5
99.5254,19194,30546.1
574.155,18841.5,30431
-461.1,17574.1,30260.1
1470.59,20144.3,30007.4
1525.94,18803.8,28712
747.12,18774.8,28315.4
263.378,18184.6,27749.4
686.915,18592,27591.9
847.619,17604.1,27628.5
652.53,15846.6,25816.1
946.037,16119.6,24055.7
1613.68,16943,24342.2
1373.43,16519,24490.6
81.6804,16394.8,22271.7
446.558,15581,23429.1
789.959,15571.3,22698.6
-501.393,15044.1,22364.7
-128.975,14017.9,20771.2
643.334,13896.6,20178.8
654.643,13877.3,19517.6
438.104,14609.2,18933.6
-32.2721,15786.5,18837.4
-474.202,15893.1,18869.4
-206.315,14596,18341.5
-928.42,13798.6,17401.2
0,12120.7,17371.4
-1199.59,12159.5,15422.3
-1659.37,12313.9,15287.5
-1493.29,13371.6,16613.8
-796.81,12699.1,16341.2
-612.887,11653,15337.2
-493.509,10671.7,14445.3
-287.024,10046.2,14231.2
-903.222,10702,14957.5
-726.655,9762.39,13656.8
-1064.41,10213.5,13609.8
-3719.1,9420,12168.1
-853.743,9511.85,13848.6
-1448.85,9515.37,13522
-1887.62,8733.03,13442.7
-2225.71,8757.79,13555.3
-1996.49,8445.59,12676.5
-899.183,7749.65,11251.5
-548.661,9038.29,10909.9
-255.263,8700.92,11289.6
-2552.63,7493.2,10577.1
-272.346,10628.9,10116
-1812.35,8874.15,11250.2
-940.391,7294.68,11428
-149.819,8168.98,10335.7
-470.002,8722.68,10204.5
-1450.45,8218.12,10912.3
-1551.29,8079.21,10521.1
-202.793,7970.34,8834.92
-1008.24,6468.81,8185.86
-956.746,7173.55,11943
-791.223,6270.01,8999.12
-1495.57,6594.82,9099.02
-880.513,5691.36,8746.45
-215.793,5978.09,9734.13
0,6070.8,9598.12
-429.134,6042.76,8599.43
-750.984,6527.8,8526.18
-190.454,6272.57,8610.27
-983.446,5832.81,8302.35
-1264.05,6583.18,5547.21
630.012,7337.58,7338.64
-316.434,5592.14,7834.37
-674.789,5394.42,7237.25
-392.35,5183.09,6621.72
-382.959,4574.18,6425.15
-97.8358,5603.24,7537.38
439.479,6700.13,8713.21
-170.254,4305.58,7547.86
-692.868,4374.85,7006.65
732.747,4050.98,5486.1
689.814,2929.79,6884.38
137.009,3438.21,8125.97
-811.394,4488.73,7339.33
-595.483,4531.67,7214.88
-39.791,4439.44,6284.16
84.0806,3883.57,5567.98
128.975,3083.99,6749.29
343.934,3576.25,7697.98
0,3207.36,6590.92
0,1936.05,7031.18
-1495.22,2596.51,6527
-103.871,4200.57,6114.98
-397.016,3664.72,6254.52
-409.64,3426.18,6603.93
-126.615,1794.97,6248.48
-18.107,1723.02,6131.79
-636.108,4018.55,6615.66
-1920.18,3736.05,6336.08
-1128.81,4229.5,6322.73
-1213.16,2169.91,5706.02
-1133.7,1357.29,6877.33
-224.974,1135.93,8665.95
0,3014.44,7467.27
-263.777,3278.81,8094.06
-1096.78,2630.48,7675.63
-1052.36,2335.22,7231.67
-908.595,1617.07,8493.79
-2744.87,626.188,8388.31
-1504.17,3069.63,8268.31
-553.868,2517.81,9491.97
-1556.26,3836.03,8745.5
-966.257,4888.82,7855.69
-2548.18,4564.93,8658.55
-3531.26,5462.92,8908.88
-4186.71,5932.23,9421.33
-4263.27,5511.4,10118.7
-3462.51,5869.73,10085.4
-3532.71,7147.84,9670.26
-5127.09,7102.42,9257.94
-3309.62,7692.96,9528.47
-5418.91,8949.48,9525.43
-5091.75,9675.68,8838.29
-5212.73,8260.63,11218.7
-6528.69,7450.59,11076.4
-7731.83,7580.29,10777.4
-8945.87,7277.54,10034.3
-9510.52,7285.92,8419.37
-8046.4,9004.73,9512.39
-8521.58,8210.24,11096.7
-10432.7,6197.9,10116.4
-10858.6,9975.58,10570.4
-11727,8649.83,12392.1
-12741.8,9830.99,11519.5
-14307.9,10299.5,12331.6
-14975.1,11191.3,12672.2
-15337.8,11978,12660.9
-16390.1,11421.7,13660.8
-17173.9,11032.4,14139.3
-17639.2,10952.6,14709.1
-17955.3,9640.47,15344.4
-19386.1,10927.8,15291.1
-20233.8,12612.6,16834.2
-19356.6,13709.3,17929.3
-20191.8,14022.1,19107.4
-21745.4,13492.4,19214.8
-23543,13642.3,19152.8
-25075.1,14664.3,19128
-24725.6,14815.6,18268.8
-24685.8,15504.9,20796.5
-26916.8,15804.6,20256.1
-29897.4,15497,24634.9
-29171.5,14737.6,23885.8
-29554.9,15021.8,23876.8
-30608.6,15292.3,24374.4
-30788.8,15495,24919.1
-29859.4,15938,26037.6
-28931.5,16009.9,27055.1
-28721.9,15182,26789.1
-28097.4,15106.4,27499.3
-26716.3,14018.1,25644.3
-25876.6,12521.1,28440.6
-24138.8,11962.7,29247.7
-22423.8,12106.1,30387
-20902.4,12784.8,29466
-19697.8,12508.9,28412.6
-18984.1,10382.9,28177.6
-18453.3,9443.92,28252.9
-17925.5,12000.2,28791.6
-18797.1,10345.1,29071.5
-20062.2,9343.03,29307.7
-18175.7,10741.2,29002.6
-19283.9,11364.1,29727.2
-19613.3,12728.9,29736.4
-19613.3,13261.5,30439.5
-18500.5,13833.3,30420.4
-17896.8,14761.2,31125.7
-17741.5,15909.3,33065.2
-15537.6,17108.4,33380.4
-15275.7,16234.9,33921.7
-15076.5,16974.5,33536.3
-11631.2,16975.5,35218.1
-11771,18795.3,36161.5
-10937.8,18500.1,36355.3
-9557.16,17891.3,37968
-8284.7,17461.2,37699.1
-8061.88,18085.9,36402.8
-8253.27,18949.7,36584
-7191.47,18418.7,36962.9
-6740.09,20200.1,37380.9
-5997.23,19127.9,36862.8
-4274.1,22348.4,36637.1
-4643.51,20714,36606.4
-4676.81,21819,36902.6
-3007.61,22485.4,38330.2
-1733.5,21813.3,38467.6
-1791.77,22767.4,34111.7
-1619.86,24886.9,31017.8
-182.293,24085.3,36411.6
384.997,23579.9,36050.4
-305.03,22758.6,35674.6
1377.35,22278.6,36568.1
2665.02,22655.8,36577.4
2221.51,22240.2,34711.4
2400.39,21435.4,34118.1
2373.04,21024.5,32594
2418.67,21718.3,31575
2600.92,21924.2,31895.4
1902.07,19854.7,30494.8
2687.69,19743.9,30728.5
133.997,20091.7,30003.5
1372.33,20522.2,29195.7
1104.85,19817.1,28375.4
1853.36,21748.5,27879.8
1871.42,21917.2,25224.1
1456.91,20680.6,24444.7
763.895,20101.9,24156
168.207,19900.6,22295.7
571.994,18827.3,21770.6
595.362,18728.3,20405.3
398.728,18816.9,20729.3
1706.79,19835.3,19331.2
722.134,16329,18057
603.854,14681,18126.5
269.693,15396.9,18037.2
-786.18,16175.6,16917.4
-1105.71,15116.6,16381.6
-83.1978,14255.5,16304.6
299.181,15707.5,14800.5
-1199.42,13566.2,15303.5
-1359.24,14351.2,13999.3
-135.924,13490.1,15485.6
-1764.55,13171,12623.1
-2016.22,12306.1,13057.7
-1027.78,12760,13557.6
-211.473,13001.1,12827.3
0,12204.3,12165
53.5951,11871.2,11763.5
35.1921,12397.7,10888.7
-493.494,10703.6,12037.2
-87.1746,12046.5,12466.8
-8.71746,12047.5,11930.6
-1119.26,10710.9,10911.5
-709.008,11476.6,10088.9
-547.894,11572.2,9484.7
-1744.79,11266.3,9628.8
-2398.21,10901.5,10487.9
-1867.43,10330.6,10038.9
-2046.09,10078.7,7937.86
-1305.21,10084.3,10237.3
-789.927,10212.7,8527.31
-683.382,9375.3,9115.74
-134.309,8804.88,8545.25
-547.995,8785.36,7264.73
-1750.43,8125.81,6149.24
-1197.74,8315.28,6879.64
-526.153,8477.3,8567.12
-920.768,7709.85,8423.19
-191.349,7606.91,6632.92
-1086.5,7462.53,8123.45
-2254.27,7857.15,6631.65
-225.427,7219.36,6260.13
-1023.76,5639.38,8488.24
-955.331,5612.95,6735.01
-1187.6,6073.84,6052.76
-1741.69,6272.31,5978.25
-1251.75,6077.25,5893.48
-1066.5,5835.78,5381.88
-3173.36,5574.7,3987.09
-2056.48,4281.7,5817.71
-956.746,5262.1,4594.02
-2883.59,4196.33,4581.2
-2511.87,4911.81,5487.18
-2278.19,4003.49,4957.08
-2708.35,4901.57,4950.41
-2476,4602.47,5198.32
-2799.23,4272.8,5545.9
-3759.86,5319.41,6122.67
-2622.38,4873.02,5405.96
-1554.07,5475.35,1988.52
-4305.36,3089.23,6232.31
-3993.45,4851.53,3087.82
-4053.46,4745.16,4265.85
-3270.77,4491.56,2579.91
-2897.29,4918.29,2699.33
-2747.67,5352.97,2353.43
-2242.09,4895.47,1955.13
-2467.78,4242.81,2987.61
-4353.54,4883.85,3543.03
-4630.03,5767.06,4750.63
-5383.89,5975.29,4483.65
-6137.04,6194.49,3569.33
-5740.6,8657.92,4281.73
-6707.44,8139.73,5361.16
-7496.71,7220.99,5199.89
-8400.72,8727.49,5589.26
-9592.45,10644.9,6239.42
-10689.5,10521.1,6632.71
-11545.2,10394.5,7651.34
-11936,12690.8,6984.25
-13376.3,12313.6,9567.46
-14312.2,13950.8,12171.9
-15908.9,13528.2,11308.2
-16716.9,14096.3,11342.7
-17161.7,15740.1,11987.5
-18130.2,15815.9,12160.6
-20256.9,14833.6,12562.1
-22291.4,14712.8,14184.7
-22428,14744.9,15941.5
-22730.4,13688.7,16012.1
-23790.2,14012.8,18388.1
-26870.9,14738.2,19011.6
-28365.9,15399.3,17133.2
-28578.8,14449.6,18388.3
-29601.2,12293.7,19535
-30573,11956.4,20777.2
-30788.1,12698.5,20856.3
-30823.6,11815.2,20385.8
-31028.6,9908.51,22406.9
-30749.3,9859.86,22155.6
-30600.1,9535.83,20554.2
-27795.6,9094.75,21351.5
-29360.8,9627.16,19978.7
-27927.6,8963.95,20396.2
-26874.3,8326.38,21186.8
-25638,8330.68,21187.6
-24223.7,8728.7,20926
-23993.2,8735.94,21579.4
-24399.3,7799.28,23064.6
-23315.5,6911.88,23521.8
-22005.2,8094,23880.3
-22435.7,8128.51,22447.7
-21322.1,8264.35,23460.6
-21864.2,8484.04,24538.9
-22500.5,9410.12,24990.4
-22080.6,9413.7,25138.3
-21686.6,9453.62,25233.3
-21741.4,10812.5,25724.8
-21281.8,11670.3,26891.2
-21694.5,11292.7,27269.5
-19798.3,15508.8,26989.8
-20356.4,16052.6,28961.7
-20111.7,16234.4,30452.2
-17584.8,17183,30095.1
-16480.7,18332.5,30183.9
-16638.9,18164,31631.8
-16593.4,17395.8,32004.7
-15669,17969.1,30723.9
-14386.2,19522.8,31051.1
-14284.2,19026.9,32750.9
-12106,18841.6,32382.7
-11788.7,19906.6,31653.6
-10982.1,19054.2,32974
-10030.9,19707.6,32875.8
-9565.82,19517.6,31671
-8359.88,19188.7,32869
-7171.95,18700.1,34575.6
-6257.62,18805.1,34386
-4506.04,20518.5,34622.4
-4730.04,18975.6,35220.5
-2495.11,20570,37112
-1895.27,20531.9,36039.6
-1131.12,20309.5,36140.4
-287.024,21271.3,36377.7
262.924,19758.4,38284.8
228.653,18806.7,37432.8
971.476,19212.3,36173.4
1558.16,18943.7,36487.2
-246.211,17838.8,34041.6
376.641,16816.5,32802.9
222.206,17477.6,33742.3
1020.54,17805.4,33521.1
-294.735,18110.9,31740.6
110.059,18084.9,30914.8
-104.52,17541.9,30373.2
-838.124,18187.6,30810.6
-1577.67,17677.7,30700.2
-2410.36,15720.2,30384.8
-2888.81,16490.6,31851
-2038.34,16791.3,29398.1
-1123.92,15187.1,28627.9
-2070.83,16393.2,25833.4
-4223.28,14559.4,26801.6
-4434.28,14586,26524
-3157.26,15353.2,25145.4
-2217.26,15815.9,24332.5
-2565.03,15863.8,23861.5
-2779.67,15845.3,23387.8
-1941.45,15710.8,23153.7
-3875.09,14558.5,21043.2
-3662.23,13985,21893
-3522.76,15128,19936.5
-3395.66,14521.8,18874.2
-3748.35,15214.1,20011.1
-3710.87,14210.2,19553.8
-3113.69,13213.5,19385.6
-3691.57,12571.4,19313.1
-4954.53,11531.4,18386.7
-4100.98,11181.7,18277.3
-3507.02,11754.1,17998.1
-3769.86,13280.2,16493.2
-4240.22,12091.4,16725.8
-5254.36,11292.2,15645.8
-3570.1,11289.8,15745.7
-1745.89,10787.5,15402.7
-2094.59,11182.6,14948.1
-3826.63,11218.5,15092.9
-4363.83,10269.7,15321.6
-3452.4,10552.9,14520.4
-4827.49,10061.2,12968
-4781.64,9095.37,13874.9
-2251.76,11088,14631.2
-953.047,9626.31,14527.2
-2375.88,10128.6,14355.8
-1811.93,10232.1,11884.4
-1195.93,10335.9,11741.4
-1667.98,10873.1,12427.1
-2031.25,10855.9,10746.9
-2132,9800.74,9286.77
-2403.26,8993.01,8410.61
-2391.87,8185.28,10630.1
-1201.24,9530.23,12182.6
-1499.06,9207.21,11273.1
-1128.04,8777.89,10990.8
-1865.28,7702.19,11456.8
-2681.87,7997.96,12066.3
-2324.13,8606.1,11407.4
-1614.83,7854.83,10003.3
-1754.78,7402.05,10072.5
-1601.46,8085.15,10169.9
-4413.32,7222.12,10848.1
-2464.49,7589.8,11977.7
-2080.37,7286.91,10658.8
-2755.54,8383.42,10921.5
-3328.32,7127.37,10583.1
-3076.66,6526.84,8714.43
-2366.05,7490.16,8379.99
-2494.94,7490.16,10430.4
-3325.74,5977.11,10504.3
-1603.16,5370.7,7711.14
-2544.26,5414.49,9730.45
-1115.5,5799.29,9092.29
-3095.46,5693.05,8828.33
-3910.18,5095.72,7707.31
-4007.34,5240.5,9265.63
-3651.31,5149.91,8663.64
-3549.28,4795.16,7792.4
-3685.81,5549.55,9592.64
-3651.3,6698.48,9838.4
-5563.1,4240.59,9055.02
-5395.46,5086.42,8786.4
-6205.09,3952.93,9308.38
-6078.3,4592.38,8648.39
-7268.73,5060.81,9792.04
-7755.15,4340.07,10388.3
-7910.1,3289.35,8791.69
-8148.85,3248.71,7061.3
-8486.04,3131.24,7123.54
-8726.72,1152.75,7802.16
-7396.81,789.092,8164.98
-8473.12,2118.82,6629.5
-9195.12,307.155,5697.93
-8291.56,1587.73,4735.56
-7455.78,587.461,6436.72
-7263.18,535.739,6883.15
-7809.07,446.449,6767.61
-8252.5,-131.117,7000.69
-8735.31,-68.3762,7408.85
-9893.9,513.197,8271.83
-9223.88,573.584,9085.96
-9896.03,1971.39,7175.6
-9972.8,197.139,7140.93
-11772,0,7525.67
-10678.3,0,6955.18
-9590.03,105.007,6661.45
-9583.04,-684.536,7910.61
-9661.2,-1365.19,8504.44
-9423.15,-1134.47,7858.7
-9146.97,-1107.72,8847.7
-7473.75,-641.934,9352.91
-7552.5,-572.599,7262.58
-7612.42,-151.483,8444.5
-8010.15,-118.661,9712.74
-7455.29,-1434.72,9595.98
-6228.67,-1289.64,10400.7
-5319.44,-712.576,10925.9
-5284.99,-747.047,10444.3
-6158.93,-1196.58,10281.4
-7027.07,-1539.82,11652.9
-5666.74,-694.832,13361.6
-4899.66,-879.458,10524.2
-6892.16,-555.713,13968.5
-4802.99,-295.978,13459.1
-3709.17,-72.011,14588.9
-3545.51,0,14748.7
-3667.81,-110.188,15218.9
-3402.96,-261.064,16339.3
-3011.36,-225.467,17166.7
-3577.54,0,17677
-4576.51,5.08116,17516.4
-4237.61,50.8116,20553.1
-1490.75,-718.713,19345.4
-237.109,-269.318,19801
-2071.14,-313.569,20631.5
-1946.26,-155.938,22873.4
-1427.58,90.4023,24516.2
-823.783,212.439,24590.1
582.808,524.312,24379
1046.03,915.676,24928.9
455.276,-6.95841,25444.5
840.967,-188.298,26498.8
1019.72,-18.8298,27665.1
-98.6605,919.033,26684.2
395.248,-309.241,26865.4
865.599,-373.645,27423.1
1032.11,-792.927,27977.8
1007.28,-991.42,28950.2
1303.28,-213.35,29283.1
1916.98,-478.373,27985.8
150.657,-481.776,28840.2
-350.273,-512.401,28224
1012.37,-388.612,30376.7
418.049,-667.188,29862.6
-814.497,-1347.27,30212.8
-1079.18,-1300.71,30682.5
-478.373,88.9925,30118.5
-963.583,379.558,29890.4
-2488.82,-836.73,30197.3
-2830.92,-501.714,29563.5
-3539.07,-349.318,31039.2
-4305.36,-478.373,30543.2
-5159.55,-471.491,28681.5
-4917.66,-375.801,28898.7
-5468.37,-1199.98,27290.3
-5235.28,-625.349,25007.8
-5316.56,-476.423,22995.5
-5810.5,-1121.24,22658.6
-5977.71,-997.871,24070.7
-6472.32,-60.4984,24909.8
-8161.75,209.81,24272
-10045.8,478.681,25832.6
-11499.2,-220.865,27447.4
-12472.3,799.29,28005.5
-14767.4,1198.35,27310.6
-15455.8,3654.73,27440.6
-15914.9,5345.71,28046
-17506.2,5421.15,27527.7
-18463.8,4958.79,26348.3
-17412.8,4097.17,26409.9
-18027.4,4636.92,26105.3
-16670.8,3381.72,24324.8
-17054.6,2697.83,25346.1
-17092.8,1847.57,23305.7
-16177.9,511.723,21895.1
-15402.5,518.375,22288.8
-15057.6,650.815,21842
-14775,478.402,20704.7
-14731.7,362.127,20537.2
-15116.6,174.659,20502.9
-14319.5,926.136,19416.4
-14034.2,1401.71,19329.7
-16410.4,4014.99,21307.1
-16391.2,5776.7,21924.4
-16176.3,7111.46,22540.4
-17180.4,8439.26,23037.6
-17570.1,10827.3,22233.2
-17238.1,12438.8,21557.9
-17077.9,12205.1,21992
-16795.8,12337.6,21528.9
-16813.6,12992.4,20064.8
-15076.1,15612.3,20570
-16959.4,13604.4,21826
-16298,13502.5,19392.1
-13751.8,15184,19246.1
-13425.2,16491.9,18295.4
-13170.5,17392.7,17548.8
-12229.3,18042.6,17478.2
-12225.4,18115.8,17253.7
-13235.2,17767,17475.3
-13815.6,17807.9,19113.9
-12437.7,18092.1,19613.3
-12981.9,17232.8,18435.3
-13868.9,16880.2,20499.6
-15163.2,18211.7,21380.7
-15792.7,18896,21060.2
-16182.7,18845.1,19903.2
-16799.2,18266,19772.7
-17444.3,17984.2,20215.9
-17764.6,19084.8,18916.6
-17535.2,19496.6,19728.1
-15862.4,19211.1,20570
-13378.4,20944.7,19709
-13593.4,19403.4,19237.3
-13491,18999.3,18284
-12002.6,19121.1,17750.8
-10847.9,18901.8,16808.9
-10514.8,19371.6,15495.8
-10262.3,19972.2,15334.4
-9663.14,18990.8,16204.3
-8382.03,19919.3,14558.6
-10629.2,18061.5,15506.3
-7383.59,20475,14292.5
-8380.4,19413,16056.4
-7393.68,21027.6,14290.6
-6043.96,21791.4,15002.3
-5454.62,22158.2,14755.6
-4953.87,23267,13968.5
-4735.89,24012.5,14793.5
-5082.26,23439.9,15104.7
-2593.67,23801.6,16427.5
-3892.06,22748.2,14105
-4694.56,23614.5,12491.8
-3635.64,23280.6,13133.3
-2832.96,21792.1,13010.9
-2998.4,21386.9,12842.3
-4209.13,21758.3,13331.5
-4467.99,21643.3,14054.6
-2711.25,21371.9,14328.2
-1100.66,21987.3,14653.1
-1242.39,21952.3,16606.6
-407.775,22279.7,18382.1
-40.7775,22936.9,17251.1
0,23470.4,16819.5
0,23551.5,16279.5
264.639,22949.7,15859.3
242.518,22977.2,17390.3
376.569,23984.2,18044.8
899.85,24480.5,16688.4
1083.88,23568.5,16948
1698.26,23389.5,16468.5
2651.03,22224.4,17919
1987.25,22453.9,17864.4
2437.4,20247.2,17651
4148.05,20086.6,15834
5341.97,20466.4,16905.6
5312.42,20549.4,18235.9
5696.46,20687.6,17924.2
7105.84,20569.8,17125.4
7723.31,19415.6,16896.1
7606.13,18485.7,17575.5
7175.6,17234.9,18178.2
8938.09,17317,17128.8
10902.7,18245.3,18802.9
10750.9,17558.5,19189.1
9871.71,16956,19564.9
9897.6,16448.3,19870.2
10643.8,16192,19751.9
10640,15674.4,19970.4
9691.63,14007,20713.8
10067.5,13612,19872.2
8980.43,12546.4,23484
9983.73,13012.4,23786.3
10446.4,12937.8,23149.4
11531.8,11864.4,22633
11329.6,10881.7,22637.8
11485.9,10627,22466.8
11749.8,11215.2,22784.4
11013.9,11466.1,22936.2
10366.1,10077.1,21450.5
10025.5,8993.02,22302.5
7814.13,9142.48,21686.9
10247.9,9089.11,22419.8
10140.3,9644.65,21443.3
9784.39,8453.85,22849
9079.17,8386.24,22805.8
8278.69,8783.75,23109.2
7614.28,8751.89,24110
6741.3,8250.2,24463.6
5289.6,7710.57,24540
4220.41,8791.16,24241.9
6211.29,7659.64,24395.1
3855.11,8625.73,26174
3496.62,6727.12,25367.4
3720.62,6263.4,25783.9
4687.8,7677.49,25497.4
4634.4,8520,25564
3695.37,8216.63,26322.9
3389.03,7841.68,26321.4
4252.32,7893.2,25446.6
5813.58,8525.79,26105.5
2334.95,7824.73,24260.2
1955.64,7357.35,24721.6
2436.55,6920.84,25378
2438.24,6577.42,24060.7
2322.54,7070.33,23547.3
2337.07,7248.95,25269.4
1566.85,6539.53,25933.6
519.526,5926.14,24164
770.676,5655.31,23960.8
-109.933,3429.15,26005.3
-1099.33,3206.03,26615.7
-1678,3057.89,26309.3
-2418.4,4619.64,26331.4
-3719.22,3249.32,25316.4
-4970.74,4363.83,25837.6
-6089.47,4543.74,27275.2
-7636.61,2872.94,27184.3
-9302.15,1809.69,26377.8
-10161.6,1599.99,27502.7
-11388.8,2204.22,27079.6
-13038.1,1913.49,26788.9
-11683.4,1099.15,25834.4
-11571.6,1127.67,23749.8
-12367.9,2075.75,24724.2
-13845.9,898.482,24779.7
-13073.9,404,24875.4
-12073.6,662.361,24049.7
-12896.8,810.055,22610
-13169,2008.32,24249.2
-14084,1547.14,25966.4
-14607.6,3758.04,25797.7
-14225.5,4148.84,26512.3
-15686.3,4393.05,27618.4
-15699.3,6465.97,26784.5
-18226.1,5873.09,26875.6
-19076.2,6496.18,27736
-18186.9,7006.96,27881
-18473.9,5870.26,27909.8
-18623,7335.88,28995.5
-17279.3,8452.09,28187.2
-17800.6,7024.5,27468.7
-19397.6,7067.01,26903.6
-17390.9,7971.39,25135.9
-15500.3,8854.32,25160.5
-14336.1,8555.32,23875.9
-14149.6,9298.64,21728.4
-13520.1,10603.3,21203.5
-12062.6,10698.2,21318.3
-11686.7,10530.5,19311.7
-12088,11368.7,19127.1
-11998.5,11002.6,19056.6
-12041.7,11550,20497.1
-13756.5,13037.7,21486.7
-14526,13817.2,21598.9
-14083.9,14590.8,21430.6
-13857.1,14832.7,20957.8
-13962.8,15529,20187.3
-14177.4,16809.9,19434.7
-14649.6,17191.9,18839.4
-13916.1,18417.4,18148.9
-15899.1,16264.7,18361
-12382.2,19535.5,17393.2
-11604.8,18457.2,18339
-12219.3,17665.5,17910.1
-12122.7,18223.9,16654.2
-11702.2,18277.9,16105.2
-11185,18184.4,16711.6
-10507.1,18442.8,17018.2
-10150.6,17534,15784.5
-10151.1,16435.4,15273.3
-11959.3,17112.3,15822.7
-11036.5,18502.1,17512.1
-9338.23,19159.1,14966.8
-8412.33,19019.8,16165.3
-7551.97,18710.2,16168.1
-6127.83,18878,16249.9
-5627.22,18521.8,17009.8
-6317.59,17761.3,16672.2
-5842.97,18655.2,15529.8
-4486.36,19965.1,16114.7
-4286.73,18178.2,16227.4
-3582.63,19039.3,15179.7
-2670.58,19407.9,15152
-3005.04,20164.3,16547.4
-2175.96,20124.9,17914.7
-1678.92,19057.9,17500.8
-1133.83,18599.2,16995.9
130.044,18828.4,17697
346.785,18606.6,17804.7
121.421,20774,17646.4
1214.21,18951.1,17295.1
241.033,21436.8,18592.1
716.747,21331.8,18518.8
911.391,20770,17770.3
1606.81,20942.9,17623.8
2115.78,21936.4,17179.6
1707.42,22180.2,17364.6
1556.34,20895.7,18234.6
2832.62,19850.2,18129.8
2808.07,20775.7,19720.5
2870.24,22005.2,18913
4237.3,22022.9,17745.7
4322.13,20861,18042.1
3207.62,19714,18718.2
3322.96,19793.9,19571.8
3291.87,21363.8,19980.6
3631.76,22178.8,19639.9
3782.47,20632.9,18736
2036.09,18706.2,18469.1
4257.52,18982.2,20814.6
3826.99,18587.9,18838.9
6209.44,18448.9,18904.6
6259.24,17212.6,19429.2
6804.47,16371.6,18592.3
6484.5,15174.4,17424
7115.61,15158.1,18267.5
7796.08,15186.2,19089.5
7509.69,14411.4,18265.5
8013.1,14383,18082.5
8045.06,13195.5,17844.4
8374.3,14114.8,19146
8359.54,13365,18807
7893.67,12137.8,19061.8
8560.25,11411.7,17351.4
7295.95,10794.2,18396.4
7763.84,10462.4,19368.8
9607.79,10696.1,19608
10156.1,10731.6,19842.2
9861.83,9451.75,18908.9
8125.75,7910.96,19717.5
10148.5,7859.22,20655.3
10255,8933.28,21157.8
9923.11,8260.76,20970.2
7995.89,8111.48,21669.1
7592.15,7388.33,21427
7303.8,7033.96,21580.8
7623.92,7376.12,21486.7
8050.93,6537.43,20992.3
5771.5,4289.63,21643.1
4940.62,5952.24,20298.4
6352.64,6121.6,22159.2
5936.02,5912.92,21025.2
4622.23,5400,22117.2
3819.17,5297.33,21825.9
4314.56,5668.48,20069
4378.67,5825.37,20297.4
3929.36,5843.35,21261.4
3673.96,5381.17,21131.7
3052.34,3919.55,21492.8
2352.2,3811.03,20724.1
2551.27,3667.41,23360.8
4092.98,4653.62,22626.7
3179.95,5606.82,23230.4
3407.26,5695.2,24958.7
2587.4,5499.47,24888.6
1990.94,4638.57,23787.5
2508.27,4213.87,23909.3
3048.96,4484.79,24464.1
2652.54,4225.82,23292
1919.82,5178.08,23677
1486.35,2895.85,23790.6
209.021,3643.29,23596.1
13.4192,2412.54,23529.4
0,2055.05,24696.8
0,1998.92,24372.9
-987.756,849.8,24201.7
-1580.54,-293.862,23755.8
-924.766,173.029,22496.7
-812.983,1428.22,23188.8
-1136.71,1719.01,26007
-2756.35,1349.7,24932.3
-433.377,3027.16,25354.3
-2035.6,3234.55,26276.5
-2903.54,971.94,25793.9
-4225.2,639.757,25060.3
-5937.36,1883.15,26266.7
-7308.6,2307.99,27794.8
-7295.23,2452.62,27804
-6324.42,3735.93,26993.7
-8486.91,2122.71,24418.3
-8214.9,2952.8,27019.6
-8922.01,4249.76,26859.9
-7862.01,4223.64,24564.6
-7536.56,2622.97,24029.2
-6737.89,1739.71,24447.3
-6846.35,2561.51,23649.9
-6814.23,4013.34,22800.2
-6090.18,4341.09,23379.8
-6678.19,3697.8,23817.8
-6504.61,5077.45,23253.1
-6287.06,6902.31,23781.8
-6147.59,8341.73,26898.7
-5002.9,9583.53,26573.2
-5109.7,11117.9,28118.2
-6926.94,12798.4,29245.1
-8010.93,13931.4,29799.3
-9357.35,14318.3,29557.1
-11060,14650.7,29291.8
-10454,15521.3,30098.7
-11176.9,16007.8,28281.5
-10808.8,15311,27936.4
-9954.93,16336.5,29242.8
-10797.9,13104.8,27826.9
-10702.8,13572,26055.8
-9965.1,13658.3,26423.3
-10269,11945.7,27396.2
-11121.1,11549,27353.4
-11197.7,13161.5,26501.9
-10667.5,13495.8,25539.1
-10185,13873.1,24490.2
-12405.9,14574.5,25598.3
-10281.8,15897,23068.3
-12262.1,15547.7,22741.9
-13181.4,15637.9,23738.8
-13080.1,14907.3,23456.4
-12580.4,14833.5,22554.4
-11800.9,15211.3,22127.6
-11534.8,14762.2,22412.3
-12100.6,14303.8,22626
-10572.2,15045.1,20814.5
-11002.6,12680,20868.3
-11002.6,14401.9,20812.5
-9152.16,14966.9,19617.8
-8299.51,15566.6,18863.6
-9499.86,15498.2,18728.6
-9931.77,15143,19199.5
-9498.19,14970.4,19067.3
-9490.77,14773.2,17919.6
-9245.82,14299.5,17302.5
-8718.16,14336.8,17661.1
-6345.28,16138.3,17573.4
-7953.64,14220.5,16705
-10026.2,15041.3,14802.6
-9405.28,15341.1,15833.3
-8034.8,15859.2,15749.3
-7488.51,14694.4,15303.5
-7522.26,13940.8,15416.8
-7654.38,15190.2,15352.6
-7916.52,15243,15347.4
-7486.73,14302.2,17022.5
-7914.27,15047.6,16858
-6843.35,16488,15881.3
-5663.89,16414.3,14744.8
-6757.59,16585.1,15616.6
-6954.31,16825.3,15715.4
-6218.85,17437.6,16005.7
-5549.13,17583.2,16191.9
-5570.26,16674.6,16080.9
-5956.94,16625.7,16553.2
-4645.09,19646.5,14610.9
-4802.69,19153.9,16245.7
-4318.94,19889.4,16190.5
-1936.16,19843.7,14414.6
-1630.34,19335.8,15690
-2552.19,17881,17111.8
-1543.89,18909.5,16703.5
0,20882.4,15972
0,20624.6,17148.1
0,19903.7,18529.4
-67.8517,20931.4,15260.1
-678.517,20535.3,18039.1
793.22,20997.1,17902.8
711.907,20022.7,17354.7
1534.65,21147.2,17742.7
1090.92,20502.1,18907.1
328.043,20528.1,18082
103.669,21211.1,16830.7
358.143,21013,16817.9
1070.33,20946.1,16299.4
1426.37,20270.3,17198.7
1612.15,21084.2,17522.8
1883.36,20254.8,17320.6
3278.88,20384.8,18271.3
3318.73,19898.8,18800.1
4352.01,19255.6,18681.8
3850.11,18627,18349.8
3854.16,17866.1,18696
5478.04,17253.2,19220.7
5070.76,16703.9,18159
6132.24,14538.5,16192.3
5352.72,14545.1,15540.8
6132.24,15299.7,17257.6
6427.25,14940.4,15353.3
4843.48,13934.6,16505.3
4359.73,13744.1,16719.9
3987.38,13155.3,16843.3
3428.98,12636.5,17322.2
3144.58,12782,17646.3
2824.52,12428.1,18808.1
3640.48,12322.4,20503
3803.82,11285,18679.7
4657.09,10428,18687.5
4646.05,10485.9,17908.8
3958.53,11161.2,18708.6
2932.75,9480.63,17920.1
3358.34,8168.52,17863.6
3639.85,8072.62,18603.8
3050.16,8480.97,18670.5
3989.07,9203.99,18905.1
4378.98,7163.04,19138.9
5075.57,7924.75,20049.6
5897.53,6362.23,20240
5613.5,7243.19,20920.4
4370.69,6677.05,22626
5847.27,5972.86,21115.5
6483.67,5601.69,20497.1
5921.6,5664.51,21537.1
5700.14,6186.01,21690.6
4781.79,6410.2,21357.3
4931.29,5423.15,21604.9
6346.62,6872.53,22132.9
7523.24,6831.37,21458.8
6597.44,6049.31,23794.4
5251.13,6105.89,23055.1
4498.15,5428.62,22414.1
4962.98,5622.07,23383.6
4854.93,6433.9,24779.7
3597.6,5750.28,25567.2
3394.08,4228.83,26233
3535.49,5856.74,26785
2992.6,5862.84,25709.8
1647.86,4404.12,28118.2
1827.05,3165.18,26715.3
945.947,2619.74,26086.8
787.296,2202.97,27045.9
478.373,2177.91,26330.6
-278.225,2373.68,25473.5
-318.157,2258.62,25849
-109.917,1862.11,25392.4
-2520.21,1757.14,27854.3
-7.52344,2662,27676.2
-0.752344,1529.79,25576.7
-687.547,-62.9766,25695.5
261.124,390.039,25374
1257.65,596.654,24530.6
422.007,24.3283,24327.2
-454.7,-234.426,24536.8
206.299,-16.8695,24626.8
550.132,-456.986,24965.4
-141.865,-1079.51,25435.3
-1418.65,82.3519,29114.9
-3940.07,84.8518,26944.9
-4948.75,-40.5527,25925.2
-4772.96,985.464,26361.4
-5338.95,1855.36,26128.6
-7114.8,1644.79,25852.2
-7894.28,1267.9,26284.9
-7065.99,1480.71,26684.9
-7257.71,1556.71,26232.9
-8356.38,1287.96,25953.9
-6879.59,-36.473,26237.6
-5940.35,2321.7,26906.4
-7414.01,1282.14,24778.3
-7514.98,1399.16,23676.5
-6643.75,2277.43,24875.4
-6275.29,3409.38,26237.2
-7720.3,4085.36,27396.1
-9952.42,5259.76,28579.6
-10392.2,8382.2,28678.1
-10054.3,9868.13,28467.4
-12795.4,9089.09,27446.1
-13869,11672.3,28740.1
-14329.3,11627.3,28254.5
-15188.2,10758.5,29525.4
-15783.4,12619.9,29942.2
-16013.4,13022.4,29745
-15982.9,10988.7,29656.6
-15547.9,10109.9,29605.7
-14575.9,11332.5,29103
-13535.3,10866.8,27406.8
-13303.4,11144.9,28662.6
-13815.9,9158.63,26908.2
-11717,10623.6,28585.3
-12171,10456.8,27917.8
-12166.9,11317.4,27272.9
-12377.8,12884.3,25303.8
-13296.1,13937,24411.6
-13411,14277.1,25038.4
-12197.8,14453.5,23101.3
-12144.6,15050.6,23174
-11959.3,13960.6,23830.9
-11703.2,14541,23048.8
-12403.8,14032.7,22697.9
-12147.4,14361,23085.4
-11469.8,15212.6,20815.6
-11790.5,15943,21527.6
-12905.8,15590.7,23180.5
-13400.3,14614.8,21621.4
-12824.7,14577.3,20236.7
-12432.1,14550.2,19561.7
-12189.5,15538.1,20800.2
-11859.8,16654,20439.1
-11435.6,16277.7,20559.9
-11140.5,15561.3,19388.1
-10169.9,16717.8,17614.9
-10084.4,16417.8,17511.2
-10187.7,15839.2,18628
-9424.18,16551.4,17736.6
-9148.29,16070.9,14509.6
-9503.6,16638.6,15235.3
-9089.09,15538.3,14581.6
-9514.42,15331,15235.3
-8942.78,15355.2,14443.6
-9668.29,14990.8,15653.5
-8358.94,16339.5,15226.7
-8224.02,16864.4,14859.2
-8327.52,16647.4,14779.8
-6475.76,17459.1,14374.5
-5757.85,17803,14670.6
-7731.62,15403.6,14104.6
-7424.08,16264.7,15183.7
-7396.66,17439.1,15491.7
-6066.36,19587.3,15729.5
-4920.38,18566.4,15077.6
-4918.42,18646,15534.5
-5973.03,18435.5,16477.3
-5403.64,18777.4,16271.9
-4155.48,20091.2,15190.6
-5615.51,19602.1,14969.2
-3705.26,19941.4,15143.7
-4586.26,19753.8,14829.6
-3902.91,19196.8,14819.6
-3175.02,20244.6,14329.3
-2577.92,20261.2,13938.5
-3440.13,19927.6,13004.5
-1816.66,21032.5,14235.2
-79.3067,22095.8,16267.9
-1140.61,21457,16885.7
-1175.11,20970.4,16970.8
280.001,22255.5,15242.8
-827.08,21559.2,16248.5
739.712,22705.7,15048.8
182.76,22635.1,14627.4
451.515,21509.6,14525.3
941.77,21245.3,13751.5
948.77,21930.1,14276.1
1140.53,22483.5,15092.8
1416.06,22053,15026.7
680.11,21227,15104.8
604.907,21903.5,13214.8
1359.5,21564.6,14943
2032.63,21100,15870.7
2991.51,20548.8,17495.5
2671.54,19521.6,18204.7
4048.56,19789.1,18532.2
5670,20586.4,18801.3
6116.09,19962.7,17976.3
5720.21,18656.3,16755.4
5012.15,18797.4,17163.2
4557.31,17633.5,16721.1
5648.65,16448.3,17699.8
6025.95,17597.5,17269.3
5376.78,15101.2,19778.7
5934.32,15446,17719.1
6213.08,14656.5,17729
6864.48,14188.5,18853.9
7763.5,14485.4,18829.9
7839.71,13702.7,19621.9
7794.33,12669.4,22285.7
9819.98,14901.2,20377.7
7758.98,12396.9,20610.9
7479.97,11695.6,21250.7
6636.25,12564.9,21948.4
7396.25,11660.1,21945
6969.31,10840.4,22068.8
6571.74,11197.8,21917
6701.36,11822.2,22304.6
6711.51,11313.8,22796.6
6666.99,9907.42,21699
6101.22,9708.68,22171.5
7575.32,9967.19,23161.8
6677.95,9302.93,22120.8
6548.83,10010.7,22772.3
6579.77,9160.05,23420.1
5795.73,9774.1,23661.2
4775.1,10016.3,24300.8
3843.22,8339.93,24957.3
3536.24,7396.73,24901
4096.82,9232.09,24871
3067.02,8523.88,25780.9
3885.76,9342.97,24367.6
3104.72,7987.55,23963.6
4047.87,8753.72,24684.1
4140.76,8085.57,23936.7
4160.37,7658.23,24640.6
2899.08,7306.03,24658.6
1677.18,7320.65,24748.6
1595.28,7691.87,25750.2
1330.77,7146.78,25511.7
2457.06,6369.65,26445.2
2699.76,7554.82,25590.4
1231.24,5791.94,27329.7
1660.94,6393.53,27318.4
-117.189,5651.56,27567.9
-1366.46,3119.07,26865
-1325.65,3053.77,26310.5
-2309.78,4263.07,26001.6
-4419.43,3771.6,25556
-4734.46,3487.4,26052.5
-4745.9,4715.95,27823.9
-5985.94,2961.6,27383.7
-6040.84,2912.99,28794.8
-5809.18,3257.44,27221.4
-5956.78,2592.37,26624.9
-6938.49,1769.01,26764.5
-7653.76,1734.18,26876.5
-7820.06,2274.37,26058.1
-7799.73,2221.56,25090.3
-7841.26,1361.88,25406.8
-8995,1612.71,24788.5
-10336.9,0,26123.2
-10927.1,17.7352,24997.2
-11676.6,1917.43,26450.2
-13010.9,1120.15,26029.8
-13283,2552.74,26423.6
-13846.4,3977.49,28038.1
-15061.8,4204.26,28677.7
-16417.2,3690.29,27472.8
-18184,2421.78,26620.9
-19564.6,4162.79,27885.7
-19126.2,7149.57,29146.1
-17842.5,6697.08,24871.9
-19262.8,6830.14,24277.2
-18522,7873.47,25436.2
-18873.7,7160.81,25166.9
-18996.9,6979.19,25191.8
-18600,7490.23,25232.7
-18226,7369.04,23846.2
-17412.8,7765.64,22205.8
-18312.7,9181.52,21609.9
-19523.6,5964.69,22229.4
-17732.3,7728.48,23375.5
-17675.1,8595.3,21408.9
-19448.9,7962.82,21848.6
-19170.6,8416.23,21820.6
-17413.4,9124.01,21627.9
-16946.1,9600.77,21423.3
-18073.5,10336.2,20319.9
-18329.6,10834.8,19222.6
-17489.3,10237.7,20679
-18839.8,10904.2,19121.5
-17813.8,10851,20283.5
-15375.2,11527,20466.1
-15630.5,10876.2,19254.5
-15637.4,10610.4,18054
-15482.2,11144.5,17103.2
-14845.4,11363.6,16669
-13945.2,11928.7,16760.9
-14024.2,13751.2,16801.6
-12751.2,12119.6,16841.1
-13068,11762,15087.9
-13690.8,13332.7,15146.8
-13566.4,12701,15925.2
-12678.9,13795.7,16786
-12623.3,14530.1,16192.6
-12184.5,13813.7,16143.6
-11867.1,13167.1,15794.1
-12730.7,13616.2,14873.1
-13318,13806.5,15650.2
-12187.9,13066.8,15041.9
-12572.8,13462,15991.7
-10729.1,13639.3,14606.4
-9770.05,14955.7,14213.9
-9839.57,15567.4,14961.8
-8837.53,16653,15329.9
-9515.39,16790.9,14780.3
-9748.65,16660.9,14111.4
-8262.88,17322.7,14318.3
-8673.74,17603,15354
-7634.9,17810.6,15922.3
-8171.81,18099.2,14311.7
-6986.58,18319.4,15064
-7251.14,18071.6,14429.5
-8114.53,17298.3,15266.4
-7692.36,17725.6,15414.7
-6754.78,18836.6,15994.2
-5811.81,20258.3,16432
-4860.72,21534,15206.5
-4349.49,21541.5,13731.5
-4097.06,20928.9,14512.8
-3992.92,21878.1,13687.5
-2932.29,22326.8,16057.2
-3241.78,23074.8,16161.3
-4010.38,21724.6,16524.8
-3482.02,21589.3,15332
-3054.97,22448.3,16235.1
-2742.41,23385,17259.6
-2545.28,23840.7,15914.8
-3354.36,23475.3,15691
-2364.14,23696.3,16407
-1547.53,23806.2,17362.6
-2832.62,24146,17714.1
-576.572,24368.3,15797
143.196,23199,16085.4
715.763,22986.7,17389.4
1009.96,24090,17038.5
1436.32,24177.3,15747.3
1758.74,23482.8,15329.3
689.646,24326.2,15437
255.596,22754.3,15590.3
1494.01,22005.2,14888.5
3162.23,22436.1,17417.4
2007.39,20472.1,16551.4
2510.87,21646.3,16599.5
2583.22,19959.5,15914.5
2036.96,18508.7,15679.6
2230.4,18868.4,16312.8
3035.18,18628.3,16847.6
3064.77,17511.6,17240.7
3301.85,18082.5,18044.9
2880.99,17221.4,16264.7
3446.9,17269.8,17362.9
2705.71,17412.7,15790.3
2331.54,15614.8,16502.8
3466.55,16106.5,16990.2
4485.02,15850.5,18062.7
4695.54,14601.7,18178.2
5290.54,14559.9,16907.6
6211.44,14638.5,17092.7
4592.61,13441.3,16184.5
7079.33,14158.7,15166.5
5065.17,11949,17401.9
5427.64,11758.8,18471.6
4843.75,11430.1,19410
4279.11,11805.3,19300.6
4104.09,12295.5,19242.1
4824.28,12377,18880.8
4868.49,12049.5,19589
2460.99,11249.6,22301
2743.19,10304.3,18662.5
4001.23,10727,21498.3
5855.35,10977.7,22096.2
4480.95,10413.4,21509.8
4714.22,9386.82,22867.3
5505.14,9378.32,21918.5
5236.65,9484.64,21189.1
4521.5,9069.73,20979.9
4231.17,8277.47,21110.9
3962.04,7790.98,23065.8
4060.96,9317.29,22004.3
2715.62,8779.86,21990.6
2662.46,9250.48,22342.4
2115.81,10279.9,22577.3
2862.73,10551.3,22143.1
1975.34,10070.6,22030
805.044,10090.7,21809.7
1540.64,10424,21205.4
2561.6,10528.1,21448.7
1142.32,10829.3,23177.8
727.162,10773,23316.4
0,10045.8,23252.3
240.233,9325.14,21268.8
-190.423,9763.78,22440.3
-630.514,10269.7,22648.6
-308.049,10486.9,21685.1
-49.6493,10890.9,22690.2
-1130.57,10175.2,22716
-2390.54,8526.59,20785.8
-1774.39,8521.89,21774.8
-2036.79,8717.08,21715.5
-2477.68,8524.91,22744.6
-1969.91,8463.12,23092.7
-3523.6,7128.34,22085.6
-4971.77,6783.07,22480.4
-4796.77,6442.26,21745.1
-3186.45,5618.39,21653.4
-2835.44,4403.78,22227.3
-4129.41,3541.58,21919.9
-4064.01,3517.49,21588.1
-3316.82,2804.62,22959.2
-1312.28,2214.1,22934.4
-4342.12,410.35,21856.5
-4144.22,41.9868,21988.2
-5230.73,316.424,21748.6
-6920.81,180.814,23226.1
-7610.79,131.306,23217
-7727.49,846.814,22695.1
-8195.21,1549.58,23673.3
-9309.32,1100.83,24360.8
-12465.1,1002.17,25759.7
-14240.4,1691.9,25389
-15201.2,2798.96,27079.4
-15313.8,3263.28,27638.2
-15691.5,3971.85,28708.8
-15737.6,4203.51,27738.6
-14859.1,3029.68,25327.9
-13788.7,2095.06,24444
-12928.5,2712.1,25151.4
-11473,3144.82,24494.5
-9834.51,2106.96,23782.2
-9089.09,1855.94,24760.3
-8651.74,2343.72,23140.4
-10183.4,1535.78,23155.5
-7359.4,2907.61,22950.9
-6517.48,3371.77,21838.5
-7146.06,3407.04,21942.5
-6864.64,3992.72,22213.7
-5521.17,5013.73,20983.3
-4996.9,5595.26,20060.4
-7615.34,4437.86,20942.2
-6697.22,7653.97,22009.5
-4311.13,9658.81,24342.4
-5784.28,10122.5,21759.1
-6610.13,9752.05,22601.7
-6885.99,11150.4,22510.1
-7597.06,11458.6,22005.2
-8040.62,10981.9,21533.7
-7575.94,11742.2,20626.9
-7368.98,12167,20336.4
-8078.96,10627.7,20690.8
-7507.19,11285.2,17563.9
-5583.81,11794.7,18255.7
-6547.2,11190.6,20104.3
-8098.22,11027.7,19382
-7412.38,10957.8,18978.8
-7699.47,11338.9,20495
-8523.4,11240,21043.6
-8806.25,10069.9,19972
-10156.1,9669.97,20360
-9021.73,11727.4,19432.4
-9191.26,12781.4,20946.3
-9249.22,12181.9,20612.5
-9827.38,11930.1,21250.9
-10218.7,11992.9,20851.7
-9632.35,13819.1,21194.5
-8654.47,14041.4,20322.8
-8735.96,13021.6,19655.6
-9612.75,12987.6,20819.4
-9356.75,13237.4,20645.4
-8539.19,13686,17464.2
-8766.7,12926.5,17855.8
-9530.61,13821.4,18490
-9796.55,14647.8,17219.1
-9376.34,14230.5,17292.2
-8734.4,14016,17585.5
-8020.24,14197.7,17296.3
-7635.31,14529.5,17580.3
-7649.31,15038.5,18416.7
-7192.73,15362.3,17812.6
-5855.63,14342.7,16821.9
-7117.78,13815,17757.6
-7545.85,14297.6,17141.5
-7042.97,15236.4,17168.4
-7302.63,15271.5,16398.2
-7275.71,14263.9,16200.8
-8130.58,14195.7,17053.6
-8636.16,14709.9,18114.5
-7924.43,15194.1,18364.4
-8120.32,15867,18095
-8604.22,13539.8,18761.1
-6697.22,13608.2,17221.4
-6253.62,14972.7,18095.6
-7670.4,14582.2,17722
-8078.34,15617.8,18264.8
-6232.55,16480,19145.8
-5570.64,16683.3,18622.1
-6617.42,16572.1,17834.6
-7038.14,16401.7,17708.9
-6501.53,16141.7,17250.6
-7010.64,15711.1,18337.2
-7494.31,16264.8,17061.9
-6617.27,18896.4,16275
-6147.4,19495.5,17648.4
-6156.85,17692.8,17781.3
-5878.27,17180.5,16831.5
-5359.91,17948,17632.5
-4877.69,18305.1,18132.3
-4249.88,18309.6,16660.6
-3559.97,18768.1,15911.9
-4122.91,17714.5,14666.6
-3826.99,19192.4,16159.5
-2742.52,17584.2,15169.7
-2427.37,19150.7,14524.5
-2855.09,18834.4,16138.6
-1876.67,18440.9,16148
-1020.91,18429.7,15767.4
-980.52,18525,16508
-1465.33,18719.3,17770
-2222.67,19073.1,18154.4
-994.312,19529.5,16650.9
0,19766.1,16162.8
-1291.61,20044.2,16707.3
-556.806,20530,17351.5
-278.451,19833.8,15226.1
-1296.84,20248.2,15348.4
-1713.84,19817.1,15798.5
-1800.14,19068.3,16425.1
-2142.91,19000.8,17180.3
-1332.1,18189.3,16058.6
0,18275.2,17173.6
0,18646.4,16743.1
-1066.42,16559.2,17173.6
48.3266,16938.3,17798.9
360.282,16476.1,17899.5
719.891,16960.8,18919.2
747.915,16981.2,19612.4
705.043,16742.2,18561.1
1207.34,16957.6,16623.9
1625.01,16836.7,16073.6
926.207,17349,17157.7
651.352,14218.8,16570.1
2543.19,16060.1,16305.1
1557.95,15780.9,17696.6
1212.1,15413.6,17799.9
2044.42,15528.7,16879.7
2023.92,15803.9,17383
2114.13,15622.2,18223
3339.03,15482,17705.5
3364.58,16201.9,17524.4
1614.58,15964.8,18542.9
2279.91,15165.4,16570
3640.74,14709.1,18507.3
3975.87,14767,18485.5
3153.96,14686.7,18314.4
2966.36,13605.9,18685.5
3697.3,12480.5,19422.5
4474.09,13518.9,19582.1
4629.35,15416.6,18546.5
4413.4,14449.1,17003.2
4538.44,13328.6,16619.6
5221.39,11772.7,19301.2
3714.01,12296.9,19304.9
4381.28,12193.5,18621.7
4914.01,12540.7,18542.6
4936.62,12258.3,19306.8
5283.6,11935,19199
4867.44,11390.5,18261.9
4072.53,10892.3,18273.3
5053.56,11474.5,19371.4
4474.32,11057.2,18811.7
3090.68,10045.8,18806.5
4435.42,9470.26,15691.8
5014.76,11066,18759.8
4828.7,10537.6,17439
4751.4,10654.9,16427.1
4305.36,10101.7,16816.2
4438.35,9002.08,17090.9
5470.92,8869.86,17434.8
5357.78,8949.33,18672.1
3820.15,7692.19,18149.9
3758.62,7448.97,18929.9
3820.15,8757.29,19581.4
4661.93,8704.06,18960.5
3587.55,7421.1,19622.2
3224.23,7349.4,18955
3677.96,7414.78,19001.3
3731.53,7043.93,19480.3
3426.68,7070.12,19337.9
3560.8,8136.27,19764.7
3079.87,10208.1,19452.7
3066.62,9263.32,20918.5
1849.47,9369.58,18272.9
1819.23,8409.36,18192.7
1240.89,7772.64,19590.6
544.022,7920.97,20071.3
126.093,7844.07,20671.1
552.487,8279.61,20999.1
836.527,9256.09,20987.5
-315.901,8826.65,21693.5
38.5039,8084.52,19870
-1038.55,7688.65,19333.2
-139.953,9307.39,20840.8
-1140.98,8710.32,21040.4
-2667.18,7686.89,20316.7
-2510.3,8018.16,21491.4
-1643.69,9021.69,22134.6
-1623.58,8866,21771.5
-2208.48,8147.1,21162.7
-2654.62,8617.07,20022.3
-4247.47,7431.36,21001.5
-3209.97,7838.82,21526.8
-5033.81,6438.54,21073.2
-4434.1,6576.57,20067.6
-2397.88,9207.07,20104.5
-2256.95,9291.9,20941.7
-2998.5,7877.19,21349.5
-3749.8,7110.22,20858.4
-4388.63,7379.35,20188
-4065.64,8351.14,20453.4
-3156.43,9236.95,21906.3
-4790.45,8145.78,21958.1
-4784.4,8505.05,21198.6
-5715.56,9862.1,19930.1
-6009.08,8621.38,21732.6
-5716.99,8487.15,21390.4
-5861.9,8412.65,20415.4
-6269.26,8278.71,20432.5
-6198.6,8405.91,21132.7
-6024.69,7367.44,21771.5
-6790.14,6310.77,20002
-7653.97,7115.95,19194.6
-4750.32,7379.97,19678.2
-3990.94,8523.33,18346.8
-4848,8164.05,18784.3
-4661.79,7174.62,18596.7
-4993.09,6705.15,18212.9
-4468.95,6375.66,18343.7
-3525.36,6261.35,18613
-5510.14,7037.79,18937.3
-4676.1,6361.31,20032.2
-4671.16,5234.04,19979.1
-5909.63,5844.28,20014.8
-5022.76,7490.11,19851.6
-4910.69,6789.27,17856.6
-5875.88,6599.9,19281.2
-5560.33,6502.73,20130.6
-3592.62,6400.92,19528.5
-2502.47,7011.91,19756.8
-3820.75,7749.72,19932.4
-4555.35,7479.02,19202
-4416.43,6862.73,18361.8
-3481.76,7522.12,18627.1
-3666.15,8038.75,17281.6
-3895.39,6703.04,17901.1
-1585.1,7117.7,17704.5
-1231.33,7500.37,17259.8
-2559.56,7219.29,17587.6
-2504.63,7694.11,18232.5
-1821.21,8946.12,18272.8
-1152.25,9810.7,17361
-2911.74,9130.59,15744.8
-1582.78,8619.71,18365.4
-3008.12,9593.55,18231.6
-4034.16,8924.88,19662.7
-4248.23,9180.19,19666.7
-4479.32,9148.12,21159.1
-4414.78,9189.34,22118.5
-3882.49,9979.85,21267.2
-4227.13,10173.2,22135.9
-5783.38,10611.3,20090.7
-4719.37,9967.54,21048.4
-4541.95,12057.5,21181.6
-5737.22,11615.8,20312.6
-4177.25,11868.5,19463.8
-3395.51,12229.8,19985
-3402.82,12003.8,20975.3
-3584.93,11807.7,21047.3
-4016.38,12093,20186.2
-4358.37,12177.2,19688.3
-4160.31,12007.2,20014.9
-2854.92,12437.7,17869.5
-3987.28,11748.3,19438.9
-5327.67,11165.5,19671.5
-5022.19,11411.6,19698.4
-5727.01,11566.1,21035.6
-5844.87,12563.5,21654.9
-5407.66,13416.7,21554
-5534.85,12913.4,21477.7
-5182.75,12485.8,20682.4
-3803.34,13316.6,20469.8
-3552.39,12539.6,19644.4
-7166.58,11233.5,19340.3
-6462.99,11810.9,19526.2
-5592.02,11739.2,19918.9
-5257.46,11621.4,20080.5
-4704.5,11216.5,20284.7
-4426.04,10519.3,20897.3
-4320.98,10731.1,21383.3
-3057.93,12312.7,21005.1
-2206.93,12387.2,20838.5
-3299.19,11530.4,20900.1
-4618.08,13182.2,21016.4
-3850.02,12295.5,19896.5
-2269.52,11979.9,20930.5
-3594.98,11322.1,20764.9
-3493.03,10471.5,20295.1
-2647.04,10115.4,19823.6
-3335.1,10305.5,18880.6
-3031.74,10633.5,18791.9
-2483.73,11179.5,20228
-12.1517,11487,18659.6
-2696.07,10022.5,17588.5
-1742.44,10391.3,19470.4
-1890.96,10272.2,17671.6
-1266.43,10667,19590
-955.006,10433.8,20118.5
-1337.7,9652.04,19454.7
-1320.4,9689.65,19652.8
-998.186,10238.6,17928.4
-1722.14,9202.13,19329.7
0,10156.8,16965.1
-1170.18,10299.8,20452.4
-815.127,9578.33,19198.4
-552.455,9161.69,18724.3
-1071.03,9639.14,19646
-1365.41,8552.46,19531.6
-490.081,8513.54,18650.6
473.722,10758.3,18795.7
30.6934,10976.8,19328.1
98.9904,10708.5,18472.2
-1111.23,8502.75,20678
-1512.54,8900.42,19029.2
-109.471,8496.75,17610
-522.578,8877.8,18114.5
-54.8684,9582.45,18453.5
-239.187,9865.35,18954.7
-969.96,9711.98,18975.1
-941.653,9450.61,17714.1
-643.193,9478.03,17017.3
123.096,10412.8,19110.4
317.945,9409.95,18496.1
-3.80343,9121.18,18802.4
312.06,8963.63,19520.6
356.15,9101.98,19851.8
134.949,9558,19162.1
34.5538,8324.48,18247.3
261.571,7588.69,17620.1
356.707,9088.26,17499.6
122.065,9901.67,18116
917.579,9558.26,18789.3
265.482,8240.05,19984
515.92,8936.01,19102.2
-331.26,9664.01,20464.2
380.768,9037.48,19705.2
400.533,8986.35,19475.1
986.491,8684.48,18939.9
1095.13,8429.73,19078.7
187.729,8856.28,19780.7
787.635,9153.1,18483.4
1461.66,9542.08,18522.4
1700.47,8132.34,18495.9
1337.66,7132.64,19793.5
1714.22,7142.31,19214.5
596.033,7768.64,18978.3
302.137,8963.87,18817
747.051,9777.16,19244.7
792.23,9344,19669.7
642.813,8582.15,19135.9
1212.3,9092.92,18594.9
1340.1,9503.57,19884.9
484.956,8928.54,18024.2
387.616,9046.49,19088.7
177.579,8488.16,19047.1
1331.88,8219.18,17768.6
1026.2,8568.15,17167.1
306.364,8476.46,17678.6
426.631,8049.22,18445.6
756.923,8223.17,18500.6
503.953,9013.06,18089
488.13,9661.04,19028.1
370.325,10092,20662.4
809.867,10735.1,18724.8
179.747,10556.7,16777.7
-711.636,9417.38,17438.3
-121.341,8902.46,17859.5
530.47,9373.44,18585.6
349.54,9755.01,19052
0,9176.5,19384.6
191.349,8697.72,20192.9
999.066,10396.7,16363
1379.95,10082.8,17442.1
992.128,10049.5,18965.6
854.593,9431.36,19366.7
163.958,10314.5,20390.6
-48.7638,9865.52,19624.3
119.204,9657.15,19584.6
47.3562,9662.2,19924.7
47.3561,9411.31,19225.2
823.06,9936.07,19303.6
1173.18,9033.9,20505.4
471.478,9089.09,21027.7
1236.64,9899.11,18565.2
554.425,9664.07,18096
-528.752,8844.37,18744.2
196.842,8571.14,19398.1
706.81,9654.86,19038.4
669.722,10635.5,18589.4
894.209,10216.9,19338.5
600.32,9233.22,20286.4
22.7789,8326.51,19343.8
151.73,9769.77,21071.6
445.709,9058.51,19292.6
230.58,8954.28,19892.3
226.089,9222.26,18736.1
-816.775,9246.38,19203.1
-697.888,9415.98,18760.5
79.5953,9586.25,18358.1
4.38112,9520.3,18671.1
11.683,9665.94,17139.8
160.314,10118.3,18664.8
1603.14,11170.6,20738.1
452.776,10158.3,19587.7
270.485,9663.14,18966.1
-373.574,9232.6,19047.3
520.28,9376.11,19172.1
648.154,9647.08,18926.7
16.6052,9862.66,18282.2
40.5403,9916.85,17519.2
144.127,9509.08,17352.9
639.615,9368.23,18608.5
1288.19,10202.2,18978.6
365.536,9200.4,19980.4
-386.406,8154.76,18724.1
-63.1538,9235.92,18208.9
315.796,10418.2,19463.6
228.296,10199.1,19941
194.647,9044.8,19500.6
544.715,8762.19,19965.6
912.158,9859.13,20499.8
1274.83,9561.47,17993.4
-418.402,9507.49,19284.2
147.29,9561.47,20493.7
303.834,10332.9,18426.4
497.501,9661.1,20032.2
782.396,9536.3,18735.2
1140.45,9846.81,17690.4
814.333,9946.68,18687.1
86.4125,9582.72,19538.4
149.214,8826.69,19435.9
-365.487,8684.6,18882.7
0,10000.1,18440.3
1285.7,9321.73,17756.1
521.492,9650.16,18392.9
88.4179,11329.8,18910.9
-1375.68,11081.4,18816.5
-1067.56,10134.4,18577.7
-177.795,9926.63,18646.3
-223.377,10201,19032.2
726.731,10447.7,19329
312.042,10537.8,18964.7
817.112,10057.7,18831.9
-442.78,9616.49,19441.2
-1155.77,7964.08,18206.8
289.579,8966.2,20375.8
675.187,10054.3,20414.9
627.458,10278.2,20017.4
771.114,9856.01,19378.9
889.685,9275.61,18269.5
948.279,8925.63,19064.7
36.7826,8594.18,19605.9
367.826,9971.47,19538.9
36.7826,7441.96,19559.5
382.699,9098.16,18078.2
50.3628,9673.96,17981.5
370.144,9912.77,18946.6
168.22,9290.58,20020
164.735,9334.42,20545.1
766.72,10386.9,20660.8
288.796,9828.83,20595.2
210.06,9046.25,19377.4
0,9815.15,18408.9
859.852,7876.19,17778
94.4664,8851.73,18994.4
215.045,9107.2,20445.1
-396.385,9337.24,20066.6
-327.611,9180.9,19552.5
146.836,8759.77,19494.8
36.9402,8893.49,18946.9
207.018,9460.46,18560.8
488.301,8993.94,20478.1
0,8137.58,20543.9
48.3441,10333.9,18704.8
-754.654,9859.69,19817.8
-647.416,9386.53,19292.9
-174.901,9306.42,18488
25.8641,9219.22,19143.5
35.4593,9479.26,20335
184.278,10295.8,20432.3
325.932,10528.2,19862.2
0,9226.58,19898.9
0,10139.7,18272.1
335.234,8714.29,18378.2
576.148,8744.55,18365.3
366.327,9512.94,19037.3
-132.926,9434.54,19499.1
-24.7874,9816.02,19886.7
205.014,10002.4,19750
0,9516.81,19692.1
0,9539.49,20573.2
0,8179.55,19025.2
0,11463.7,20173.6
1295.36,10906.4,19957.6
-130.312,9578.32,18773.8
-440.184,9385.56,18604.8
-75.8513,9573.2,19718.6
113.982,10051.3,19583.8
211.385,10986.2,18334.8
311.244,11267.9,18034.8
194.285,10136.6,19042.2
528.773,10592.1,20059.1
151.292,10221.6,18934.6
-363.306,10167.6,19114.9
-347.458,9757.62,18273.5
341.263,10034.2,18601.6
141.904,9231.68,18905.2
131.739,9094.27,18151.6
235.683,9926.97,17735
-4.55691,10121.8,19198.9
136.908,9716.7,20796.2
0,9772.26,17010.7
