-3455.51,3153.11,8907.54
-3531.08,3192.32,9046.56
-3531.6,3212.96,9130.28
-3561.57,3191.7,9346.95
-3576.27,3127.07,9332.7
-3614.31,3131.92,9391.95
-3729.47,3169.69,9529.68
-3833.1,3144.01,9549.17
-3805.36,3098.84,9550.91
-3841.08,3131.4,9534.29
-4064.63,3260.49,9452.57
-4048.91,3097.22,9788.9
-4361.56,3124.22,9980.89
-4560.98,3056.66,10219.6
-4899.68,3086.9,10552.1
-5242.55,3200.08,10854.1
-5436.94,3193.36,11107.7
-5590.27,3063.9,11387.3
-5823.81,3036.15,11724.6
-5946.01,3034.48,12105
-6126.71,2872.19,12226.7
-6539.91,2759.97,12276.7
-6681.64,2666.03,12493.5
-6672.24,2721,12510.9
-6693.31,2620.96,12658.2
-6914.23,2521.88,12843
-7169.48,2416.65,12979
-7302.8,2221.69,13147.3
-7454.05,2064.85,13398.2
-7641.52,1938.04,13656.8
-7784.18,1954.56,13611
-7645.68,1980.71,13549.4
-7630.37,2133.24,13546.3
-7505.71,2146.57,13508.1
-7470.46,1925.78,13388.1
-7396.49,1924.56,13301.4
-7284.12,2139.18,13115
-7283.78,2264.48,12896
-7356.52,2281.23,12966.6
-7290.07,2256.1,12919.5
-7356.52,2435.75,12773.2
-7436.82,2614.95,12749.7
-7679.02,2854.2,12703.9
-7632.75,3037.73,12756.3
-7544.51,3215.59,12756.3
-7419.4,3328.88,12739.2
-7306.06,3474.98,12744.7
-7306.52,3634.74,12881
-7383.25,3618.69,13235.7
-7462.51,3683.82,13470.3
-7616.4,3826.38,13688.7
-7712.25,3831.66,13999.3
-7838.04,4050.53,14242.3
-7816.7,4324.51,14521.3
-7762.59,4653.05,14783.5
-7659.16,5021.2,15088.4
-7480.36,5434.54,15318.2
-7185.44,5852.91,15438.7
-6778.62,6234.78,15623.2
-6486.56,6711.63,15742.8
-5967.28,7005.93,15908.8
-5398.78,7217.49,16159.8
-4894.73,7393.72,16333.8
-4370.24,7601.67,16353.9
-3985.95,7739.06,16526.8
-3591.67,7984.14,16814.3
-3133.96,8340.09,17146.5
-2707.19,8689.57,17446.2
-2361.67,9042.02,17561.9
-2106.72,9372.17,17525.8
-1761.1,9613.82,17464
-1560.95,10104.6,17432.8
-1144.31,10448.2,17232.6
-867.716,10634.1,17078.5
-683.773,10873.5,17012.5
-452.559,11093.8,16955.8
-208.071,11288.3,16891.4
74.7121,11460.2,16809.3
488.909,11519.2,16690.9
708.825,11574.4,16684.2
814.788,11623,16715
832.873,11614.4,16679.8
915.414,11551.7,16623.5
995.158,11570.8,16492.7
1028.73,11483.3,16370.2
1062.85,11384.2,16204.3
1112.09,11342.8,16001.4
1145.21,11357.2,15777.7
1133.4,11424.4,15478.4
1039.39,11417.1,15132
821.137,11495.6,14695.8
772.085,11613.8,14374.5
678.433,11619.6,14093.2
579.782,11639.5,13761.1
495.089,11605.7,13336.4
464.159,11624.4,12931.5
468.775,11592.1,12535.6
472.496,11422.6,12074.8
551.696,11273.5,11610.7
870.656,11118.8,11252.3
1080.14,10907.9,10792.1
1337.41,10560.5,10239.4
1496.76,10350.3,9552.27
1614.95,10044.7,8949.75
1679.96,9725.63,8359.48
1753.44,9392.54,7756.87
1819.75,9017.51,7191.02
1896.04,8642.76,6671.27
2026.72,8306.04,6122.21
2009.17,7902.89,5502.59
2073.48,7545.15,4924.41
2129.86,7217.52,4229.13
1979.47,6802.26,3626
1879.57,6431.79,3075.48
1794.16,6147.61,2631.76
1629.31,5855.66,2293.35
1400.32,5523.69,1953.84
1140.79,5191.42,1636.13
841.007,4842.93,1506.18
585.996,4421.89,1457.35
349.553,4253.7,1332.77
122.161,4016.3,1158.49
-3.14431,3770.14,989.187
-52.9122,3615.4,793.835
-158.845,3452.58,589.959
-294.758,3238.85,410.827
-416.367,2985.58,213.917
-526.81,2748.2,49.9089
-636.442,2577.53,25.3197
-740.243,2417.56,-65.3976
-800.333,2247.1,-90.8124
-775.625,2046.32,-50.2728
-845.346,1942.22,-22.6933
-1095.69,1836.07,-71.4937
-1417.15,1726.42,-121.142
-1580.46,1673.73,-213.485
-1633.59,1675.55,-339.566
-1695.54,1666.44,-430.686
-1689.42,1615.68,-490.516
-1607.1,1571.53,-604.882
-1528.37,1490.14,-677.36
-1387.62,1258,-754.605
-1262.43,1132.6,-840.901
-1274.12,1079.84,-926.481
-1417.61,1032.79,-1003.13
-1501.5,953.649,-1116.56
-1464.18,862.123,-1276.19
-1393.02,792.032,-1470.47
-1323.66,737.175,-1715.27
-1168.8,662.721,-1995.48
-920.003,588.681,-2147.39
-643.306,711.29,-2377.71
-563.943,862.687,-2662.05
-517.075,881.471,-2836.35
-438.654,882.298,-2905.69
-427.094,960.474,-2987.38
-499.394,1110.95,-3067.31
-568.872,1260.29,-3100.15
-584.778,1351.61,-3141.22
-587.407,1420.2,-3183.01
-645.89,1549.96,-3180.57
-817.936,1595.66,-3154.05
-1061.08,1539.41,-3006.35
-1373.12,1619.56,-2885.87
-1677.81,1700.6,-2719.7
-1971.97,1781.45,-2486.9
-2326.49,1863.24,-2271.42
-2737.94,1948.59,-2131.49
-3103.27,2073.25,-1988.21
-3424.64,2183.46,-1711.66
-3744.8,2367.59,-1366.85
-4169.64,2474.73,-1038.25
-4654.54,2460.91,-560.036
-5176.46,2675.48,-131.086
-5730.03,2999.37,189.096
-6179.66,3296.88,476.561
-6546.29,3577.76,716.887
-6922.87,3853.23,870.119
-7253.24,4103.21,1000.44
-7442.24,4453.42,1167.94
-7689.93,4587.68,1366.51
-8147.48,4734.7,1570.13
-8543.08,4578.26,1708.75
-9178.95,4633.36,1934.61
-9947.97,4810.39,2112.51
-10670.6,4976.2,2291.58
-11265.6,5122.91,2493.44
-11786.2,5472.55,2611.6
-12349.9,5826.14,2682.07
-13011.8,4989.96,3112.42
-13665.2,5180.68,3647.25
-14134.7,5550.41,4373.06
-14851.2,5812.42,5137.09
-15548.7,6270.16,5992.32
-16481.9,6554.19,6904.05
-17395.5,6737.65,7820.71
-18223.5,7141.04,8771.43
-19108.2,7593.9,9651.66
-20048,7641.46,10280.6
-21033,7709.72,10911.2
-21905.4,7572.42,11643.3
-22585.6,7371.97,12388.2
-23239.8,7157.86,12775.4
-23810.3,6941.42,13065.7
-24186.7,6713.84,13273.7
-24465.3,6356.22,13518.5
-24785.9,5975.55,13732
-25193.4,5669.48,13930.6
-25578.4,5335.51,14285.4
-25693,5060.52,14533.1
-25540,4855,14851.6
-25112,4880.83,15116.9
-24550.2,5005.59,15426.9
-23756.3,5140.55,15906.7
-23008.9,5283.4,16256.2
-22376.4,5385.11,16545.4
-21872.6,5475.27,16847.9
-21433.9,5588.75,17038.1
-20919.5,5562.59,17053.3
-20395.6,5133.19,17172.1
-19988.4,4958.62,17387.6
-19733.3,4889.15,17424.3
-19499.8,4821.48,17619
-19415.1,4882.33,17710.3
-19440.2,5140.78,17825.4
-19483.4,5541.76,17934.6
-19507.8,6055.04,17941.7
-19451.5,6591.14,17917.9
-19203.2,7018.28,18082
-18766.4,7455.44,18476.2
-18080.9,7916.73,18877.4
-17224.1,8560.5,19497.4
-16379.9,9177.29,19860.6
-15562.3,9705.41,20187.4
-14821.1,10217,20353.7
-14217.2,10722.5,20511.4
-13638.4,11154.9,20758.9
-12995.6,11555.3,21094.6
-12337.6,12121.7,21541.6
-11553.2,12907,22049
-10587.3,13574.5,22546.1
-9752.6,14313.2,22633.2
-8946.3,15054.7,22702.3
-8130.63,15555.1,22625.4
-7411.18,15798.7,22426.1
-6781.39,15786.4,22348.7
-6074.78,15718.7,22441.9
-5246.73,15723.8,22559.3
-4448.27,15716.3,22616.2
-3640.62,15821.5,22668.7
-2731.32,16063.2,22893.9
-1941.04,16240.1,23114.1
-1018.71,16361.2,23503.5
-104.189,16585,23941.1
820.434,16946.9,24344.3
1867.57,17367.8,24570
2936.73,17745.7,24616.3
3861.57,18039.9,24560.7
4651.32,18219.2,24404.7
5333.41,18153.5,24128.1
5698.09,17960.8,23793.1
6117.98,17704.2,23382
6404.66,17489.7,22754.1
6685.76,17328.5,22198.4
6933.02,17153.5,21454.8
7056.45,16920.3,20594.8
7008.94,16598.6,19750.2
6885.6,16241.2,18960.7
6823.55,15959.1,18247
6752.73,15713.4,17623.6
6714.81,15378.2,17151.3
6346.96,15054.8,16753.1
6017.34,14664.8,16559.9
5612.77,14336.7,16410.2
5165.12,14145.2,16269.3
4750.53,14084.7,15962.2
4405.66,14039.5,15537.9
4116.95,13930.9,15049.4
3847.18,13791.8,14385.3
3575.17,13592.2,13704.4
3439.57,13207.5,13013.1
3261.15,12896,12374.3
3096.42,12395.5,11760.3
2863.03,11917.8,11255.4
2614.54,11480.5,10791.8
2324,11150.1,10312
2020.35,10805.9,9854.95
1768.88,10388.6,9458.32
1540.55,10055.3,9086.26
1230.34,9757.31,8742.54
962.008,9482.2,8521.63
745.163,9328.35,8244.83
509.177,9013.55,7864.31
177.055,8770.41,7576.82
-116.905,8556.41,7280.53
-369.981,8338.02,6976.52
-610.411,8111.83,6722.07
-830.708,7878.61,6492.85
-1022.36,7644.76,6210.33
-1208.17,7424.14,5920.57
-1436.26,7151.65,5673.29
-1484.74,6991.42,5381.36
-1513.64,6763.15,5066.52
-1541.45,6420.56,4727.28
-1502.78,6138.18,4383.67
-1399.06,5894.11,4036.63
-1246.91,5628.97,3725.1
-1095.44,5344.8,3420.82
-1033.9,5073.97,3024.86
-1074.12,4851.9,2613.49
-1068.92,4669.21,2324.66
-1026.59,4414.75,2003.34
-963.383,4145.87,1687.92
-918.729,3936.94,1472.86
-833.513,3745.36,1297.51
-740.668,3559.35,1156.49
-707.325,3391.98,1048.42
-717.452,3231.58,938.799
-706.16,3055.85,811.707
-725.652,2908.21,710.262
-737.914,2819.89,516.379
-758.123,2714.03,283.81
-746.606,2566.43,176.51
-717.236,2407.57,133.992
-793.945,2261.71,91.4167
-901.36,2125.67,-21.0254
-932.968,1998.24,-186.081
-895.501,1861.46,-312.704
-855.854,1683.46,-366.846
-800.407,1483.85,-462.08
-756.124,1274.8,-598.264
-702.423,1020.78,-689.611
-654.154,786.603,-780.11
-577.71,537.058,-930.73
-452.912,363.664,-1120.3
-314.395,220.413,-1268.11
-148.629,87.3568,-1388.74
49.4392,-2.36216,-1559.61
193.532,-67.2558,-1784.51
206.004,-183.145,-1969.02
223.671,-275.733,-2087.58
323.064,-283.206,-2189.6
260.826,-300.408,-2236.24
207.237,-331.787,-2273.16
189.214,-367.182,-2324.69
137.968,-424.475,-2396.72
-11.0371,-487.135,-2461.44
-230.274,-544.327,-2511.35
-416.201,-640.575,-2566.9
-513.398,-812.856,-2592
-548.772,-1035.43,-2613.78
-568.843,-1312.88,-2659.56
-619.154,-1507.34,-2666.39
-714.038,-1798.09,-2705.9
-805.735,-2045.49,-2809.38
-880.459,-2268.76,-2925.87
-979.457,-2482.04,-3013.12
-1107.47,-2646.06,-3076.58
-1229.67,-2770.93,-3128.01
-1397.61,-2901.88,-3137.97
-1484.41,-2833.26,-3105.53
-1478.81,-2685.76,-3193.77
-1583.21,-2407.68,-3205.68
-1663.76,-2098.81,-3109.13
-1768.99,-1713.62,-3057.01
-1943.81,-1310.53,-3045.3
-2260.55,-1046.91,-3002.7
-2645.86,-966.989,-2884.5
-2918.41,-978.804,-2713.18
-3215.27,-1132.24,-2577.48
-3675.42,-1392.79,-2371.16
-4024.06,-1521.18,-2220.08
-4353.11,-1679.77,-2003.06
-4618.75,-1729.86,-1870.03
-4891.71,-1726.94,-1814.27
-5215.13,-1668.16,-1785.66
-5569.83,-1441.88,-1713.95
-5902.29,-1068.57,-1641.85
-6206.83,-756.881,-1654.95
-6564.11,-521.103,-1578.95
-6824.96,-119.57,-1496.42
-7092.15,279.187,-1405.18
-7539.2,656.736,-1208.76
-8050.76,1093.57,-907.313
-8736.73,1518.25,-441.952
-9515.2,1996.58,143.628
-10367.1,2568.61,788.233
-11301.2,3184.42,1437.27
-12236.4,3767.37,2088.58
-13165.9,4257.76,2864.81
-14117.3,4662.75,3570.74
-14854.1,4759.29,4170.31
-15582.9,4730.56,4616.14
-16057.9,4568.68,5002.98
-16340.4,4410.68,5304.76
-16622.2,4266.22,5636.8
-16988.6,4161.39,5918.67
-17381.7,4144.23,6058.7
-17735.1,4238.78,6166.3
-18075.9,4482.55,6276.16
-18323.1,4636.57,6637.92
-18792.1,5307.63,7025.73
-19205.2,5964.59,7687.83
-19647.1,6717.2,8500.99
-20094.8,7401.07,9402.88
-20517.6,8245.06,10255.6
-21021.8,9085.33,11017.8
-21467.3,9540.8,11780.8
-21538.5,9802.18,12713.3
-21572.1,10458.8,13911.9
-21542.9,10094.6,14569.5
-21186.8,9794.34,15242.4
-20845,9220.58,15773.7
-20381.7,8823.87,15967.5
-19963.7,8617.26,16189.3
-19602.3,8552.8,16361.7
-19229.8,8567.62,16567.6
-18857.6,8564.84,16940.6
-18564.5,8477.51,17306.2
-18346.2,8370.14,17533.3
-18226.7,8261.76,17774.2
-17925.4,8124.68,18127.7
-17269.8,7931.13,18424.5
-16586.8,7702.24,18546.8
-16035.2,7425.31,18720.7
-15497.1,7141.16,18747
-14993,6786.79,18743.8
-14516,6279.26,18852.4
-13979,5740.11,18904.2
-13672.4,5432.01,19089.1
-13235.6,4913.43,19211
-12983.3,4736.42,19173.1
-12622.8,4743.34,19321.7
-12461.3,4743.82,19387.3
-12324.4,4767.66,19444.1
-12198.8,4930.9,19567.7
-12189.2,5287.96,19664.3
-12272.8,5795.57,19693.6
-12281.3,6385.74,19801.8
-12142.1,7067.78,20076
-11659,7951.04,20742.3
-10888.2,8894.85,21449
-9830.83,9876.99,21970.2
-8873.81,10774.6,22443.9
-7930.55,11382.2,22704.8
-7027.98,11803.1,22839.2
-6242.39,12049.9,22880.2
-5527.73,12109.6,22805.9
-4814.82,12136.4,22644.8
-4269.31,12200.2,22328.4
-3777.69,12154.8,21966.3
-3645.91,12129.8,21776.9
-3512.44,12077.1,21651.2
-3469.99,11787.6,21686.3
-3480.28,11496,21762.3
-3344.86,11408.6,21966.5
-2914.87,11534.5,22465.6
-2200.44,11776.4,23105.4
-1278.14,12114,23585.9
-145.325,12634.3,24152.9
1068.07,13134.4,24365.5
2099.19,13516.4,24335.3
2808.67,13753.1,24081.6
3346.98,13943.9,23744.5
3679.12,13951,23313.1
3803.95,13807.4,22835.9
3818.32,13584.8,22280.6
3832.63,13321.4,21690.9
3861.08,13065,21225.2
3823.25,12852.8,20792.1
3706.52,12541.6,20330
3570.57,12248.1,19956.4
3421.48,11977.6,19486.8
3245.12,11834.6,19040.9
3087.82,11699.8,18675.1
3013.17,11463.3,18322.9
2914.87,11187.3,17984.3
2720.46,10996.9,17625.2
2532.68,10906.7,17155.1
2350.41,10832.8,16702.5
2189.1,10726.7,16205.8
2108.04,10813.3,15731.2
1942.22,10783.4,15311.6
1788.45,10648.1,14798
1692.68,10525.2,14259.5
1570.59,10360.3,13743.1
1435.35,10152.2,13214.4
1342.35,9919.98,12670.4
1267.66,9618.11,12167.1
1204.93,9286.02,11660.8
1095.37,8909.23,11128.6
1012.73,8549.67,10791.6
828.172,8223.13,10387.3
656.72,7901.62,9993.02
510.829,7657.79,9658.88
366.947,7520.75,9362.64
212.394,7388.88,9070.27
27.1461,7197.58,8808.81
-196.765,6999.33,8625.44
-404.203,6768.84,8452.15
-765.824,6598.15,8220.19
-1027.83,6475.09,7823.67
-1336.68,6347.2,7362.56
-1530.58,6141.35,6877.56
-1601.6,5931.74,6383.52
-1593.74,5682.22,5884.03
-1544.75,5340.76,5398.05
-1481.84,4972.06,4975.75
-1423.91,4681.58,4620.57
-1372.88,4396.89,4197.41
-1395.83,4131.4,3793.11
-1495.44,3832.86,3627.13
-1545.61,3611.14,3438.55
-1523.49,3397.74,3189.02
-1510.87,3182.54,3010.97
-1521.57,2988.16,2854.11
-1547.46,2790.91,2657.64
-1620.67,2583.86,2402.2
-1749.79,2419.73,2119.06
-1802.52,2292.99,1969.17
-1775.11,2121.49,1851.95
-1783.54,2021.08,1777.93
-1779.51,1913.47,1647.06
-1815.2,1755.19,1485.34
-1860.72,1596.66,1380.52
-1871.38,1476.87,1244.14
-1842.06,1362.74,1038.95
-1826.06,1236.29,831.184
-1865.97,1156.14,650.434
-1881.67,1145.57,419.137
-1788.38,1087.86,150.201
-1650.12,1007.41,-143.747
-1518.27,893.592,-365.711
-1462.58,796.044,-561.714
-1416.98,750.037,-745.243
-1298.96,732.888,-872.581
-1156.59,659.435,-1024.39
-1100.38,510.682,-1256.07
-1138.7,367.984,-1445.61
-1153.52,236.833,-1517.15
-1128.02,89.4325,-1651.02
-1084.64,-83.471,-1789.67
-1128.1,-258.461,-1912.82
-1244.51,-381.317,-1976.15
-1303.66,-494.264,-2081.93
-1279.96,-643.385,-2212.81
-1221.33,-836.686,-2326.99
-1187.56,-1028.45,-2443.16
-1206.87,-1166.7,-2585.43
-1262.42,-1292.71,-2685.68
-1419.3,-1524.99,-2754.69
-1446.11,-1760.56,-2828.88
-1391.28,-1863.16,-2916.64
-1487.17,-1938.69,-3039.77
-1615.14,-1989.31,-3162.29
-1686.3,-2032.87,-3266.59
-1747.78,-2097.2,-3367.42
-1854.3,-2153.44,-3450.68
-1970.86,-2157.61,-3497.15
-2074.39,-2193.28,-3592.99
-2200.01,-2249.99,-3638.12
-2243.4,-2234.07,-3593.89
-2337.29,-2214.01,-3592.8
-2521.56,-2233.76,-3627.81
-2707.43,-2240.7,-3584.24
-2868.73,-2207.62,-3520.96
-3012.42,-2199.65,-3480.22
-3143.72,-2281.81,-3445.97
-3259.72,-2413.1,-3411.67
-3344.48,-2483.87,-3355.58
-3398.77,-2423.38,-3254.02
-3502.69,-2340.72,-3100.21
-3548.56,-2211.9,-3091.93
-3639.75,-2029.99,-3151.58
-3763.49,-1763.44,-3168.54
-3866.31,-1449.47,-3091.85
-3984.8,-1180.79,-3011.79
-4146.49,-963.309,-2961.51
-4288.74,-697.401,-2876.86
-4429.9,-388.071,-2894.17
-4766.81,-120.286,-2943.23
-5031.29,84.9996,-3153.32
-5284.94,480.46,-2984.4
-5646.75,707.23,-2798.06
-6060.7,595.077,-2487.7
-6452.56,623.624,-1979.4
-6908.16,780.147,-1429.43
-7454.72,794.636,-980.849
-7918.63,784.321,-556.41
-8246.39,836.863,-41.9712
-8608.67,1003.82,644.464
-8860.42,1253.58,1493.13
-9197.55,1668.54,2289.22
-9491.12,2256.18,3004.15
-9763.19,3020.08,3610.06
-10106.4,3929.77,4316.71
-10545.2,4818.43,5152.8
-11167.4,5579.7,5979
-12090.9,6308.81,6706.21
-13131.7,7090.28,7276
-14386.4,7974.93,7841.24
-15728.4,8671.41,7636.1
-16916.5,9084.19,7735.99
-17810.5,8859.88,7798.76
-18578,8751.64,7936.29
-19224.2,8488.66,8198.1
-19674.4,7913.11,8531.01
-19877.7,7321.44,8748.84
-19877.6,6830.66,8749.33
-19860.1,6180.1,8901.48
-19831.7,5676.23,9195.61
-20043.4,5255.15,9383.48
-20086,4857.29,9446.75
-20065.9,4783.44,9405.84
-19976,4888.09,9368.46
-19917.4,5044.49,9379.16
-19928.9,5264.02,9365.5
-19929.6,5543.58,9264.55
-19879.2,5835.05,9110.51
-19887.2,6235.4,8959.49
-19652.6,6585.31,9022.26
-19310.9,6863.77,9163.64
-19026.7,7186.07,9602.86
-18806,7596.99,10065.3
-18660.2,8064.73,10590.5
-18531.9,8537.29,11062.6
-18376.6,8943.14,11619
-18190.2,9167.14,12349.5
-17956.6,9168.98,13058.9
-17624.5,9156,13796.3
-17312.2,9074.98,14347.6
-17058.9,9294.47,14627.3
-16616.9,9435.03,14808.9
-16077.7,9500.08,14739.1
-15557.4,9530.98,14738.4
-15065,9383.4,14675.7
-14668.2,9239.57,14563.8
-14419.1,9223.3,14491.7
-14247.2,9147.68,14380.7
-14090.5,9190.88,14338.9
-13934.5,9162.4,14296.1
-13508.9,9115.48,14555.2
-13156.4,9122.7,14768.3
-12981.2,9226.06,15078.9
-12938.4,9325.32,15226.6
-12986.9,9424.83,15445.2
-12945.5,9596.61,15776.6
-12787.2,9864.78,15998
-12699.5,10164.2,16064.8
-12539,10442.6,16161.6
-12327.6,10860.5,16141.9
-11896.4,11267.9,16450.7
-11122,11648.2,17145.8
-10142.9,12021.5,17899.3
-9261.36,12358.6,18488.5
-8473.51,12631.4,18928.4
-7834.17,12900.9,19366.8
-7309.33,13084.7,19797
-6725,12983,20123.6
-6303.07,12785.1,20553.7
-6083.93,12622.8,20697.3
-5802.22,12515.2,20865.5
-5600.28,12343.9,21193.9
-5318.58,12338.2,21517.5
-4999.59,12288.7,22042.1
-4477.56,12260.9,22588.4
-3804.88,12269.2,22976.1
-3194.34,12277.7,23198.5
-2682.01,12289.8,23289.1
-2188.52,12179.6,23242.2
-2075.38,12321,23026.6
-1533.64,12028.7,22983.9
-1086,11894,23105.5
-819.553,11955.6,23300.5
-851.791,12418.9,23994
-1212.78,13646.3,24863.2
-892.455,13717.8,24345.9
117.644,12173.3,22496.9
283.778,11617.6,21491.2
48.833,11564.4,21086.2
-229.663,11215.4,20668.4
-444.022,11056.9,20166.2
-732.744,10927.7,19599.1
-972.322,10918.2,19079.2
-1205.28,10984.7,18593.5
-1309.66,10981.2,18020
-1364.98,10832.6,17455.3
-1420.37,10561.5,16914.4
-1353.91,10278.2,16258.1
-1357.48,10192.6,15770
-1288.39,10208.7,15135.5
-1225.14,10058.1,14417.2
-1085.91,9952.61,13863.9
-896.108,9660.26,13223.4
-758.838,9271.07,12616.7
-764.556,8899.18,12115.9
-828.565,8585.88,11633.8
-835.983,8329.99,11159.1
-856.893,8102.84,10791.4
-1054.1,7836.18,10396.6
-1242.32,7701.35,10017.9
-1364.8,7576.09,9566.82
-1344.01,7336.76,9134.7
-1290.77,7041.13,8813.71
-1354.01,6686.24,8530.85
-1545.95,6301.76,8192.55
-1732.23,5952.13,7804.67
-1867.15,5642.57,7428.77
-2015.8,5345.11,7106.46
-2060.87,5167.34,6874.12
-2242.74,5077.98,6699.61
-2350.6,4797.96,6388.49
-2495.02,4577.72,6114.75
-2567.63,4388.58,5907.36
-2501.93,4163.46,5757.75
-2323.75,3891.32,5555.38
-2080.48,3637.8,5255.82
-1831.86,3453.35,4948.46
-1640.98,3306.66,4715.94
-1493,3141.49,4457.46
-1291.39,2900.22,4184.16
-1042.52,2645.23,4000.95
-901.323,2437.57,3738.96
-716.769,2322.42,3522.73
-530.593,2133.35,3281.93
-411.549,1901.54,3064.33
-359.102,1683.8,2882.34
-296.813,1474.66,2734.43
-161.011,1265.65,2650.89
-6.49347,1081.77,2556.52
102.213,961.301,2421.78
140.667,828.12,2150.16
96.2495,711.221,2003.42
65.4505,696.88,1977.64
95.0344,626.879,1920.16
140.946,536.965,1820.82
172.599,488.831,1691.02
190.605,424.681,1531.05
189.085,256.135,1366.62
170.079,52.4061,1212.55
207.309,-83.7487,1094.54
288.828,-243.447,1038.87
316.023,-415.843,877.997
292.24,-583.318,675.874
287.954,-783.226,504.229
299.667,-974.946,376.331
314.282,-1134.01,270.67
352.442,-1267.97,184.454
422.362,-1385.4,148.737
453.004,-1511.29,182.209
392.111,-1627.63,259.325
384.745,-1716.59,325.543
293.831,-1738.71,312.378
113.49,-1753.52,248.93
-76.0505,-1810.8,153.117
-241.557,-1894.92,45.7092
-345.586,-1999.13,-70.397
-372.12,-2139.6,-202.711
-381.723,-2306.42,-372.299
-457.169,-2438.91,-618.938
-525.605,-2506.19,-802.869
-584.706,-2641.78,-892.598
-753.498,-2793.29,-1074.87
-991.407,-2878.48,-1221.68
-1183.53,-2941.56,-1306.04
-1379.25,-2953.12,-1364.31
-1642.63,-2899.77,-1389.54
-1947.74,-2826.89,-1370.21
-2202.04,-2781.27,-1344.48
-2321.86,-2759.89,-1320.91
-2317.42,-2806.51,-1222.22
-2334.76,-2822.26,-1018.49
-2455.01,-2825.38,-880.82
-2624.97,-2805.52,-767.806
-2921.34,-2753.52,-598.984
-3265.41,-2665.3,-365.971
-3573.95,-2542.75,-136.782
-3782.4,-2385.47,55.3791
-3847.63,-2221.25,239.799
-3885.95,-2147.73,387.348
-4029.01,-2154.24,551.542
-4118.08,-2178.18,611.917
-4158.8,-2291.23,656.84
-4106.83,-2392.06,671.964
-3992.53,-2539.54,683.081
-3870.58,-2715.56,658.596
-3709.44,-2862.51,687.565
-3568.97,-2905.71,834.792
-3645.3,-2818.58,1031.1
-3924.71,-2722.78,1305.32
-4284.92,-2537.24,1605.12
-4488.92,-2340.72,1913.29
-4497.71,-2020.55,2240.43
-4575.88,-1679.51,2514.79
-4769.29,-1391.62,2890.15
-5005.79,-1148.52,3328.49
-5326.73,-938.824,3763.21
-5733.84,-747.576,4163.55
-6058.51,-535.381,4511.43
-6232.26,-285.37,4826.84
-6355.95,7.83658,4936.41
-6398.33,230.184,4931.64
-6423.07,260.409,4877.17
-6503.08,154.848,4748.24
-6659.09,-372.624,4561.75
-6738.13,-750.557,4353.67
-6734.81,-788.981,4153.24
-6799.77,-835.979,3888.03
-6970.83,-1087.35,3489.97
-7037,-1419.72,3162.77
-6903.44,-1630.1,2816.42
-6871.72,-1740.97,2612.83
-6792.55,-1777.87,2274.19
-6897.91,-1708.65,2245.85
-7166.53,-1606.31,2539.21
-7673.24,-1362.42,3102.41
-8423.5,-871.968,3798.71
-9248.9,-117.801,4444.23
-9975.5,853.349,4933.41
-10669.6,1892.08,5303.6
-11314.7,2678.5,5660.79
-11794,3048.47,5991.85
-12240.7,3348.24,6027.41
-12649.1,3383.28,5771.14
-12753.8,3185.09,5412.13
-12582.1,3058.63,5012.56
-12304.1,3051.16,4585.32
-12040.2,3041.87,4202.89
-11859.2,3011.58,4002.07
-11881.6,2889.89,4095.77
-12184.1,2692.54,4473.61
-12564.5,2887.57,4713.05
-13097.7,3234.1,5093.36
-13582.6,3739.29,5520.89
-14099.5,4462.9,6147.04
-14717.3,4912.14,6989.47
-15333,5205.24,7964.64
-15918.2,5714.39,8932.2
-16585.4,6331.64,9779.7
-17204,6997.51,10539.1
-17787.5,7692.28,11023.7
-18292.6,8401.66,11482.5
-18589.4,8892.02,11913.3
-18695.1,9135.64,12397.8
-18826.9,9211.32,12918.7
-18998.2,9222.01,13367.4
-19162.6,9311.36,13821.7
-19224.7,9473.05,14393.9
-19097.5,9599.62,15049.8
-18946.2,9825.15,15787.9
-18823.4,9679.33,16413.2
-18576.9,9514.71,16794.9
-18576,9469.4,17093.9
-18501.4,9114.42,17400.1
-18422.7,8811.67,17632.6
-18418.9,8496.57,17810.2
-18410.3,8120.06,17864.6
-18247.2,7789.1,17768.3
-17883.6,7509.09,17602.9
-17408.6,7134.85,17268.2
-16807.6,6677.4,16819.8
-16296.5,6397.98,16602.4
-15767.4,5953.55,16321.3
-15482.7,5629.14,16081.7
-15211.1,6393.68,15980.6
-15147.8,6061.77,16111.9
-15225.8,5221.33,16068.7
-15283.5,5421.28,15852.6
-15367.6,5702.95,16077.8
-15245,5904.16,16354.9
-14965.1,6265.86,16730.7
-14542.2,6760.06,17171.1
-14077.9,7265.42,17511.2
-13701.6,7771.38,17670
-13446.7,8237.38,17959.7
-13211,8809.54,18114.2
-12988.8,9376.84,17999.1
-12828.2,9884.93,17831.5
-12691.1,10486.7,17772
-12553.5,10923,17677.4
-12680.1,11495.3,17619.4
-12673.1,12238.3,17491.8
-12534.5,12850.1,17684.9
-12050.5,13390.2,18000.8
-11045.9,13840.5,18735.5
-9749.95,14240.7,19530.9
-8315.76,14603.3,20188.4
-6769.1,14861.8,20787.1
-5166.75,14957.3,21350.8
-3509.25,14962.6,21956.4
-1972.83,14872.2,22575.5
-443.121,14700.1,23117.3
848.118,14697.8,23232
1812.85,14640.8,23321
2481.61,14461,23105.7
2817.24,14253.4,22694.6
2861.09,14050.3,22255.4
2697.03,13808.9,21858
2389.87,13526,21567.2
2043.98,13247.1,21393.8
1433.12,12959.1,21264.4
873.492,12680.3,21346.6
333.953,12574.2,21211.4
123.306,12500.5,21234.7
319.234,12491.5,21146.9
689.788,12478.4,20899.3
1031.65,12459.8,20533
1264.65,12461.3,20059.9
1378.04,12416.8,19500.2
1440.99,12278.2,18873.1
1368.58,12232.3,18102.5
1395.25,11999.5,17403.4
1320.1,11745.1,16700
1381.3,11436.8,15916.6
1362.15,11175.2,15120.7
1320.56,10904,14387.1
1247.14,10595.9,13725.7
1165.16,10296.7,13044.4
1192.71,10014.6,12306.5
1106.67,9690.96,11746.2
979.11,9376,11242
972.369,9059.07,10800.2
977.973,8765.2,10362.6
827.279,8499.51,9995.4
687.393,8287.37,9666.99
466.925,8107.82,9341.79
211.804,7939.33,8933.53
73.7995,7762.15,8429.11
47.3534,7535.2,7954.05
36.2963,7226.29,7575.11
-68.9414,6924.04,7226.25
-187.615,6531.96,6821.17
-277.427,6204.97,6427.23
-275.416,5850.11,6011.97
-289.397,5441.55,5695.27
-368.396,5064.04,5352.31
-475.763,4753.64,4997.01
-548.881,4470.05,4695.3
-595.583,4209.47,4392.83
-723.364,4061.79,4148.95
-822.994,3932.37,3850.71
-931.609,3712.63,3628.94
-1013.47,3532.96,3401.11
-1016.99,3406.44,3125.03
-1012.93,3259.99,2860.11
-1035.98,3129.42,2618.71
-1046.96,3015.66,2374.78
-1008.2,2871.49,2131.52
-939.499,2698.66,1930.27
-878.58,2565.16,1761.68
-905.782,2502.79,1520.14
-933.956,2366.67,1297.84
-847.97,2283.1,1169.6
-773.448,2195.92,995.537
-781.009,2118.09,819.944
-829.158,2037.07,638.041
-879.622,1915.38,439.912
-904.787,1745.42,244.666
-868.878,1567.25,69.067
-797.795,1408.3,-95.1708
-757.19,1254.94,-192.158
-630.914,1165.65,-312.489
-435.28,1066.09,-486.163
-306.81,917.739,-620.678
-182.535,801.23,-755.531
-43.7059,740.192,-905.999
79.6759,669.833,-1070.36
196.389,546.295,-1238.08
349.112,412.556,-1402.16
479.093,298.026,-1577.26
452.604,131.959,-1657.67
478.092,16.6837,-1712.44
591.787,-118.59,-1837.85
671.705,-302.33,-1966.39
675.38,-477.732,-2092.35
644.124,-575.845,-2222.2
620.922,-681.424,-2333.31
608.345,-873.756,-2415.77
579.609,-1073.75,-2484.82
522.479,-1236.76,-2512.16
541.887,-1497.97,-2533.6
519.417,-1680.52,-2619.82
412.214,-1814.64,-2721.16
374.196,-1894.92,-2780.07
316.602,-2020.33,-2787.34
256.998,-2214.34,-2829.65
259.15,-2427.48,-2934.07
280.883,-2602.23,-3069.54
214.236,-2732.19,-3215.39
123.608,-2862.93,-3334.24
163.17,-2961.36,-3392.41
92.2271,-3034.79,-3471.19
-10.2954,-2939.95,-3468.38
-87.1837,-2771.7,-3365.1
-199.213,-2673.66,-3295.02
-308.94,-2575.57,-3278.5
-474.993,-2610.09,-3226.2
-704.694,-2812.6,-3039.26
-837.426,-2932.64,-2760.61
-839.32,-3071.19,-2632.75
-781.685,-3405.24,-2594.1
-656.384,-3776.47,-2453.5
-471.355,-3980.71,-2338.46
-433.389,-3910.62,-2288.62
-517.588,-3725.98,-2195.66
-612.28,-3527.24,-2016.87
-679.74,-3348.35,-1790.07
-757.57,-3186.13,-1595.17
-874.953,-3017.96,-1481.05
-1021.62,-2817.96,-1386.49
-1185.06,-2463.19,-1229.65
-1492.91,-2084.37,-1090.47
-1795,-1497.16,-817.404
-2082.71,-959.25,-555.178
-2375,-510.81,-320.413
-2732.4,-169.091,-107.341
-3084.44,186.414,75.459
-3435.43,605.224,224.613
-3900.43,969.167,346.399
-4296.03,1322.66,429.456
-4668.57,1634.67,537.538
-5192.52,1771.11,523.128
-5613.87,1802.41,563.611
-6038.2,1669.66,596.26
-6499.85,1561.53,435.355
-6850.54,1631.57,219.173
-7051.12,1849.32,103.984
-7213.59,2027.93,129.948
-7559.44,2081.01,314.301
-8417.73,2269.16,674.231
-9484.59,2601.63,1045.39
-10424.9,3132.33,1514.58
-11594.2,3599.77,1924.19
-12584.6,4027.62,2225.98
-13393.4,4388.77,2588.94
-14170.9,4612.09,2983.09
-14876.3,4646.57,3399.15
-15483.5,4563.86,3915.28
-16173.8,4558.67,4539.22
-16986.6,4784.17,5097.73
-17681.9,5237.85,5416.33
-18089.8,5998.5,5834.76
-18523.5,6493.29,6464.4
-19095.1,6963.65,7129.55
-19894.8,7367.96,7871.37
-20925.2,7648.27,8543.95
-22242.8,7880.58,9187.53
-23723.3,8162.77,9955.88
-25046.5,8480.09,10854.2
-26229.9,8769.49,11810
-27308.8,8983.31,12651
-28123,9097.79,13253.5
-28827.6,9053.63,13836.4
-29259.7,8996.76,14545.8
-29656.5,8854.05,15144.8
-29778.7,8596.09,15622.3
-29564.3,8321.15,16034
-29039.5,8086.86,16341.2
-28091.4,7830.46,16523.8
-26909.2,7561.48,16793.7
-25416.4,7284.51,17326.8
-23956.8,6797.21,17873.3
-22396.7,6454.46,18434.3
-21131.8,6188.2,18981.1
-19993.6,5834.46,19204.8
-19036.8,5490.92,19309
-18312.9,5196.91,19352.2
-17841.9,4893.98,19352.8
-17640.6,4587.17,19501.8
-17574.4,4339.88,19653.9
-17959.3,4200.14,19775.5
-18189.6,4660.86,19797.7
-18499.6,5344.49,20169.5
-18742.5,6236.92,20542.7
-18676.1,7177.09,21010.5
-18232.1,7898.86,21587.6
-17524.6,8414.77,22358.5
-16643.2,8819.44,23314.7
-15547.1,9174.93,24214.9
-14259.6,9838.11,24903.1
-13042.6,10400.9,25404.9
-11833.5,11043.6,25885.6
-10774.5,11313.6,26203.1
-9724.35,11604.1,26549.4
-8734.63,11427.3,27041.7
-8021.51,11548.9,27228.9
-7362.16,12166.7,27270.9
-6621.98,12622.9,27436.5
-6119.5,12734.5,27476.7
-5758.18,13312.2,27543.1
-5299.29,13817.1,27612.7
-5063,14238.7,27608.8
-4667.63,14540.7,27785.3
-4059.05,15023.4,28132.6
-3127.62,15488.3,28405.9
-2100.68,15663.9,28424.7
-1181.38,14514.6,27580.3
-172.904,14023.8,26587
1157.6,16897.3,26931.1
2256.47,17077,26780.2
2870.55,16988.5,26300.6
3352.16,16687.9,25729.2
3615.15,16444.4,25360.7
3823.36,16309.1,24624.8
3868.96,16248.2,23814.3
3970.03,16201.4,22950.2
4098.81,16039.3,22057.8
4070.93,15750.4,21193.5
3909.27,15477.3,20322.6
3684.41,15205.2,19500.2
3427.64,14991.3,18732.3
3031.95,14876.5,17627.7
2768.19,14526.1,16688.4
2489.87,14162.3,15762.8
2158.73,13807.4,14968
1842.47,13503.6,14193.7
1556.84,13218.7,13395.5
1278.27,12907.3,12598.6
1063.06,12559.6,11799.3
1026.24,12099.4,11086.3
959.441,11674.3,10318.2
831.888,11128.5,9570.9
801.05,10775.7,8883.59
809.937,10393.3,8285.29
726.403,10041,7709.77
602.843,9717.96,7142.93
467.063,9389.2,6608.91
289.912,9069.6,6076.2
83.3971,8790.2,5497.67
-91.1857,8482.89,4984.84
-81.9362,8105.95,4554.56
-90.7782,7774.85,4092.07
-143.168,7415.44,3639.98
-52.6536,7094.4,3249.15
-60.8938,6841.18,2906.16
-97.5554,6622.53,2565.4
-145.457,6408.75,2234.2
-247.402,6208.83,1946.07
-316.236,6034.16,1661.31
-293.065,5848.76,1276.72
-340.288,5677.47,1005.06
-570.165,5475.92,694.655
-685.665,5321.83,429.973
-802.468,5082.79,178.709
-955.665,4839.15,-55.5843
-1110.33,4622.88,-239.543
-1210.7,4368.16,-369.225
-1232.02,4087.85,-460.4
-1227.08,3886.42,-575.756
-1300.44,3685.97,-858.42
-1298,3477.48,-1040.27
-1278.76,3247.97,-1177.91
-1150.33,2966.85,-1353.95
-979.028,2769.7,-1480
-815.358,2565.21,-1614.87
-680.538,2316.48,-1789.44
-615.162,2055.64,-1966.35
-620.812,1840.69,-2089.78
-669.726,1694.85,-2177.38
-819.893,1548.18,-2344.05
-853.217,1327.39,-2525.22
-834.748,1038.27,-2678.91
-903.64,818.777,-2838.62
-996.397,703.525,-2969.28
-1183.08,508.937,-3131.56
-1353.37,262.276,-3329.59
-1462.52,35.9249,-3540.18
-1557.83,-174.533,-3801.1
-1638.99,-398.292,-4137.93
-1677.77,-618.986,-4383.86
-1833.61,-904.624,-4593.78
-2052.37,-1146.24,-4826.17
-2259.36,-1297.07,-5010.94
-2452.92,-1443.71,-5148.15
-2588.42,-1568.08,-5249.84
-2708.82,-1635.71,-5319.57
-2817.73,-1676.91,-5328.69
-2916.46,-1695.5,-5284.18
-3044.71,-1642.08,-5244.71
-3148.29,-1586.48,-5209.06
-3145.98,-1615.63,-5173.28
-3082.77,-1216.75,-5276.29
-3020.5,-1215.46,-5587.1
-2960.35,-1507.77,-5730.99
-2941.75,-1560.39,-5798.8
-2975.06,-1498.6,-5973.62
-2995.89,-1273.57,-6178.89
-3040.25,-842.698,-6236.28
-3254.67,-500.204,-6165.62
-3570.98,-172.289,-6123.79
-3892.36,359.635,-6066.19
-4317.46,875.334,-5847.05
-4810.36,1548.94,-5479.32
-5446.19,2314.15,-4902.77
-6274.81,3056.09,-4296.1
-7234.11,3710.78,-3648.33
-8314.51,4318.78,-2889.97
-9527.39,4901.76,-2082.55
-10772.5,5381.55,-1356.9
-11889.3,5742.94,-669.666
-13014.4,6252.66,-14.9911
-14205.5,6683.34,647.141
-15291.6,7252.1,1350.5
-16415.4,7890.25,1887.38
-17501.6,8405.55,2253.06
-18411.2,8821.91,2635.88
-19239.2,9079.7,3225.27
-20199.1,9011.06,4020.7
-21365.8,8624.21,4886.02
-22705.4,8251.05,5829.3
-24292.4,8034.09,6896.55
-25799.6,8018.94,7804.17
-27143.6,7985.11,8607.58
-28265.1,7738.3,9329
-29081.1,7329.71,10002.9
-29614.3,6729.42,10603.3
-29944.2,5911.61,11095.1
-30128,4987.03,11419.2
-30121.5,4189.58,11510.6
-29768.2,3694.16,11428.7
-29116.1,3411.16,11343.4
-28257.3,3217.89,11164.6
-27246.9,2968.04,11105.6
-26160.1,2695.08,11145.2
-25240.4,2464.81,11298.1
-24437.1,2314.66,11485.9
-23630.9,2267.19,11703.5
-22820.2,2285.92,12016.8
-22097.3,2304.65,12427
-21534.1,2365.73,12824.2
-21146.1,2446.06,13127.1
-20974,2522.73,13418.6
-20897.6,2595.16,13758.5
-20898.7,2715.17,14175.7
-20984.5,2988.2,14534.6
-21065.5,3477.11,14867.8
-21061.9,4177.4,15194.4
-20956.2,5057.43,15570
-20745.1,6070.55,16116.5
-20387.6,7109.64,16767.9
-19909.9,8089.67,17446.8
-19290,9153.76,18205.7
-18517.2,10177.9,19047.8
-17647.5,11104.8,19844
-16723.8,11765.6,20489.4
-15853,12162.4,20973
-15092.1,12492.6,21289.4
-14406.2,12840.9,21473.5
-13670,13069.6,21661.5
-12707.5,13175.1,21993.4
-11676.3,13240.4,22363.5
-10813.5,13294.2,22748.9
-9949.82,13198.7,22938.4
-9136.75,12959.9,23110.8
-8430.12,12806.5,23209.6
-7773.31,12749,23396.7
-7021.11,12797,23758.1
-6037.01,12983.8,24413.3
-4822.94,13269,25436.2
-3575.88,13607.1,26299.6
-2409.96,13981.9,26911.3
-1327.42,14304.9,27245.6
-308.048,14102.9,27231
425.3,13917.3,27092.2
982.025,13858.7,26791.8
1395.07,13671.9,26403.7
1618.97,13363.5,25990.8
1631.89,12990.1,25571.7
1525.28,12463.5,25162
1455.14,12076.3,24713.5
1123.47,11886,24051.7
1039.66,11463.5,23547.3
1060.25,11236,22888.4
922.774,10874.4,22052.6
695.666,10489.2,21364.6
236.144,10175.1,20751.8
-392.259,9905.03,20157.7
-539.474,9879.84,19065.5
-271.752,10093.1,17616.5
-1751.9,9413.24,18513.4
-1939.66,8921.49,17782.4
-2133.83,9412.67,16712
-2256.8,9410.65,16451.4
-2461.81,9477.88,15921.8
-2516.7,9365.94,15287.2
-2470.9,9197.71,14601.2
-2507.16,9077.16,13844
-2630.93,8929.5,13039
-2680.8,8682.65,12235.9
-2673.68,8359.72,11528.5
-2728.12,8262.05,10940.3
-2954.17,8094.71,10406.5
-2997.56,7808.42,9911.54
-3148.99,7522.35,9565.32
-3241.31,7183.27,9178.17
-3303.98,6880.05,8827.05
-3344.28,6594.62,8601.34
-3274.56,6317.46,8355.01
-3116.15,6161.46,7895.32
-3074.18,6058.89,7407.18
-2895.53,5819.24,7045.19
-2840.67,5528.5,6750.66
-2711.14,5341.96,6336.59
-2747.91,5074.76,5999.54
-2770.32,4856.8,5771.51
-2748.28,4654.5,5525.49
-2741.62,4510.59,5174.5
-2777.22,4432.07,4832.08
-2766.94,4294.82,4623.51
-2546.32,4163.53,4335.82
-2533.5,4049.29,4168.68
-2299.87,4021.07,4057.44
-2128.5,3909.85,3697.67
-2088.2,3690.55,3473.63
-2081.52,3614.97,3152.05
-2090.34,3534.01,2761.82
-2018.71,3357.88,2402.95
-1919.04,3185.05,2077.47
-1960.47,3043.97,1783.09
-1888.75,2822.01,1591.28
-1936.19,2803.28,1243.44
-1951.29,2673.31,1083.18
-1977.97,2363.83,937.993
-1993.89,2267.15,893.903
-2011.29,2095.25,925.67
-2055.68,1965.74,982.085
-2048.65,1834.01,991.203
-1963.95,1637.66,975.824
-1918.53,1554.68,1026.89
-1941.38,1498.42,1050.82
-2033.04,1381.28,986.106
-2120.39,1396.42,877.097
-2153.26,1303.71,721.874
-2100.2,1179.02,414.091
-2014.85,1002.86,174.377
-1890.46,783.755,-95.3132
-1814.47,557.97,-364.592
-1776.44,347.552,-548.63
-1675.87,134.096,-732.625
-1749.94,-109.231,-896.088
-1794.96,-290.388,-910.834
-1960.21,-461.581,-983.523
-2102.6,-615.023,-1018.54
-2356.12,-732.334,-1071.71
-2683.27,-740.706,-1095.52
-3002.45,-757.848,-1038.92
-3298.74,-764.773,-997.31
-3614.98,-720.874,-1017.92
-3955.52,-731.909,-1017.04
-4263.5,-796.062,-1077.49
-4756.41,-886.169,-1168.95
-5191.15,-995.167,-1304.58
-5665.74,-1213.26,-1454.74
-6138.72,-1635.37,-1545.14
-6553.83,-2080.73,-1663.53
-6824.79,-2534,-1847.19
-7036.39,-3044.6,-2074.6
-7246.49,-3540.89,-2322.19
-7357.97,-3914.52,-2545.99
-7432.41,-4280.75,-2641.02
-7538.78,-4524.23,-2820.77
-7520.74,-4717.35,-2819.42
-7353.83,-4803.07,-2958
-7222.66,-4830.16,-3009.52
-7159.54,-4858.46,-3002.68
-7210.84,-4781.19,-2907.96
-7410.09,-4684.94,-2775.39
-7758.29,-4689.3,-2705.33
-8217.75,-4724.14,-2680.32
-8683.7,-4764.43,-2552.23
-9006.25,-4650.58,-2364.33
-9127.02,-4752.62,-2246.25
-9172.55,-5066.04,-2058.18
-9273.91,-5559.13,-1883.02
-9299.77,-6062.96,-1746.57
-9235.86,-6489.98,-1508.5
-9097.48,-6839.3,-1211.4
-8821.23,-7110.02,-960.45
-8372.3,-7296.08,-703.53
-7934.86,-7470.86,-415.061
-7525.84,-7587.39,-156.696
-7044.61,-7714.92,14.4634
-6704.2,-7806.13,211.225
-6286.03,-7756.48,454.798
-5902.41,-7691.38,703.498
-5606.9,-7607.7,977.982
-5418.99,-7463.46,1270.72
-5319.83,-7288.4,1546.17
-5226.71,-7154.86,1832.91
-5068.83,-7053.64,2256.44
-4866.23,-6864,2861.51
-4566.75,-6773.74,3582.08
-4297.69,-6653.51,4363.39
-4048.36,-6527.89,5052.12
-3794.84,-6472.98,5712.53
-3507.95,-6431.86,6337
-3196.27,-6410.57,6901.39
-2900.59,-6444.92,7467.52
-2653.16,-6495.77,8131.73
-2443.63,-6540.23,8854.81
-2192.4,-6576.2,9585.13
-1952.71,-6529.2,10347.9
-1793.85,-6398.21,11189.5
-1603.51,-6133.29,12098.3
-1283.17,-5824.88,12992.3
-894.021,-5609.32,13758.8
-463.612,-5510.17,14363.8
-18.2662,-5502.52,14875.7
345.132,-5573.62,15369.3
622.6,-5629.71,15813.1
1001.33,-5765.21,16186.7
1336.24,-6019.84,16687.7
1511.13,-6129.17,17106.7
1575.13,-6165.19,17444.2
1595.85,-6150.93,17678.9
1557.34,-6217.02,17905.6
1454.58,-6356.85,18184.6
1317.34,-6504.23,18482.9
1200.77,-6717.94,18760.6
1183.92,-7067.9,19066.3
1118.11,-7377.1,19433.7
872.551,-7583.3,19829.5
669.616,-7585.41,20262.8
479.241,-7516.25,20639.1
181.169,-7405.13,20885.6
-284.087,-7258.58,20981.6
-864.697,-7155.67,21033.5
-1457.14,-7134.75,21083.1
-2030.66,-7125.31,21023.3
-2692.39,-7100.96,20824.2
-3466.53,-6998.2,20244.1
-4155.59,-7021.62,19152.3
-4561.78,-6942.8,18094.3
-4748.69,-7169.22,17007.4
-4894.11,-7315.45,15950.5
-5045.58,-7290.13,15053.4
-5307.36,-7182.02,14425.9
-5777.42,-7013.18,14155.3
-6505.28,-6772.04,14364.5
-7672.84,-6561.88,15144.9
-9111.15,-6200.92,16039
-10823.5,-5477.11,16805.1
-12462.1,-4540.08,17446
-13843.6,-3345.55,17774.1
-14945.4,-2275,17854.5
-15740.3,-1565.27,17780.1
-16278.4,-1242.26,17505.1
-16647.3,-1256.57,16980.1
-16820.4,-1566.43,16294.2
-16648.4,-2084.2,15541.1
-16357,-2695.81,14682.8
-15936.2,-3440.18,13880.1
-15522.9,-4031.75,13065.9
-15147.4,-4535.6,12461.1
-14782.2,-4953.7,11943.4
-14510,-5315.11,11567.5
-14390.8,-5536.54,11353.7
-14381,-5524.53,11175.5
-14379.3,-5274.98,11020.8
-14366,-4747.06,11248.8
-14671.3,-4044.89,11698.8
-15178.2,-2918.21,12144.5
-15714.5,-1162.63,12437.9
-16075.3,836.286,12465
-16200.9,2881,12275.8
-16144.5,4804.6,12678.2
-16089.7,5595.12,12874
-16080.6,5617.64,12116
-16035.3,6687.19,11511.4
-16145.2,7606.24,11581.4
-15911.9,7565.21,10990.5
-15358.5,8094.19,10252.8
-14513,8703.92,9253.12
-13628.2,9437.38,8372.37
-12721.8,10058.8,7814.44
-12064.5,10510.8,7602.19
-11755.7,10772.7,7660.66
-11677.7,10871.1,7898.58
-11753,10956,8248.28
-11996,11118.5,8651.29
-12348.1,10992.9,8981.81
-13118,10808.8,9462.31
-14024.7,10622.9,10024.5
-15064.7,10746.7,10695
-16064.8,11040.4,11139.4
-16776.6,11491.8,11392.6
-17111.3,11961.2,11448.9
-17085.8,12322.7,11266.4
-16722,12626.9,10951.5
-16126.4,12802.3,10542.8
-15246,12813.8,9905.65
-14100.7,12875,9260.13
-12993.2,12939.5,8531.21
-11912.2,13129.4,7842.27
-10901.6,13252.9,7217
-9937.22,13383.5,6736.01
-9131.08,13546,6378.72
-8567.35,13674.4,6066.87
-8156.5,13826,5790.17
-7854.5,14151.5,5574.4
-7420.58,14328.5,5446.75
-7017.4,14429.3,5419.11
-6500.71,14673.4,5396.75
-6002,14943.7,5441.91
-5558.67,15245.3,5486.43
-5093.4,15641.7,5479.62
-4659.51,15912.2,5363.01
-4341.85,16017.9,5140.12
-4050.74,16281.3,4875.79
-3665.6,16538,4549.03
-3576.02,16420.9,4296.91
-3537.12,16293.9,4184.42
-3374.5,16119.9,4210.83
-3381.19,15884.1,4362.84
-3414.6,15632.1,4490.67
-3305.55,15588.5,4611.85
-3035.75,15729.7,4944.66
-2512.77,15890.4,5549.22
-1665.79,16073.3,6169.48
-974.144,16335.9,6633.54
-423.873,16459.6,6980.88
-61.2565,16609.7,6837.43
217.707,16661.8,6710.18
303.555,16955.7,6842.14
628.051,17194.5,7027.05
1018.17,17242.4,7174.65
1451.83,17151,7234.35
2009.57,16942.9,7302.39
2554.84,16607.2,7520.14
3117.88,16289.2,7607.75
3603.54,15796.3,7568.68
4247.07,15420.6,7671.24
4918.16,15059.6,7723.48
5639.26,14749.9,7702.38
6365.31,14418.8,7620.32
7076.56,14051.6,7451.58
7736.18,13790.8,7318.37
8302.85,13581.3,7277.72
8783.04,13194.2,7188.44
9214.84,12853.4,7084.25
9494.95,12258.1,7234.83
9947.26,11727,7714.98
10157.6,11101.3,8125.72
10356.3,10611.8,8715.23
10439.8,10188.6,9307.84
10546.2,9785.76,9914.57
10772.1,9372.38,10495.1
11037.9,8912.33,11049.2
11268.7,8433.67,11650.9
11549.1,8064.15,12090.4
11734,7668.37,12458.7
11879.8,7226.69,12610
12133.4,6834.09,12552.3
12305.5,6430.59,12507.3
12390.2,5990.5,12351.9
12394,5536.04,12254.9
12345.2,5036.87,12277.4
12230.4,4511.4,12331
11948,4064.45,12385
11465.6,3686.1,12435.3
11206.4,3399.28,12492.4
10740.9,3140.24,12608.9
10400.8,2852.73,12671.9
9892.53,2774.62,12847.5
9351.74,2741.99,13062
8935.08,2663.47,13287.3
8505.59,2601.55,13581.4
8023.01,2582.17,13965.8
7677.66,2548.49,14344.9
7287.26,2581.28,14618.4
7009.22,2628.82,14911.1
6759.08,2532.2,15220.2
6600.28,2473.06,15474
6329.36,2400.95,15677.1
5953.33,2292.35,15756.7
5491.85,2162.92,15742.4
4983.66,2026.35,15597.6
4493.62,1923,15344.8
4100.15,1858.57,15131.3
3863.21,1667.62,14932.6
3630.42,1449.06,14706.2
3433.37,1142.52,14569.6
3295.5,875.646,14501.4
3158.69,688.454,14447.2
2989.56,367.996,14332.4
2751.46,-43.4095,14232.7
2472.86,-448.107,14285.8
2171.95,-864.143,14493.1
1754.07,-1328.7,14778.5
1053.24,-1722.58,15261.3
-56.8588,-2060.6,15669.1
-1182.13,-2118.96,15718.9
-2142.67,-2177.85,15928.2
-3067.12,-2185.7,16180.5
-3978.12,-2363.17,16628
-5039.07,-2599.28,16970.5
-6246.02,-2803.1,16998.6
-7467.02,-2987.15,16849
-8633.97,-3155.65,16715.7
-9684.38,-3351.77,16520.4
-10531.7,-3483.54,16283.2
-11242.8,-3587.32,15815.8
-11689.5,-3845.87,15344.8
-11877.8,-4278.8,14956.8
-11918.3,-4809.38,14685
-12047.3,-5168.23,14540.7
-12304.4,-5272.35,14491
-12615,-5095.78,14510.2
-12941.4,-4559.02,14679.6
-13186.7,-3860.33,15169.1
-13664.2,-2952.79,15821.5
-14203.4,-2043.85,16334.3
-14816.9,-1094.48,16780.6
-15383.6,-202.458,17324.4
-15965.5,434.583,17738.2
-16551.1,884.02,17976.3
-17066.1,1254.14,18050.5
-17441.3,1569.52,17966.1
-17633.6,1808.99,17753.8
-17599.5,1914.26,17416.8
-17323.8,1692.92,16925.3
-16844,1623.11,16233.5
-16258.1,1683.18,15294.7
-15594.5,1848.99,14117.9
-14771.1,2181.54,12992.4
-13809.4,2724.38,12080.3
-12881.6,3289.82,11320.6
-12137.3,3749.05,10660.9
-11608.2,4194.46,10241.9
-11353.4,4566.44,10251.3
-11361,5033.27,10725.5
-11682.8,5664.48,11193.9
-12147.9,6473.64,11429.8
-12477.2,7445.4,11414.7
-12617.3,8516.78,11270.1
-12680.3,9567.12,11030.5
-12771.1,10436.5,10654
-12909,10988.7,10154.9
-13023,11198.4,9639.42
-12983.8,11202.1,9163.53
-12800.8,11197.7,8706.73
-12642.1,11221.4,8338.95
-12444.4,11352.3,8010
-12192.9,11560,7610.36
-11938.6,11689.4,7269.41
-11699.8,11669.4,7000.53
-11485.1,11575.8,6732.51
-11252.5,11501.4,6511.36
-10911.5,11451.8,6450.36
-10451.7,11428.7,6401.6
-9945.51,11479.6,6318.71
-9328.75,11539.2,6362.33
-8697.93,11578.3,6353.37
-7989.17,11673.3,6289.5
-7243.08,11768.6,6246.14
-6495.39,11854.5,6213.99
-5808.12,11944.3,6179.51
-5246.18,12039.4,6141.55
-4772.75,12126.4,6084.26
-4221.26,12207.2,6011.32
-3700.51,12420.5,5990
-3254.12,12582.4,5991.75
-2739.31,12772.9,6079.54
-2176.78,13057.1,6240.03
-1621.66,13247.7,6526.6
-1074.58,13375.5,6937.13
-584.278,13468.4,7355.73
-194.865,13522.6,7667.58
133.516,13636.5,7872.04
457.367,13954.3,8016.36
848.214,14330.4,8051.96
1244.59,14515.8,8289.2
1490.71,14646.4,8388.02
1786.01,14674.1,8474.67
2088.62,14636.4,8569.94
2378.06,14627,8587.57
2691.36,14635.2,8526.63
3001.91,14671.6,8421.94
3272.67,14834,8246.92
3681.48,15055.1,8027.37
4084.36,15207.6,7921.18
4521.79,15092,7969.47
4717.11,14797.5,7985.35
4735.26,14546.8,8104.51
4871.32,14425.5,8248.08
5044.46,14369,8398.46
5163.39,14263.2,8527.85
5306.69,14039,8615.98
5578.77,13687.9,8741.36
5969.76,13213.1,9030.48
6466.53,12661.8,9302.19
7110.14,11996.1,9419.36
7529.13,11372.7,9428.12
7916.76,10806.9,9378.51
8253.79,10418.8,9194.7
8544.02,10037.4,8990.67
8843.37,9609.62,8909.81
9133.71,9116.4,8912.6
9284.13,8478.43,8877.35
9240.08,7883.27,8892.64
9185.64,7094.57,8703.22
9087.31,6507.54,8621.32
9208.39,6066.43,8644.23
9416,5558.51,8719.68
9725.09,5025.08,8908.77
10050.5,4577.33,9148.77
10322.6,4129.26,9402
10494.6,3622.67,9719.63
10550.2,3168.92,10107.3
10585.2,2716.66,10395.4
10395.6,2374.08,10588.7
10476.1,2125.85,10835.9
10370.3,2056.96,11043.1
10163.3,1968.56,11160
9685.85,1730.85,11174.2
9152.79,1492.84,11116.3
8632.69,1241.53,11129.3
8117.81,956.441,11202.4
7669.52,783.305,11153.7
7073.14,617.862,11108.7
6648.74,245.9,11052.6
6360.75,103.59,11149.8
6108.91,-73.5511,11104.4
5788.16,-265.448,11090.1
5608.01,-417.104,11084.5
5536.38,-556.454,11134.4
5410.3,-682.886,11272.9
5170.89,-811.73,11480.7
4969.38,-978.338,11744.4
4995.36,-1080.89,12083.7
4797.84,-1173.91,12376.1
4653.47,-1196.82,12737
4483.99,-1250.7,13127.9
4469.91,-1335.07,13441.1
4335.62,-1440.07,13556.1
4117.3,-1542.23,13678.9
3939.02,-1661.5,13748.2
3776.94,-1786.79,13671.6
3478.51,-1907.95,13648.6
2922.57,-2181.66,13697.1
2156.49,-2405.42,13708.1
1400.54,-2874.67,13694.7
672.903,-3392.99,13678.9
28.0733,-3847.95,13684.1
-466.182,-4270.18,13777.8
-857.092,-4702.45,13772.2
-1194.43,-5099.31,13743.8
-1467.51,-5347.02,13887.8
-1635.14,-5354.18,14140.8
-1705.86,-5139.3,14362.2
-1900.36,-4931.61,14653.7
-2030.21,-4542.2,14846.8
-2350.95,-4322.73,15335.6
-2808.3,-4049.41,15933.4
-3581.42,-3798.2,16323.7
-4430.91,-3624.25,16634.9
-5329.36,-3547.67,16940.5
-6192.68,-3530.47,17127.2
-6751.92,-3509.57,17107.6
-7361.84,-3512.32,16867.9
-7836.38,-3425.78,16347.3
-8003.42,-3356.24,15506.5
-8000.41,-3285.04,14758.9
-7698.68,-3262.62,14078.2
-7297.22,-3155.8,13576.7
-6736.61,-2959.51,13305.6
-6126.9,-2830.81,13446.4
-5679.75,-2681.81,13973
-5407.88,-2112.87,14514.8
-5218.99,-1030.96,14978.7
-4985.18,520.295,15487
-4620.48,1909.62,16300.2
-4782.19,3596.89,17433.9
-5259.26,5183.32,18473
-6079.03,6468.37,19298
-7132.39,7451.31,19918.6
-8234.06,8218.05,20264.4
-9195.18,8731.77,20273.9
-9882.29,8917.79,20022.1
-10314.6,8988.46,19601.7
-10607.4,8691.91,19020.6
-10637.2,8129.19,18325.7
-10505,7379.22,17452.8
-10184.1,6777.4,16613.1
-9873.12,6434.73,15944
-9817.25,6239.87,15520.2
-10026.1,6216.69,15331.7
-10360.3,6489.91,15271.4
-10728.8,7068.53,15175.3
-11054.2,7826.67,14936.7
-11217,8444.55,14668.4
-11276.6,8986.16,14383.5
-11260.8,9162.4,14122.4
-11226.6,9024.75,13782.4
-11202.1,8770.38,13444.1
-11136.1,8504.82,13137
-11004.9,8277.1,12752.2
-10809.1,8162.57,12260.4
-10525.3,8217.39,11776
-10149.3,8317.73,11255.3
-9771.72,8228.51,10739
-9472.74,8115.44,10345
-9321.53,8065.32,10024.9
-9226.09,8044.01,9733.89
-9107.32,8113.67,9395.85
-9019.14,8223.32,9035.3
-8939.09,8321.72,8653.71
-8796.25,8418.02,8234.79
-8607.44,8531.81,7819.74
-8434.38,8638.46,7470.24
-8252.93,8728.99,7132.36
-8023.06,8746.84,6861.44
-7802,8787.97,6650.35
-7546.01,8780.4,6434.14
-7350.59,8772.06,6272.5
-7136.48,8814.5,6179.55
-6884.43,8956.71,6126.31
-6649.81,9152.39,6126.77
-6436.16,9318.12,6236.35
-6217.1,9575.59,6410.87
-5970.81,9868.97,6493.8
-5711.17,10201.5,6504.5
-5520.11,10610.2,6450.03
-5329.1,11012.5,6388.61
-5123.01,11358.5,6364.55
-4916.39,11656.4,6343.22
-4676.24,11933.1,6360.32
-4392.59,12208.6,6436.9
-4121.97,12481,6493.02
-3855.05,12717.2,6524.47
-3487.5,12937.2,6688.67
-3084.61,13143.1,6749.52
-2600,13285.5,6714.16
-2030.38,13373.1,6734.79
-1545.9,13494.6,6842.89
-1138.07,13661.6,6959.5
-742.443,13827.8,7003.56
-304.021,13969.3,7008.13
225.409,14084.2,7062.66
824.331,14134.7,7112.04
1373.77,14303.9,7159.66
1905.79,14348,7299.86
2290.88,14081.3,7487.98
2482.78,14065.2,7607.07
2434.11,14283.1,7641.59
2252.38,14562.7,7677.69
2091.72,14845.5,7756.47
2034.82,15077,7840.94
2070.93,15107.8,7900.4
2175.74,14908,7989.93
2446.08,14610.9,8204.95
3054,14245.4,8310.63
3727.93,13974.6,8312.31
4374.79,13601,8184.73
4960.72,13072.1,8026.86
5476.13,12420.8,7856.17
5934.61,11721.4,7688.78
6293.2,11041,7550.15
6465.61,10412.3,7446.11
6502.21,9839.95,7388.86
6530.06,9260.54,7317.15
6483.38,8811.6,7255.83
6264.73,8382.7,7346.98
6010.09,7912.15,7443.27
5694.41,7491.69,7641.54
5410.33,7149.3,7933.18
5137.08,6855.96,8158.48
4863.5,6544.4,8302.76
4700.65,6171.95,8544.48
4620.84,5805.3,8810.93
4690.58,5352.38,8914.94
4748.73,4893.21,8986.76
4782.66,4486.33,9006.59
4686.5,4088.15,8934.22
4699.68,3777.97,8815.29
4833.79,3443.96,8773.52
5042.7,3038.78,8896.1
5314.58,2662.63,9124.64
5584.5,2369.64,9298.82
5740.81,2013.69,9379.11
6024.93,1650.48,9598.69
6107.22,1303.93,9839.47
6250.05,1011.2,10218.4
6446.06,762.082,10533.8
6637.13,566.113,10821.6
6888.42,428.951,11115.2
7178.35,295.501,11382.7
7446.25,104.598,11627.1
7707.64,-108.678,11897.1
7930.44,-233.919,12127.6
7964.77,-405.508,12307.4
7757.02,-614.882,12654.8
7475.79,-525.649,13029.5
7144.27,-463.635,13411.3
6767.85,-376.464,13880.7
6296.4,-335.497,14402.1
5718.01,-440.275,14891.6
5069.67,-672.887,15312.7
4426.39,-957.089,15643
3888.04,-1344.4,15792.3
3221.98,-1876.93,15930.9
2854.88,-2200.99,16071.1
2459.66,-2613.68,16324.8
1906.49,-3002.61,16391.4
1232.4,-3400.62,16486.3
578.489,-3717.26,16564.5
110.575,-3901.29,16545.8
-84.7975,-4015.52,16372.8
-115.95,-4150.2,16097.4
-236.125,-4334.81,16064.4
-143.8,-4628.65,15651.8
179.083,-4887.76,15339.6
405.454,-5146.64,15047.3
705.637,-5403.36,14858.1
867.981,-5669.36,14668.4
812.52,-5922.1,14403.8
670.801,-6215.36,14170.3
487.93,-6475.61,14092.6
131.056,-6518.27,14198.3
-367.745,-6490.15,14579.2
-1046.98,-6283.88,15201.5
-1939.21,-6006.94,15914.5
-2811.48,-5548.21,16206.6
-3594.23,-4984.95,16536.8
-4389.62,-4479.98,16755.4
-5143.09,-4057.12,16874.1
-5832,-3809.07,16924.7
-6385.21,-3789.74,16906.1
-6656.13,-3948.48,16791.6
-6732.25,-4355.68,16411.4
-6677.44,-4647.8,15719.6
-6219.9,-4474.16,15289.2
-5771.73,-4438.52,14923.8
-5394.32,-4243.67,15050.9
-5298.71,-3875.54,15590.4
-5694.14,-3057.46,16242.8
-6530.67,-1717.98,16797.6
-7664.46,-43.3973,17292.4
-8971.52,1708.21,17873.2
-10179.2,3180.65,18462.3
-11674.8,4287.64,18853.8
-12875.5,4827.29,18999.9
-13879.6,5035.85,19082.2
-14714.2,5140.21,19022.1
-15190.7,5217.2,18845.3
-15171.3,5193.26,18570.6
-14791,5072.35,18275.3
-14262.4,4839.01,17874.9
-13645.5,4426.02,17307.7
-12978,3997.16,17126.3
-12431.3,3573.9,16954.5
-12293.5,3491.53,17147.2
-12182.4,3951.43,17181
-12249.9,4827.48,17009
-12224.9,5710.26,16641.6
-12084.1,6615.1,16217.5
-11831.8,7407.97,15732.7
-11496.6,7910.92,15134.8
-11192.3,8206.81,14506
-10930.6,8339.76,13946.2
-10832.3,8402.61,13514.9
-10992.3,8543.35,13278.2
-11080.6,8582.79,13001.6
-11290,8664.62,12797.1
-11350.2,8746.95,12601.6
-11466,8800.34,12335.7
-11626.8,8865.34,12001.1
-11581.8,8900.52,11628.2
-11347.9,8824,11215.9
-11244.2,8808.17,10796.5
-11127.8,8726.93,10522.1
-10894.2,8655.67,10060.1
-10766.9,8746.35,9763.42
-10573.1,8950.18,9346.07
-10387,9099.67,8867.25
-10139.7,9269.44,8399.61
-9930.69,9440.99,7973.93
-9777.21,9537.55,7547.42
-9516.72,9608.19,7074.56
-9352.53,9698.56,6647.42
-9099.32,9749.46,6117.46
-8903.46,9646.66,5714.11
-8670.81,9629.51,5221.85
-8368.55,9621.09,4934.8
-8034.47,9691.9,4723.37
-7705.27,9757.69,4568.32
-7419.11,9811.09,4496.79
-7130.16,9942.2,4549.3
-6736.76,10187.4,4764.63
-6312.65,10508.2,5056.93
-6041.9,10942.6,5275.17
-5913.66,11337,5499.66
-5590.77,11681,5663.43
-5430.22,11967,5955.95
-5226.14,12162,6098.32
-5009.43,12375.1,6088.5
-4781.07,12630,5969.75
-4518.57,12909.5,5744.43
-4271.19,13248.3,5420.62
-3944.34,13587.7,4978.35
-3465.89,13872.5,4773.73
-2920.98,14221.9,4667.87
-2336.75,14284.2,4763.13
-1833.62,14499.3,5026.87
-1325.53,14691,5283.3
-950.273,14855.4,5503.4
-674.135,15033.9,5747.61
-357.823,15175.3,5967.73
-28.4577,15212.6,6017.01
242.909,15204.8,5935.87
607.254,15334.9,5876.62
1005.25,15452,5752.74
1214.89,15475.4,5597.26
1314.62,15411,5526.95
1390.1,15293.2,5421.56
1489.55,15284.4,5275.94
1607.35,15349.3,5192.72
1802.29,15328.4,5210.86
2162.44,15183.2,5327.74
2546.13,14980,5702.49
2857.75,14836.2,6125.58
3274.19,14389.7,6500.67
3797.59,14106.8,6735.62
4480.47,13865.4,7059.56
5268.22,13589.9,7309.86
6009.78,13279.3,7477.22
6614.09,12940.1,7681.37
7040.72,12559.8,7924.58
7242.23,12113.4,8108.07
7252.23,11578.6,8338.89
7336.98,11033.4,8503.54
7437.28,10530.1,8532.86
7505.46,10049.5,8576.04
7675.44,9616.19,8638.02
7878.5,9202.45,8670.56
8088.6,8754.99,8704.88
8319.02,8264.87,8896.45
8563.83,7765.68,9286.55
8745.87,7275.66,9699.6
8735.87,6777.85,10051.5
8646.32,6357.67,10442.8
8665.4,5935.4,10822.9
8554.79,5524.21,11173.3
8389.25,5151.31,11490.1
8250.98,4825.34,11830.6
8139.09,4527.32,12128.6
8013.43,4225.43,12297
7863.24,3908.46,12379.7
7727.55,3612.11,12510
7640.07,3396.8,12691
7525.82,3224.7,12931.6
7358.25,3070.78,13137.3
7122.69,2931.31,13296.3
6808.88,2817.37,13513.7
6480.07,2755.53,13704.7
6139.82,2712.71,13894.4
5785.54,2640.56,14154.9
5460.35,2565.9,14474.9
5231.58,2570.3,14758.1
5110.14,2621.18,14951.9
4979.55,2537.47,15027.4
4850.92,2398.92,15062
4585.62,2074.88,15083.8
4261.93,1674.99,15131.4
3942.21,1351.64,15123.5
3552.15,1131.59,15109.8
3122.21,971.382,15135.7
2751.71,803.806,15174.8
2473.15,569.137,15159.8
2319.47,267.934,15037.8
2329.46,-68.56,14988.9
2373.63,-599.954,15045.8
2228.77,-1095.86,15316.9
1706.29,-1568,15783
817.933,-1911.32,16318.6
-298.539,-2077.68,16717.6
-1534.72,-2052.96,16977
-2740.99,-1918.7,17168.8
-3724.43,-1860.78,17284.6
-4483.69,-1993.53,17419.7
-4995.87,-2296.93,17590.3
-5447.65,-2784.61,17528.9
-5762.77,-3283.96,17234
-6029.38,-3581.68,16865.6
-6206.73,-3786.56,16427.4
-6316.12,-3942.39,15985.4
-6398.9,-4023.43,15608.1
-6581.02,-4057.01,15385
-7047.89,-4107.77,15392.1
-7819.95,-4103.19,15519
-8927.82,-3979.37,15666.8
-10047.2,-3679.26,15778.4
-10839.8,-3377.04,15972
-11528.5,-3107.83,16321.2
-12385.3,-2967.03,16782.4
-13446.2,-3005.76,17307.1
-14744.4,-3084.51,17775.7
-16152.1,-2962.28,18087.4
-17338.7,-2542.76,18209.7
-18222.9,-1962.83,18040.1
-18620.1,-1091.22,17544.4
-18349.9,-109.979,16772.6
-18014,550.176,15897.6
-17730.4,921.808,15102.2
-17590.2,1006.79,14347.3
-17453.5,1134.11,13708.5
-17277.6,1335.16,13253.4
-17165.1,1490.12,12912.1
-17161.6,1666.05,12637.9
-17176.5,1811.92,12642.5
-17232.7,1798.35,12612.5
-17545.7,1905.68,12551
-17780.9,2020.49,12415.5
-17927.1,2226.44,12244.3
-18061.8,2502.99,11990.1
-18078.9,2842.43,11668.8
-17918.5,3126.14,11340.4
-17635.9,3371.92,11016.3
-17264.3,3738.1,10647.3
-16734.9,4018.11,10240.2
-16129.2,4284,9871.3
-15746.1,4655.7,9294.46
-15251.1,4862.41,8927.3
-14763.7,5015.89,8567.34
-14386,5159.25,8206.79
-14072.7,5342.02,7810.46
-13818.4,5502.34,7437.88
-13601.1,5662.32,7191.6
-13380.8,5946.06,7069.44
-13301.5,6168.58,6965.96
-13085.3,6217.15,6808.87
-12796.6,6456.76,6667.56
-12724.9,6610.63,6424.47
-12539.6,6661.02,6204.56
-12313,6761.93,6099.04
-12029.5,6910.34,5932.21
-11767.8,7085.62,5713.88
-11524.6,7266.66,5543.52
-11177,7415.23,5358.41
-10910.3,7599.97,5131.73
-10561.8,7927.36,4930.31
-10202.5,8105.93,4751.46
-9780.87,8381.82,4599.27
-9480.22,8716.7,4512.67
-9147.14,9047.34,4485.16
-8839.37,9375.41,4600.31
-8573.96,9770.26,4661.87
-8266.26,10212.9,4613.7
-7910.8,10611.1,4745.29
-7611.72,11056,4952.95
-7121.35,11468.2,5173.68
-6678.95,11948.3,5218.87
-6179.59,12452,5369.63
-5683.39,13022.3,5345.45
-5268.59,13521.2,5265.47
-4965.48,13935.8,5253.71
-4769.5,14366.2,5183.32
-4563.97,14791.3,5031.77
-4280.6,15096.2,5052.07
-4196.89,15430.1,5251.07
-3915.77,15739.1,5502.32
-3651.28,15966,5756.25
-3469.93,16136.3,6064.32
-3266.15,16286.5,6353.37
-3039.25,16579.5,6575.47
-2763.16,16886.5,6666.03
-2410.9,17146.6,6706.02
-2030.8,17426.5,6766.31
-1661.87,17714,6779.61
-1157.25,17881.4,6731.41
-657.028,17966.8,6485.16
-15.3758,18157.2,6285.42
405.252,18114.8,6037.54
904.948,18121.9,6077.42
1313.31,18102,6085.83
1657.77,17938.3,6050
1955.72,17747.2,6036.71
2215.89,17556.2,6085.19
2482.8,17189.5,6213.04
2653.8,16785.8,6265.4
2841.24,16257.3,6128.34
3155.48,15739.9,6101.59
3462.61,15276.1,6145.36
3668.95,14773.6,6208.17
3888.64,14295.9,6311.38
4090.07,13848.2,6436.12
4285.66,13378.1,6570.36
4471.29,12813.2,6732.32
4551.5,12194.3,6938.06
4564.49,11765.9,7156.04
4648.4,11278.9,7289.64
4639.27,10735,7324.21
4738.95,10319.5,7452.06
4916.24,9896.14,7513.01
5060.97,9400.76,7439.97
5342.73,8894.46,7387
5763.24,8357.12,7398.94
6134.54,7796.52,7469.19
6384.07,7318.68,7627.14
6606.71,6874.44,7724.85
6651.81,6463.99,7853.9
6426.65,6264.12,8075.44
6119.86,6082.58,8293
5812.08,5989.31,8512.79
5397.33,5890.69,8867.76
5062.14,5771.61,9235.88
4893.75,5641.64,9559.22
4837.77,5463.45,9865.21
4929.9,5187.83,10134.4
5259.88,4850.78,10379.9
5489.3,4502.9,10602.4
5686.71,4234.48,10944.6
5873.03,3910.9,11089.4
5985.75,3669.39,11114.6
6103.59,3513.52,11193.9
6103.93,3376.51,11328.2
5925.25,3246.32,11436.9
5622.9,3166.46,11505.2
5257.96,3167.39,11592.7
4883.2,3248.35,11720.5
4489.39,3418.2,11957.8
4029.23,3599.81,11923.4
3685.53,3811.2,11951.6
3358.52,3891.72,12019
3006.7,3890.39,12120.3
2580.07,3893.45,12222.6
2114.72,3921.85,12321.9
1658.6,3931,12397.9
1196.47,3903.17,12394.9
752.091,3922.55,12341.9
368.622,3963.11,12337.1
-37.5211,4049.46,12335.3
-335.931,4067.91,12318.7
-606.599,3905.66,12286.9
-836.037,3750.47,12179.6
-982.291,3618.48,11983.7
-1086.93,3454.91,11761.1
-1235.17,3253.3,11620
-1466.65,3017.61,11610.2
-1768.37,2681.18,11614.7
-2037.22,2296.01,11547.1
-2418.86,1862.18,11470.7
-2742.7,1388.03,11479.8
-2931.16,885.895,11521.8
-2998.3,318.41,11606.2
-3031.71,-369.85,11718.7
-3071.89,-1142.76,11811.9
-3087.44,-1913.13,11896.5
-3075.94,-2667.37,12039.4
-3159.6,-3482.21,12207.2
-3391.79,-4283.66,12388.4
-3666.97,-4806.94,12583
-3992.28,-5130.56,12699.2
-4288.78,-5328.03,12780
-4763.07,-5374.78,12978.7
-5622.91,-5286.93,13345.9
-6899.49,-5092.86,13843.3
-8487,-4799.33,14380.4
-10256,-4400.44,14872.7
-12054.9,-3916.67,15320.2
-13584.7,-3440.65,15727.1
-14484.8,-3125.43,16128.8
-14919.4,-2833.49,16443.2
-14960.9,-2598.61,16497.6
-14658.5,-2650.17,16364.4
-14033.7,-2883.83,16090.1
-13111.2,-3109.59,15630.9
-12000.3,-3300.43,15007.9
-10864.9,-3514.98,14386.5
-9755.78,-3640.36,13899.1
-8730.68,-3595.04,13549.6
-7892.97,-3574.57,13183.5
-7141.56,-3486.46,12697.8
-6488.52,-3195.52,12383.2
-5909.51,-2909.75,12278.3
-5384.08,-2533.67,12291.5
-4978.42,-2046.28,12291
-4839.56,-1555.24,12281.6
-5024.68,-1009.65,12402.4
-5308.53,-145.742,12633.8
-5496.92,908.596,12786.8
-5583.44,2126.16,12791.9
-5633.9,3214.13,12761.9
-5674.99,4011.54,12557.4
-5795.02,4546.48,12179.5
-6010.56,4940.34,11723.3
-6259.29,5178.87,11301.3
-6458.35,5224.04,10918.2
-6573.52,5163.47,10475.8
-6640.37,5057.73,9974.4
-6662.36,4850.15,9567.13
-6593.5,4703.99,9373.6
-6747.34,4615.76,9309.8
-6885.3,4552.64,9453.19
-7042.11,4516.85,9691.66
-7292.13,4495.45,10036.3
-7721.32,4507.8,10471.2
-8293.48,4589.49,10922.3
-8817.44,4752.32,11341.3
-9189.67,5004.01,11699.1
-9504.24,5396.52,11879.7
-9804.08,5810.93,11940.2
-9972.74,6160.07,11826.7
-9999.06,6472.29,11596
-9914.09,6740.11,11349.7
-9715.23,6920.22,11011.2
-9395.95,7024.52,10521.3
-9011.56,7105.39,9993.78
-8662.02,7176.83,9565.79
-8396.14,7221.11,9126.88
-8336.38,7406.75,8808.04
-8257.62,7706.02,8485.21
-8014.04,7931.48,8112.66
-7742.23,8189.21,7876.8
-7442.77,8336.68,7707.73
-7155.87,8456,7545.08
-6917.12,8568.18,7428.26
-6712.15,8597.7,7379.38
-6525.41,8536.91,7372.97
-6429.42,8454.1,7485.25
-6484.68,8439.89,7588.08
-6600.38,8632.17,7657.71
-6730.16,8619.7,7838.8
-6871.87,8539.72,7907.99
-6992.84,8469.8,7993.03
-7178.08,8457.38,8092.67
-7344.79,8476.35,8197.94
-7351.96,8499.74,8275.65
-7269.93,8549.37,8248.59
-7279.08,8610.12,8181.03
-7140.23,8677.91,8153.12
-7156.19,8858.75,8009.87
-7108.27,9008.32,7956.41
-7165.5,9145.13,7910.89
-7185.83,9313.6,7892.5
-7075.92,9549.41,7829.5
-6902.75,9807.01,7821.08
-6702,10074.5,7860.24
-6435.43,10391,7762.44
-6252.84,10633.8,7739.07
-6114.1,10763.2,7705.11
-5797.65,10966.9,7571.24
-5655.12,11121,7472.97
-5438.09,11297.5,7345.92
-5175.28,11506.7,7238.58
-4950.28,11676.3,7095.29
-4716.87,11797.8,6918.75
-4381.33,11893.7,6749.55
-3997.48,11976,6553.22
-3723.39,12127.2,6295.58
-3176.86,12248.2,6215.83
-2848.33,12329.2,6071.33
-2499.21,12371.8,6170.33
-2075.72,12331.8,6426.9
-1762.7,12362.3,6683.38
-1556.74,12424.1,6921.48
-1349.26,12509.5,7046.53
-1151.74,12642.1,7084.79
-1102.63,12778.7,7196.02
-1182.84,12917.3,7174.62
-1136.73,13122.3,7094.6
-1243.99,13191.9,7020.69
-1378.48,13242.4,7078.07
-1467.53,13217.7,7056.31
-1382.75,13185,7064.89
-1163.38,13113.6,7053.26
-949.473,12946.6,7057.33
-689.354,12703.2,7131.88
-242.421,12459.6,7218.63
108.731,12245.4,7336.81
493.76,12178,7464.07
840.174,11937.5,7706.02
1176.22,11794.4,7910.9
1413.24,11633.1,7876.74
1645.46,11444.4,7928.44
1840.74,11326.8,7958.52
2005.73,11167.5,7858.22
2225.02,10900.8,7717.29
2491.48,10734.6,7602.63
2618.78,10716.2,7421.91
2757.47,10468.8,7337.48
3014.9,10340,7229.69
3090.55,10121.4,7232.84
3282.97,9934.19,7213.27
3507.13,9778.19,7288.01
3759.88,9610.42,7394.31
3919.96,9431.79,7458.48
4033.4,9255.54,7505.54
4307.13,9078.53,7624.53
4427.15,8942.79,7859.45
4534.41,8862.81,7833
4794.48,8643.97,7950.05
4929.58,8334.82,8090.08
4995.47,8134.96,8195.83
4956.62,8062.39,8364.13
4973,7891.78,8528.86
5021.07,7626.13,8671
5006.76,7414.81,8780.35
5008.51,7216.45,8807.76
5078.31,6876.38,8842.19
5129.4,6645.58,8724.03
5256.11,6503.31,8685.36
5419.78,6352.79,8620.66
5544.03,6139.12,8590.49
5631.7,5860.31,8507.74
5722.91,5562.42,8449.2
5780.25,5270.12,8456.55
5766.86,4970.51,8500.48
5716.34,4682.49,8544.81
5636.15,4486.32,8521.05
5637.9,4156.81,8508.83
5622.28,4023.98,8439.42
5599.68,3859.36,8323.33
5740.12,3666.9,8335.2
5712.21,3481.16,8367.23
5634.51,3305.15,8358.13
5535.38,3057.31,8339.51
5403.55,2757.45,8354.05
5389.26,2511.23,8419.9
5420.09,2187.38,8551.36
5428.8,2019.44,8497.11
5413.32,1970.07,8581.38
5488,1964.82,8671
5506.35,1910.56,8823.71
5434.14,1848.73,8951.37
5307.37,1831.18,9089.7
5146.64,1842.12,9268.91
4929.91,1899.31,9451.79
4613.93,2053.92,9594.29
4181.24,2192.38,9702.58
3774.63,2325.32,9809.42
3342.8,2356.05,9905.87
2939.35,2470.35,10038.1
2569.76,2488.39,10070.4
2209.06,2501.59,10113
1798.11,2577.13,10214.4
1444.18,2634.57,10325.7
1208.47,2598.22,10420.3
984.063,2546.54,10541.1
824.815,2587.14,10687.4
678.618,2583.05,10847.1
260.454,2514.81,10970
-210.126,2528.41,11094.9
-748.981,2577.53,11173.3
-1324.5,2592.32,11180
-1824.32,2607.86,11168.7
-2228.01,2647.74,11177.1
-2555.79,2671.84,11168.1
-2770.62,2623.64,11111.5
-2878.57,2503.26,11107.5
-2999.92,2449.25,11121.7
-2969.38,2415.32,10885.2
-2911.47,2311.18,10673.9
-2895.66,2232.17,10523.3
-2851.69,2150.68,10429.6
-2819.45,2062.79,10344.5
-2815.11,1971.95,10262.9
-2832.78,1878.7,10246.5
-2924.98,1791,10347.2
-3158.81,1719.91,10511.6
-3527.55,1678.17,10651
-4060.71,1746.81,10688.6
-4486.77,1851.14,10702.8
-4704.84,2004.22,10698.2
-4783.46,2136.54,10653.2
-4793.69,2186.01,10559.4
-4789.09,2146.44,10459.1
-4786.33,2034.27,10370.5
-4756.31,1870.06,10241
-4655.08,1705.3,10050.4
-4404.41,1457.64,9901.82
-4074.24,1353.2,9732.46
-3850.31,1291.38,9444.94
-3704.35,1183.29,9215.85
-3583.74,1106.34,9105.94
-3529.29,1059.5,9122.27
-3581.97,972.518,9223.05
-3748.87,844.299,9361.06
-4016.73,767.594,9530.54
-4329.82,748.532,9738.36
-4587.94,648.396,9865.85
-4713.53,572.175,9992
-4759.86,566.017,10019
-4762.7,504.773,9966.22
-4676.78,453.891,9951.17
-4519.5,534.045,9922.2
-4309.06,625.013,9797.67
-4032.75,634.518,9630.48
-3730.46,718.611,9519.03
-3556.77,908.553,9349.02
-3391.39,1075.17,9076.52
-3123.47,1151.65,8855.53
-2836.75,1234.86,8624.55
-2480.64,1425.56,8245.91
-2185.65,1604.05,7886.09
-1960.93,1704.44,7733.61
-1814.11,1801.5,7733.36
-1789.06,1963.37,7777.5
-1880.35,2130.49,7920.17
-2001.97,2228.22,8192.97
-2161.12,2307.32,8489.92
-2467.04,2456.79,8785.42
-2756.44,2607.97,9119.69
-2990.46,2822.64,9522.27
-3354.01,3072.98,9907.58
-3835.55,3364.84,10263.5
-4268.21,3649.04,10567.2
-4573.74,3878.32,10783.1
-4800.23,4102.4,10900.4
-4875.42,4392.79,10909.1
-4809.94,4652.51,10884.1
-4726.08,4850.55,10756.6
-4578.17,5027.88,10625.6
-4443.94,5057.84,10501.9
-4281.03,5126.38,10367
-4171.7,5314.76,10145
-4058.79,5535.2,9843.33
-3857.9,5709.83,9568.7
-3655.35,5882.89,9417.01
-3547.92,6077.96,9376.46
-3546.55,6157.06,9387.83
-3513.7,6208.14,9440.17
-3656.71,6197.39,9720.8
-3892.18,6247.3,10009.4
-4166.6,6327.52,10255.4
-4407.27,6397.71,10457.2
-4597.4,6433.16,10609.7
-4731.88,6423.48,10745.4
-4812.63,6389.72,10903
-4935.76,6379.26,11003.2
-4906.46,6270.92,11085.6
-4905,6282.92,11087.1
-4902.5,6295.15,10990.9
-4806.64,6206.76,10880.5
-4657.38,6075.53,10765.2
-4469.34,5950.68,10660.6
-4262.92,5867.74,10541.1
-4042.3,5803.63,10404.6
-3816.45,5683.83,10295.3
-3675,5515.27,10173.1
-3425.11,5387.71,9993.05
-3256.55,5313.32,9912.85
-3173.7,5213.07,9804.84
-2886.46,5129.87,9704.27
-2651.32,5027.12,9700.95
-2524.06,4876.3,9618.58
-2420.66,4755.88,9535.35
-2319.29,4717.58,9519.35
-2261.53,4682.74,9425.18
-2188.77,4597.95,9452.03
-2078.53,4502.64,9398.28
-1873.19,4506.73,9371.85
-1788.99,4467.17,9310.7
-1681.97,4381.47,9224.37
-1576.03,4269.72,9237.56
-1470.27,4229.09,9235.67
-1336.95,4191.44,9188.37
-1185.37,4106.18,9143.92
-1071.95,4060.13,9092.38
-1007.02,3970.44,9075.43
-843.924,3947.13,9074.02
-740.139,3926.36,9015.73
-623.039,3883.95,8965.39
-508.416,3806.28,8843.96
-471.962,3753.55,8882.72
-323.211,3641.33,8889.76
-142.176,3517.25,8860.47
-45.5986,3474.48,8878.73
85.705,3459.91,8858.67
152.882,3411.87,8907.52
189.389,3400.3,8951.63
322.202,3367.1,8917.24
412.65,3336.26,8791.04
415.202,3283.39,8845.4
462.893,3242.6,8843.53
542.849,3288.33,8795.84
613.521,3358.93,8784.35
577.42,3385.25,8794.94
412.045,3414.45,8775.64
468.204,3430.57,8766.89
469.264,3366.99,8928.5
529.284,3362.03,8793
551.553,3357.63,8784.96
649.823,3419.97,8820.12
780.391,3381.15,8814.22
964.626,3320.19,8785.06
1135.09,3282.37,8816.85
1175.33,3247.74,8899.64
1153.23,3224.35,8935.51
1357.87,3154.06,8977.59
1540.51,3077.92,9038.13
1509.35,3045.64,8976.96
1553.31,2894.33,8911.01
1631.05,2979.3,8956.66
1737.58,3035.24,8974.38
1739.02,3012.54,8933.26
1677.44,2981.38,8927.99
1679.08,2948.42,8933.21
1714.07,2904.98,8836.56
1696.38,2950.79,8817.59
1778.2,2914.22,8736.65
1894.51,3032.37,8801.84
1929.14,2964.99,8712.48
2004.8,2947.13,8673.61
2059.4,2972.4,8691.77
2053.24,3033,8684.86
1960.37,3079.13,8704.21
1897.54,3118.67,8747.03
1963.21,3186.77,8702.41
1832.71,3118.54,8724.05
1882.45,3158.52,8759.21
1871.99,3153.49,8771.28
1782.45,3180.58,8788.72
1735.72,3144.04,8743.48
1743.54,3154.15,8762.49
1735.59,3177.24,8764.45
1704.26,3218.41,8732.54
1666.35,3277.73,8770.79
1588.63,3282.98,8879.65
1483.45,3284.38,8848.97
1553.1,3400.73,8763.56
1567.89,3346.04,8684.42
1574.41,3417.29,8752.27
1460.84,3363.49,8739.82
1384.74,3366.02,8723.73
1401.75,3414.4,8703.56
1394.7,3415.77,8701.52
1305.98,3409.98,8710.11
1258.39,3475.87,8675.9
1292.76,3446.87,8701.83
1155.1,3405.44,8816.33
1068.03,3423.71,8846.16
1100.5,3421.93,8854.22
1077.43,3530.68,8905.31
1052.73,3525.4,8917.93
1039.56,3498.41,8898.1
1086.81,3497.71,8917.01
1163.83,3466.95,8958.1
1147.16,3432.21,8943.89
1118.05,3462.04,8965.03
1175.97,3476.6,8975.28
1178.72,3555.25,8993.36
1153.54,3481.15,8956.5
1187.21,3495.2,8913.31
1211.53,3484.96,8894
1208.32,3448.74,8882.04
1214.63,3435.84,8864.88
1213.03,3449.45,8853.89
1164.57,3466.74,8858.93
1177.16,3504.41,8873.9
1102.29,3536.07,8975.38
1098.75,3484.64,8946.49
1123.16,3517.12,8987.95
1092.98,3547.55,8984.71
1070.71,3533.34,8953.5
1058.3,3503.43,8919.98
1067.87,3480.2,8911.23
1105.14,3472.23,8934.14
1123.98,3486.37,8937.03
1095.54,3496.48,8844.35
1081.41,3512.62,8812.85
1052.69,3512.51,8917.04
1055.68,3530.98,8955.83
1016.83,3538.98,8950.58
1007.71,3515.01,8913.32
1017.27,3470.08,8872.66
1026.62,3466.57,8836.52
1020.57,3516.5,8807.5
988.674,3543.67,8811.81
991.368,3528.59,8870.03
992.698,3524.38,8930.49
1011.03,3524.83,8915.03
980.189,3485.2,8870.8
1010.99,3441.66,8870.65
1058.26,3417.36,8912.69
1096.5,3394.95,8958.69
1092.84,3374.91,8951.18
1045.57,3381.41,8875.79
1009.8,3416.67,8801.78
1008.58,3435.91,8818.76
1028.14,3416.44,8890.85
1103.75,3390.85,8885.32
1076.65,3366.45,8837
1028.67,3375.69,8831.27
1000.69,3396.62,8814.38
992.412,3402.44,8779.38
986.699,3385.51,8769.08
982.074,3365.64,8809.61
992.864,3372.72,8866.17
1003.32,3401.78,8876.58
941.14,3373.44,8868.19
921.946,3442.93,8909.55
912.781,3472.42,8951.71
894.169,3458.82,8942.85
895.844,3461.73,8950.14
865.043,3476.75,8990.36
832.531,3482.64,9015.08
855.167,3464.63,9009.3
901.411,3418.26,9025.4
938.061,3379.99,9070.73
972.481,3411.52,9097.1
981.145,3438.42,9077.58
987.68,3358.68,9023.64
930.379,3332.52,9025.19
921.817,3331.15,9049.22
950.065,3352.79,9086.72
967.913,3398.69,9139.52
960.547,3440,9170.71
942.834,3449.7,9147.35
957.679,3459.15,9144.57
1026.98,3527.03,9156.5
977.902,3555.67,9194.98
940.001,3567.27,9209.33
1000.97,3620.06,9222.88
1011.61,3633.29,9268.81
988.891,3623.69,9307.6
984.016,3632.77,9307.2
987.499,3655.54,9294.27
985.415,3661.31,9296.64
1017.7,3644.34,9258.58
1019.43,3557.1,9224.2
1006.95,3601.79,9217.09
965.828,3614.6,9280.63
884.467,3557.27,9280.35
829.959,3601.86,9294.95
804.495,3664.71,9339.28
816.715,3661.62,9344.26
845.309,3598.9,9311.37
842.572,3514.87,9335.43
870.277,3497.07,9392.54
879.052,3521.49,9422.32
818.781,3522.36,9365.39
857.151,3551.99,9328.74
919.821,3506.02,9295.67
975.64,3497.44,9304.45
986.264,3550.99,9288.4
990.964,3572.16,9268.34
987.67,3535.29,9294.78
913.452,3539.45,9317.83
887.922,3582.22,9291.46
961.478,3599.59,9296.11
969.216,3572.23,9299.92
941.301,3540.21,9239.77
917.151,3631.82,9316.3
887.55,3657.46,9336.01
908.901,3578.89,9276.05
913.643,3503.27,9273.19
846.53,3496.73,9327.41
792.249,3505.93,9300.77
758.558,3492.54,9310.75
740.63,3525.77,9365.48
811.808,3463.27,9365.51
795.977,3528.27,9350.12
843.689,3567.73,9327.48
810.109,3508.28,9341.02
860.95,3467.09,9337.73
949.924,3514.11,9327.86
939.946,3577.69,9342.95
929.769,3560.04,9325.21
984.285,3497.6,9221.33
950.448,3566.08,9209.48
929.023,3598.73,9212.55
959.734,3595.44,9251.15
909.62,3608.87,9309.57
922.277,3589.11,9376.24
946.815,3577.24,9341.72
935.264,3585.96,9304.08
920.009,3599.44,9390.66
926.38,3619.36,9472.46
846.624,3254.9,8437.23
