860.598,-7703.43,5575.52
964.167,-7523.17,5509.8
1051.91,-7305.59,5416.51
1084.42,-7190.13,5321.99
1180.61,-7134.63,5212.52
1269.92,-7036.19,5080.01
1338.69,-6921.82,4907.17
1408.66,-6802.29,4706.43
1429.63,-6596.42,4532.4
1426.25,-6402.69,4396.42
1510.44,-6320.47,4224.75
1483.06,-6246.52,4152.18
1525.26,-6150.3,4026.15
1422.58,-5991.8,3865.72
1338.52,-5820.49,3729.06
1221.89,-5669.14,3547.45
1080.74,-5563.48,3337.26
962.915,-5463.12,3176.11
866.67,-5294.37,3040.79
914.47,-5111.86,2827.47
957.767,-4832.3,2608.64
1011.13,-4619.71,2243.42
1083.64,-4458.69,1941.56
1266.92,-4415.72,1710.99
1537.79,-4325.14,1393.48
1862.82,-4202.23,1014.22
2175.1,-4103.49,610.749
2509.53,-4051.43,254.764
2952.58,-4030.25,-14.6057
3328.86,-3953.41,-435.367
3711.93,-3901.41,-653.818
3889.89,-3883.35,-859.641
4090.08,-3904.14,-1050.85
4348.35,-3925.8,-1418.84
4635.13,-3896.71,-1678.72
4990.86,-3888.01,-1803.93
5286.68,-3902,-1979.6
5499.55,-3872.75,-2255.46
5770.74,-3846.28,-2473.29
5866.75,-4002.07,-2618.73
5983.7,-4060.46,-2803.3
5836.49,-4061.17,-2942.31
5877.55,-3991.68,-3092.59
5851.92,-3975.82,-3097.32
5773.08,-3834.53,-3145.28
5670.91,-3764.07,-3233.76
5561.65,-3737.41,-3281.99
5444.62,-3625.94,-3293.86
5315.47,-3513.36,-3280.42
5196.47,-3376.84,-3121.41
5021.05,-3241.88,-3171.23
4771.55,-3205.74,-3430.95
4617.32,-3118.96,-3365.06
4549.94,-3044.09,-3331.13
4541.82,-2982.74,-3332.5
4451.03,-3048.15,-3296.96
4295.85,-3189.92,-3222.81
4139.39,-3317.32,-3147.29
3961.27,-3427.82,-3080.8
3846.62,-3404.78,-3029.31
3592.86,-3504.13,-2996.59
3461.87,-3387.94,-2821.07
3252.2,-3428.45,-2897.92
3099.73,-3228.32,-2692.83
3043.93,-3105.9,-2535.84
3031.82,-3099.49,-2504.02
2994.28,-3027.61,-2474.64
2918.72,-2872.79,-2443.32
2784.68,-2792.55,-2518.11
2478.2,-2695.54,-2612.61
2356.75,-2553.97,-2768.84
2230.65,-2414.98,-2574.97
2091.13,-2432.65,-2450.16
2009.69,-2396.49,-2395.39
1770.85,-2407.04,-2240.24
1448.86,-2405.69,-2091.8
1168.39,-2328.58,-1895.58
917.472,-2245.86,-1545.08
610.279,-2199.28,-1149.43
245.793,-1995.04,-793.913
-23.8809,-1942.5,-405.112
-203.76,-1975.24,-79.5358
-514.669,-1875.98,388.601
-855.741,-1900.89,765.601
-972.847,-1892.39,1038.83
-1052.88,-1792.35,1335.46
-1136.68,-1631.09,1630.87
-1144.43,-1460.52,1856.48
-1171.15,-1311.16,2073.59
-1280.39,-1127.95,2319.89
-1301.47,-779.168,2558.23
-1406.96,-553.343,2803.71
-1590.11,-221.729,2841.89
-1737.17,-29.9587,3092.54
-1860.07,165.244,3283.2
-2109.84,342.16,3350.04
-2418.31,577.077,3409.67
-2688.24,925.388,3810.95
-3027.25,1246.16,4682.59
-3476.34,1486.18,5147.62
-4018.98,1796.4,5478.18
-4162.31,1878.41,5720.15
-4358.53,1992.62,6562.7
-4564.76,1943.7,7141.49
-4856.97,1913.54,7522.23
-5160.86,1894.54,7798.47
-5319.56,2023.81,8073.7
-5410.29,2236.74,8427.88
-5676.37,2163.3,8876.85
-5994.71,2011.7,9428.25
-6453.48,2320.84,9618.84
-6800.56,2217.03,10488.2
-7356.04,2588.77,10711.6
-7981.71,2966.05,11001.5
-8481.54,3139.76,11211.6
-8815.76,3230.78,11424.7
-9093.45,3337.94,11659
-9316.94,3497.56,11807.7
-9400.66,3705.37,11861
-9546.49,3754.86,11919.2
-9628.35,3634.05,11988
-9619.83,3446.39,12138.9
-9794.07,3310.53,12400
-9768.67,3147.82,12630.8
-9772.62,3038.62,12775.2
-9802.85,3073.9,12818.8
-9745.9,3204.25,12803.2
-9626.09,3380.41,12817.9
-9591.87,3613.78,12910
-9673.24,3778.68,12970.8
-9735.35,4031.15,12895.2
-10033.1,4402.42,12911
-10216.9,4743.25,12822.1
-10354.1,5099.73,12746.1
-10337.6,5327.18,12660.7
-10290.9,5581.51,12615.8
-10214,5845.8,12576.1
-10065.3,6058.62,12499.5
-9924.8,6285.1,12467.8
-9772.29,6357.47,12552.8
-9745.37,6508.7,12623.2
-9728.79,6618.99,12623.9
-9662.15,6731.9,12664.6
-9636.64,6893.63,12844.3
-9587.8,7095.36,12962.1
-9550.6,7293.95,12979.8
-9508.23,7473.25,12928.9
-9377.37,7623.28,12857.6
-9181.97,7756.74,12804.5
-9111.86,7974.32,12692.5
-8940.88,8132.25,12464.6
-8767.59,8269.6,12220
-8491.6,8510.05,12035
-8148.52,8742.68,11865.5
-7944.73,8969.36,11733.4
-7841.64,9138.31,11558.7
-7706.41,9274.08,11368.5
-7542.31,9417.26,11222.5
-7461.6,9524.57,11088.8
-7419.87,9574.8,10990.7
-7295.77,9677.85,11019.6
-7240.04,9889.24,11058.4
-7232.12,10053.4,11013.1
-7237.87,10131.2,11036.3
-7170.32,10200.5,11085.2
-7039.5,10248,11054.1
-6879.65,10268.9,10921.4
-6719.58,10295.3,10716.6
-6579.82,10342.7,10461.4
-6426.7,10388,10232.2
-6188.32,10393.2,10132.2
-5969.94,10468.1,9997.76
-5840,10602.4,9843.49
-5658.36,10728,9765.99
-5359.16,10866.2,9770.89
-5102.69,10980.4,9782.75
-4933.65,11034.8,9781.16
-4821.57,11095.5,9762.57
-4819.69,11260.3,9675.99
-4904.18,11456.9,9514.26
-4847.36,11699.9,9360.31
-4726.65,12007.3,9189.33
-4711.19,12281.6,8936.94
-4671.88,12594.9,8701.96
-4554.57,12904.1,8537.27
-4419.33,13180,8436.01
-4314.4,13459.3,8433.19
-4250.65,13739.1,8592.74
-4256.4,13921.4,8921.01
-4381.26,13964.8,9345.87
-4582.07,14021.2,9826.23
-4837.27,14104.9,10330.3
-5126.58,14094.4,10988.9
-5374.12,14083.7,11801.8
-5701.21,14065.5,12498.1
-6096,13991.9,13083.3
-6485.92,13891,13760.9
-6838.79,13815.7,14662.1
-7148.54,13726.2,15640.9
-7366.52,13517.1,16323.9
-7519.07,13286.4,16634.4
-7581.8,13117.6,16795.3
-7316.25,12970.4,16816
-6753.07,12877.3,16650.4
-6032.05,12829.5,16501.6
-5255.32,12820.1,16467.1
-4496.02,12889.8,16540.2
-3852.59,13011.4,16796.2
-3464.08,13078.8,17342.5
-3434.15,13139.3,17988.6
-3651.81,13340.4,18595.4
-4118.52,13644.5,19141.2
-4629.3,13791,19655
-5256.69,13951.1,20149.2
-5836.13,14103.8,20623.4
-6288.24,14118.6,21055.1
-6559.03,14042.8,21414.2
-6702.9,14011.3,21653.6
-6826.06,14008.4,21727.7
-6774.53,13936.4,21639.1
-6591.43,14100.1,21295.4
-6135.36,14334.9,21005.7
-5686.21,14569.2,20725.5
-5192.65,14856.5,20473.1
-4861.94,15086.9,20368.4
-4724.88,15320.6,20213
-4736,15575.7,19979.9
-4752.28,15835,19742.1
-4618.88,16171,19428.2
-4487.08,16652,19063.9
-4395.98,17085.2,18840.4
-4676.02,17417.8,18435.6
-5050.78,17764,18668.2
-5399.97,18041.7,19144
-5846.56,18268.9,19399.8
-6479.17,18410.1,19543.7
-7219.27,18494.6,19722.8
-7901.61,18615.5,19897.4
-8470.02,18818.1,20009.5
-9035.02,19054.3,20067.5
-9395.49,19302.9,19955.9
-9697.03,19671.6,19805.9
-9725.04,19968,19627.4
-9803.93,20255.8,19386.9
-9786.2,20654,18936
-9663.46,21005.2,18374.8
-9561.02,21319.9,17919.4
-9513.92,21621.3,17563
-9474.61,21775.7,17127.7
-9566.85,21900.3,16734.7
-9677.95,22004.8,16276.1
-9855.9,22126.4,16030.3
-9907.46,22241.8,15736.8
-10049.2,22277,15409.7
-10127.3,22343,15189.8
-10250.1,22168.7,14957.4
-10417.1,22236.4,14638.3
-10512.9,22541.2,14245.8
-10520.4,22299.1,13794.3
-10459.6,22453.6,13396.1
-10359.9,22490.1,13104.8
-10259.8,22483.3,12552.3
-10118.5,22194,12126.9
-10102.3,21909.3,11595.3
-10111.6,21534.1,10995.4
-10130.8,21097,10436.7
-10170.9,20768,9937.53
-10209.9,20488.3,9494.26
-10225.2,20003.8,9130.03
-10261.2,19495.9,8760.7
-10481.5,19105.8,8343.88
-10507,18826.6,7948.1
-10411.7,18538.4,7710.78
-10379.8,18302.9,7462.08
-10229.6,18110.1,7252.79
-10020.3,17871.3,7122.83
-9850.26,17583.2,7102.12
-9707.63,17292.9,7119.12
-9529.44,17011.1,7059.39
-9317.02,16747.2,7033.54
-9232.75,16389,6981.94
-9146.12,16536.7,6805.26
-9036.56,16506.6,6662.16
-8966.5,16264,6486.49
-8784.62,16116.5,6311.17
-8662.11,15911.1,6105.38
-8551.25,15706.9,5857.36
-8320.82,15630,5529.74
-8061.57,15537.7,5119.72
-7784.91,15439.1,4834.71
-7459.1,15321.7,4345.72
-7017.43,15294.1,3686.5
-6664.23,15237.7,3329.28
-6388.69,15178.4,2965.28
-6169.77,14995.1,2597.62
-5955.63,14761.2,2309.2
-5656.45,14511.7,2038.69
-5315.54,14219.7,1761.16
-5090.54,13908.4,1564.81
-4899.52,13627.2,1301.82
-4566,13466.7,767.396
-4494.6,13410.4,828.19
-4404.62,13148.5,486.357
-4327.21,12969.6,85.1306
-4428.01,12801.5,-285.441
-4608.67,12510.7,-714.186
-4714.06,12156,-1215.53
-4783.06,11802.6,-1648.31
-4893.92,11370.5,-1852.88
-4810.35,10928.4,-1895.03
-4832.39,10859.7,-2295
-4755.43,10337.4,-2624.43
-4542.61,9513.31,-2669.34
-4184.39,8747.9,-2647.23
-3805.82,8663.08,-2687.38
-3403.63,8393.01,-2600.01
-3089.68,8156.75,-2365.87
-2956.47,8320.98,-2153.07
-2867.65,8188.32,-2095.48
-2680.72,8070.99,-2319.6
-2629.89,7792.48,-2786.37
-2514.98,7563.42,-3397.39
-2111.9,7745.66,-4219.35
-1270.31,7865.23,-5158.59
-156.497,7763.66,-6283.79
1048.65,7461.81,-7455.92
2350.13,7126.19,-8628.58
3723.22,6775.49,-9797.6
4937.67,6144.72,-10903.2
5838.69,5123.39,-12077.3
6653.52,4401.58,-13484.3
6913.01,3366.54,-13133.5
7373.55,2780.1,-13642.5
7782.82,1931.24,-13554.6
7654.77,1374.57,-13820.6
7112.45,937.571,-14166.6
6797.82,755.54,-14439.5
6780.68,822.332,-14642.4
6443.06,625.575,-14575.7
5972.58,588.153,-14799.3
5368.69,1263.56,-15028.7
5297.34,1093.17,-15163
4981.56,1078.07,-15211.8
4736.75,1003.09,-15471.1
5054.4,1000.68,-15397.9
5298.69,1191.43,-15244.2
5362.25,555.989,-14860
5453.53,-727.377,-14391.9
5454.93,-1006.1,-14546.2
5765.78,-1462.18,-14626.7
6227.45,-1767.71,-14731
6490.51,-2426.2,-14951
6528.84,-2586.8,-15351.5
6756.46,-2413.82,-15785.5
7241.63,-2338.97,-16073.8
7833.38,-2356.76,-16223
8271.09,-2366.57,-16366
8451.42,-2341.48,-16539.3
8501.95,-2281.87,-16629.5
8480.9,-2243.06,-16602.1
8387.83,-2211.09,-16459
8253.36,-2016.49,-16282.5
8083.05,-1805.77,-16076.1
7882.41,-1688.16,-15773.2
7650.7,-1624.07,-15411.8
7409.36,-1558.77,-15022.6
7173.1,-1525.28,-14586.8
6935.69,-1492.35,-14097.7
6663.29,-1323.32,-13625.3
6314.68,-1073.96,-13257.5
6041.78,-991.907,-12863.3
5781.46,-710.773,-12521.4
5513.65,-400.253,-12107.3
5257.14,-157.142,-11716.7
5004.21,61.5179,-11402.9
4793.85,275.572,-11153.9
4584.48,482.959,-10926.6
4374.68,692.331,-10716.8
4265.57,899.942,-10542.7
4224.86,1046.01,-10345.6
4198.37,1184.8,-10179.6
4178.66,1223.4,-10125.8
4079.38,1311.24,-10040.4
3857.17,1525.47,-9854.67
3643.93,1676.98,-9679.83
3467.99,1871.97,-9518.24
3264.75,2196.72,-9287.24
2986.28,2501.66,-9029.73
2653.63,2650.07,-8872.48
2312.47,2912.42,-8679.94
2052.12,3429.07,-8438.32
1771.11,3816.7,-8261.78
1362.92,4158.42,-7984.32
864.392,4536.85,-7704.47
365.019,5019.66,-7470.78
-103.66,5602.34,-7307.84
-474.509,6195.09,-7206.05
-758.73,6711.21,-7102.72
-1097.3,7164.47,-6977.2
-1535.78,7663.89,-6981.05
-2101.57,8305.83,-7023.27
-2724.85,9102.63,-6965.01
-3342.49,9942.01,-6780.61
-4045.8,10731.4,-6427.35
-4748.03,11439.8,-6006.85
-5372.85,12061.5,-5425.22
-5969.14,12601,-4589.44
-6543.02,13025.6,-3548.55
-7011.11,13255.7,-2407.77
-7483.85,13233.8,-1121.65
-8085.17,12926.4,591.304
-8704.65,12495.9,2529.54
-9212.58,12163.5,4618
-9500.43,12320.2,6549.7
-9737.55,13048.5,8378.03
-9761.89,14462.1,9920.78
-9354.78,15792.4,11308.6
-8533.28,16623.6,12645.5
-7547.13,17318.1,13697.5
-6659.71,17049.1,14472.8
-6025.29,16976.2,14504.3
-5686.34,18533.9,13101.5
-5666.71,20699,12559.1
-6544.58,21291.5,12264.5
-7379.97,21975.9,12401.3
-7929.05,22933.9,12872.9
-8450.89,23737.8,13371.6
-9089.67,24164.9,13934.9
-9801.61,23962,14998
-10768.6,22831.7,16620.6
-12198.2,21181.7,18238.2
-12800.1,19721.5,19448.5
-12661.2,18553.5,20167.7
-11733.7,17764.3,20371
-10323.7,17331.1,20233.9
-8876.38,17369.3,19838.1
-7710.01,17520.1,19441.4
-7004.6,17496.8,19057.5
-6757.76,17538.7,18466.9
-6650.02,17619.3,18146.4
-6815.2,17721.9,17946.3
-7235.59,17853.9,17633.8
-7731.96,18094.9,17359.6
-8261.1,18470.8,17155.7
-8867.1,18764.5,17080.6
-9426.82,18920.4,17061.6
-9859.41,18912.8,17088.2
-10216.8,18811.5,17231.8
-10556.2,18698.5,17485.7
-10797.8,18343.9,17687
-10890.1,18139.3,17795.8
-10667.6,17978.8,17751.9
-9968.85,17866.8,17766.7
-9064.68,17881.5,17725
-8183.34,17844,17664.8
-7633.82,17757.4,17677.9
-7436.58,17837.9,17677.9
-7427.45,18186.6,17513.6
-7519.01,18612.8,17186.6
-7622.63,18925.6,16815.7
-7654.06,19169.1,16487.4
-7777.23,19303.6,16341.7
-8039.5,19161.1,16397.7
-8511.7,19012,16518.5
-9037.3,18751.3,16678.7
-9372.65,18311.8,16960.5
-9572.7,17708.7,17507
-9855.65,16866.4,18329.7
-10325.6,15697.1,19221.3
-11027.9,14489.5,19977.5
-11856.7,13519.5,20683.5
-12355.6,13028.6,21035.7
-12511.7,12677.4,21552.4
-12525.2,12339.1,22158.1
-12500.4,12117.7,22724.3
-12388.9,12004.9,23286.3
-12355.7,11981.9,23702.7
-12389.1,12114,23958.2
-12181.8,12383.6,24203.5
-11922.2,12455.8,24109.2
-11677.7,12277.4,24173.3
-11403.3,11871.4,24148.9
-11236.3,11275.1,24328.2
-11037.9,10801.1,24408.4
-10841.9,10081.1,24742.3
-10837.4,9259.73,25105.8
-11038.7,8503,25433.9
-11372,7817.1,25803.9
-11779,7281.3,26151.3
-12040.9,7039.21,26614.8
-12341.8,6776.74,27037.4
-12578.3,6750.39,27390.9
-12756.5,6858.91,27749.6
-12722.4,7171.68,28007.4
-12653.4,7629.87,28055.6
-12577.7,8254.05,27996.2
-12464.2,8920.46,27844.6
-12321.6,9431.54,27555.7
-12208.2,9796.76,27171.5
-12173.5,10249.5,26734.1
-11940.8,10554.1,26330.7
-11822.2,10979.4,25886.5
-11853.1,11443,25548.9
-11963.1,11929,25099.1
-11924.9,12560.2,24707.5
-11885.3,13248.5,24324.8
-12006.4,13902.5,23945.7
-12257.8,14522,23653.6
-12476.7,15078.5,23469.1
-12508.8,15463.9,23341
-12569.2,16006.7,23135.3
-12422.3,16441.3,23155.1
-12335.3,17007.8,22929.2
-12231.1,17607.5,22707.6
-12029.3,18113.9,22497.8
-11840.4,18490.4,22256.1
-11728.2,18922.1,21993.4
-11704.3,19476.2,21750.8
-11756.2,19974.8,21549.4
-11733.5,20490.1,21395.8
-11822.6,21166.8,21254.5
-11844.8,21681.4,21137.9
-12019.9,22285,20847.2
-12172,22914.6,20579.9
-12254.7,23495.5,20309.6
-12416.6,24051.2,20034.1
-12675.6,24514.2,19788.6
-12977.3,24804.2,19533.4
-13304.9,24978.1,19183.5
-13507.9,25125.7,18820.5
-13610.6,25182,18515.6
-13494.7,25398.4,18185.2
-13199.5,25595.1,17680.2
-12956.5,25870.6,17197.5
-12636.3,26062.4,16596.3
-12282.2,26118.2,15939.8
-11930.5,26086.2,15258.7
-11592.9,25965.8,14603.9
-11304.6,25721.7,14104.1
-11000.5,25466.2,13678.2
-10663.1,25155.6,13269.2
-10483.7,25037.6,12840.1
-10278.2,25003,12236.9
-10012.1,24779.9,11926.2
-9749,24689.8,11473.3
-9460.18,24656.2,10877.8
-9117.93,24596.3,10331.8
-8743.3,24469,9847.89
-8404.15,24208.8,9284.82
-8180.54,24009.2,8619.76
-7828.29,23924.1,7886.57
-7676.14,23790.7,7285.57
-7370.27,23345.8,6722.58
-7180.53,22883.3,6266.22
-6984.41,22390.7,5869.84
-6745.97,21850.2,5481.78
-6487.89,21284.4,5061.25
-6177.44,20769.5,4610.82
-5775.74,20374.9,4159.73
-5386.27,20026.9,3677.08
-4983.82,19640.8,3159.92
-4640.89,19211.8,2620.95
-4233.96,18732.3,2181.38
-3829.44,18333.8,1635.23
-3479.7,17908.1,1193.99
-3182.17,17464.8,837.604
-2924.64,17008.7,493.401
-2675.62,16551.4,140.997
-2424.4,16104.7,-223.196
-2289.38,15546,-567.148
-2293.76,15088.2,-867.324
-2304.81,14547.2,-1097.29
-2219.79,14014.9,-1484.76
-1965.55,13464.2,-1936.44
-1525,12927.5,-2249.98
-1005.53,12350.8,-2597.07
-489.227,11729.9,-2971.65
21.0545,11057.9,-3280.54
516.545,10299.5,-3624.03
907.159,9553.68,-4020.06
1217.21,8792.82,-4365.98
1531.43,8044.83,-4645.48
1875.4,7361.36,-4906.66
2183.42,6714,-5199.35
2439.97,6108.75,-5446.25
2630.76,5623.37,-5634.94
2754.89,5204.29,-5764.17
2872.07,4709.82,-5857.99
3056.02,4161,-5994.07
3248.04,3820.49,-6246.8
3352.24,3563,-6720.07
3426.01,3268.91,-7317.97
3567.15,2929.45,-7816.05
3764.92,2558.19,-8093.96
3983.88,2151.46,-8390.4
4173.41,1621.47,-8693.13
4280.29,1008.89,-8947.15
4340.43,444.816,-9155.1
4454.44,-54.505,-9314.92
4591.59,-613.882,-9421.92
4716.45,-1084.85,-9455.1
4931.11,-1430.75,-9581
5091.68,-1858.81,-9614.79
5263.18,-2304.87,-9645.93
5400.32,-2749.65,-9741.45
5537.83,-3253.89,-9862.03
5764.3,-3732.01,-10154.2
5957.54,-4146.8,-10478.7
5793.35,-4678.62,-10248.5
5280.13,-5350.46,-9502.44
5017.82,-5575.66,-9638.25
5233.18,-5298.5,-9728.84
5615.03,-5120.44,-9733.22
5935.28,-4952.4,-9713.76
6177.44,-4857.17,-9598.69
6382.03,-4818.28,-9457.97
6515.2,-4747.94,-9545.27
6566.2,-4628.61,-9918.99
6654.05,-4553.01,-10263.8
6878.57,-4571.14,-10341.5
6986.56,-4667.64,-10304.1
7045.18,-4700.15,-10339.8
7096.1,-4786.84,-10326.2
7123.14,-4956.2,-10281.3
7162.92,-5078.49,-10228.2
7190.74,-5126.8,-10182.3
7189.5,-5146.75,-10106.4
7176.18,-5155.32,-9984.71
7146.95,-5107.22,-9864.65
7034.89,-4978.71,-9752.76
6853.67,-4924.2,-9633.03
6629.92,-4937.97,-9513.07
6326.18,-4882.71,-9410.4
6119.17,-4839.05,-9247.21
5933.27,-4802.58,-9010.72
5704.39,-4727.9,-8792.47
5488.14,-4634.53,-8635.9
5349.07,-4556.02,-8531.4
5267.25,-4458.43,-8474.99
5230.12,-4296.25,-8441.66
5241.05,-4115.07,-8417.95
5260.31,-3970.5,-8339.73
5167.3,-3878.24,-8247.07
4987.51,-3735.13,-8184.08
4808.67,-3483.15,-8055.33
4659.83,-3192.69,-7852.47
4488.59,-2899.9,-7667.62
4294.24,-2566.95,-7545.96
4144.67,-2172.12,-7403.64
3972.61,-1772.18,-7180.5
3711.33,-1412.41,-7109.34
3331.15,-1140.98,-7055.86
2865.3,-866.512,-6809.14
2468.87,-582.22,-6550.51
2122.74,-239.143,-6300.53
1816.87,132.311,-6097.66
1583.8,476.066,-5925.41
1427.47,828.244,-5736.97
1290.28,1276.69,-5550.5
1127.98,1724.46,-5437.44
919.105,1900.62,-5299.24
645.239,2491.36,-5219.26
1148.33,631.276,-4587.25
882.608,1227.8,-4506.21
124.733,3591.49,-4922.74
-501.935,5124.67,-5117.19
-845.054,5430.02,-5128.34
-1180.2,5549.61,-5178.62
-1626.54,5883.17,-5092.74
-1813.27,6637.73,-5267.36
-2011.76,6427.59,-4952.07
-2250.8,6096.11,-4432.84
-2248.94,6204.85,-4190.42
-2193.48,5995.83,-3878.2
-2149.58,6459.12,-3547.9
-1982.75,7133.24,-2817.56
-1919.78,7994.05,-2124.4
-2089.35,9321.71,-1878.72
-2184.79,10735.8,-1575.52
-2228.95,12025.6,-1057.97
-2294.56,12973.8,-160.675
-2344.89,14192.1,541.764
-2459.56,15311.9,1072.24
-2700.92,15987.4,1848.25
-2941.09,16224.9,2553.73
-3235.42,16164.6,3360.7
-3718.43,15775.6,4266.55
-4425.97,15149.3,5076.51
-5248.1,14660.4,5733.44
-6040.91,14440.5,6169.46
-6772.59,14396,6626.28
-7014.94,14500,7208.73
-7308.06,14029.8,7215.84
-7867.63,14456.3,8185.38
-8426.09,14790,9144.06
-8978.58,14996.6,10145.4
-9513.42,15368,11179.2
-9960.74,15792.3,11890.3
-10255,16129,12319.5
-10291.3,16835.1,12917.3
-10666.5,17600.8,13404.8
-10751.2,18039.1,13857.4
-11204.4,17984.1,14373.5
-11454.9,18160.3,14441.9
-11663.1,18399.5,14472.4
-11639.2,18505.2,14670.4
-11359.7,18448.8,14784.9
-11087.8,18486.7,14596.3
-11040.3,18407.5,14336.6
-11220.7,16903.8,14430.6
-11456.8,16979,15021.5
-11867.2,15845.8,15443.6
-12016.7,15805.5,16077
-12424.2,18256.3,17933.5
-12842.9,16496.7,17454.4
-13044.6,15318.4,17295.6
-12913.5,16121.3,17640.6
-12623.8,16387.7,17240.5
-12527.7,16723.5,17377.9
-12577.2,17239.7,17404
-12641.8,17816.6,17429
-12931.6,18033.8,17388.2
-12695,18246.6,17444.6
-12322.4,18448.7,17578.4
-11714.3,18751,17459.4
-11196.9,18753,17121.6
-10784.2,18498.5,16640.6
-10245.1,18277.5,16268.8
-9588.38,17803.2,16450.3
-8992.97,16410.4,17149.4
-8868.71,14897.9,17984.4
-9301.31,13584.4,18541.5
-9753.69,12755.4,18925.2
-10085.5,12354.2,18996.9
-10188.9,12189.4,18896
-10048.9,12159.9,18779.6
-9837.07,12212.2,18698.8
-9704.98,12265,18657.9
-9619.67,12221.4,18676.9
-9555,12071.5,18700.7
-9633.1,11952.6,18466.4
-9446.5,11801,18268.7
-9258.72,11825.7,18149.3
-8703.45,11814.2,18138
-8041.34,11793.7,18071.3
-7535.47,11692,17892.9
-7166.25,11471,17685.3
-6811.37,11150.9,17511.6
-6495.86,10763.9,17361.5
-6349.37,10351.5,17286.2
-6492.41,9651.79,17180.3
-6888.35,8930.88,17370.6
-7338.53,8369.86,17506.6
-7848.56,7863.77,17656.4
-8384.97,7428.39,17952.8
-9017.81,7040.05,18368.3
-9686.88,6729.85,18799
-10283.2,6535.3,19218.2
-10835,6447.31,19678.9
-11400.3,6490.14,20148
-11794.6,6535.23,20545.4
-12058.6,6833.13,21071.1
-12401.3,7135.43,21584.2
-12617.5,7331.48,22051.5
-12794.4,7478.97,22382.8
-13019.7,7611,22576.2
-13271.3,7740.38,22716.5
-13526.5,7870.02,22824.9
-13836.7,7981.27,22859.7
-14221.3,8040.88,22932.7
-14734.9,8044.14,23027
-15241.7,8004.66,23318.5
-15771.2,7951.06,23690.9
-16388.5,7883.93,24090.4
-16911.7,7853.9,24541.4
-17279.1,7994.64,24928.3
-17518.4,8308.98,25194.2
-17725.2,8739.99,25415.9
-17944,9260.38,25663.4
-17981.5,9744.81,25855.5
-17980,10252,25988.1
-17967,10766.9,25934.9
-17769.2,11287.3,25772
-17442.1,11829.8,25501.4
-17078.3,12453.9,25161.5
-16764.9,13143.2,24833.8
-16551.3,13871.6,24534.6
-16439.9,14646.8,24210.8
-16420.7,15457.6,23849.3
-16502.3,16209.9,23551.9
-16524.2,16931.2,23329.8
-16546.6,17600.2,23123.5
-16494.9,18215.3,22968.4
-16428.2,18749.5,22745.8
-16323.3,19201.8,22434.7
-16195.4,19614.2,22147.3
-16067,20023.7,21945.7
-15940.4,20420,21766.4
-15847.9,20793.7,21546.1
-15893.6,21230,21379.2
-15980.5,21735.2,21237.8
-15964.3,22165.9,20940.8
-15908.5,22648.5,20606.8
-15833.9,23161.7,20248.9
-15688.3,23682.9,19838.7
-15477.4,24234.5,19351.8
-15113.7,24755.9,18824.3
-14584.9,25148.1,18278.7
-14055.7,25394.3,17663
-13563.4,25552.6,16951.1
-13034.5,25641.9,16264.5
-12714.4,25746.1,15640.9
-12493.7,25911.5,15106.3
-12291.5,26043.7,14579.8
-12225.3,26231.1,14018.3
-12205.6,26432.7,13462.7
-12116.5,26542.2,12966.1
-11935.4,26549.3,12535.3
-11683.5,26551.1,12136.3
-11357.1,26580.4,11747.9
-10971.3,26598.7,11402.6
-10531.2,26654.9,11028.7
-9981.57,26720.4,10659.2
-9315.81,26749.8,10322.2
-8633.29,26831.3,9912.66
-7940.36,26921.8,9311.93
-7227.06,26902.6,8515.91
-6544.31,26728.9,7612.99
-5967.27,26333.3,6611.46
-5465.8,25432.1,5388.29
-4810.84,24467.2,4423.84
-4559.15,24554.8,3701.04
-4477.06,24194.2,2823.99
-4349.14,23513.5,2134.25
-4228.04,22747.4,1437.8
-4121.69,22186,745.329
-3974.79,21833.5,145.634
-3712.6,21449.7,-348.952
-3329.35,20856.2,-739.543
-2969.49,20109.6,-939.529
-2667.44,19374,-1070.93
-2423.89,18732.7,-1007.97
-2242.86,18086.1,-935.92
-2101.76,17555.7,-1064.73
-1937.27,17097.9,-1279.84
-1681.94,16637.7,-1520.22
-1324.13,16116.4,-1872.6
-873.656,15556.1,-2370.11
-298.665,15012.4,-2898.94
434.561,14413.1,-3438.11
1140.04,13764.7,-4084.07
1802.99,12975.7,-4633.25
2379.35,12018.1,-5134.92
2792.33,11093.6,-5546.98
3147.89,10031.9,-5788.49
3288.68,9125.93,-6041.65
3237.62,8338.26,-6246.4
3064.03,7494.28,-6224
2720.75,6711.29,-6041.99
2452.91,5962.62,-5866.23
2467.05,5342.64,-5637.32
2344.53,4867.24,-5519.71
2287.61,4296.16,-5417.76
2300.97,3806.83,-5422.64
2453.57,3532.58,-5606.1
2772.27,3344.19,-5849.4
3241.03,3160.47,-6171.93
3917.58,3045.2,-6724.25
4878.79,3054.65,-7528.9
5928.72,3100.3,-8399.02
6749.74,2986.8,-9237.36
7335.78,2794.3,-9960.5
7554.08,2285.67,-10545.6
7667.5,1637.94,-10897.9
7725.54,882.999,-11037.5
7699.13,97.6357,-11158.6
7641.75,-749.682,-11290.7
7644.79,-1646.9,-11309.5
7742.94,-2360.64,-11414.9
7890.62,-2796.77,-12108.9
7674.7,-4106.13,-11160.9
7184.38,-4172.78,-10380.1
6580.31,-3902.58,-9895.11
6360.71,-4859.13,-10063.4
6267.31,-5283.76,-9962
5973.62,-4957.57,-9778.41
5629.7,-4535.17,-9690.1
5475.7,-4422.98,-9629.14
5447.93,-4567.27,-9676.27
5536.05,-4709.65,-9757.3
5607.45,-4759.48,-9817.71
5649.81,-4733.79,-9983.4
5739.76,-4666.41,-10021.9
5907.24,-4708.36,-10118.9
6043.87,-4702.1,-10235.1
6191.46,-4628.05,-10430.4
6451.94,-4582.3,-10630.4
6786.01,-4610.18,-10763.3
7053.78,-4702.43,-10919.5
7322.89,-4953.54,-11100.3
7728.29,-5288.56,-11231.7
7866.29,-5678.51,-11246
8003.07,-5923.01,-11063.1
8056.82,-6000.83,-11035.6
7933.06,-6016.29,-10978.2
7741.59,-5921.76,-10831.5
7531.2,-5683.85,-10710.9
7299.04,-5355.92,-10614.3
7070.25,-5025.34,-10399.1
6781.05,-4772.78,-10194.3
6536.15,-4612.59,-10184.9
6381.3,-4352.17,-10001.1
6076.21,-4267.58,-9923.25
5915.7,-4081.75,-9769.74
5726.29,-3897.51,-9614.28
5521.47,-3751.33,-9501.8
5329.11,-3590.57,-9397.54
5138.53,-3463.53,-9262.03
4957.5,-3423.19,-9076.76
4756.03,-3187.99,-8831.52
4603.51,-2976.06,-8926.77
4376.58,-2795.92,-8648.01
4288.91,-2707.91,-8515.81
4184.78,-2532.72,-8358.82
4041.74,-2337.87,-8182.58
3859.23,-2218.1,-8039.59
3719.09,-2132.74,-7916.35
3641.69,-2108.4,-7803.3
3495.06,-2208.91,-7700.89
3179.79,-2098.85,-7489
2609.67,-1784.66,-7349.08
2864.53,-2105.01,-7250.66
2602,-2064.29,-7069.97
2299.48,-1767.15,-7044.65
2073.57,-1517.01,-6931.45
1934.94,-1145.9,-6842.12
1829.42,-715.557,-6805.94
1696.59,-338.721,-6714.86
1519.26,121.432,-6581.07
1297.64,543.817,-6488.83
1060.71,969.923,-6252.8
923.429,1273.5,-6108.47
587.995,1724.61,-5914.32
380.817,2272.69,-5677.88
-16.8477,2877.69,-5448.97
-449.404,3355.98,-5290.11
-777.037,3924.83,-4905.41
-1088.12,4541.47,-4294.94
-1459.54,4844.57,-3877.69
-1825.23,5508.56,-3331.24
-2269.28,6115.24,-2931.93
-2694.72,6799.15,-2277.7
-3023.9,7324.45,-1724.83
-3070.33,7925.72,-1103.52
-3186.2,8442.27,-371.835
-3663.49,9116.34,261.816
-4301.77,9681.72,946.232
-4916.69,9848.34,1857.43
-5669.82,9875.66,2858.44
-6464.94,9753.76,3987.91
-7276.63,9576.53,4844.91
-7665.76,9311.88,5566.3
-7984.16,9286.22,6333.43
-8160.4,9459.82,6908.53
-8062.54,9953.35,7441.18
-7870.4,10791.3,8056.67
-7679.28,11208,8688.9
-7459.52,11426.3,9007.69
-7177.63,12528.6,8935.58
-6722.5,12982.3,9286.55
-6275.27,13564,9487.91
-5727.9,14210.5,9703.34
-5469.27,14420.6,10071.1
-5384.32,14731,10221.6
-5361.48,15038.1,10134.9
-5597.48,15226.6,9953.73
-6202.05,14943.1,9944.05
-7138.11,13912.2,10371.9
-8216.94,12530.3,11009.9
-8923.68,11662.9,10996.8
-9278.47,10627.2,11828.2
-9470.51,10250.5,12528.9
-9465.39,10639.5,12757.8
-9241.63,11225,12787.7
-9105.92,12418.8,12883.2
-9062.32,13685.5,12965.8
-9043.07,14660.3,12959.4
-8977.18,15228.7,13053.2
-8625.14,15319.1,13531.7
-7706.58,15553.4,14250.1
-7094.09,15854.8,14294.4
-6560.72,16058.8,14485.1
-5910.92,16318.1,14583.5
-5345.72,16647.8,14545.8
-5098.78,16510,14547.2
-4674.24,16478.7,14808.5
-4154.68,16632.9,15023
-4030.62,16489.9,14990.1
-4351.58,16072,15079.2
-4886.36,15950.9,15374.5
-5407.39,15842.6,15794.5
-5641.37,15792.1,16161.3
-5882.03,15863.1,16519.2
-6119.07,15938,17052
-6268.5,15975.4,17667.7
-6303.01,16020.6,18294.6
-6254.17,16058.7,18858
-6134.19,16099.9,19289.2
-5986.49,16209,19569.9
-6034.83,16288.4,19714.9
-6260.53,16287.1,19728.2
-6705.34,16224.9,19707.9
-7194.24,16182.2,19627.5
-7652.61,16115.1,19577.8
-8153.74,15806.6,19706.2
-8736.73,15142,20005.4
-9373.41,14171.4,20430.5
-10021.9,13066.2,20948.7
-10643,12061.8,21488.5
-11139.2,11393.6,21934.2
-11398.4,11062.1,22296.1
-11533.7,11000.3,22473.3
-11518.1,11061.5,22466.9
-11370,11104,22316.9
-11169.4,11023,22126.2
-10973.6,10847.6,21942.3
-10816.4,10666.1,21764
-10691.4,10528.7,21577.6
-10559.3,10433.4,21370.5
-10409.9,10390,21120.2
-10258.4,10384,20809.1
-10034.4,10269.5,20505
-9818.78,10051,20198.2
-9700.42,9752.12,19924.1
-9557.26,9330.86,19743.6
-9426.57,8829.79,19712.4
-9397.62,8289.58,19740.2
-9514.84,7733.25,19719.6
-9787.16,7229.41,19702.8
-10213.2,6894.06,19810.9
-10750.3,6690.46,19962.1
-11276,6516.84,20211.7
-11763.5,6454.17,20395.9
-12142,6623,20603.7
-12348.3,6840.11,20841.7
-12420.2,6991.58,21030
-12444.9,7123.9,21089.5
-12512.7,7318.11,21038.2
-12622.2,7543.49,20952.4
-12566.8,7680.69,20820.2
-12236.5,7759.78,20722.2
-11956.7,7895.92,20764.5
-11748.9,7909.04,20776.3
-11432,7911.06,20729.1
-11159.2,7930.64,20571.8
-10968.7,8002.26,20406.6
-10800.3,8151.83,20300.3
-10645.7,8329.22,20210.1
-10566.4,8460.5,20081.3
-10548.4,8622.39,19969.2
-10581.5,8878.72,20030.9
-10625.7,9095.08,20018
-10666.4,9204.44,19950.4
-10635.4,9246.71,20011.6
-10610.7,9331.76,20046.4
-10614.7,9507.81,19988.2
-10627,9779.76,19920.7
-10628.9,10119.6,19907
-10651.9,10476.3,19889.3
-10790.4,10833.4,19809.1
-10969.1,11274.9,19608.5
-11104.3,11676,19638.5
-11303.5,12013.8,19564.1
-11439.4,12386.4,19353.8
-11475.3,12759.8,19168
-11416.3,13088.8,19063.9
-11364.5,13370.8,18937.8
-11357.2,13611.1,18751.1
-11319.3,13809.8,18586.2
-11307.7,14017.1,18390.1
-11271.3,14249.3,18362.8
-11251.5,14575.4,18186.1
-11186.4,14827.2,18003.6
-11193.1,15070.7,17812.8
-11157.8,15308.2,17466.7
-11152.5,15515.9,17043.4
-11121.8,15692.2,16649.6
-11021.5,15872,16263.1
-10961.7,16046.7,15819.7
-10891.4,16090.2,15401.9
-10951,16145.7,15092.1
-10903.6,16130.3,14718.2
-10739,16179.6,14249.9
-10693.2,16328,13826.1
-10640.9,16435.2,13497.2
-10541.8,16512.3,13204.7
-10414.4,16571.1,12975
-10287.1,16552.3,12770.7
-10159.6,16440.4,12477.1
-9956.75,16361.7,12256
-9786.02,16287,11983.6
-9559.48,16254.9,11738.5
-9091.38,16213.2,11405.5
-8707.88,16158.2,11092.8
-8328.44,16179.9,10807.6
-8053.43,16297.6,10435
-7795.11,16436.1,10011.4
-7458.96,16532.8,9563.41
-7161.42,16597.1,9030.46
-6853.41,16617.3,8622.32
-6505.15,16539.6,8375.71
-6094.1,16328.8,7946.17
-5828.2,16211.2,7663.04
-5454.76,15912.2,7255.18
-5201.05,15672.9,6782.56
-4851.01,15493,6299.81
-4466.55,15229.6,5859.65
-4186.91,14903.1,5455.6
-3872.17,14604.5,5031.41
-3632.08,14109,4651.98
-3498.71,13681.1,4337.12
-3283.33,13249.6,3935.49
-3055.69,12932.3,3640.77
-2878.64,12528.3,3205.96
-2662.17,12131.7,2857.84
-2392.06,11825.7,2638.8
-2058.14,11200.4,2707.07
-1721.28,10606.4,2581.36
-1481.23,10780.2,1708.22
-1210.91,10167.7,1602.84
-807.95,9914.82,1165.15
-248.278,9327.32,919.89
71.7969,9193.9,379.415
484.532,8854.94,-45.3944
769.704,8375.35,-278.612
1059.67,7868.26,-583.054
1191.63,7621.01,-1007.31
1314.56,7311.54,-1447.44
1925.83,6333.2,-1843.02
2321.85,5713.02,-1999.55
2698.85,5312.25,-2125.45
3058.21,4499.87,-2492.4
3144.72,3839.36,-2655.47
3252.46,3134.38,-2656.71
3243.91,2430.4,-2697.12
2853.23,1985.46,-2824.57
2782.6,1680.32,-2838.29
3265.34,1266.28,-2730.62
3371.71,862.185,-2757.01
3320.92,718.058,-2776.09
3432.65,462.029,-2831.33
3527.81,90.4611,-2868.05
3699.1,-339.401,-3015.58
3860.14,-709.046,-3070.18
3967.04,-1053.6,-3124.71
4118.21,-1396,-3232.57
4237.16,-1796.12,-3335.56
4307.62,-2240.22,-3336.5
4472.6,-2585.8,-3267.86
4525.57,-2798.16,-3326
4410.12,-3168.05,-3107.67
4287.89,-3126.9,-2995.76
3973.37,-3308.43,-2768.72
3699.82,-3331.41,-2477.3
3490.08,-3469.98,-2210.7
3248.42,-3550.5,-1903.12
3028.42,-3233.06,-1176.86
2897.82,-3427.77,-724.746
2774.68,-4883.79,-1535.94
2658.6,-4745.05,-1604.71
2825.87,-5089.76,-1631.18
3116.43,-5463.56,-1679.84
3343.53,-5753.13,-1538.26
3462.18,-6049.67,-1505.27
3498.82,-6286.22,-1559.31
3518.55,-6462.85,-1545.76
3574.48,-6665.28,-1459.95
3681.16,-6919.66,-1378.69
3815.71,-7133.66,-1289.44
3939.3,-7238.28,-1186.51
4047.86,-7165.11,-1347.86
4143.05,-7246.87,-1095.46
4107.66,-7176.29,-880.919
4056.23,-7227.5,-758.487
3895.34,-7297.09,-611.313
3687.55,-7397.24,-383.381
3536.79,-7517.77,-166.207
3441.11,-7615.99,-74.2723
3301.57,-7709.15,-58.6493
3075.58,-7827.9,79.2423
2920.14,-7940.1,202.473
2781.53,-8132.99,324.253
2641.13,-8208.81,348.911
2515.38,-8177.45,398.87
2440.47,-8203.64,431.554
2376.55,-8224.79,485.085
2319.12,-8223.58,545.823
2276.7,-8213.68,608.269
2227.6,-8176.15,736.697
2176.75,-8227.69,903.021
1996.18,-8211.94,1066.77
1925.72,-8280.89,1173.75
1884.31,-8415.21,1201.18
1826.06,-8575.51,1362.22
1686.47,-8690.73,1500.15
1478.66,-8751.45,1623.06
1293.99,-8789.06,1752.93
1167.96,-8820.09,1847.55
1032.42,-8836.04,1901.67
877.496,-8849.34,1991.94
788.833,-8864.62,1997.54
707.96,-8810.7,2053.87
464.038,-8765.28,2235.01
196.594,-8704.8,2364.75
8.83142,-8615.63,2544.1
-167.275,-8479.63,2731.47
-308.148,-8375.84,2864.46
-403.293,-8363.71,2969.57
-530.71,-8391.88,3075.68
-579.672,-8464.09,3093.52
-606.476,-8689.71,3147.9
-683.809,-8890.66,3208.37
-680.382,-9093.73,3210.93
-692.535,-9218.93,3226.31
-689.103,-9276.02,3224.28
-680.984,-9276.46,3200.64
-675.356,-9271.47,3200.19
-687.834,-9277.35,3256.27
-739.469,-9255.94,3330.56
-767.333,-9246.35,3351.66
-727.652,-9194.95,3416.27
-730.903,-9117.98,3428.03
-783.53,-9041.42,3500.09
-842.705,-8955.62,3593.87
-885.517,-8869.18,3661.15
-943.25,-8814.87,3737.94
-1005.19,-8818.97,3795.43
-1020.28,-8862.2,3829.77
-986.712,-8896.03,3907.5
-993.175,-8917.24,3948.67
-1061.22,-8946.03,3925.61
-1052.53,-8965.71,3869.75
-963.609,-8993.96,3852.04
-901.423,-9045.18,3901.93
-864.306,-9103.89,3879.08
-798.39,-9143.99,3859.23
-723.769,-9156.86,3877.22
-734.993,-9161.83,3889.26
-843.017,-9181.34,3918.61
-854.609,-9192.8,4035.29
-780.51,-9119.51,4091.69
-852.261,-9052.76,4076.25
-911.297,-9076.5,4046.16
-950.149,-9079.63,4123.63
-922.186,-9077.79,4204.27
-830.258,-9087.56,4192.74
-751.705,-9084.66,4150.61
-728.007,-9079.57,4165.29
-694.873,-9114.05,4198.88
-590.297,-9117.42,4176.62
-453.939,-9062.24,4125.39
-398.336,-9099.7,4105.83
-405.772,-9160.03,4105.79
-375.896,-9207.07,4113.46
-333.029,-9176.09,4136.58
-308.152,-9140.48,4180.86
-322.554,-9130.32,4220.76
-352.862,-9115.86,4228.23
-352.625,-9095.5,4239.22
-356.479,-9079.97,4352.35
-399.022,-9041.76,4470.93
-417.409,-8991.66,4493.77
-460.235,-8964.5,4487.08
-507.335,-8881.7,4479.44
-487.021,-8819.78,4454.27
-456.04,-8785.84,4446.19
-444.062,-8718.3,4486.77
-406.106,-8591.34,4532.32
-316.629,-8494.44,4521.18
-248.031,-8569.08,4520.1
-304.193,-8711.3,4531.56
-271.609,-8714.46,4566.09
-190.017,-8668.37,4520.49
-156.101,-8639.43,4540.01
-165.172,-8626.24,4571.09
-126.922,-8601.65,4573.04
-16.8941,-8614.29,4567.87
87.3048,-8691.14,4594.43
104.09,-8746.35,4656.73
64.2167,-8718.63,4722.95
90.8384,-8733.63,4742.02
100.604,-8748.27,4755.56
104.951,-8631.39,4709.65
141.731,-8502.87,4717.38
150.893,-8420.45,4736.31
176.181,-8402.07,4748.74
191.147,-8393.38,4768.72
152.35,-8334.41,4822.23
86.4592,-8248.68,4885.9
-18.0756,-8217.37,4850.15
-20.1622,-8209.89,4896.52
12.7478,-8274.34,4901.94
19.5889,-8387.97,4884.12
82.207,-8505.64,4903.65
109.486,-8479.08,4939.27
114.362,-8466.8,4897.29
123.954,-8517.96,4816.42
177.774,-8572.11,4802.98
281.492,-8614.78,4847.79
281.596,-8564.29,4840.49
409.443,-8636.35,4810.17
406.405,-8616.62,4769.7
425.582,-8575.64,4732.75
432.183,-8516.97,4703.01
438.638,-8527.92,4754.56
432.318,-8569.4,4752.61
435.471,-8557.68,4717.91
441.718,-8501.48,4708.29
418.33,-8474.6,4672.87
441.799,-8459.15,4732.34
345.814,-8587.47,4750.1
384.22,-8673.28,4800.25
300.15,-8686.75,4782.83
311.848,-8720.49,4802.63
319.919,-8715.66,4821.02
317.526,-8672.89,4767.19
328.182,-8622.6,4744.51
337.417,-8610.22,4772
313.594,-8643.82,4728.77
248.474,-8611.19,4801.5
189.876,-8600.58,4771.77
190.319,-8611.39,4765.19
137.168,-8502.34,4730.63
138.451,-8551.19,4801.64
72.4897,-8567.89,4824.13
-32.5319,-8567.55,4833.75
-57.5085,-8636.21,4816.46
-9.36836,-8695.57,4773.4
-14.1356,-8641.83,4787.84
-29.9294,-8681.47,4760.42
23.3416,-8612.08,4737.66
-123.259,-8609.48,4692.08
-118.429,-8609.48,4765.79
-76.5569,-8565.66,4725.05
-58.8263,-8590.18,4733.07
-21.2396,-8614.7,4778.05
-61.6517,-8642.8,4772.23
-178.272,-8662.56,4737.04
-172.924,-8594.11,4757.55
-140.379,-8590.4,4782.62
-180.344,-8590.4,4866.57
-278.086,-8535.97,4940.65
-287.722,-8610.81,4838.51
-376.19,-8629.46,4900.71
-302.226,-8614.56,4957.67
-280.937,-8607.29,4925.04
-304.105,-8632.45,4874.08
-268.68,-8694.17,4859.27
-267.047,-8751.21,4839.25
-174.687,-8724.01,4823.2
-233.893,-8720.17,4913.95
-181.755,-8753.82,4983.7
-121.077,-8739.64,4866.88
-27.2153,-8769.99,4819.17
-41.3809,-8842.48,4804.95
-30.403,-8789.22,4764.29
43.9538,-8714.75,4750.56
55.6109,-8721.35,4785.9
-32.7441,-8694.98,4799.86
-57.6872,-8760.1,4836.26
-33.0003,-8689.53,4836
-96.5859,-8670.65,4837.24
-135.204,-8689.41,4903.59
-96.4732,-8723.4,4903.59
-107.128,-8679.56,4945.4
-93.7889,-8665.57,4910.5
-90.5218,-8696.09,4828.49
-132.548,-8667.62,4791.93
-147.156,-8577.64,4772.64
-227.699,-8584.12,4838.54
-114.632,-8600.77,4884.1
-93.8412,-8639.31,4812.34
-212.153,-8626.17,4814.13
-221.438,-8669.45,4813.21
-305.534,-8590.08,4805.96
-380.105,-8564.89,4788.96
-393.174,-8563.61,4806.02
-391.127,-8517.26,4846.21
-361.884,-8554.01,4809.14
-269.672,-8535.95,4710.84
-254.366,-8526.36,4732.66
-339.361,-8498.93,4796.67
-288.652,-8526.06,4728.23
-294.38,-8550.99,4710.99
-316.526,-8553.37,4680.04
-365.415,-8562.24,4650.9
-419.925,-8557.56,4654.57
-404.061,-8545.78,4657.12
-299.238,-8580.78,4605.88
-234.517,-8589.55,4545.68
-272.058,-8553.02,4589.27
-222.492,-8574.61,4547.42
-296.225,-8593.71,4587.17
-316.035,-8647.24,4523.57
-310.347,-8663.6,4525.03
-277.89,-8626.19,4563.74
-214.366,-8632.33,4594.8
-160.273,-8662.81,4579.92
-164.109,-8603.12,4495.24
-195.854,-8641.37,4501.1
-191.616,-8609.23,4501.1
-155.9,-8661.23,4469.73
-85.7906,-8675.84,4384.02
-33.2765,-8683.85,4379.97
32.3144,-8647.54,4437.07
54.2528,-8634.29,4484.56
8.56558,-8668.03,4468.93
-60.9844,-8701.21,4466.16
-85.3548,-8699.48,4574.97
-7.66827,-8680.27,4618.36
33.0885,-8695.42,4607.95
-22.4311,-8768.39,4506.42
-65.9457,-8713.05,4530.11
-76.7389,-8676.85,4563.71
-57.5325,-8647.72,4656.65
-73.4177,-8644.18,4717.19
-83.618,-8606.1,4714.3
-39.1082,-8541.82,4688.68
-4.32986,-8555.8,4664.42
-17.9316,-8544.5,4688.49
-35.6497,-8605.49,4708.69
-125.025,-8636.25,4714.18
-188.235,-8517.23,4718.08
-196.863,-8470.62,4745.48
-185.569,-8486.04,4761.21
-193.93,-8480.37,4748.16
-185.259,-8489.8,4751.04
-149.464,-8534,4811.3
-136.849,-8528.73,4871.89
-87.1757,-8516.1,4810.41
-13.2697,-8532.57,4766.29
-58.9584,-8578.62,4753.76
-36.4033,-8570.81,4851.37
-64.4951,-8578.87,4868.34
-81.5022,-8615.28,4808.64
-72.489,-8633.93,4767.33
-55.8671,-8643.13,4763.47
-12.9466,-8663.1,4749.28
59.1226,-8667.64,4715.04
29.858,-8656.78,4712.75
-12.8025,-8610.31,4748.61
-12.4605,-8480.34,4739.13
-90.3706,-8432.09,4795.92
-161.524,-8405.63,4855.33
-224.807,-8422.49,4900.54
-277.838,-8431.87,4955.03
-321.6,-8411.82,4969.02
-345.212,-8393.93,4907.52
-331.222,-8399.16,4855.86
-308.354,-8404.31,4902.51
-301.564,-8405.5,4939.56
-262.569,-8387.66,4963.99
-281.108,-8348.58,4970.3
-242.771,-8385.21,4950.45
-204.339,-8430.1,4927.31
-211.736,-8440.92,4922.65
-213.782,-8449.29,4925.21
-178.524,-8486.94,4883.26
-144.625,-8527.43,4787.48
-71.8941,-8536.86,4765.25
7.5204,-8516.29,4777.25
-27.3283,-8504.67,4734.83
-47.3422,-8533.44,4774.5
-109.329,-8539.7,4777.2
-187.389,-8476.23,4750.58
-188.46,-8443.81,4725.34
-129.674,-8453.1,4739.65
-87.6509,-8426.75,4777.48
-98.3298,-8372.13,4775.98
-197.125,-8403.95,4757.1
-242.979,-8474.7,4767.91
-155.091,-8516.77,4852.19
-173.967,-8492.24,4850.66
-172.876,-8519.03,4793.1
-136.169,-8567.17,4734.8
-133.491,-8593.27,4729.17
-164.54,-8571.34,4750.36
-158.447,-8525.45,4783.16
-93.9886,-8523.59,4856.87
-54.0146,-8592.88,4893.27
-39.7459,-8665.25,4867.57
-56.6284,-8599.96,4796.65
-85.0015,-8626.55,4792.43
-34.3071,-8605.48,4792.16
38.4416,-8593.51,4770.1
32.2238,-8585.19,4721.29
-36.5799,-8569.72,4696.17
-77.881,-8554.23,4676.12
-70.3096,-8534.37,4597.79
-83.145,-8513.52,4597.87
-102.121,-8580.39,4558.99
-93.4977,-8538.89,4502.53
-69.3941,-8534.86,4532.52
-156.087,-8573.07,4571.55
-196.994,-8584.85,4614.56
-197.572,-8571.58,4616.44
-184.033,-8523.64,4612.04
-162.007,-8461.27,4625.61
-170.357,-8443.34,4604.54
-230.189,-8430.79,4587.29
-289.802,-8474.43,4587.29
-264.716,-8490.75,4624.28
-250.513,-8443.46,4655.28
-187.782,-8495.54,4686.15
-123.521,-8551.22,4742.7
-111.376,-8538.88,4741.68
-154.662,-8518.58,4695.8
-210.888,-8507.78,4686.15
-240.073,-8446.93,4699.64
-255.901,-8464.39,4639.64
-328.733,-8546.8,4573.69
-197.417,-8532.67,4579.78
-260.507,-8547.53,4641.77
-270.477,-8615.62,4591.65
-305.125,-8670.83,4583.56
-303.27,-8649.44,4636.43
-233.676,-8609.01,4644.92
-213.069,-8604.38,4619.17
-283.586,-8567.59,4664.43
-184.272,-8460.89,4649.9
-305.37,-8499.77,4643.81
-247.53,-8562.01,4745.75
-242.433,-8581.56,4762.71
-186.713,-8511.2,4788.47
-189.167,-8524.88,4796.99
-225.461,-8617.17,4780.55
-244.462,-8695.8,4737.51
-244.762,-8720.5,4731.74
-233.685,-8725.96,4802.24
-191.036,-8752.61,4743.84
-186.032,-8793.92,4706.51
-289.925,-8682.37,4706.33
-208.13,-8790.78,4720.05
-207.14,-8788.32,4702.13
-181.67,-8787.42,4669.88
-186.947,-8714.69,4641.51
-183.913,-8632.19,4657.77
-167.227,-8590.74,4737.77
-249.77,-8500.97,4811.34
-291.84,-8504.54,4767.97
-288.285,-8415.42,4768.27
-314.643,-8307.53,4792.5
-330.613,-8324.54,4786.98
-343.983,-8264.71,4725.81
-330.572,-8166.89,4772.36
-341.74,-8133.91,4766.12
-350.293,-8135.66,4759.72
-319.66,-8142.17,4799.34
-302.87,-8212.5,4722.11
-324.079,-8276.43,4714.31
-366.133,-8292.74,4734.44
-343.843,-8244.22,4719.2
-347.587,-8302.6,4746.09
-355.882,-8334.04,4770.52
-403.477,-8418.97,4742.32
-443.834,-8396.42,4680.3
-473.336,-8314.37,4663.69
-519.03,-8270.79,4683.84
-548.139,-8182.04,4642.56
-499.516,-8117.01,4602.67
-464.672,-7987.79,4692.12
-386.912,-8077.59,4537.44
-344.131,-7968.2,4516.23
-385.292,-7838.19,4485.3
-384.57,-7781,4476.78
-404.216,-7769.72,4411.16
-402.999,-7789.81,4335.69
-350.612,-7857.97,4339.21
-342.893,-7976.87,4371.48
-296.027,-8125.05,4365.65
-230.053,-8148.82,4324.97
-325.191,-8031.08,4252.67
-271.429,-7981.46,4275.34
-272.163,-8021.01,4247.52
-249.654,-7970.32,4180.79
-234.232,-7908.31,4148.09
-279.239,-7904.45,4190.68
-291.431,-7881.78,4249.3
-198.267,-7761.39,4220.65
-268.839,-7628.9,4127.17
-164.193,-7547.47,4081.92
-214.766,-7589.93,4104.85
-199.614,-7517.62,4123.62
-288.405,-7422.61,4045.2
-252.863,-7277.7,4038.9
-229.364,-7174.76,4028.69
-279.301,-7068.7,3985.15
-318.289,-6945.32,3959.06
-327.1,-6917.96,3972.71
-314.739,-6880.29,4070.11
-277.477,-7001.18,4022.19
-146.592,-7061.76,4031.73
-271.69,-7079.57,3955.3
-269.104,-7007.87,3962.9
-247.813,-6967.93,3914.45
-228.283,-6914.82,3813.47
-193.64,-6761.4,3751.97
-161.634,-6552.11,3751.69
-166.437,-6394.5,3726.61
-201.654,-5614.4,3259.27
