-1899.2,1238.62,9598.06
-2016.84,1233.69,9586.42
-1946.55,1216.83,9616.8
-1852.73,1208.5,9645.18
-1780.91,1261.17,9580.68
-1738.53,1324.99,9514.45
-1743.78,1345.9,9523.44
-1757.77,1287.89,9567.15
-1717.92,1165.3,9566.39
-1708.08,1126.82,9522.11
-1630.61,1148.62,9498.48
-1626.27,1146.21,9430.37
-1595.22,1125.3,9557.64
-1468.67,1028.89,9609
-1473.63,981.16,9679.28
-1450.03,953.627,9677.18
-1446.67,904.149,9637.5
-1579.67,864.464,9645.28
-1682.09,875.956,9651.11
-1670.23,919.998,9662.47
-1800.62,1059.06,9675.44
-1893.15,1049.91,9527.4
-1966.41,1028.18,9554.3
-1986.1,1020.85,9614.36
-1982.38,1047.67,9663.18
-1853.8,1096.79,9606.29
-1720.41,1155.78,9593.54
-1705.74,1246.67,9691.94
-1680.31,1348.93,9708.99
-1618.19,1313.45,9735.37
-1802.89,1374.57,9735.34
-1730.07,1174.54,9823.63
-1746.38,1144.45,9701.54
-1767.97,1168.02,9642.53
-1856.31,1230.61,9606.84
-1846.15,1208.53,9621.04
-1829.75,1194.17,9650.74
-1920.52,1251.65,9642.67
-1975.81,1235.09,9598.25
-2028.26,1216.83,9483.38
-2056.71,1168.19,9475.87
-2102.53,1219.72,9627.34
-1951.26,1265.05,9634.12
-1804.47,1224.51,9614.55
-1703.79,1239.58,9523.21
-1610.78,1235.14,9500.2
-1570.9,1209.89,9529.94
-1637.6,1218.34,9558.56
-1721.75,1209.1,9640.92
-1687.45,1132.17,9674.27
-1838.73,1021.71,9826.04
-1675.36,958.462,9818.06
-1671.12,1003.55,9732.42
-1762.1,929.163,9778.16
-1910.48,948.837,9806.85
-2094.19,1067.42,9737.61
-2205.44,1183.63,9677.33
-2271.57,1284.04,9677.12
-2409.16,1414.72,9595.73
-2376.86,1493.4,9420.34
-2505.37,1428.88,9628.09
-2453.97,1389.21,9498.81
-2469.69,1395.31,9485.48
-2482.03,1411.32,9498.99
-2431.25,1496.64,9524.71
-2347.39,1529.23,9486.14
-2283.8,1474.37,9439.5
-2274.62,1435.46,9481.79
-2291.59,1437.37,9578.34
-2231.44,1321.18,9659.58
-2274.29,1273.22,9801.91
-2188.53,1066.56,9823.82
-2221.39,1000.35,9893.8
-2280.75,849.166,9801.52
-2218.99,731.492,9793.97
-2148.94,652.658,9789.82
-2205.64,594.131,9778.18
-2318.29,528.05,9867.21
-2357.27,446.786,9985.77
-2459.54,477.004,9899.43
-2413.78,396.021,9981.19
-2426.61,357.435,10193.1
-2437.91,433.867,10403.5
-2502.58,350.11,10489.6
-2611.01,361.28,10587.8
-2592.86,350.219,10613.7
-2530.07,217.751,10610.6
-2499.87,3.09657,10644
-2379.13,-258.697,10645
-2316.43,-444.77,10678.5
-2317.68,-108.786,10571.8
-2678.14,60.7561,10639.3
-2781.25,203.896,10786.7
-3126.25,600.213,10767.1
-3590.21,911.849,11297.3
-4099.22,909.045,11651.1
-4536.64,686.124,11692
-4854.74,414.129,11840
-5156.55,157.163,12035.3
-5453.48,36.4502,12243.3
-5880.71,59.3241,12449.6
-6346.41,259.61,12562.5
-6802.27,246.456,12787.9
-7252.69,334.473,12911.6
-7620.38,444.381,13041.3
-7974.68,471.503,13072
-8277.36,423.39,13041.5
-8459.94,345.094,13022.2
-8585.53,279.507,12935
-8697.29,332.89,12824.8
-8717.01,331.968,12705.7
-8626.95,161.749,12538.4
-8579.57,46.0374,12173.7
-8402.92,-186.778,11817.5
-8255.95,-213.344,11543.8
-8135.19,0.434481,11360.2
-7978.72,-9.29086,11054.7
-7801.42,-190.796,10686.1
-7676.25,34.8666,10565.3
-7635.32,104.967,10336
-7703.04,248.358,10290.9
-7590.18,365.13,10040.9
-7435.52,452.168,9761.1
-7316.93,493.547,9439.59
-7231.87,479.16,9173.06
-7222.66,434.018,8928.45
-7211.37,469.978,8678.63
-7175.93,552.386,8396.75
-7223.99,534.1,8070.39
-7266.04,608.531,7842.4
-7353.26,671.658,7598.75
-7402.88,823.607,7399.86
-7365.47,915.284,7137.5
-7331.3,992.975,6858.43
-7360.59,1141.49,6637.95
-7361.34,1318.1,6442.19
-7247.17,1504.74,6295.92
-7067.8,1679.22,6217.85
-6916.8,1738.8,6176.85
-6726.76,1646.81,6246.44
-6561.49,1712.21,6192.91
-6422.8,1740.29,6200.39
-6341.91,1816.52,6404.1
-6248.84,1858.32,6484.44
-5949.79,1848.32,6695.01
-5572.74,1839.81,7017.54
-5234.44,1853.8,7290.55
-4930.65,1863.81,7421.93
-4658.31,1844.35,7417.95
-4431.43,1793.36,7334.57
-4154.08,1727.14,7380.73
-4170.97,1566.71,7324.09
-4151.98,1435.46,7234.41
-4170.4,1357.75,7093.44
-4251.98,1259.79,6948.03
-4305.86,1085.91,6788.03
-4310.08,904.344,6658.56
-4315.08,744.019,6579.95
-4344.6,531.437,6484.27
-4388.5,340.396,6380.04
-4396.32,228.014,6326.57
-4492.76,124.196,6316.06
-4528.5,74.3238,6238.1
-4560.21,68.3146,6302.72
-4459.45,1.68187,6602.15
-4222.24,-16.4689,6895.46
-3883.14,-14.9992,7205.63
-3430.32,-110.876,7616.23
-2908.44,-247.817,7984.54
-2524.92,-270.018,8355.91
-2043.53,-339.903,8669.12
-1816.9,-440.908,8754.37
-1610.57,-584.583,8800.66
-1419.23,-803.918,8778.26
-1347.49,-1053.72,8779.93
-1361.97,-1301.86,8758.55
-1423.72,-1526.91,8638.11
-1517.74,-1719,8492.41
-1606.36,-1878.27,8460.87
-1663.53,-2001.65,8448.39
-1696.01,-2143.94,8437.79
-1713.3,-2363.57,8393.26
-1670.13,-2346.93,8447.35
-1415.37,-2230.88,8714.11
-934.22,-2095.09,9142.38
-338.39,-2012.87,9590.34
290.433,-2068.47,9913.16
882.719,-2199.19,10098.4
1359.33,-2248.21,10268.9
1760.98,-2314.36,10470
2161.8,-2357.72,10570.4
2529.47,-2506.96,10764.1
2796.89,-2717.92,10819
2938.52,-2977.1,10726.3
3073.84,-3235.38,10659
3197.42,-3448.31,10639
3294.57,-3624.46,10614.2
3382.05,-3803.55,10553.5
3453.22,-4013.29,10485.5
3463.81,-4232.55,10491.6
3367.77,-4219.04,10509.9
3479.72,-4188.83,10451.4
3517.11,-4077.26,10574.5
3632.08,-3980.09,10796
3912.66,-3944.57,11014.1
4348.4,-4000.09,11232.7
4821.78,-4110.96,11399.8
5294.74,-4208.64,11469.9
5813.99,-4264.89,11485.8
6223.78,-4318.03,11459.8
6549.31,-4460.4,11507.7
6929.28,-4449.62,11556.4
7124.32,-4441.14,11484.6
7179.43,-4404.51,11502
7179.14,-4357.05,11512.3
7136.7,-4365.71,11427.9
7086.79,-4415.06,11323
7097.04,-4421.76,11256.1
7163.08,-4363.86,11164.7
7164.28,-4324.62,11088.8
7233.42,-4226.13,11120.7
7284.24,-4181.84,11167
7312.4,-4230,11208.5
7394.66,-4308.9,11308.8
7524.63,-4449.68,11426.1
7677.89,-4544.65,11558
7840.19,-4545.48,11633.3
7986.9,-4504.37,11636.5
8085.21,-4486.31,11667
8150.76,-4528.89,11693
8226.74,-4508.78,11656.3
8321.92,-4442.1,11669.3
8344.68,-4406.33,11654.1
8343.43,-4347.08,11581
8334.49,-4284.58,11483
8369.99,-4277.65,11395.5
8428.03,-4311.84,11302.1
8445.29,-4384.47,11183.4
8408.36,-4543.12,11063.9
8336.85,-4706.67,10960
8228.54,-4758.54,10860.2
8004.73,-4685.46,10861.7
7759.16,-4662.59,10906.9
7603.87,-4671.7,10914.4
7412.74,-4629.03,10916.7
7198.78,-4524.1,10961.3
7046.44,-4413.08,11007.3
6948.09,-4335.68,11003
6827.35,-4248.87,10978.3
6741.79,-4078.07,10969.2
6745,-3977.3,10933.2
6783.39,-4021.91,10839.8
6754.13,-3984.47,10676.8
6683.71,-3919.22,10487.1
6564.29,-3919.27,10342
6409.7,-3955.96,10205.4
6273.56,-3974.01,10069.7
6181.82,-3960.94,9992.4
6068.81,-3939.52,9991.96
5839.31,-3939.53,9966.94
5606.66,-3991.37,9880.15
5562.07,-4038.92,9787.82
5511.82,-4129.47,9811.48
5347.87,-4156.78,9869.43
5139.41,-4126.12,9917.08
4961.5,-4089.96,9962.02
4763.42,-4048.14,9983.71
4507.75,-4000.58,9957.3
4282.71,-3987.7,9921.01
4123.38,-3997.17,9944.81
3872.24,-4055.1,9955.28
3656.43,-4192.21,9975.53
3502.01,-4337.8,9992.43
3287.93,-4450.59,9997.33
3057.37,-4574.69,9987.5
2769.83,-4694.47,9965.66
2391.2,-4706.64,9959.83
1998.96,-4559.38,9990.67
1711.72,-4327.28,10039.3
1493.05,-4076.85,10079.7
1227.53,-3830.95,10138.2
1020.56,-3589.32,10177.9
982.661,-3314.25,10215
949.75,-3169.98,10314.9
910.069,-3106.41,10366.5
904.293,-3091.77,10322.6
881.967,-3120.69,10220.8
759.035,-3185.4,10152.3
551.301,-3274.58,10157.9
348.689,-3382.31,10111.3
45.2858,-3469.16,10003.4
-257.823,-3647.94,9995.57
-656.578,-3786.9,10027
-1163.48,-3853.04,10020.4
-1688.01,-3861.57,10050
-2200.39,-3820.44,10088.8
-2682.82,-3745.99,10102.8
-3153.5,-3600.64,10175.3
-3646.28,-3322.82,10400.5
-4085.26,-2996.25,10631.4
-4509.61,-2640.13,10786.9
-4754.86,-2306.74,10878.4
-4919.07,-2090.02,10929.1
-4994.33,-2038.48,10963.3
-5096.94,-2105.34,10982
-5253.11,-2229.49,10978
-5400.63,-2418.79,10934.6
-5528.98,-2650.18,10848.4
-5717.81,-2816,10753.7
-5970.65,-2897.11,10703.4
-6177.68,-3029.5,10679
-6476.64,-3120.29,10611.9
-6871.1,-3108.49,10624.4
-7264.95,-3040.85,10612.5
-7629.82,-2909.11,10583.9
-7951.16,-2650.13,10598.4
-8268.22,-2264.89,10612.4
-8565.02,-1802.19,10564.2
-8742.06,-1326.23,10488.1
-8815.25,-953.375,10424.6
-8847.27,-602.5,10406.7
-8993.32,-187.826,10489.8
-9151.81,137.691,10532.5
-9367.91,365.475,10658.7
-9624.84,524.237,10722.8
-9874.84,657.873,10692.7
-10105.7,768.869,10648.1
-10350.5,836.371,10618.9
-10632.1,862.473,10517.4
-10909.1,877.695,10305.6
-11159.3,947.158,10279.8
-11413.2,1171.45,10108.6
-11589.6,1387.69,9947.76
-11616.9,1619.72,9855.98
-11591.8,1771.18,9719.24
-11558.9,1944.31,9522.44
-11515.4,2214.35,9366.15
-11448.1,2494.82,9253.69
-11365.9,2676.19,9073.52
-11329.5,2838.1,8898.08
-11416.1,3023.28,8712.44
-11293.9,3287.49,8632.72
-11314.7,3558.82,8550.15
-11349.5,3817.11,8526.04
-11371.6,4039.85,8491.73
-11449.1,4199.16,8411.58
-11562.8,4356.31,8339.99
-11643.2,4493.78,8323.45
-11678.2,4504.01,8302.99
-11682.5,4521.33,8185.29
-11723.7,4538.16,8072.01
-11758.6,4673.57,8108.02
-11725.6,4815.73,8039.5
-11648.4,4890.72,7918.81
-11655.1,4907.84,7805.67
-11615.7,4901.51,7663.43
-11545.2,4908.2,7534
-11529.9,4925.13,7472.51
-11513.4,4936.71,7460.56
-11473.7,4988.29,7513.79
-11332.4,4933.99,7454.94
-11314,4900.77,7485.89
-11265.1,4734.97,7510.34
-11236.9,4678.89,7600.12
-11146.7,4618.48,7666.08
-11049,4564.48,7710.43
-11009.3,4543.96,7776
-10928.7,4495.02,7898.07
-10714.5,4375.5,8076.87
-10615.7,4302.18,8236.68
-10370.9,4128.76,8321.6
-10146.2,3971.72,8427.49
-9989.46,3790.86,8619.29
-9715.62,3633.59,8694.35
-9459.11,3500.71,8747.59
-9296.62,3382.02,8738.65
-9134.42,3180.46,8701.97
-8906.52,2925.85,8724.24
-8715.32,2789.01,8777.09
-8645.98,2662.03,8774.26
-8600.04,2469.81,8821.45
-8467.71,2403.67,8875.68
-8416.24,2283.65,8930.96
-8354.86,2033.29,9003.57
-8330.61,1856.24,9067.5
-8229.09,1712.29,9157.53
-8104.36,1540.94,9279.79
-8072.46,1378.91,9402.23
-8029,1239.68,9522.16
-7797.99,1020.53,9691.9
-7688.62,775.564,9926.52
-7596.92,623.957,9965.16
-7381.97,432.768,10073.5
-7280.82,179.323,10084.3
-7148.45,-53.7279,10161.5
-6960.62,-247.622,10213.4
-6822.09,-383.416,10148.1
-6689.48,-476.058,10068.4
-6441.5,-591.729,10089.1
-6322.4,-730.313,10050.3
-6147.29,-894.814,10012.8
-6039.74,-958.224,10042.1
-5601.68,-1067.81,10063.1
-5254.72,-1232.09,10045.8
-4906.6,-1417.93,10018.4
-4631.27,-1523.31,10036.4
-4313.33,-1563.97,10030.7
-3945.73,-1604.05,9974.76
-3718.57,-1638.39,9982.69
-3324.75,-1696.18,10048
-3034.22,-1881.99,10140.3
-2750.34,-1891.81,10293.4
-2634.18,-2053.76,10269.8
-2462.07,-2188.41,10154.4
-2363.16,-2415.69,10092.3
-2332.02,-2605.84,10062.9
-2309.2,-2729.59,10071.3
-2346.86,-2852.27,10081.6
-2485.73,-2973.89,10017
-2493.66,-3136.73,10043.2
-2555.67,-3203.26,10129
-2457.77,-3243.53,9941.35
-2350.55,-3452.82,9852.83
-2264.22,-3620.92,9779.27
-1995.65,-3766.1,9879.98
-1620.7,-3843.84,10027.1
-1192.96,-3891.01,10160.5
-748.272,-4008.04,10250.6
-379.136,-4192.53,10219.4
-23.7944,-4308.36,10202.8
269.948,-4404.42,9983.44
498.185,-4425.9,9938.14
628.531,-4414.5,9924.25
751.775,-4304.82,9950.5
747.626,-4268.73,10043.6
609.555,-4300.82,10089.1
420.984,-4379.11,10198.2
237.619,-4502.35,10371.2
69.5286,-4625.75,10372
-34.3478,-4726.65,10417.5
-117.136,-4930.34,10498.4
40.1465,-5049.59,10639.3
405.799,-5207.76,10759.3
654.227,-5394.71,10813.7
980.251,-5569.19,10851.7
1504.47,-5710.08,10928.3
2073.55,-5746.27,10999.7
2577.56,-5710.24,11066.3
3143.93,-5768.62,11173.1
3777.97,-5903.73,11138.5
4202.85,-5951.83,11056.7
4492.79,-6064.01,11194.3
4701.53,-6141.45,11175.6
4835.53,-6107.59,11294.1
4814.23,-6091.37,11345.7
4791.86,-6049.77,11346.2
4702.47,-6004.74,11355.3
4497.14,-6008.77,11416.1
4348.41,-6005,11528.8
4139.18,-5960.92,11497.5
3830.72,-6028.73,11429.2
3828.88,-6218.64,11400.1
3770.54,-6106.8,11413.5
3929.02,-6113.82,11477.1
4288.8,-5988.59,11698.3
4796.49,-5948.86,11780.3
5371.45,-5999.57,11731.4
5887.65,-6007.48,11687.4
6294.63,-5992.62,11529.9
6720.01,-5787.93,11274.2
6788.36,-5719.41,10989.6
6674.74,-5556.6,10666.8
6692.3,-5056.32,10935.1
6843.29,-4573.85,11101.1
7096.14,-4557.9,11115.1
7212.09,-4700.49,11172.4
7253.98,-4779.4,11297.2
7370.86,-4801.09,11423
7474.57,-4694.46,11544.9
7571.29,-4460.19,11583.1
7781.63,-4348.92,11660.7
8081.54,-4361.56,11770.4
8344.92,-4378.16,11669.8
8537.78,-4470.8,11597.7
8874,-4569.16,11448.5
9198.83,-4687.94,11320.4
9424.04,-4865.51,11206.5
9573.3,-5091.59,11071.1
9661.47,-5295.73,10972.7
9822.18,-5404.48,10818.2
9816.21,-5551.83,10752.7
9605.37,-5678.74,10601
9476.5,-5618.53,10459.7
9378.45,-5574.57,10413.5
9127.44,-5477.95,10314.1
8916.23,-5334.08,10202.7
8733.82,-5175.43,10083.2
8428.23,-5010.64,9974.71
8085.71,-4848.42,9960.13
7872.87,-4708.05,9916.11
7495.47,-4508.38,9774.63
7270.8,-4453.8,9608.23
7103.82,-4391.82,9438.78
6973.21,-4379.26,9341.49
6878.84,-4362.66,9307.39
6758.01,-4401.83,9196.29
6533.39,-4507.07,9058.49
6253.7,-4632.17,8993.39
6055.76,-4756.2,8932.01
5887.77,-4861.38,8822.79
5588.93,-4973.27,8667.07
5211.15,-5106.59,8756.35
4971.17,-5225.43,8717.51
4812.43,-5287.89,8742.78
4587.87,-5315.74,8943.15
4323.74,-5272.8,9135.95
4065.98,-5206.44,9276.98
3853.85,-5105.9,9419.23
3722.23,-4906.04,9526.07
3599.85,-4802.02,9605.53
3544.51,-4539.5,9464.16
3575.53,-4464.48,9487.3
3593.74,-4384.53,9627.68
3551.95,-4331.72,9670.5
3485.92,-4356.44,9740.49
3324.52,-4354.91,9857.74
3109.77,-4287.54,9894.05
2941.09,-4227.61,9887.77
2814.03,-4259.77,10025.9
2668.81,-4407.45,10129.9
2397.34,-4505.02,10187.1
2127.09,-4551,10245.9
1876.1,-4591.92,10240.1
1521.83,-4553.45,10375.5
1153.04,-4549.42,10409.5
800.639,-4559.83,10442.2
437.305,-4588.71,10494.7
58.4685,-4654.77,10485.3
-267.306,-4668.84,10447.2
-456.343,-4513.75,10422.1
-661.98,-4465.01,10427.9
-829.588,-4278.18,10618.3
-1051.54,-4097.07,10611.1
-1285.68,-3903.54,10593.3
-1401.14,-3824.43,10570
-1481.88,-3630.82,10551.9
-1551.99,-3380.44,10551.7
-1586.97,-3214.22,10549.6
-1642.89,-3029.23,10520.4
-1739.59,-2927.66,10496.6
-1773.96,-2984.72,10490.3
-1916.03,-2904.14,10543.4
-2045.61,-2927.91,10634
-2248.5,-2909.89,10606.8
-2471.98,-2876.78,10616.4
-2744.98,-2842.27,10637.9
-3094.37,-2781.16,10690.1
-3493.34,-2699.67,10787.9
-3890.98,-2614.41,10841.1
-4262.9,-2439.58,10861.8
-4691.95,-2282.18,10916.6
-4849.56,-2192.13,10988.9
-4950.44,-2083.29,11073.9
-5180.15,-2106.93,11198.9
-5384.98,-2141.39,11323
-5483.99,-2144.06,11363
-5555.52,-2131.42,11303.7
-5607.2,-2105.27,11244.5
-5554.73,-2044.97,11268.7
-5538.76,-1952.15,11262
-5401.32,-1864.94,11248.4
-5436.35,-1769.18,11283.6
-5508.7,-1753.36,11358.5
-5583.49,-1708.36,11516.5
-5773.98,-1626.29,11632.9
-6042.91,-1513.59,11692.8
-6333.85,-1420.96,11710
-6622.1,-1362.63,11695.4
-6886.24,-1274.04,11703.7
-7148.5,-1125.35,11798
-7515.89,-868.312,11792.2
-7878.87,-767.33,11811.5
-8124.09,-492.527,11864.1
-8221.8,-261.236,11845.7
-8359.51,-50.866,11763.2
-8477.54,204.953,11657.1
-8500.78,428.539,11518.5
-8488.81,621.064,11340.9
-8521.76,921.66,11192.9
-8539.38,1211.68,11132.2
-8557.64,1517.09,10917.8
-8591.77,1792.51,10831.8
-8601.48,2085.52,10811.2
-8675.9,2333.98,10758.5
-8760.99,2484.66,10686.4
-8820.31,2582.66,10648.7
-8867.37,2667.54,10672.7
-8917.49,2767.99,10695.1
-8984.65,2905.88,10611.6
-9136.38,3029.83,10444.3
-9318.6,3196.44,10300.4
-9421.15,3279.73,10216.8
-9409.35,3391.87,10081.4
-9410.76,3510.35,9946.98
-9399.03,3596.61,9835.97
-9316.15,3714.51,9742.8
-9190.25,3891.6,9646.34
-9084.99,4097.56,9544.4
-9009.55,4296.63,9440.61
-8936.56,4454.41,9292.6
-8816.91,4644.43,9169.46
-8678.05,4802.04,9172.99
-8622.87,5030.22,9142.06
-8595.08,5230.06,9016.74
-8562.82,5373.38,8885.8
-8512.99,5447.29,8811.11
-8477.86,5466.71,8789.34
-8480.07,5486.09,8796.81
-8515.33,5521.2,8819.15
-8613.71,5455.85,8823.18
-8630.27,5355.75,8784.82
-8554.26,5250.6,8812.17
-8556.02,5141.12,8859.21
-8551.03,5060.72,8808.76
-8458.47,4958.94,8676.25
-8353.84,4863.21,8504.17
-8251.2,4754.52,8379.42
-8084.9,4625.64,8365.91
-7873.87,4539.74,8427.7
-7770.06,4473.04,8479.4
-7716.52,4308.5,8540.53
-7655.77,4144.55,8596.43
-7597.37,4027.05,8746.68
-7529.32,4017.69,8915.19
-7485.28,3957.53,8996.96
-7464.28,3796.31,9029.07
-7415.14,3620.72,9056.19
-7310.87,3477.53,9079.46
-7208.07,3327.64,9101.42
-7190.3,3238.83,9143.63
-7231.51,3229.57,9216.84
-7348.57,3134.05,9350.13
-7402.27,3003.7,9476.79
-7415.8,2893.22,9528.38
-7428.78,2746.3,9519.74
-7420.61,2560.85,9500.19
-7354.62,2371.81,9481.32
-7223.81,2218.96,9478.03
-7068.01,2106.98,9527.59
-6949.54,1964.41,9594.78
-6819.54,1765.46,9628.48
-6630.01,1595.94,9648.17
-6495.34,1364.02,9649.5
-6367.98,1080.1,9627.16
-6272.28,822.202,9584.04
-6253.45,597.382,9557.39
-6281.68,393.687,9547.79
-6290.59,224.135,9533.51
-6268.14,81.1338,9523.79
-6253.91,-128.186,9551.68
-6229.41,-407.679,9629.66
-6156.75,-612.482,9702.79
-6065.53,-750.408,9748.97
-5937.83,-927.995,9829.44
-5742.96,-1112.04,9869.47
-5434.64,-1255.72,9909.05
-5062.02,-1329.42,9967.5
-4715.33,-1367.75,10014.2
-4419.79,-1447.22,10040.5
-4159.31,-1561.61,10061.2
-3952.91,-1663.36,10030.4
-3821.32,-1772.66,10017.4
-3741.44,-1918.87,9996.66
-3714.88,-2077.56,9983.92
-3729.9,-2253,9982.04
-3739.69,-2436.48,10010.4
-3756,-2622.99,10052.2
-3792.94,-2838.82,10092.3
-3815.02,-3119.04,10140.6
-3840.73,-3439.24,10169.6
-3925.95,-3749.75,10228.4
-4054.64,-3993.82,10383.8
-4039.08,-4189.22,10580.8
-3808.65,-4350.89,10702.7
-3492.06,-4508.3,10767.6
-3211.68,-4729.16,10789.7
-2982.07,-4975.5,10767.6
-2769.69,-5186.89,10744.5
-2537.69,-5369.4,10786.4
-2191.92,-5469.62,10844.1
-1761.35,-5429.79,10838.1
-1307.61,-5500.51,10879.9
-883.14,-5593.31,10948.4
-561.892,-5602.06,10891
-312.337,-5557.44,10799.4
-179.079,-5500.68,10765.9
-155.845,-5504.59,10736
-202.239,-5551.4,10648.3
-301.234,-5540.02,10561.7
-392.566,-5542.08,10517.8
-449.023,-5557.92,10476.4
-427.983,-5557.69,10473.7
-361.845,-5591.55,10467.6
-298.588,-5634.92,10548.4
-160.385,-5685.28,10823.9
254.069,-5821.78,11154.6
852.25,-6066.53,11471.5
1416.24,-6388.68,11767.9
1952.08,-6753.72,11947.2
2557.8,-7068.71,11956.8
3038.95,-7208.63,12047.4
3381.27,-7234.14,12074.5
3747.87,-7169.15,11960.9
3987.2,-7130.07,11882
4115.7,-7119.38,11761.4
4170.76,-7123.67,11613.9
4204.93,-7080.83,11446.2
4215.44,-6986.1,11247.4
4154.84,-6975.79,11034
4093.61,-7147,10811.5
4105.1,-7140.95,10664.7
4286.36,-7209.91,10636.7
4602.74,-7255.85,10626.6
4973.02,-7326.19,10660
5368.68,-7382.17,10739.5
5805,-7321.09,10787.8
6278.69,-7232.47,10842.8
6778.67,-7187.49,10933.3
7282.62,-7096.07,10964.7
7686.75,-7030.87,10942.9
7899.34,-6910.34,10945.8
8200.2,-6675.04,11004
8597.35,-6526.67,10918.7
8846.24,-6408.28,10878
9064.54,-6283.61,10892.6
9318.5,-6266.37,10875.3
9494.42,-6242.92,10798.5
9581.11,-6071.94,10715.2
9723.52,-5875.64,10683.3
9808.44,-5780.13,10697.5
9911.07,-5719.62,10602.4
9961.59,-5538.75,10557.4
9964.13,-5374.97,10590.2
9983.87,-5225.57,10644.2
9974.72,-5197.42,10621.7
9978.55,-5226.07,10549.8
9984.97,-5293.53,10478.9
9917.7,-5396.03,10444.4
9760.67,-5452.48,10422.5
9624.15,-5449.97,10274.3
9577.33,-5394.39,10205.7
9434.59,-5379.08,10159.6
9171.15,-5314.33,9976.24
8857.4,-5230.61,9856.81
8580.38,-5087.16,9791.8
8203.31,-5005.33,9787.08
7808.51,-4986.55,9793.84
7505.54,-4953.23,9758.01
7155.29,-4917.56,9694.31
6722.7,-4902.26,9621.14
6423.97,-4910.08,9564.13
6099.43,-4801.36,9592.24
5852.92,-4657.03,9591.09
5616.53,-4647.95,9533
5381.1,-4728.29,9469.68
5194.01,-4808.05,9344.41
5074.2,-4855.92,9185.89
4984.47,-4888.26,9084.28
4882.8,-4954.95,9069.29
4780.06,-5140.71,9132.13
4662.77,-5258.9,9157.77
4670.96,-5339.63,9224.57
4552.14,-5382.54,9253.13
4447.32,-5408.93,9282.55
4258.95,-5476.95,9282.1
4157.88,-5572.78,9258.48
4117.83,-5638.49,9314.61
4025.92,-5635.76,9415.23
3938.14,-5614.76,9411.86
3812.84,-5679.13,9496.35
3567.04,-5512.43,9687.34
3528.54,-5425.87,9802.27
3514.36,-5256.3,9870.39
3432.25,-5012.41,9951.11
3357.71,-4945.37,9970.5
3243.61,-4970.9,9993.36
2962.54,-4981.94,10079.6
2593.75,-5037,10171.3
2361.01,-5186.68,10201.8
2139.87,-5263.22,10269
1982.49,-5305.25,10268
1732.6,-5416.58,10224.6
1480.69,-5618.12,10269.3
1235.66,-5750.67,10305.6
998.443,-5745.38,10384.5
753.912,-5759.83,10436.9
524.304,-5799.67,10440.1
313.98,-5792.73,10432
86.2425,-5786.88,10448.5
-126.176,-5775.76,10536.5
-264.455,-5620.13,10492.8
-405.883,-5408.01,10612.8
-565.868,-5206.36,10679.1
-576.121,-5050.2,10732.7
-686.274,-4931.28,10739.6
-815.923,-4786.54,10689.8
-952.476,-4624.45,10605.1
-1123.88,-4527.78,10537.4
-1243.58,-4504.05,10484.5
-1376.11,-4394.75,10310.8
-1605.73,-4301.9,10228.7
-1944.31,-4485.51,10106.8
-2148.96,-4549.76,9917.06
-2584.29,-4448.89,9882.38
-2947.03,-4359.67,9903.67
-3177.89,-4260.09,9934.14
-3343.56,-4130.31,9981.2
-3568.2,-4000.5,10034
-3934.98,-3869.01,10087.6
-4243.26,-3711.32,10234.3
-4595.21,-3395.27,10521.2
-4734.01,-3116.73,10752.9
-5197.36,-2851,11063.6
-5544.03,-2509.4,11406.4
-5865.64,-2252.01,11566.5
-6074.34,-2174.33,11603.6
-6271.56,-2135.4,11525.6
-6524.22,-2101.46,11284.1
-6622.9,-2193.62,10983.9
-6593.49,-2153.75,10814
-6880.84,-2178.29,10628.6
-6949.09,-2004.13,10442.7
-7112.98,-1944.92,10340.4
-7303.2,-1941.31,10302.6
-7491.9,-1763.71,10246.5
-7594.03,-1516.15,10333.4
-7615.59,-1371.3,10439.6
-7662.1,-1275.65,10438.2
-7821.11,-1036.32,10468.3
-8082.49,-711.046,10427.7
-8359.33,-570.839,10535.8
-8655.54,-253.045,10646.8
-8827.02,209.499,10670.6
-9197.62,533.132,10681.5
-9620.64,884.093,10742.3
-10020.9,1226,10716.7
-10349.6,1586.08,10705.5
-10636.8,1964.33,10743.9
-10956.6,2228.23,10649.8
-11174.8,2439.66,10655.9
-11325.8,2648.28,10696.5
-11364.2,2773.95,10448.9
-11571,2902.63,10361.2
-11626.2,2947.64,10318.3
-11651.6,3022.56,10260
-11647.5,3155.27,10091.3
-11633.8,3356.83,9865.23
-11577.6,3524.69,9670.31
-11406.7,3539.79,9505.98
-11315.9,3627.13,9408.86
-11159.5,3589.72,9195.81
-11057.1,3710.57,9220.49
-10965.8,3876.56,9166.08
-10794.3,3946.29,9022.44
-10632.4,4042.38,8945.9
-10468.7,4184.8,8844.63
-10309.6,4327.13,8704.85
-10186.6,4441.56,8600.09
-10093.9,4517.36,8543.34
-10037.3,4519.73,8553.52
-10112.2,4500.84,8512.76
-10205.3,4634.67,8468.06
-10292.5,4653.07,8544.21
-10168.7,4685.97,8455.08
-10143,4713.82,8439.53
-10065.3,4729.71,8504.35
-9994.36,4713.57,8566.59
-10031.3,4632.65,8578.13
-9970.28,4516.46,8539.67
-9791.58,4477.42,8538.23
-9627.85,4361.7,8572.8
-9542.51,4356.89,8482.87
-9488.79,4349.12,8485.55
-9387.59,4319.47,8467.55
-9209.15,4147.22,8374.34
-9109.65,4002.54,8400.47
-9101.91,3866.01,8555.76
-9141.86,3688.91,8737.82
-9196.27,3595.72,8943.2
-9029.92,3462.73,9099.49
-9109.72,3185.2,9199.19
-9084.05,2879.45,9122.21
-9026.72,2609.99,9105.05
-9021.06,2386.97,9027.2
-8923.81,2223.06,9018.49
-8791.42,2131.52,9026.27
-8641.94,2080.3,8992.72
-8504.07,2043.14,8918.33
-8451.14,2030.75,8815.78
-8341.84,2016.67,8738.26
-8291.52,1991.81,8699.27
-8248.59,1984.56,8731.79
-8269.54,1838.39,8586.21
-8168.77,1729.8,8473.53
-8137.47,1625.81,8450.68
-8123.12,1468.63,8457.96
-8078.01,1351.6,8505.47
-8056.5,1265.8,8600.13
-8078.35,1051.67,8673.57
-8061.34,842.896,8734.47
-7959.04,542.481,8727.32
-7759.27,280.798,8933
-7651.24,80.9177,8987.87
-7471.38,-42.1275,9055.94
-7251.77,-201.205,9140.04
-7056.04,-442.352,9094.43
-6871.07,-678.445,8963.57
-6632.06,-858.819,8895.6
-6321.43,-1014.87,8882.04
-6015.6,-1066.33,8811.99
-5755.62,-1229.64,8798.81
-5471.59,-1404.25,8774.08
-5092.57,-1635.52,8745.96
-4768.98,-1900.25,8684.1
-4416.07,-2161.07,8713.8
-4097.44,-2384.13,8788.03
-3782.38,-2586.03,8898.99
-3476.3,-2806.14,9070.53
-3315.14,-3075.08,9262.45
-3220.99,-3417.46,9450.69
-3137.81,-3686.4,9523.15
-2928.82,-3894.25,9580.93
-2863.09,-4084.32,9620.54
-2775.54,-4238.73,9668.83
-2735.4,-4261.76,9659.26
-2709.57,-4234.69,9645.64
-2675.33,-4223.86,9663.99
-2694.27,-4275.44,9741.62
-2832.1,-4446.3,9934.91
-3017.53,-4666.88,10208.2
-2978.02,-4907.9,10446.6
-2662.45,-5275.9,10896.4
-2161.24,-5669.55,11084.5
-1604.89,-6057.27,11298.4
-1087.97,-6378.42,11518.1
-659.542,-6566.68,11666.6
-281.138,-6585.78,11710.2
70.8695,-6498.26,11669.5
353.987,-6418.03,11581.1
594.12,-6335.67,11438.6
847.582,-6252.05,11139.6
995.347,-6237.8,10984.2
1037.29,-6223.6,10784.6
1076.62,-6124.62,10587.4
1023.32,-6009.77,10442.5
901.18,-5942.04,10293.6
865.131,-5992.66,10210.2
1028.26,-6147.83,10282
1354.21,-6315.66,10476.7
1790.95,-6547.51,10802.2
2506.35,-6911.59,11205.2
3185.16,-7306.02,11677
3938.37,-7680.1,12088.8
4811.22,-7983.39,12410.1
5655.32,-8283.44,12625.8
6429.35,-8566.11,12714.6
7046.86,-8756.65,12663.7
7436.03,-8849.66,12533.3
7640.08,-8888.59,12433.2
7690.72,-8777.34,12359.3
7628.08,-8535.65,12183.3
7475.95,-8289.09,12102.4
7263.2,-7991.3,12035.4
7069.79,-7823.78,11877.2
6829.19,-7631.13,11648
6548.24,-7472.97,11420.3
6335.59,-7380.99,11204.3
6262.18,-7272.76,11012.3
6283.16,-7113.26,10904.7
6359.51,-7004.99,10857.7
6529.45,-6927.42,10772.8
6596.39,-6688.66,10735
6656.1,-6542.84,10759.9
6822.15,-6437.1,10770.3
7067.71,-6262.68,10748.3
7292.1,-5996.46,10781.8
7490.91,-5731.41,10823
7726.51,-5546.84,10777.8
7986.52,-5416.63,10673.4
8161.97,-5289.3,10553.4
8274.39,-5097.41,10418.5
8269.88,-4839.97,10358.1
8213.81,-4606.81,10292.6
8191.13,-4451.36,10146.6
8219.78,-4407.2,9958.78
8211.67,-4387.11,9813.8
8150.74,-4363.46,9742.75
8052.45,-4362.38,9722.14
7888.64,-4367.7,9712.91
7700.04,-4352.91,9678.41
7576.64,-4340.24,9704.38
7365.5,-4415.42,9747.8
7252.86,-4525.79,9714.21
7171.23,-4555.45,9672.45
7035.62,-4565.08,9627.73
6931.13,-4581.19,9563.28
6905.17,-4548.02,9511.21
6862.69,-4466.62,9485.84
6689.35,-4399.69,9426.12
6439.22,-4260.14,9297.98
6220.71,-4126.66,9202.88
5958.02,-4045.83,9116.67
5745.58,-3948.86,9079.9
5567.83,-3843.13,9024.88
5424.03,-3756.16,8974.09
5289.64,-3684.05,8940.9
5184.8,-3598.87,8930.61
5091.17,-3499.68,8920.22
4955.15,-3423.71,8866.67
4882.17,-3386.76,8786.24
4861.22,-3393.98,8762.03
4816.42,-3442.92,8757.15
4761.41,-3452.74,8780.78
4682.82,-3498.84,8851.2
4576.35,-3622.52,8878.85
4465.77,-3764.05,8909.3
4421.68,-3901.17,8971.62
4417.27,-4032.4,9002.94
4334.79,-4130.55,8961.81
4237.3,-4207.66,8954.17
4147.18,-4180.74,8975.83
4015.31,-3997.07,9085.87
3921.9,-3878.91,9255.48
3740.09,-3834.5,9463.35
3527.57,-3805.48,9686.26
3293.91,-3755.78,9890.12
3068.3,-3692.94,10052.3
2929.41,-3625.08,10150.9
2899.14,-3563.39,10191.8
2833.84,-3570.83,10266.5
2668.33,-3534,10348.4
2431.07,-3404.92,10311
2201.13,-3454.56,10258.7
1979.22,-3561.01,10272.3
1824.46,-3662.43,10318.3
1725.63,-3768.04,10318.7
1625,-3872.21,10266.2
1462.11,-3958.3,10212.6
1230.29,-4005.34,10172.3
1023.76,-3959.18,10093.5
898.835,-3999.32,10063.5
657.243,-4057.76,10062.5
479.044,-3987.62,10105
417.679,-3917.52,10177.5
345.843,-3826.26,10193.2
305.816,-3646.95,10223.3
309.286,-3412.87,10292.5
275.677,-3238.37,10332.3
164.771,-3162.92,10299.7
53.5341,-3058.89,10241.1
-71.6062,-2914.26,10220.5
-299.436,-2758.05,10283.4
-461.39,-2699.05,10227.7
-581.973,-2712.93,10186.4
-771.743,-2772.14,10159.9
-967.596,-2796.64,10134.9
-1159.8,-2780.02,10136.4
-1374,-2777.31,10167.2
-1547.42,-2809.81,10178.2
-1635.31,-2845,10161.6
-1806.52,-2845.35,10181.9
-2004.6,-2803,10110.4
-2145.65,-2788.42,10052.8
-2302.82,-2822.49,10162.4
-2502.89,-2735.25,10320.5
-2735.43,-2565.54,10472.7
-3000.13,-2388.07,10598.9
-3231.4,-2227.83,10666.9
-3343.59,-2095.08,10672.5
-3449.24,-1977.15,10679.2
-3516.48,-1856.62,10646.4
-3504.03,-1714.42,10597.3
-3581.67,-1660.52,10444.9
-3653.13,-1615.84,10305
-3796.81,-1535.8,10187.2
-3971.66,-1416.42,10106.6
-4082.68,-1278.6,10091.6
-4154.95,-1139.01,10146.3
-4296.52,-993.06,10263.6
-4458.55,-849.216,10460.1
-4725.85,-865.004,10524
-4968.47,-860.04,10617.9
-5130.34,-843.498,10712.5
-5301.62,-857.334,10612.9
-5403.22,-722.525,10500.1
-5419.64,-504.302,10453.9
-5404.47,-314.475,10428.3
-5427.38,-101.107,10360.8
-5496.66,228.293,10281.2
-5532.93,508.359,10306.8
-5686.12,705.335,10239.9
-5794.08,879.42,10202.2
-5853.62,1074.96,10195
-5985.61,1216.63,10207.3
-6135.77,1338.02,10298.8
-6332.94,1440.49,10342.1
-6554.93,1508.59,10371.9
-6751.07,1569.92,10445.6
-6930.23,1649.42,10468.9
-7096.92,1659.84,10488.5
-7207.44,1689.97,10485.4
-7349.15,1861.01,10527
-7519.14,1962.52,10497.2
-7604.03,2122.74,10371.7
-7618.02,2302.94,10317.5
-7566.32,2439.09,10211.3
-7532.72,2597.87,10066.6
-7545,2823.56,9973.35
-7500.94,3014.46,9886.64
-7406.15,3117.8,9836.98
-7384.73,3168.17,9877.49
-7426.41,3210.27,9752.06
-7519.87,3179.34,9781.62
-7577.81,3179.19,9874.21
-7590.31,3204.57,9860.65
-7651.5,3206.97,9855.32
-7751.89,3176.21,9902.91
-7848.76,3134.78,9932.54
-7950.32,3104.54,9923.29
-7987.56,3114.95,9887.11
-8100.85,3178.37,9796.51
-8083.43,3272.68,9814.15
-8117.38,3430.49,9792.3
-8162.76,3552.27,9777.1
-8110.75,3630.7,9684.04
-8062.81,3680.61,9632.92
-8108.21,3667.04,9625.58
-8165.29,3628.14,9568.16
-8143.85,3687.5,9482.72
-8189.06,3787.97,9451.98
-8083,3756.96,9396.69
-7980.17,3673.27,9446.88
-7806.79,3675.34,9352.11
-7679.73,3521.56,9367.5
-7605.68,3322.33,9360.44
-7535.44,3179.51,9320.63
-7475.71,3025.48,9341.82
-7446.42,2830.72,9438.49
-7410.95,2716.03,9517.03
-7318.15,2682.06,9559.77
-7081.19,2654.28,9601.34
-7079.42,2602.96,9669.14
-7057.82,2519.13,9638.6
-6961.12,2530.15,9630.3
-6905.97,2490.03,9663.63
-6871.58,2455.39,9803.68
-6815.3,2455.06,9890.13
-6795.43,2415.81,9870.46
-6856.41,2291.37,9933.26
-6836.34,2139.18,9921.64
-6894.76,2099.67,9900.77
-6868.41,1974.64,9847.33
-6842.57,1797.92,9823.08
-6701.2,1714.04,9876.33
-6478.49,1658.34,9881.32
-6302.38,1506.38,9873.89
-6157.84,1317.85,9820.71
-5985.83,1223.75,9744.08
-5838.08,1207.06,9770.52
-5738.2,1147.73,9756.95
-5556.64,1042.14,9672.95
-5488,940.95,9655.97
-5504.43,791.643,9680.07
-5366.12,673.059,9666.91
-5222.39,483.226,9700.47
-5287.61,237.276,9679.68
-5412.14,80.98,9673.23
-5433.32,1.2516,9752.02
-5462.5,-193.376,9798.69
-5457.22,-424.482,9834.72
-5541.76,-571.739,9760.86
-5461.57,-717.151,9903.18
-5401.36,-979.71,9950
-5201.73,-1102.44,9968.21
-4987.06,-1194.04,10019.9
-4711.98,-1297.41,10008.6
-4408.99,-1420.69,9927.12
-4152.74,-1586.98,9846.59
-3907.67,-1797.31,9790.5
-3640.65,-1990.12,9780.44
-3357.1,-2118.47,9833.98
-3009.14,-2294.38,9925.86
-2697.5,-2527.71,9936.63
-2390.93,-2656.09,9920.84
-2105.37,-2787.79,9931.27
-1955.34,-2896.5,9900.04
-1908.84,-2978.39,9894.98
-1928.85,-3101.26,9968.63
-2058.91,-3253.59,10013
-2157.69,-3288.93,10043.9
-2407.99,-3458.01,10165.7
-2494.29,-3558.93,10222.8
-2515.27,-3874.03,10469.4
-2490.11,-4156.46,10555.7
-2343.59,-4366.29,10681.6
-2154.39,-4668.21,10806.7
-1919.62,-5013.46,10782.6
-1628.08,-5242.62,10685.6
-1355.24,-5377.65,10711.8
-1045.49,-5511.19,10700.8
-631.319,-5447.64,10683.7
-195.386,-5494.56,10641.5
81.9378,-5542.19,10594.7
457.682,-5567.02,10426.9
641.681,-5584.65,10341.3
697.618,-5578.58,10198.1
799.236,-5572.04,10038.1
960.221,-5502.58,10008.5
1174.19,-5339.72,10095.3
1661.31,-5437.43,10319.1
2120.11,-5434.89,10356.9
2296.36,-5631.38,10583.7
2572.51,-5765.21,10542.1
2758.26,-5884.02,10695.6
3138.28,-5828.32,10789
3508.63,-5762.94,10757.5
3873.49,-5781.96,10789
4336.97,-5847.79,10938.3
4749.34,-5903.92,11021.2
5093.11,-5841.51,11037.9
5421.72,-6105.06,11080.8
5493.3,-6098.49,11101.8
5671.68,-6186.23,11099.7
5768.34,-6286.3,11214.6
5845.19,-6300.2,11201.6
5897.14,-6368.51,11204.8
5966.08,-6449.11,11214.4
6025.98,-6471.11,11154
6008.5,-6516.71,11108.8
6138.83,-6483.37,10973.1
6322.25,-6480.47,10780.2
6452.95,-6326.63,10796.6
6606.98,-6280.51,10578.3
6848.93,-6214.53,10559.4
7142.73,-6163.22,10499.7
7416.34,-6078.23,10499.2
7660.7,-5923.13,10544.2
7876.71,-5738.09,10482.3
8014.64,-5599.28,10331.3
8062.05,-5531.77,10236.4
8126.22,-5406.97,10206.5
8072.94,-5184.01,10230
8058.85,-5027.39,10169.8
8119.14,-4871.3,10015.1
8149.43,-4755.09,9926.8
8129.56,-4631.87,9905.61
8046.5,-4472.86,9870.57
7929.23,-4304.45,9836.18
7854.59,-4160.57,9872.9
7809.93,-4038.94,9859.26
7904.7,-3815.4,9689.34
7737.8,-3719.85,9634.26
7679.38,-3623.3,9654.64
7596.91,-3547.22,9679.6
7518.16,-3498.23,9680.66
7469.94,-3480.34,9614.49
7408.62,-3473.07,9546.28
7285.2,-3458.24,9493.94
7124.51,-3454.9,9362.46
6970.84,-3476.25,9216.93
6660.61,-3355.19,9073.47
6583.79,-3198.74,9085.92
6278.85,-3177.24,9020.54
6090.46,-3100.57,9092.25
5900.19,-3092.62,9084.31
5663.51,-3060.58,9042.18
5436.82,-2968.37,9070.65
5233.07,-2856.31,9155.8
4983.95,-2730.59,9217.89
4702.96,-2655.81,9237.77
4637.56,-2622.37,9286.63
4455.07,-2511.53,9300.26
4403.54,-2496.72,9428.87
4236.27,-2588.13,9401.71
4179.56,-2629.89,9366.42
4150.12,-2716.14,9295.7
4133.21,-2773.47,9190.96
4128.62,-2777.93,9126.53
4032.91,-2882.06,9111.24
3962.54,-2889.83,9070.89
3833.25,-3034.15,8975.76
3737.72,-3130.21,8960.52
3617.22,-3260.07,8924.13
3538.76,-3436.84,8852.16
3448.59,-3570.68,8817.09
3367.44,-3540.15,8805.75
3311.05,-3408.28,8898.11
3221.75,-3239.38,9106.31
3098.03,-2973.26,9271.26
3149.01,-2709.44,9388.55
3178.62,-2545.74,9594.82
3158.73,-2467.12,9676.84
3145.62,-2371.6,9824.11
3076.9,-2306.82,9918.68
2962.98,-2341.3,9948.61
2818.4,-2412.49,10010.8
2717.18,-2463.38,10073.7
2680.29,-2486.32,10058.7
2607.46,-2504.79,9995.83
2452.53,-2583.49,9943.73
2311.48,-2663.47,10033.4
2135.78,-2683.8,9989.23
1974.53,-2869.06,9956.84
1806.97,-3050.12,9904.81
1653.06,-3184.78,9910.49
1529.64,-3233.89,9971.91
1419.91,-3159.28,9986.17
1307.56,-3030.43,9963.07
1194.75,-2981.2,10048.9
1075.65,-2950.82,10174.2
1073.24,-2774.82,10112.7
988.705,-2548.56,10205.2
908.441,-2264.93,10308.9
765.957,-2104.47,10308.1
743.778,-1961.17,10357.4
749.467,-1811.39,10428.2
722.38,-1681.92,10447.6
650.63,-1610.46,10398.1
531.659,-1609,10310.3
534.132,-1603.23,10253.2
313.512,-1629.54,10200.6
172.044,-1694.66,10199.1
140.262,-1622.62,10162.6
95.3038,-1637.37,10108.9
-38.587,-1748.99,10135.4
-233.911,-1835.49,10192.9
-445.19,-1866.28,10229.1
-613.694,-1933.85,10282.8
-710.455,-2070.3,10380.9
-853.105,-2108.21,10397.8
-1024.69,-2099.55,10373.9
-1223.4,-2232.3,10514.3
-1380.74,-2273.21,10611.4
-1512.83,-2263.56,10724.8
-1602.03,-2207.78,10800.3
-1713.42,-2081.51,10815.7
-1847.96,-1895.57,10814
-1970.54,-1698.05,10845.7
-2099.54,-1510.83,10907.3
-2238.18,-1271.71,10948.3
-2266.29,-888.654,10927.7
-2312.34,-665.025,10972
-2192.72,-441.928,10914.7
-2081,-228.428,10800.4
-1996.67,-129.443,10688.9
-1994.37,-100.06,10535
-2044.62,-6.10344,10312.1
-2138.88,152.097,10114.1
-2321.49,229.231,10047.9
-2456.08,237.298,10002.2
-2574.52,272.528,9862.14
-2819.67,317.789,9708.32
-3072.53,323.132,9658.21
-3258.18,308.132,9584.18
-3379.4,317.342,9583.36
-3537.71,377.871,9591.29
-3694.61,497.437,9601.79
-3805.78,672.411,9643.41
-3957.2,886.958,9685.54
-4135.71,1100.72,9765.08
-4276.74,1243.51,9836.71
-4383.74,1392.47,9861
-4467.76,1603.53,9900.65
-4585.16,1744.79,9987.91
-4709.83,1838.28,10125.5
-4774.36,1904,10293.4
-4799.49,1957.14,10429.4
-4886.43,1973.35,10458.9
-5055.63,1934,10381.7
-5147.83,1963.5,10318.6
-5259.2,2072.39,10279.7
-5371.88,2096.4,10210.6
-5431.27,2073.92,10204.1
-5519.2,2123.11,10179.3
-5584.02,2174.31,10141.1
-5618.73,2188.7,10147.7
-5635.57,2183.22,10172.3
-5642.62,2193.8,10167.3
-5670.42,2234.11,10158.4
-5770.95,2282.7,10176
-5815.14,2359.51,10256.5
-5909.48,2502.78,10386.4
-6030.95,2620.49,10422.6
-6153.59,2781.9,10410.1
-6293.72,2891.45,10397.3
-6429.11,2969.34,10421.7
-6538.18,3049.89,10442.6
-6653.86,3142.93,10410
-6813.21,3256.31,10349
-6939.49,3372.24,10310.4
-7018.68,3505.43,10296.1
-7067.09,3670.57,10280.2
-7063.44,3758.42,10193.4
-7068.23,3750.16,10071.5
-7058.91,3775.53,9997.92
-7018.76,3866.2,9904.24
-6996.61,3969.51,9765.09
-7008.51,4052.57,9634.44
-6974.42,4129.31,9542.16
-6856.99,4187.12,9470.22
-6796.79,4277.38,9457.17
-6712.03,4362.1,9531.68
-6666.85,4369.96,9575.36
-6723.54,4351.03,9537.12
-6735.67,4298.24,9558.96
-6707.27,4185.47,9613.99
-6685.5,4095.85,9653.14
-6713.54,4103.26,9722.74
-6829.11,4119.62,9866.69
-6976.35,4015.38,9967.62
-7002.28,3961.69,10011.3
-7055.34,4032.43,9982.21
-7120.02,3992.01,10017.2
-7132.96,3934.76,9998.69
-7135.4,3906.69,9952.64
-7117.99,3846.6,9931.28
-7073.1,3763.63,9931.29
-7000.47,3729.86,9928.25
-6905.45,3738.16,9905.75
-6846.21,3674.88,9813.12
-6828.38,3584.86,9697.69
-6858.51,3580.88,9621.78
-6872.76,3547.07,9666.74
-6881.74,3478.89,9730.31
-6970.97,3362.53,9751.53
-7070.51,3233.78,9758.27
-7124.83,3093.99,9732.72
-7123.27,2937.23,9682.93
-7062.49,2776.98,9670.73
-7014.03,2574.59,9624.18
-7061.33,2366.53,9555.59
-7065.8,2221.45,9547.59
-7019.63,2079.11,9548.95
-6902.31,1907.08,9541.66
-6719.04,1689.02,9518.12
-6529.33,1408.6,9478.09
-6368.56,1104.3,9506.58
-6220.25,830.802,9615.79
-6051.57,569.037,9679.05
-5854.29,241.365,9698.29
-5639.15,10.2051,9829.46
-5390.4,-198.284,10008.5
-5191.29,-423.612,10185.1
-4972.78,-680.02,10412
-4727.64,-991.374,10618.8
-4552.33,-1296.7,10808.5
-4446.34,-1569.46,10991.3
-4325.86,-1842.14,11108.1
-4201.07,-2119.77,11122.5
-4195.34,-2328.37,11168.6
-4049.58,-2474.91,11154.5
-3932.87,-2666.94,11025
-3856.57,-2808.88,10955.8
-3825.89,-2932.42,10881.4
-3803.7,-3025.77,10715.9
-3739.78,-3123.32,10598
-3618.67,-3263.55,10559.5
-3464.03,-3470.95,10558.1
-3304.23,-3734.59,10620.3
-3130.66,-3975.22,10692
-2867.43,-4215.8,10683.8
-2420.46,-4479.43,10754
-1984.72,-4728.08,10807.1
-1581.26,-4948.06,10871.3
-1182.74,-5138.15,10994.2
-740.323,-5347.72,11097.8
-212.982,-5526.94,11154.9
323.747,-5622.3,11172.6
727.333,-5694.1,11135.9
1037.82,-5786.29,11102.3
1262.05,-5843.66,11041.5
1258.85,-6009.18,10976.9
1151.84,-6116.9,10879.5
998.133,-6180.9,10745.7
870.745,-6227.3,10577.6
718.05,-6252.39,10479.6
565.141,-6253.16,10472
492.501,-6287.23,10491.3
528.36,-6416.17,10509.6
687.849,-6552.54,10554
884.582,-6666.23,10658.8
1295.42,-6684.9,10818.7
1839.13,-6759.5,11041.4
2455.4,-6846.67,11260.1
3046.16,-7006.85,11437.9
3585.29,-7177.86,11543.5
4021.78,-7299.41,11635.6
4337.56,-7373.07,11725.2
4589.2,-7412.59,11702.5
4781.59,-7411.99,11566.4
4991.48,-7434.1,11452.8
5066.9,-7291.13,11233.5
5255.76,-7235.31,11057.7
5382.36,-7258.44,10913.1
5365.71,-7370.68,10735
5311.88,-7416.53,10586.2
5284.83,-7341.39,10458
5271.56,-7227.57,10339.9
5283.72,-7122.21,10281.5
5359.59,-6949.01,10186.2
5449.29,-6631.56,10033.9
5594.21,-6326.98,10067.9
5793.99,-6001.89,10215.1
6082.65,-5831.57,10371.8
6506.33,-5743.55,10394.4
6905.51,-5710.41,10392.5
7207.17,-5687.79,10395.6
7415.68,-5585.9,10376.7
7520.02,-5403.77,10383.2
7623.74,-5314.45,10376.9
7752.86,-5063.7,10318
7873.4,-4864.88,10345.4
8014.52,-4729.79,10296.4
8174.65,-4563.36,10244.4
8319.3,-4422.07,10235.7
8414.62,-4368.49,10164.5
8503.23,-4316.1,10056
8645.01,-4240.94,9994.76
8798.16,-4279.37,9950.57
8834.52,-4393.63,9888.47
8868.28,-4468.76,9806.33
8921.93,-4466.73,9730.31
8819.75,-4553.43,9678.25
8686.75,-4566.49,9617.4
8657.92,-4524.59,9636.53
8579.22,-4428.31,9676.77
8442.5,-4369.56,9693.83
8302.09,-4376.15,9674.07
8086.79,-4343.11,9629.82
7846.76,-4302.2,9692.95
7559.74,-4155.46,9710.88
7257.92,-4072.27,9563.79
6968.3,-3944.61,9495.54
6620.65,-3870.95,9520.28
6371.18,-3773,9526.51
6195.43,-3668.08,9420.3
5954.19,-3605.01,9325.75
5698.04,-3563.67,9335.99
5584.38,-3504.77,9316.89
5387.42,-3502.38,9211.51
5188.49,-3496.93,9173.28
5038.35,-3491.98,9074.1
4911.38,-3517.23,9002.74
4879.33,-3614.18,8963.73
4751.8,-3644.92,8958.56
4653.7,-3751.29,8919.28
4562.86,-3826.88,8897.98
4412.01,-3723.18,8920.47
4308.22,-3542.21,8943.06
4221.67,-3259.05,9137.89
4142.82,-3068.6,9273.28
4384.23,-3032.54,9219.48
4352.86,-3087.71,9320.55
4244.97,-2996.47,9416.98
4131.98,-2946.38,9511.8
4038.26,-2982.55,9668.04
3943.19,-3054.67,9720.92
3828,-3101.34,9693.08
3683.2,-3124.2,9831.36
3456.02,-3246.35,9814.3
3249.07,-3303.71,9909.57
3014.72,-3429.37,9881.31
2763.48,-3600.71,9867.62
2621.97,-3793.45,9901.05
2487.91,-3810.4,9888.01
2321.29,-3841.26,9950.02
2128.29,-3810.86,10033.5
1981.71,-3564.35,10062.2
1959.34,-3264.84,10131.6
1962.9,-3047.97,10169.9
2002.91,-2986.95,10113.5
2154.45,-2931.4,9944.34
2166.76,-2918.21,9918.28
2051.74,-3000.98,9900.99
1926.2,-3034.04,9904.24
1772.03,-3060.81,9958.77
1555.56,-3056.76,10106.8
1345.23,-3039.88,10220.3
1222.93,-3120.64,10182.7
1090.44,-3145.81,10377.2
927.948,-3195.95,10413.4
804.919,-3206.62,10678.2
551.534,-3046.61,10758.9
395.691,-3009.84,10741
268.493,-2853.84,10729.5
173.788,-2676.79,10679.8
72.3943,-2506.35,10614.6
-15.4562,-2248.94,10608
35.7776,-1941.17,10622.9
171.853,-1713.32,10526.2
247.165,-1517.98,10384.8
396.667,-1488.27,10170.4
374.508,-1277.42,10075
278.285,-1199.26,9993.31
118.02,-1187.72,9828.88
-64.9599,-1132.94,9676.83
-248.388,-1079.88,9562.44
-411.274,-1087.89,9422.91
-548.376,-1094.58,9301.51
-766.051,-1069.71,9382.83
-1068.16,-1086.61,9533.72
-1214.61,-935.926,9538.77
-1272.81,-887.638,9674.42
-1284.05,-761.921,9895.9
-1344.64,-597.146,10094.5
-1418.32,-484.238,10271.7
-1358.36,-383.239,10447.9
-1172.09,-204.679,10585.3
-992.363,41.3619,10663.2
-683.297,259.747,10773
-500.095,268.151,10696.2
-262.573,264.706,10355.5
-153.982,167.786,10151.8
-117.908,142.674,9850.61
-60.1265,119.544,9500.45
-173.29,90.6808,9206.95
-412.436,35.5627,8971.55
-676.305,-44.6443,8785.21
-1063.96,-109.668,8680.89
-1489.61,-208.112,8581.25
-1950.97,-274.81,8529.52
-2477.39,-145.64,8646.88
-3112.09,-32.8173,8959.53
-3657.38,-46.2429,9198.23
-4227.86,-66.5505,9513.91
-4761.56,-77.2415,9718.74
-5181.33,2.30335,9825.35
-5512.6,173.292,9989.46
-5740.91,298.215,10159.1
-5694.81,441.47,10219.5
-5767.44,563.131,10198.8
-5641.19,557.829,10131.9
-5642.34,707.901,9994.66
-5713.07,806.308,9784.65
-5656.85,835.452,9562.13
-5622.74,915.482,9345.06
-5723.68,1066.73,9116.68
-5882.15,1244.4,8881.63
-5990.89,1433.04,8701.43
-6056.17,1579.87,8634.41
-6155.36,1799.94,8499.66
-6204.69,1809.58,8542.88
-6155.62,1923.76,8583.13
-5993.59,2059.53,8615.8
-5895.02,2163.03,8739.38
-5878.5,2178.91,8918.67
-5890.41,2159.45,9110.54
-5847.27,2141.2,9240.28
-5745.77,2030.23,9211.2
-5815.73,1778.56,9119.37
-5832.62,1603.43,9128.58
-5732.95,1494.52,9121.36
-5793.3,1382.86,9012.29
-5787.98,1414.83,8976.91
-5687.5,1459.31,8978.8
-5532.29,1516.75,8939.92
-5310.77,1530.09,8975.08
-5071.11,1493.67,9082.3
-4911.36,1493.27,9074.52
-4731.68,1401.52,9153.79
-4695.22,1398.15,9367.86
-4479.02,1263.97,9546.24
-4335.5,1119.32,9628.85
-4179.96,868.599,9794.11
-4071.27,716.442,9966.1
-3932.35,626.87,10009.1
-3748.84,590.072,9941.91
-3529.24,613.17,9873.66
-3261.35,618.705,9853.04
-3107,624.693,9880.98
-3139.63,693.054,9963.1
-3427.39,737.126,10173.4
-3737.4,704.089,10163.4
-4000.88,674.599,10272.3
-4345.87,621.633,10375
-4636.6,529.501,10360
-4757.11,507.705,10344.6
-4713.28,589.566,10404.6
-4574.24,652.168,10428.1
-4456.64,714.619,10447.1
-4174.25,765.896,10452.2
-3873.88,842.562,10379.5
-3489.64,901.839,10404.8
-3298.58,954.338,10390.6
-3121.03,973.483,10412
-2952.63,944.211,10451.6
-2858.78,889.538,10445.7
-2821.74,863.676,10438.9
-2749.87,883.17,10514.1
-2599.22,865.043,10518.5
-2517.91,853.28,10437.6
-2446.46,928.02,10365.7
-2260.36,970.161,10433.6
-2204.23,975.664,10416.2
-2319.8,1039.83,10369.4
-2414.4,1078.03,10288.9
-2472.81,1072.6,10221.1
-2568.85,1078.05,10199.9
-2622.76,1097.34,10181.6
-2538.37,1118.42,10191.1
-2340.38,1071.69,10178
-2170.93,1069.28,9988.2
-1917.82,1019.92,9866.2
-1748.32,1049.55,9689.73
-1591.75,1097.66,9510.86
-1407.06,1132.83,9439
-1199.33,1149.16,9439.22
-947.129,1144.23,9464.74
-656.613,1095,9580.73
-494.521,943.499,9759.96
-370.184,781.987,9838.22
-295.463,706.03,9849.39
-283.882,608.374,9935
-449.04,557.778,9885.92
-519.807,517.85,9808.24
-498.856,453.05,9794.8
-529.243,376.248,9878.98
-641.469,325.651,10020.9
-731.335,292.681,10110.4
-766.079,201.032,10063.1
-832.838,160.669,10037.2
-835.04,46.5073,9977.62
-802.804,7.81797,9898.97
-739.837,-35.2544,9890.81
-636.951,-58.5325,9876.59
-484.119,-84.8227,9863.29
-353.732,-141.913,9868.13
-282.986,-203.682,9878.31
-191.459,-201.152,9889.55
-61.4095,-106.772,9925.63
-83.0058,-17.4897,9963.04
-72.7797,75.1902,9950.12
-56.6289,147.592,9951.36
-82.2466,82.5534,9935.57
-135.17,50.7044,9893.96
-229.919,56.1451,9868.52
-381.864,69.5777,9867.04
-548.768,78.4813,9906.98
-678.691,49.5564,10004.6
-836.095,-23.3633,10033.7
-1000.46,-122.386,10020.6
-1054.91,-116.054,10092.5
-876.55,-145.105,10127.1
-665.385,-185.306,10066.9
-470.129,-182.577,9994.89
-282.789,-138.68,9937.52
-97.9677,-91.8384,9857.07
25.6511,-65.3366,9727.27
57.4249,-39.7098,9590.81
172.936,19.079,9525.9
310.714,72.2569,9498.01
283.677,46.4612,9523.69
251.376,39.6432,9528.08
151.632,101.03,9528.44
116.048,93.0895,9560.92
85.162,77.6312,9581.61
8.74436,90.8898,9599.17
-57.5909,65.1865,9641.45
-68.7736,-27.0962,9669.11
-107.064,-76.9058,9650.01
-222.348,-67.9144,9699.7
-361.227,-132.744,9803.11
-388.822,-178.36,9855.59
-414.104,-236.136,9948.58
-480.572,-277.48,10050.2
-533.004,-289.832,10107.9
-531.541,-337.237,10104.1
-530.288,-407.254,10067.9
-582.093,-379.293,10035.3
-562.664,-297.649,9993.62
-425.744,-295.426,9936.26
-354.124,-233.767,10038.7
-297.034,-152.608,10049.5
-213.225,-145.116,9946.16
-113.591,-74.3459,9888.29
-5.4229,-9.22351,9832.83
70.1646,-23.2938,9737.2
131.067,-72.6911,9653.77
239.125,-89.4149,9625.04
288.671,-95.5764,9599.77
271.243,-63.7845,9603.8
199.485,-107.533,9745.9
160.885,-125.262,9800.61
131.043,-146.966,9719.87
67.5305,-162.544,9668.67
-18.0789,-156.179,9692.59
-78.2097,-149.396,9695.69
-85.3031,-146.936,9654.25
-64.8826,-134.021,9680.88
-69.3194,-175.631,9766.13
-114.162,-218.11,9762.73
-247.048,-207.122,9711.45
-360.656,-190.706,9715.68
-412.205,-181.746,9756.52
-453.961,-244.383,9791.67
-493.309,-301.523,9811.61
-487.084,-263.59,9830.26
-408.741,-196.75,9847.26
-304.581,-230.674,9859.39
-259.507,-252.866,9912.47
-223.672,-148.761,9972.85
-143.64,-155.066,10087.2
-169.695,-163.391,10241.7
-287.293,-105.412,10234.8
-376.43,-143.996,10164.4
-386.833,-252.847,10164.2
-321.713,-410.438,10187
-245.735,-590.712,10178.5
-243.429,-633.956,10235.4
-291.079,-369.759,10374.8
-368.152,-40.2213,10355.9
-553.037,35.2115,10273.3
-733.841,-26.9472,10360.3
-950.939,-96.1916,10495
-1155.96,-104.589,10549.9
-1256.54,-76.7207,10533.2
-1228.25,-36.1384,10499.8
-1145.45,-16.8633,10452.8
-1102.77,-49.6811,10359.7
-1097.69,-45.9867,10244
-1021.84,33.272,10079.8
-986.229,29.8424,9898.73
-1038.82,51.4631,9777.11
-1056.93,70.6037,9727
-1044.03,66.2653,9713.84
-1027.33,83.5535,9706.33
-1028.68,145.568,9738.13
-994.524,218.371,9820.49
-880.064,255.349,9895.81
-858.503,253.152,9959.95
-867.318,237.628,10003.9
-829.716,156.083,9976.53
-757.416,104.484,9975.6
-600.517,75.0089,9911.52
-479.946,-10.5495,9913.4
-447.824,-93.7741,9924.8
-475.416,-114.901,9934.99
-512.831,-76.813,9981.67
-533.341,-27.9345,10015.6
-536.301,-44.0259,9971.66
-536.301,-64.7515,9942.55
-538.983,-58.1899,9914.09
-638.905,-55.0663,9891.67
-738.487,-30.0576,9827.51
-802.185,39.2839,9769.59
-872.484,118.207,9721.89
-958.184,186.322,9640.73
-1017.14,254.398,9553.04
-1024.84,304.525,9548.36
-1016.37,270.39,9580.06
-1012.05,293.02,9612.49
-1024.49,175.854,9683.64
-1084.97,60.1069,9790.82
-1111.17,18.1917,9915.31
-1104.44,-19.9447,9980.32
-1127.38,-85.464,9998.21
-1157.81,-155.927,9997.51
-1167.38,-195.55,9988.52
-1179.74,-201.784,9995.03
-1133.59,-208.441,10047.9
-1109.4,-130.244,10005.6
-1054.08,-57.2474,10032.7
-969.855,4.83406,10050.2
-940.051,44.7764,10064.3
-891.23,197.042,10014.5
-818.001,339.294,9967.84
-750.842,338.333,9926.63
-690.75,237.397,9833.64
-638.307,192.302,9698.05
-662.65,273.039,9581.3
-688.078,351.284,9477.58
-650.188,372.995,9464.31
-604.109,356.18,9534.32
-595.492,326.845,9571.4
-574.065,255.468,9602.35
-604.659,168.787,9625.88
-656.824,97.417,9641.11
-679.129,65.9243,9663.72
-717.104,56.9526,9705.61
-767.578,-41.5232,9774.37
-876.953,-66.7404,9923.36
-1002.75,-186.692,9973.46
-1068.45,-223.481,10054.4
-1108.27,-286.794,10058.5
-1058.37,-303.969,10061
-995.362,-290.761,10092.7
-985.573,-251.288,10111.2
-995.573,-181.3,10067
-948.928,-136.021,9968.23
-826.669,-159.357,9866.76
-699.101,-55.0581,9715.66
-604.034,-17.3702,9679.06
-444.225,14.8324,9566.84
-395.555,68.1758,9473.1
-452.341,96.2319,9393.23
-520.511,146.915,9331.73
-633.102,198.974,9329.79
-792.236,160.612,9352.36
-894.792,39.2095,9332.59
-1017.87,-0.556194,9402.21
-1024.75,-72.2698,9439.53
-982.491,-217.781,9381.91
-969.365,-124.182,9390.33
-990.966,-57.2723,9361.79
-961.332,-50.46,9359.15
-862.128,-50.2425,9392
-785.434,-4.75788,9452.24
-799.511,46.3589,9505.8
-848.756,43.018,9531.85
-856.443,86.8977,9617.19
-841.728,40.8499,9557.19
-820.961,213.393,9588.22
-833.567,229.095,9618.27
-911.954,175.713,9581.8
-971.998,142.257,9526.05
-495.348,67.4787,4750.6
